card_id,linked_account_id,card_type,network,issue_date,card_status,credit_limit_inr,last4,source_system
CARD0000001,ACC0002724,DEBIT,VISA,2023-05-05,ACTIVE,25000,1722,CARD_PROCESSOR
CARD0000002,ACC0001763,DEBIT,MASTERCARD,2020-03-17,ACTIVE,25000,5344,CARD_PROCESSOR
CARD0000003,ACC0000209,CREDIT,RUPAY,2023-08-13,ACTIVE,25000,0030,CARD_PROCESSOR
CARD0000004,ACC0003221,CREDIT,RUPAY,2025-09-08,ACTIVE,100000,6934,CARD_PROCESSOR
CARD0000005,ACC0001861,DEBIT,VISA,2022-12-11,ACTIVE,150000,6834,CARD_PROCESSOR
CARD0000006,ACC0002399,DEBIT,MASTERCARD,2021-11-15,ACTIVE,75000,3780,CARD_PROCESSOR
CARD0000007,ACC0003728,DEBIT,RUPAY,2018-10-08,ACTIVE,250000,0162,CARD_PROCESSOR
CARD0000008,ACC0004233,DEBIT,RUPAY,2020-08-22,ACTIVE,250000,2037,CARD_PROCESSOR
CARD0000009,ACC0003435,DEBIT,RUPAY,2019-03-04,ACTIVE,0,7686,CARD_PROCESSOR
CARD0000010,ACC0004114,DEBIT,MASTERCARD,2018-01-19,ACTIVE,250000,4382,CARD_PROCESSOR
CARD0000011,ACC0003302,CREDIT,VISA,2023-12-21,ACTIVE,50000,8418,CARD_PROCESSOR
CARD0000012,ACC0001580,DEBIT,VISA,2020-08-07,BLOCKED,100000,6010,CARD_PROCESSOR
CARD0000013,ACC0004933,CREDIT,MASTERCARD,2021-07-13,ACTIVE,100000,5196,CARD_PROCESSOR
CARD0000014,ACC0004699,DEBIT,VISA,2019-04-16,ACTIVE,250000,1162,CARD_PROCESSOR
CARD0000015,ACC0002249,CREDIT,MASTERCARD,2019-04-02,ACTIVE,75000,9929,CARD_PROCESSOR
CARD0000016,ACC0002951,DEBIT,MASTERCARD,2026-01-10,ACTIVE,25000,1860,CARD_PROCESSOR
CARD0000017,ACC0004923,CREDIT,VISA,2019-08-18,ACTIVE,100000,8031,CARD_PROCESSOR
CARD0000018,ACC0004891,DEBIT,RUPAY,2019-02-22,ACTIVE,75000,7080,CARD_PROCESSOR
CARD0000019,ACC0001819,CREDIT,RUPAY,2023-01-23,ACTIVE,50000,2924,CARD_PROCESSOR
CARD0000020,ACC0002090,CREDIT,VISA,2025-01-03,ACTIVE,150000,0137,CARD_PROCESSOR
CARD0000021,ACC0003125,DEBIT,MASTERCARD,2022-08-21,ACTIVE,25000,5109,CARD_PROCESSOR
CARD0000022,ACC0000668,DEBIT,RUPAY,2025-08-14,ACTIVE,100000,9229,CARD_PROCESSOR
CARD0000023,ACC0004929,DEBIT,RUPAY,2022-10-06,ACTIVE,250000,5208,CARD_PROCESSOR
CARD0000024,ACC0001841,CREDIT,RUPAY,2023-02-05,ACTIVE,75000,3428,CARD_PROCESSOR
CARD0000025,ACC0001250,CREDIT,RUPAY,2022-07-24,ACTIVE,100000,7213,CARD_PROCESSOR
CARD0000026,ACC0001343,CREDIT,MASTERCARD,2021-06-10,ACTIVE,150000,1196,CARD_PROCESSOR
CARD0000027,ACC0002282,DEBIT,VISA,2020-04-11,EXPIRED,100000,0372,CARD_PROCESSOR
CARD0000028,ACC0004919,DEBIT,VISA,2021-09-22,ACTIVE,100000,7521,CARD_PROCESSOR
CARD0000029,ACC0003592,DEBIT,MASTERCARD,2018-10-17,EXPIRED,150000,1380,CARD_PROCESSOR
CARD0000030,ACC0004579,DEBIT,MASTERCARD,2019-01-27,ACTIVE,75000,4111,CARD_PROCESSOR
CARD0000031,ACC0004868,CREDIT,VISA,2021-11-10,ACTIVE,150000,4222,CARD_PROCESSOR
CARD0000032,ACC0003845,CREDIT,RUPAY,2024-12-25,ACTIVE,50000,2880,CARD_PROCESSOR
CARD0000033,ACC0000836,DEBIT,RUPAY,2018-09-18,ACTIVE,150000,3915,CARD_PROCESSOR
CARD0000034,ACC0001556,CREDIT,MASTERCARD,2025-02-07,BLOCKED,250000,3807,CARD_PROCESSOR
CARD0000035,ACC0001311,CREDIT,RUPAY,2022-09-14,ACTIVE,25000,1471,CARD_PROCESSOR
CARD0000036,ACC0002576,CREDIT,MASTERCARD,2021-05-15,ACTIVE,25000,4641,CARD_PROCESSOR
CARD0000037,ACC0004474,CREDIT,VISA,2025-12-09,ACTIVE,50000,7373,CARD_PROCESSOR
CARD0000038,ACC0003292,CREDIT,VISA,2023-12-03,ACTIVE,100000,3691,CARD_PROCESSOR
CARD0000039,ACC0000862,DEBIT,RUPAY,2018-05-11,ACTIVE,150000,4205,CARD_PROCESSOR
CARD0000040,ACC0004014,DEBIT,MASTERCARD,2021-11-28,ACTIVE,100000,7143,CARD_PROCESSOR
CARD0000041,ACC0004462,DEBIT,VISA,2019-10-06,ACTIVE,150000,2692,CARD_PROCESSOR
CARD0000042,ACC0002133,DEBIT,VISA,2021-02-02,ACTIVE,50000,9894,CARD_PROCESSOR
CARD0000043,ACC0003290,DEBIT,VISA,2023-07-06,ACTIVE,0,1989,CARD_PROCESSOR
CARD0000044,ACC0000178,CREDIT,VISA,2024-11-02,ACTIVE,100000,6525,CARD_PROCESSOR
CARD0000045,ACC0003358,CREDIT,VISA,2023-08-16,ACTIVE,50000,5795,CARD_PROCESSOR
CARD0000046,ACC0000170,DEBIT,MASTERCARD,2021-06-23,ACTIVE,0,3116,CARD_PROCESSOR
CARD0000047,ACC0004072,CREDIT,RUPAY,2021-03-26,ACTIVE,50000,2252,CARD_PROCESSOR
CARD0000048,ACC0000896,DEBIT,RUPAY,2019-05-13,ACTIVE,75000,4613,CARD_PROCESSOR
CARD0000049,ACC0001356,CREDIT,VISA,2023-12-16,ACTIVE,250000,0330,CARD_PROCESSOR
CARD0000050,ACC0000571,DEBIT,RUPAY,2021-02-26,ACTIVE,0,1263,CARD_PROCESSOR
CARD0000051,ACC0002553,DEBIT,VISA,2022-10-31,ACTIVE,25000,4995,CARD_PROCESSOR
CARD0000052,ACC0002183,CREDIT,VISA,2020-01-16,EXPIRED,250000,2549,CARD_PROCESSOR
CARD0000053,ACC0001299,CREDIT,VISA,2025-06-30,ACTIVE,150000,5112,CARD_PROCESSOR
CARD0000054,ACC0003098,DEBIT,MASTERCARD,2025-08-01,ACTIVE,100000,1916,CARD_PROCESSOR
CARD0000055,ACC0003890,DEBIT,VISA,2018-02-22,ACTIVE,50000,0451,CARD_PROCESSOR
CARD0000056,ACC0000943,DEBIT,VISA,2018-09-17,ACTIVE,100000,1065,CARD_PROCESSOR
CARD0000057,ACC0003058,CREDIT,MASTERCARD,2024-12-21,ACTIVE,0,9738,CARD_PROCESSOR
CARD0000058,ACC0003269,CREDIT,VISA,2025-10-26,ACTIVE,75000,5935,CARD_PROCESSOR
CARD0000059,ACC0003069,CREDIT,MASTERCARD,2018-07-01,ACTIVE,150000,5177,CARD_PROCESSOR
CARD0000060,ACC0001925,CREDIT,MASTERCARD,2026-01-05,ACTIVE,0,4474,CARD_PROCESSOR
CARD0000061,ACC0001846,CREDIT,RUPAY,2025-12-12,BLOCKED,25000,6333,CARD_PROCESSOR
CARD0000062,ACC0003962,CREDIT,RUPAY,2026-03-19,ACTIVE,75000,6962,CARD_PROCESSOR
CARD0000063,ACC0003536,DEBIT,RUPAY,2018-11-07,ACTIVE,0,0647,CARD_PROCESSOR
CARD0000064,ACC0003184,CREDIT,MASTERCARD,2021-01-20,ACTIVE,150000,9490,CARD_PROCESSOR
CARD0000065,ACC0000936,CREDIT,RUPAY,2022-05-29,ACTIVE,150000,2713,CARD_PROCESSOR
CARD0000066,ACC0000448,CREDIT,VISA,2020-08-08,ACTIVE,0,6946,CARD_PROCESSOR
CARD0000067,ACC0000701,CREDIT,RUPAY,2021-10-29,ACTIVE,250000,5861,CARD_PROCESSOR
CARD0000068,ACC0003236,CREDIT,VISA,2024-08-27,ACTIVE,250000,0541,CARD_PROCESSOR
CARD0000069,ACC0003031,DEBIT,VISA,2022-12-01,ACTIVE,75000,5343,CARD_PROCESSOR
CARD0000070,ACC0004954,CREDIT,MASTERCARD,2024-06-08,ACTIVE,25000,7502,CARD_PROCESSOR
CARD0000071,ACC0001714,DEBIT,VISA,2021-07-26,ACTIVE,250000,5895,CARD_PROCESSOR
CARD0000072,ACC0001410,CREDIT,RUPAY,2020-08-30,ACTIVE,150000,1863,CARD_PROCESSOR
CARD0000073,ACC0003318,DEBIT,VISA,2023-03-17,ACTIVE,100000,6071,CARD_PROCESSOR
CARD0000074,ACC0003812,DEBIT,VISA,2025-10-21,ACTIVE,50000,0260,CARD_PROCESSOR
CARD0000075,ACC0004865,DEBIT,VISA,2019-05-16,ACTIVE,50000,5613,CARD_PROCESSOR
CARD0000076,ACC0002109,DEBIT,RUPAY,2024-02-05,EXPIRED,50000,7893,CARD_PROCESSOR
CARD0000077,ACC0000197,CREDIT,MASTERCARD,2024-11-15,BLOCKED,100000,8545,CARD_PROCESSOR
CARD0000078,ACC0004621,CREDIT,VISA,2023-07-13,ACTIVE,250000,5740,CARD_PROCESSOR
CARD0000079,ACC0002705,DEBIT,RUPAY,2021-01-01,ACTIVE,0,9939,CARD_PROCESSOR
CARD0000080,ACC0004271,CREDIT,VISA,2024-05-22,ACTIVE,150000,8773,CARD_PROCESSOR
CARD0000081,ACC0003828,DEBIT,RUPAY,2020-03-17,ACTIVE,100000,5697,CARD_PROCESSOR
CARD0000082,ACC0002350,DEBIT,MASTERCARD,2021-06-14,BLOCKED,50000,1332,CARD_PROCESSOR
CARD0000083,ACC0001036,CREDIT,RUPAY,2024-07-04,ACTIVE,150000,9455,CARD_PROCESSOR
CARD0000084,ACC0003531,CREDIT,VISA,2025-06-01,ACTIVE,75000,1517,CARD_PROCESSOR
CARD0000085,ACC0004325,CREDIT,MASTERCARD,2022-05-07,ACTIVE,25000,3114,CARD_PROCESSOR
CARD0000086,ACC0004489,CREDIT,VISA,2021-03-21,ACTIVE,100000,2383,CARD_PROCESSOR
CARD0000087,ACC0002937,DEBIT,RUPAY,2018-08-09,ACTIVE,150000,9244,CARD_PROCESSOR
CARD0000088,ACC0001813,DEBIT,RUPAY,2021-11-14,ACTIVE,100000,0527,CARD_PROCESSOR
CARD0000089,ACC0004650,CREDIT,RUPAY,2023-05-29,ACTIVE,50000,3187,CARD_PROCESSOR
CARD0000090,ACC0001003,CREDIT,VISA,2022-06-23,ACTIVE,0,0665,CARD_PROCESSOR
CARD0000091,ACC0001228,CREDIT,MASTERCARD,2025-11-13,BLOCKED,100000,2594,CARD_PROCESSOR
CARD0000092,ACC0001314,DEBIT,VISA,2026-02-28,ACTIVE,100000,9926,CARD_PROCESSOR
CARD0000093,ACC0002102,CREDIT,MASTERCARD,2025-11-10,ACTIVE,75000,1440,CARD_PROCESSOR
CARD0000094,ACC0001190,DEBIT,MASTERCARD,2018-06-12,ACTIVE,100000,5193,CARD_PROCESSOR
CARD0000095,ACC0003673,CREDIT,VISA,2022-09-17,ACTIVE,75000,6373,CARD_PROCESSOR
CARD0000096,ACC0000688,DEBIT,VISA,2025-09-09,ACTIVE,25000,4995,CARD_PROCESSOR
CARD0000097,ACC0002489,DEBIT,MASTERCARD,2019-11-23,ACTIVE,50000,1366,CARD_PROCESSOR
CARD0000098,ACC0004843,CREDIT,RUPAY,2020-06-27,ACTIVE,75000,7742,CARD_PROCESSOR
CARD0000099,ACC0001168,CREDIT,VISA,2023-08-28,ACTIVE,0,5720,CARD_PROCESSOR
CARD0000100,ACC0002060,CREDIT,MASTERCARD,2020-11-03,EXPIRED,50000,6306,CARD_PROCESSOR
CARD0000101,ACC0004356,DEBIT,RUPAY,2021-05-21,EXPIRED,0,5808,CARD_PROCESSOR
CARD0000102,ACC0004721,CREDIT,VISA,2021-07-05,ACTIVE,0,0999,CARD_PROCESSOR
CARD0000103,ACC0004241,DEBIT,MASTERCARD,2019-10-24,ACTIVE,100000,8573,CARD_PROCESSOR
CARD0000104,ACC0003860,DEBIT,VISA,2019-12-24,ACTIVE,150000,9396,CARD_PROCESSOR
CARD0000105,ACC0003958,DEBIT,MASTERCARD,2020-09-21,ACTIVE,100000,6092,CARD_PROCESSOR
CARD0000106,ACC0002224,CREDIT,RUPAY,2021-06-30,ACTIVE,25000,1681,CARD_PROCESSOR
CARD0000107,ACC0001077,DEBIT,RUPAY,2018-05-15,ACTIVE,25000,6857,CARD_PROCESSOR
CARD0000108,ACC0001282,CREDIT,RUPAY,2018-08-29,ACTIVE,0,8461,CARD_PROCESSOR
CARD0000109,ACC0004070,DEBIT,MASTERCARD,2025-03-08,ACTIVE,250000,3832,CARD_PROCESSOR
CARD0000110,ACC0001722,DEBIT,MASTERCARD,2024-11-04,ACTIVE,50000,5400,CARD_PROCESSOR
CARD0000111,ACC0003264,CREDIT,RUPAY,2019-08-20,ACTIVE,100000,7295,CARD_PROCESSOR
CARD0000112,ACC0000105,CREDIT,VISA,2024-11-11,ACTIVE,75000,6590,CARD_PROCESSOR
CARD0000113,ACC0001584,CREDIT,RUPAY,2022-02-11,ACTIVE,150000,0028,CARD_PROCESSOR
CARD0000114,ACC0002580,DEBIT,VISA,2019-01-03,ACTIVE,50000,1652,CARD_PROCESSOR
CARD0000115,ACC0004626,CREDIT,VISA,2021-01-03,ACTIVE,0,1036,CARD_PROCESSOR
CARD0000116,ACC0003653,DEBIT,VISA,2023-12-01,ACTIVE,50000,7300,CARD_PROCESSOR
CARD0000117,ACC0000520,CREDIT,RUPAY,2024-11-29,ACTIVE,50000,8101,CARD_PROCESSOR
CARD0000118,ACC0001460,DEBIT,VISA,2022-03-18,ACTIVE,75000,6957,CARD_PROCESSOR
CARD0000119,ACC0002381,CREDIT,RUPAY,2018-01-13,ACTIVE,150000,1335,CARD_PROCESSOR
CARD0000120,ACC0003606,DEBIT,RUPAY,2018-10-12,ACTIVE,50000,6624,CARD_PROCESSOR
CARD0000121,ACC0001175,DEBIT,RUPAY,2022-11-21,ACTIVE,0,8330,CARD_PROCESSOR
CARD0000122,ACC0004794,DEBIT,MASTERCARD,2025-06-06,ACTIVE,150000,1235,CARD_PROCESSOR
CARD0000123,ACC0001523,CREDIT,RUPAY,2025-02-12,ACTIVE,0,5216,CARD_PROCESSOR
CARD0000124,ACC0003512,CREDIT,MASTERCARD,2023-05-27,ACTIVE,0,6292,CARD_PROCESSOR
CARD0000125,ACC0001586,DEBIT,VISA,2022-08-25,ACTIVE,50000,6706,CARD_PROCESSOR
CARD0000126,ACC0004854,CREDIT,MASTERCARD,2024-05-12,ACTIVE,100000,6619,CARD_PROCESSOR
CARD0000127,ACC0000141,DEBIT,MASTERCARD,2025-03-12,ACTIVE,75000,6780,CARD_PROCESSOR
CARD0000128,ACC0000321,DEBIT,MASTERCARD,2022-06-01,ACTIVE,25000,2907,CARD_PROCESSOR
CARD0000129,ACC0000484,CREDIT,RUPAY,2025-08-20,ACTIVE,50000,2061,CARD_PROCESSOR
CARD0000130,ACC0004873,DEBIT,VISA,2022-05-12,ACTIVE,25000,5785,CARD_PROCESSOR
CARD0000131,ACC0002408,CREDIT,MASTERCARD,2025-09-27,ACTIVE,75000,7449,CARD_PROCESSOR
CARD0000132,ACC0000894,DEBIT,RUPAY,2021-11-03,EXPIRED,0,4361,CARD_PROCESSOR
CARD0000133,ACC0001467,CREDIT,RUPAY,2023-01-03,ACTIVE,25000,3361,CARD_PROCESSOR
CARD0000134,ACC0002867,CREDIT,MASTERCARD,2023-05-21,ACTIVE,250000,6836,CARD_PROCESSOR
CARD0000135,ACC0003110,DEBIT,MASTERCARD,2021-02-12,ACTIVE,100000,3869,CARD_PROCESSOR
CARD0000136,ACC0002665,DEBIT,MASTERCARD,2024-02-29,ACTIVE,75000,8921,CARD_PROCESSOR
CARD0000137,ACC0000910,CREDIT,VISA,2020-09-05,ACTIVE,100000,7835,CARD_PROCESSOR
CARD0000138,ACC0002252,DEBIT,RUPAY,2024-03-09,ACTIVE,100000,7720,CARD_PROCESSOR
CARD0000139,ACC0001141,CREDIT,RUPAY,2021-10-15,ACTIVE,150000,0810,CARD_PROCESSOR
CARD0000140,ACC0004362,DEBIT,MASTERCARD,2020-06-16,ACTIVE,50000,5537,CARD_PROCESSOR
CARD0000141,ACC0002943,DEBIT,VISA,2025-09-23,EXPIRED,150000,2091,CARD_PROCESSOR
CARD0000142,ACC0003641,CREDIT,VISA,2020-10-10,ACTIVE,150000,8212,CARD_PROCESSOR
CARD0000143,ACC0001606,CREDIT,MASTERCARD,2019-05-01,ACTIVE,100000,8522,CARD_PROCESSOR
CARD0000144,ACC0001982,DEBIT,MASTERCARD,2019-08-06,ACTIVE,150000,8142,CARD_PROCESSOR
CARD0000145,ACC0001940,CREDIT,VISA,2021-02-08,ACTIVE,250000,3548,CARD_PROCESSOR
CARD0000146,ACC0000499,CREDIT,MASTERCARD,2025-02-03,ACTIVE,150000,7845,CARD_PROCESSOR
CARD0000147,ACC0000416,CREDIT,MASTERCARD,2022-12-19,ACTIVE,75000,4754,CARD_PROCESSOR
CARD0000148,ACC0001798,DEBIT,VISA,2020-12-29,ACTIVE,250000,8489,CARD_PROCESSOR
CARD0000149,ACC0001059,CREDIT,VISA,2023-04-06,ACTIVE,50000,0799,CARD_PROCESSOR
CARD0000150,ACC0003317,DEBIT,VISA,2018-10-13,ACTIVE,150000,7452,CARD_PROCESSOR
CARD0000151,ACC0001147,CREDIT,MASTERCARD,2025-10-15,ACTIVE,250000,7921,CARD_PROCESSOR
CARD0000152,ACC0000641,CREDIT,RUPAY,2022-06-05,ACTIVE,150000,4179,CARD_PROCESSOR
CARD0000153,ACC0000279,DEBIT,MASTERCARD,2022-06-14,ACTIVE,0,8831,CARD_PROCESSOR
CARD0000154,ACC0003974,DEBIT,MASTERCARD,2021-03-14,ACTIVE,250000,4077,CARD_PROCESSOR
CARD0000155,ACC0001663,CREDIT,RUPAY,2022-12-03,ACTIVE,75000,5357,CARD_PROCESSOR
CARD0000156,ACC0002036,CREDIT,RUPAY,2026-01-01,ACTIVE,25000,1761,CARD_PROCESSOR
CARD0000157,ACC0000349,CREDIT,VISA,2020-08-10,ACTIVE,0,2294,CARD_PROCESSOR
CARD0000158,ACC0000395,CREDIT,MASTERCARD,2020-12-31,ACTIVE,250000,7732,CARD_PROCESSOR
CARD0000159,ACC0004986,CREDIT,VISA,2023-05-27,ACTIVE,50000,6897,CARD_PROCESSOR
CARD0000160,ACC0001546,DEBIT,VISA,2021-08-21,ACTIVE,50000,0751,CARD_PROCESSOR
CARD0000161,ACC0002916,DEBIT,VISA,2023-07-02,ACTIVE,75000,3233,CARD_PROCESSOR
CARD0000162,ACC0003273,DEBIT,RUPAY,2023-11-03,BLOCKED,150000,0322,CARD_PROCESSOR
CARD0000163,ACC0002857,DEBIT,VISA,2023-12-03,ACTIVE,0,3225,CARD_PROCESSOR
CARD0000164,ACC0004863,DEBIT,RUPAY,2021-06-20,ACTIVE,250000,8941,CARD_PROCESSOR
CARD0000165,ACC0000867,DEBIT,MASTERCARD,2018-03-03,ACTIVE,0,4035,CARD_PROCESSOR
CARD0000166,ACC0003587,CREDIT,RUPAY,2023-09-07,ACTIVE,50000,0353,CARD_PROCESSOR
CARD0000167,ACC0000937,DEBIT,MASTERCARD,2020-11-02,ACTIVE,150000,7230,CARD_PROCESSOR
CARD0000168,ACC0000581,DEBIT,RUPAY,2025-07-02,ACTIVE,50000,5843,CARD_PROCESSOR
CARD0000169,ACC0000704,CREDIT,VISA,2024-07-31,ACTIVE,25000,4977,CARD_PROCESSOR
CARD0000170,ACC0001607,CREDIT,RUPAY,2025-07-19,ACTIVE,75000,7253,CARD_PROCESSOR
CARD0000171,ACC0004119,CREDIT,MASTERCARD,2019-06-26,ACTIVE,25000,8363,CARD_PROCESSOR
CARD0000172,ACC0000224,DEBIT,RUPAY,2020-09-05,ACTIVE,0,8301,CARD_PROCESSOR
CARD0000173,ACC0003674,DEBIT,MASTERCARD,2021-01-31,EXPIRED,25000,8405,CARD_PROCESSOR
CARD0000174,ACC0004293,DEBIT,RUPAY,2021-09-20,ACTIVE,250000,6173,CARD_PROCESSOR
CARD0000175,ACC0003920,CREDIT,VISA,2025-10-15,ACTIVE,150000,0089,CARD_PROCESSOR
CARD0000176,ACC0002179,DEBIT,VISA,2020-12-02,BLOCKED,0,3896,CARD_PROCESSOR
CARD0000177,ACC0002516,CREDIT,MASTERCARD,2018-05-13,BLOCKED,150000,5901,CARD_PROCESSOR
CARD0000178,ACC0004961,CREDIT,VISA,2025-02-15,ACTIVE,75000,5015,CARD_PROCESSOR
CARD0000179,ACC0000998,DEBIT,VISA,2020-01-03,BLOCKED,100000,9613,CARD_PROCESSOR
CARD0000180,ACC0004844,DEBIT,RUPAY,2024-02-16,ACTIVE,100000,5568,CARD_PROCESSOR
CARD0000181,ACC0003305,CREDIT,RUPAY,2019-10-11,ACTIVE,75000,5967,CARD_PROCESSOR
CARD0000182,ACC0003758,DEBIT,RUPAY,2019-05-27,ACTIVE,150000,6016,CARD_PROCESSOR
CARD0000183,ACC0004349,CREDIT,MASTERCARD,2020-04-25,ACTIVE,50000,8570,CARD_PROCESSOR
CARD0000184,ACC0002435,DEBIT,MASTERCARD,2022-09-13,ACTIVE,50000,1058,CARD_PROCESSOR
CARD0000185,ACC0004241,CREDIT,RUPAY,2023-04-11,ACTIVE,50000,9882,CARD_PROCESSOR
CARD0000186,ACC0003262,CREDIT,MASTERCARD,2018-08-22,ACTIVE,25000,2804,CARD_PROCESSOR
CARD0000187,ACC0000517,CREDIT,RUPAY,2019-05-02,ACTIVE,0,7255,CARD_PROCESSOR
CARD0000188,ACC0000299,CREDIT,RUPAY,2022-11-17,ACTIVE,75000,4808,CARD_PROCESSOR
CARD0000189,ACC0002601,DEBIT,VISA,2022-03-13,ACTIVE,25000,3889,CARD_PROCESSOR
CARD0000190,ACC0001130,DEBIT,MASTERCARD,2020-04-12,ACTIVE,0,4593,CARD_PROCESSOR
CARD0000191,ACC0003330,CREDIT,RUPAY,2023-05-15,EXPIRED,100000,1251,CARD_PROCESSOR
CARD0000192,ACC0003633,DEBIT,VISA,2024-08-31,ACTIVE,150000,8213,CARD_PROCESSOR
CARD0000193,ACC0001249,DEBIT,MASTERCARD,2022-09-20,ACTIVE,50000,4275,CARD_PROCESSOR
CARD0000194,ACC0000083,CREDIT,VISA,2025-03-23,ACTIVE,250000,9975,CARD_PROCESSOR
CARD0000195,ACC0001926,CREDIT,MASTERCARD,2023-11-21,EXPIRED,25000,6772,CARD_PROCESSOR
CARD0000196,ACC0000179,CREDIT,RUPAY,2024-02-29,ACTIVE,75000,9709,CARD_PROCESSOR
CARD0000197,ACC0002073,CREDIT,MASTERCARD,2022-09-30,ACTIVE,150000,4271,CARD_PROCESSOR
CARD0000198,ACC0001387,CREDIT,RUPAY,2023-04-17,ACTIVE,150000,6044,CARD_PROCESSOR
CARD0000199,ACC0003384,DEBIT,MASTERCARD,2025-09-09,ACTIVE,25000,2881,CARD_PROCESSOR
CARD0000200,ACC0000996,DEBIT,RUPAY,2021-11-19,ACTIVE,75000,6000,CARD_PROCESSOR
CARD0000201,ACC0004950,DEBIT,VISA,2018-02-21,ACTIVE,250000,5220,CARD_PROCESSOR
CARD0000202,ACC0001305,DEBIT,RUPAY,2021-07-01,ACTIVE,50000,2393,CARD_PROCESSOR
CARD0000203,ACC0003185,CREDIT,VISA,2018-03-01,EXPIRED,50000,3009,CARD_PROCESSOR
CARD0000204,ACC0000858,CREDIT,RUPAY,2023-02-21,ACTIVE,100000,7230,CARD_PROCESSOR
CARD0000205,ACC0004817,CREDIT,RUPAY,2018-07-08,ACTIVE,25000,7241,CARD_PROCESSOR
CARD0000206,ACC0004994,DEBIT,MASTERCARD,2020-10-06,ACTIVE,75000,9501,CARD_PROCESSOR
CARD0000207,ACC0002310,CREDIT,MASTERCARD,2025-11-19,ACTIVE,75000,7737,CARD_PROCESSOR
CARD0000208,ACC0001480,CREDIT,MASTERCARD,2025-02-19,ACTIVE,100000,5719,CARD_PROCESSOR
CARD0000209,ACC0002769,DEBIT,RUPAY,2024-10-29,ACTIVE,100000,0559,CARD_PROCESSOR
CARD0000210,ACC0004819,DEBIT,VISA,2021-02-05,ACTIVE,75000,3920,CARD_PROCESSOR
CARD0000211,ACC0003515,CREDIT,RUPAY,2024-05-16,ACTIVE,250000,3651,CARD_PROCESSOR
CARD0000212,ACC0000433,CREDIT,MASTERCARD,2021-11-02,ACTIVE,150000,0442,CARD_PROCESSOR
CARD0000213,ACC0003768,CREDIT,RUPAY,2018-04-11,ACTIVE,100000,2723,CARD_PROCESSOR
CARD0000214,ACC0001603,CREDIT,RUPAY,2021-12-01,ACTIVE,0,0511,CARD_PROCESSOR
CARD0000215,ACC0004675,CREDIT,VISA,2025-04-18,ACTIVE,100000,1003,CARD_PROCESSOR
CARD0000216,ACC0002904,DEBIT,RUPAY,2022-03-28,ACTIVE,100000,5658,CARD_PROCESSOR
CARD0000217,ACC0001626,CREDIT,VISA,2019-07-16,ACTIVE,0,1604,CARD_PROCESSOR
CARD0000218,ACC0000189,DEBIT,RUPAY,2025-11-14,ACTIVE,50000,9746,CARD_PROCESSOR
CARD0000219,ACC0001266,DEBIT,MASTERCARD,2024-10-09,ACTIVE,25000,6602,CARD_PROCESSOR
CARD0000220,ACC0001694,DEBIT,RUPAY,2018-02-02,ACTIVE,150000,8672,CARD_PROCESSOR
CARD0000221,ACC0001731,CREDIT,RUPAY,2019-04-24,ACTIVE,250000,6723,CARD_PROCESSOR
CARD0000222,ACC0002758,CREDIT,MASTERCARD,2021-09-18,ACTIVE,250000,2462,CARD_PROCESSOR
CARD0000223,ACC0002920,DEBIT,VISA,2026-01-16,ACTIVE,0,9343,CARD_PROCESSOR
CARD0000224,ACC0000764,CREDIT,VISA,2022-01-24,ACTIVE,25000,2832,CARD_PROCESSOR
CARD0000225,ACC0003189,DEBIT,RUPAY,2021-11-20,ACTIVE,250000,8654,CARD_PROCESSOR
CARD0000226,ACC0001619,CREDIT,VISA,2023-10-23,ACTIVE,150000,3237,CARD_PROCESSOR
CARD0000227,ACC0004074,CREDIT,VISA,2021-07-13,EXPIRED,150000,2959,CARD_PROCESSOR
CARD0000228,ACC0003663,CREDIT,RUPAY,2018-07-24,ACTIVE,25000,3367,CARD_PROCESSOR
CARD0000229,ACC0000362,DEBIT,VISA,2018-12-03,ACTIVE,25000,5912,CARD_PROCESSOR
CARD0000230,ACC0004028,DEBIT,MASTERCARD,2019-01-24,ACTIVE,50000,8850,CARD_PROCESSOR
CARD0000231,ACC0004201,DEBIT,MASTERCARD,2024-02-08,ACTIVE,150000,5862,CARD_PROCESSOR
CARD0000232,ACC0002547,CREDIT,RUPAY,2023-08-12,ACTIVE,150000,4419,CARD_PROCESSOR
CARD0000233,ACC0002903,DEBIT,RUPAY,2025-03-23,ACTIVE,250000,4824,CARD_PROCESSOR
CARD0000234,ACC0001442,CREDIT,VISA,2019-01-06,ACTIVE,75000,8709,CARD_PROCESSOR
CARD0000235,ACC0003319,DEBIT,RUPAY,2024-10-25,ACTIVE,0,2401,CARD_PROCESSOR
CARD0000236,ACC0000383,DEBIT,RUPAY,2019-07-30,ACTIVE,150000,4932,CARD_PROCESSOR
CARD0000237,ACC0000862,CREDIT,RUPAY,2022-02-01,ACTIVE,150000,7700,CARD_PROCESSOR
CARD0000238,ACC0004450,DEBIT,VISA,2020-07-05,ACTIVE,150000,1308,CARD_PROCESSOR
CARD0000239,ACC0001647,CREDIT,RUPAY,2021-07-08,ACTIVE,50000,0156,CARD_PROCESSOR
CARD0000240,ACC0003662,DEBIT,MASTERCARD,2021-02-26,ACTIVE,75000,3021,CARD_PROCESSOR
CARD0000241,ACC0003371,CREDIT,RUPAY,2024-02-29,ACTIVE,50000,4688,CARD_PROCESSOR
CARD0000242,ACC0001192,DEBIT,VISA,2020-06-10,ACTIVE,100000,5077,CARD_PROCESSOR
CARD0000243,ACC0002138,CREDIT,MASTERCARD,2019-06-24,ACTIVE,150000,7698,CARD_PROCESSOR
CARD0000244,ACC0003388,DEBIT,RUPAY,2021-08-13,ACTIVE,250000,9924,CARD_PROCESSOR
CARD0000245,ACC0000913,CREDIT,RUPAY,2021-07-28,ACTIVE,150000,7059,CARD_PROCESSOR
CARD0000246,ACC0003640,DEBIT,MASTERCARD,2019-05-18,ACTIVE,150000,8484,CARD_PROCESSOR
CARD0000247,ACC0001461,DEBIT,VISA,2018-01-22,ACTIVE,0,7305,CARD_PROCESSOR
CARD0000248,ACC0002414,CREDIT,VISA,2024-02-14,ACTIVE,75000,5301,CARD_PROCESSOR
CARD0000249,ACC0001393,DEBIT,MASTERCARD,2024-04-14,ACTIVE,50000,4846,CARD_PROCESSOR
CARD0000250,ACC0001868,DEBIT,VISA,2019-11-29,ACTIVE,100000,7355,CARD_PROCESSOR
CARD0000251,ACC0004637,DEBIT,MASTERCARD,2019-06-17,ACTIVE,250000,6451,CARD_PROCESSOR
CARD0000252,ACC0003805,CREDIT,RUPAY,2021-06-20,ACTIVE,75000,8349,CARD_PROCESSOR
CARD0000253,ACC0004200,DEBIT,MASTERCARD,2022-08-02,EXPIRED,0,7053,CARD_PROCESSOR
CARD0000254,ACC0000159,DEBIT,RUPAY,2022-02-10,ACTIVE,0,0834,CARD_PROCESSOR
CARD0000255,ACC0000227,DEBIT,RUPAY,2022-08-31,ACTIVE,50000,8901,CARD_PROCESSOR
CARD0000256,ACC0003027,CREDIT,RUPAY,2021-02-08,ACTIVE,25000,0654,CARD_PROCESSOR
CARD0000257,ACC0001454,DEBIT,MASTERCARD,2020-04-06,ACTIVE,250000,9864,CARD_PROCESSOR
CARD0000258,ACC0002000,DEBIT,RUPAY,2020-08-12,ACTIVE,50000,8778,CARD_PROCESSOR
CARD0000259,ACC0000516,DEBIT,MASTERCARD,2020-02-08,ACTIVE,50000,7572,CARD_PROCESSOR
CARD0000260,ACC0001106,DEBIT,VISA,2024-03-06,ACTIVE,50000,7553,CARD_PROCESSOR
CARD0000261,ACC0001715,CREDIT,RUPAY,2025-07-18,ACTIVE,250000,9439,CARD_PROCESSOR
CARD0000262,ACC0000203,DEBIT,MASTERCARD,2022-05-11,ACTIVE,100000,8660,CARD_PROCESSOR
CARD0000263,ACC0001195,CREDIT,RUPAY,2023-10-16,ACTIVE,50000,8133,CARD_PROCESSOR
CARD0000264,ACC0001186,CREDIT,MASTERCARD,2025-11-04,ACTIVE,50000,0414,CARD_PROCESSOR
CARD0000265,ACC0004727,DEBIT,RUPAY,2024-04-15,ACTIVE,100000,4707,CARD_PROCESSOR
CARD0000266,ACC0003658,CREDIT,VISA,2022-07-06,ACTIVE,150000,0664,CARD_PROCESSOR
CARD0000267,ACC0004365,CREDIT,MASTERCARD,2020-02-16,ACTIVE,75000,2504,CARD_PROCESSOR
CARD0000268,ACC0000012,DEBIT,MASTERCARD,2022-07-19,ACTIVE,100000,5855,CARD_PROCESSOR
CARD0000269,ACC0003635,CREDIT,MASTERCARD,2019-03-22,ACTIVE,25000,4608,CARD_PROCESSOR
CARD0000270,ACC0001912,CREDIT,MASTERCARD,2025-05-24,ACTIVE,100000,8224,CARD_PROCESSOR
CARD0000271,ACC0004984,DEBIT,MASTERCARD,2025-07-12,ACTIVE,250000,7159,CARD_PROCESSOR
CARD0000272,ACC0000934,CREDIT,RUPAY,2025-06-19,ACTIVE,0,5816,CARD_PROCESSOR
CARD0000273,ACC0000603,DEBIT,MASTERCARD,2019-01-06,ACTIVE,75000,5611,CARD_PROCESSOR
CARD0000274,ACC0004686,CREDIT,VISA,2024-01-08,ACTIVE,250000,8955,CARD_PROCESSOR
CARD0000275,ACC0003110,CREDIT,RUPAY,2022-06-27,ACTIVE,0,2615,CARD_PROCESSOR
CARD0000276,ACC0004762,DEBIT,VISA,2019-10-04,ACTIVE,25000,9660,CARD_PROCESSOR
CARD0000277,ACC0000299,CREDIT,VISA,2024-01-31,ACTIVE,75000,9789,CARD_PROCESSOR
CARD0000278,ACC0000521,DEBIT,MASTERCARD,2020-05-08,ACTIVE,0,1425,CARD_PROCESSOR
CARD0000279,ACC0001864,CREDIT,MASTERCARD,2023-09-02,ACTIVE,50000,9100,CARD_PROCESSOR
CARD0000280,ACC0004977,DEBIT,MASTERCARD,2023-10-08,ACTIVE,150000,3794,CARD_PROCESSOR
CARD0000281,ACC0000545,DEBIT,RUPAY,2018-10-25,ACTIVE,50000,6845,CARD_PROCESSOR
CARD0000282,ACC0004970,CREDIT,MASTERCARD,2025-04-13,ACTIVE,150000,6329,CARD_PROCESSOR
CARD0000283,ACC0001933,DEBIT,VISA,2023-08-25,EXPIRED,75000,0891,CARD_PROCESSOR
CARD0000284,ACC0002312,CREDIT,RUPAY,2021-09-17,ACTIVE,100000,9832,CARD_PROCESSOR
CARD0000285,ACC0000762,DEBIT,MASTERCARD,2021-02-24,ACTIVE,50000,7939,CARD_PROCESSOR
CARD0000286,ACC0003318,DEBIT,RUPAY,2020-04-02,ACTIVE,75000,6110,CARD_PROCESSOR
CARD0000287,ACC0004115,CREDIT,VISA,2023-06-24,ACTIVE,25000,9935,CARD_PROCESSOR
CARD0000288,ACC0003713,CREDIT,VISA,2021-04-24,ACTIVE,250000,1809,CARD_PROCESSOR
CARD0000289,ACC0000871,DEBIT,MASTERCARD,2018-11-07,ACTIVE,100000,2432,CARD_PROCESSOR
CARD0000290,ACC0000268,DEBIT,MASTERCARD,2022-07-16,ACTIVE,75000,1387,CARD_PROCESSOR
CARD0000291,ACC0004370,DEBIT,VISA,2024-08-08,ACTIVE,250000,1468,CARD_PROCESSOR
CARD0000292,ACC0004087,CREDIT,RUPAY,2023-11-24,ACTIVE,100000,7553,CARD_PROCESSOR
CARD0000293,ACC0002486,DEBIT,RUPAY,2021-12-03,ACTIVE,250000,8564,CARD_PROCESSOR
CARD0000294,ACC0004985,CREDIT,VISA,2021-06-22,ACTIVE,100000,5308,CARD_PROCESSOR
CARD0000295,ACC0002624,CREDIT,MASTERCARD,2020-01-31,ACTIVE,0,9581,CARD_PROCESSOR
CARD0000296,ACC0000389,DEBIT,VISA,2019-03-09,ACTIVE,0,1945,CARD_PROCESSOR
CARD0000297,ACC0004027,CREDIT,MASTERCARD,2019-04-13,ACTIVE,25000,4405,CARD_PROCESSOR
CARD0000298,ACC0003454,DEBIT,RUPAY,2025-02-12,EXPIRED,75000,6076,CARD_PROCESSOR
CARD0000299,ACC0000472,CREDIT,MASTERCARD,2024-07-05,ACTIVE,100000,2230,CARD_PROCESSOR
CARD0000300,ACC0001247,CREDIT,MASTERCARD,2021-11-28,ACTIVE,25000,1550,CARD_PROCESSOR
CARD0000301,ACC0000782,CREDIT,MASTERCARD,2019-01-12,ACTIVE,150000,4181,CARD_PROCESSOR
CARD0000302,ACC0001812,CREDIT,RUPAY,2023-06-13,ACTIVE,75000,8297,CARD_PROCESSOR
CARD0000303,ACC0001555,CREDIT,RUPAY,2025-01-10,ACTIVE,150000,7601,CARD_PROCESSOR
CARD0000304,ACC0004577,CREDIT,RUPAY,2021-06-23,BLOCKED,25000,3963,CARD_PROCESSOR
CARD0000305,ACC0002341,DEBIT,RUPAY,2025-04-22,ACTIVE,0,3581,CARD_PROCESSOR
CARD0000306,ACC0001940,CREDIT,RUPAY,2022-04-10,ACTIVE,75000,5748,CARD_PROCESSOR
CARD0000307,ACC0001937,DEBIT,VISA,2018-04-06,BLOCKED,50000,2122,CARD_PROCESSOR
CARD0000308,ACC0003237,CREDIT,MASTERCARD,2020-10-17,ACTIVE,75000,1846,CARD_PROCESSOR
CARD0000309,ACC0001598,DEBIT,MASTERCARD,2023-02-06,ACTIVE,250000,8107,CARD_PROCESSOR
CARD0000310,ACC0004815,CREDIT,RUPAY,2019-07-08,ACTIVE,75000,5323,CARD_PROCESSOR
CARD0000311,ACC0003853,CREDIT,MASTERCARD,2020-12-14,ACTIVE,50000,1246,CARD_PROCESSOR
CARD0000312,ACC0002075,DEBIT,MASTERCARD,2025-09-03,ACTIVE,75000,2211,CARD_PROCESSOR
CARD0000313,ACC0001023,CREDIT,VISA,2021-04-24,ACTIVE,150000,5376,CARD_PROCESSOR
CARD0000314,ACC0001567,DEBIT,VISA,2026-02-02,ACTIVE,150000,3610,CARD_PROCESSOR
CARD0000315,ACC0002992,CREDIT,MASTERCARD,2025-11-27,ACTIVE,150000,2866,CARD_PROCESSOR
CARD0000316,ACC0002957,CREDIT,RUPAY,2020-08-19,ACTIVE,150000,5596,CARD_PROCESSOR
CARD0000317,ACC0001994,DEBIT,RUPAY,2019-05-20,ACTIVE,25000,6527,CARD_PROCESSOR
CARD0000318,ACC0004022,CREDIT,VISA,2021-08-01,ACTIVE,250000,2744,CARD_PROCESSOR
CARD0000319,ACC0000047,CREDIT,VISA,2021-10-26,ACTIVE,0,7113,CARD_PROCESSOR
CARD0000320,ACC0003319,DEBIT,RUPAY,2019-06-02,ACTIVE,50000,3173,CARD_PROCESSOR
CARD0000321,ACC0003541,DEBIT,RUPAY,2022-07-26,ACTIVE,75000,1492,CARD_PROCESSOR
CARD0000322,ACC0001245,CREDIT,RUPAY,2023-07-14,EXPIRED,150000,4551,CARD_PROCESSOR
CARD0000323,ACC0003140,DEBIT,VISA,2023-02-15,ACTIVE,100000,7388,CARD_PROCESSOR
CARD0000324,ACC0004185,CREDIT,MASTERCARD,2024-04-04,ACTIVE,250000,2768,CARD_PROCESSOR
CARD0000325,ACC0003657,DEBIT,MASTERCARD,2018-01-29,ACTIVE,250000,9306,CARD_PROCESSOR
CARD0000326,ACC0000519,CREDIT,RUPAY,2019-10-11,ACTIVE,0,0832,CARD_PROCESSOR
CARD0000327,ACC0004558,DEBIT,RUPAY,2022-03-18,ACTIVE,50000,0783,CARD_PROCESSOR
CARD0000328,ACC0003755,CREDIT,VISA,2022-06-18,BLOCKED,50000,0245,CARD_PROCESSOR
CARD0000329,ACC0004900,DEBIT,VISA,2021-01-09,ACTIVE,0,2962,CARD_PROCESSOR
CARD0000330,ACC0000011,DEBIT,VISA,2018-05-05,ACTIVE,50000,1450,CARD_PROCESSOR
CARD0000331,ACC0001238,DEBIT,RUPAY,2023-03-18,EXPIRED,100000,3374,CARD_PROCESSOR
CARD0000332,ACC0003843,DEBIT,VISA,2019-06-08,ACTIVE,150000,6949,CARD_PROCESSOR
CARD0000333,ACC0003888,DEBIT,RUPAY,2018-06-02,ACTIVE,75000,1806,CARD_PROCESSOR
CARD0000334,ACC0004430,DEBIT,MASTERCARD,2018-02-21,ACTIVE,75000,3242,CARD_PROCESSOR
CARD0000335,ACC0003525,CREDIT,MASTERCARD,2021-05-09,EXPIRED,100000,0948,CARD_PROCESSOR
CARD0000336,ACC0000322,CREDIT,VISA,2023-11-29,ACTIVE,50000,6655,CARD_PROCESSOR
CARD0000337,ACC0000693,DEBIT,MASTERCARD,2025-07-19,EXPIRED,50000,0814,CARD_PROCESSOR
CARD0000338,ACC0003341,DEBIT,MASTERCARD,2023-02-08,ACTIVE,150000,8707,CARD_PROCESSOR
CARD0000339,ACC0001740,DEBIT,RUPAY,2026-01-09,ACTIVE,75000,0734,CARD_PROCESSOR
CARD0000340,ACC0004169,CREDIT,MASTERCARD,2018-08-14,ACTIVE,50000,1395,CARD_PROCESSOR
CARD0000341,ACC0002591,CREDIT,VISA,2022-05-10,BLOCKED,75000,8729,CARD_PROCESSOR
CARD0000342,ACC0000081,CREDIT,MASTERCARD,2025-12-06,ACTIVE,75000,5784,CARD_PROCESSOR
CARD0000343,ACC0004953,CREDIT,VISA,2021-02-11,ACTIVE,0,6423,CARD_PROCESSOR
CARD0000344,ACC0004854,DEBIT,RUPAY,2025-09-09,EXPIRED,75000,7530,CARD_PROCESSOR
CARD0000345,ACC0002502,CREDIT,RUPAY,2020-06-01,ACTIVE,100000,4202,CARD_PROCESSOR
CARD0000346,ACC0004504,CREDIT,VISA,2020-09-01,ACTIVE,250000,6224,CARD_PROCESSOR
CARD0000347,ACC0001998,CREDIT,VISA,2022-05-05,ACTIVE,100000,5416,CARD_PROCESSOR
CARD0000348,ACC0002300,CREDIT,VISA,2025-08-15,ACTIVE,100000,9347,CARD_PROCESSOR
CARD0000349,ACC0000228,CREDIT,VISA,2021-05-07,ACTIVE,25000,0803,CARD_PROCESSOR
CARD0000350,ACC0004523,CREDIT,MASTERCARD,2020-12-07,ACTIVE,0,3775,CARD_PROCESSOR
CARD0000351,ACC0002487,DEBIT,MASTERCARD,2024-01-15,EXPIRED,150000,1815,CARD_PROCESSOR
CARD0000352,ACC0001261,DEBIT,VISA,2022-07-09,BLOCKED,100000,2881,CARD_PROCESSOR
CARD0000353,ACC0001022,DEBIT,MASTERCARD,2023-03-12,ACTIVE,150000,2585,CARD_PROCESSOR
CARD0000354,ACC0001392,CREDIT,RUPAY,2023-12-08,ACTIVE,250000,5397,CARD_PROCESSOR
CARD0000355,ACC0002323,DEBIT,RUPAY,2022-11-01,ACTIVE,150000,6178,CARD_PROCESSOR
CARD0000356,ACC0000041,DEBIT,VISA,2018-07-28,ACTIVE,25000,6254,CARD_PROCESSOR
CARD0000357,ACC0003481,CREDIT,VISA,2019-03-08,ACTIVE,150000,9859,CARD_PROCESSOR
CARD0000358,ACC0002150,CREDIT,VISA,2025-03-05,ACTIVE,50000,5077,CARD_PROCESSOR
CARD0000359,ACC0004439,CREDIT,MASTERCARD,2019-10-17,ACTIVE,150000,8567,CARD_PROCESSOR
CARD0000360,ACC0003802,DEBIT,MASTERCARD,2019-04-24,ACTIVE,250000,1286,CARD_PROCESSOR
CARD0000361,ACC0003782,CREDIT,RUPAY,2025-08-20,ACTIVE,50000,4774,CARD_PROCESSOR
CARD0000362,ACC0004261,CREDIT,VISA,2019-01-01,ACTIVE,50000,0588,CARD_PROCESSOR
CARD0000363,ACC0000324,DEBIT,RUPAY,2025-10-24,ACTIVE,50000,9310,CARD_PROCESSOR
CARD0000364,ACC0000512,CREDIT,MASTERCARD,2022-01-14,ACTIVE,75000,4516,CARD_PROCESSOR
CARD0000365,ACC0001844,DEBIT,RUPAY,2023-04-02,EXPIRED,250000,9923,CARD_PROCESSOR
CARD0000366,ACC0003965,CREDIT,VISA,2021-03-01,ACTIVE,150000,7941,CARD_PROCESSOR
CARD0000367,ACC0001641,DEBIT,VISA,2022-09-28,BLOCKED,150000,3627,CARD_PROCESSOR
CARD0000368,ACC0003493,DEBIT,MASTERCARD,2025-08-03,ACTIVE,150000,4990,CARD_PROCESSOR
CARD0000369,ACC0000058,DEBIT,VISA,2023-08-22,ACTIVE,0,6118,CARD_PROCESSOR
CARD0000370,ACC0002263,DEBIT,RUPAY,2019-03-07,ACTIVE,50000,5766,CARD_PROCESSOR
CARD0000371,ACC0000134,CREDIT,MASTERCARD,2021-10-30,ACTIVE,150000,3030,CARD_PROCESSOR
CARD0000372,ACC0003270,DEBIT,MASTERCARD,2024-01-31,ACTIVE,75000,1829,CARD_PROCESSOR
CARD0000373,ACC0001896,CREDIT,MASTERCARD,2019-01-26,BLOCKED,100000,8068,CARD_PROCESSOR
CARD0000374,ACC0000582,DEBIT,MASTERCARD,2024-10-30,ACTIVE,250000,1981,CARD_PROCESSOR
CARD0000375,ACC0002098,CREDIT,MASTERCARD,2021-02-13,ACTIVE,250000,9068,CARD_PROCESSOR
CARD0000376,ACC0004112,CREDIT,MASTERCARD,2025-11-05,ACTIVE,100000,5170,CARD_PROCESSOR
CARD0000377,ACC0004128,CREDIT,VISA,2023-08-13,ACTIVE,0,2377,CARD_PROCESSOR
CARD0000378,ACC0003291,CREDIT,RUPAY,2020-02-06,BLOCKED,25000,0809,CARD_PROCESSOR
CARD0000379,ACC0003383,CREDIT,RUPAY,2020-02-22,ACTIVE,25000,8923,CARD_PROCESSOR
CARD0000380,ACC0003138,CREDIT,VISA,2020-10-26,ACTIVE,250000,3049,CARD_PROCESSOR
CARD0000381,ACC0003994,DEBIT,VISA,2018-04-02,ACTIVE,250000,8470,CARD_PROCESSOR
CARD0000382,ACC0002723,DEBIT,VISA,2023-10-22,ACTIVE,150000,5283,CARD_PROCESSOR
CARD0000383,ACC0000832,DEBIT,MASTERCARD,2025-03-19,ACTIVE,25000,0830,CARD_PROCESSOR
CARD0000384,ACC0001216,DEBIT,MASTERCARD,2025-09-29,EXPIRED,25000,7628,CARD_PROCESSOR
CARD0000385,ACC0004348,DEBIT,VISA,2022-03-10,BLOCKED,150000,4581,CARD_PROCESSOR
CARD0000386,ACC0002981,CREDIT,RUPAY,2018-10-11,ACTIVE,0,4804,CARD_PROCESSOR
CARD0000387,ACC0004599,DEBIT,MASTERCARD,2021-07-02,ACTIVE,25000,2051,CARD_PROCESSOR
CARD0000388,ACC0003387,DEBIT,MASTERCARD,2022-02-22,ACTIVE,250000,7328,CARD_PROCESSOR
CARD0000389,ACC0003306,CREDIT,VISA,2018-10-04,ACTIVE,25000,4096,CARD_PROCESSOR
CARD0000390,ACC0002880,CREDIT,RUPAY,2018-02-15,ACTIVE,50000,6578,CARD_PROCESSOR
CARD0000391,ACC0000743,DEBIT,MASTERCARD,2018-03-23,BLOCKED,50000,7779,CARD_PROCESSOR
CARD0000392,ACC0002732,DEBIT,MASTERCARD,2021-02-25,ACTIVE,100000,4156,CARD_PROCESSOR
CARD0000393,ACC0002221,CREDIT,MASTERCARD,2022-11-28,ACTIVE,75000,5718,CARD_PROCESSOR
CARD0000394,ACC0004571,CREDIT,RUPAY,2025-03-16,EXPIRED,25000,1239,CARD_PROCESSOR
CARD0000395,ACC0004837,DEBIT,VISA,2021-05-03,ACTIVE,250000,8630,CARD_PROCESSOR
CARD0000396,ACC0002879,DEBIT,MASTERCARD,2026-02-24,BLOCKED,75000,7306,CARD_PROCESSOR
CARD0000397,ACC0003934,CREDIT,RUPAY,2019-12-25,ACTIVE,0,7077,CARD_PROCESSOR
CARD0000398,ACC0002995,DEBIT,VISA,2023-02-15,ACTIVE,100000,4188,CARD_PROCESSOR
CARD0000399,ACC0002625,CREDIT,MASTERCARD,2022-08-18,ACTIVE,150000,4881,CARD_PROCESSOR
CARD0000400,ACC0004576,DEBIT,RUPAY,2018-03-16,ACTIVE,250000,7097,CARD_PROCESSOR
CARD0000401,ACC0002461,DEBIT,MASTERCARD,2019-05-22,ACTIVE,75000,6941,CARD_PROCESSOR
CARD0000402,ACC0004846,CREDIT,MASTERCARD,2025-08-27,ACTIVE,0,7254,CARD_PROCESSOR
CARD0000403,ACC0002760,DEBIT,VISA,2023-05-26,ACTIVE,75000,1124,CARD_PROCESSOR
CARD0000404,ACC0001883,DEBIT,MASTERCARD,2019-04-04,ACTIVE,0,6437,CARD_PROCESSOR
CARD0000405,ACC0002844,DEBIT,VISA,2021-05-02,ACTIVE,75000,9849,CARD_PROCESSOR
CARD0000406,ACC0001841,CREDIT,RUPAY,2020-09-15,ACTIVE,100000,9224,CARD_PROCESSOR
CARD0000407,ACC0003558,CREDIT,VISA,2022-01-15,ACTIVE,25000,3480,CARD_PROCESSOR
CARD0000408,ACC0002299,DEBIT,MASTERCARD,2024-12-05,ACTIVE,75000,6625,CARD_PROCESSOR
CARD0000409,ACC0001095,DEBIT,VISA,2021-12-31,ACTIVE,0,9829,CARD_PROCESSOR
CARD0000410,ACC0001335,DEBIT,VISA,2018-09-19,ACTIVE,100000,1740,CARD_PROCESSOR
CARD0000411,ACC0002438,DEBIT,VISA,2018-05-21,ACTIVE,250000,0593,CARD_PROCESSOR
CARD0000412,ACC0004227,DEBIT,MASTERCARD,2018-05-31,ACTIVE,150000,0876,CARD_PROCESSOR
CARD0000413,ACC0002813,DEBIT,VISA,2023-12-17,BLOCKED,0,5943,CARD_PROCESSOR
CARD0000414,ACC0002341,DEBIT,RUPAY,2022-01-06,ACTIVE,50000,8370,CARD_PROCESSOR
CARD0000415,ACC0000858,DEBIT,RUPAY,2023-08-14,ACTIVE,25000,2594,CARD_PROCESSOR
CARD0000416,ACC0002467,CREDIT,MASTERCARD,2022-07-17,ACTIVE,75000,9596,CARD_PROCESSOR
CARD0000417,ACC0000750,DEBIT,MASTERCARD,2020-11-01,ACTIVE,250000,3123,CARD_PROCESSOR
CARD0000418,ACC0001886,CREDIT,VISA,2018-09-25,EXPIRED,0,6861,CARD_PROCESSOR
CARD0000419,ACC0004862,DEBIT,VISA,2020-02-10,ACTIVE,150000,6144,CARD_PROCESSOR
CARD0000420,ACC0000193,DEBIT,VISA,2022-12-17,ACTIVE,250000,2751,CARD_PROCESSOR
CARD0000421,ACC0003277,CREDIT,VISA,2021-06-12,EXPIRED,25000,6275,CARD_PROCESSOR
CARD0000422,ACC0002009,DEBIT,RUPAY,2024-07-21,ACTIVE,25000,4900,CARD_PROCESSOR
CARD0000423,ACC0000680,DEBIT,VISA,2020-10-25,ACTIVE,100000,7427,CARD_PROCESSOR
CARD0000424,ACC0004310,DEBIT,RUPAY,2020-07-16,ACTIVE,0,4813,CARD_PROCESSOR
CARD0000425,ACC0003720,CREDIT,RUPAY,2024-04-15,ACTIVE,100000,0085,CARD_PROCESSOR
CARD0000426,ACC0001482,DEBIT,MASTERCARD,2025-01-25,ACTIVE,25000,5591,CARD_PROCESSOR
CARD0000427,ACC0003032,CREDIT,MASTERCARD,2022-03-23,ACTIVE,150000,8797,CARD_PROCESSOR
CARD0000428,ACC0003019,DEBIT,MASTERCARD,2022-05-14,ACTIVE,50000,9682,CARD_PROCESSOR
CARD0000429,ACC0001915,DEBIT,MASTERCARD,2021-06-21,BLOCKED,150000,1986,CARD_PROCESSOR
CARD0000430,ACC0000446,CREDIT,RUPAY,2024-05-21,ACTIVE,75000,3299,CARD_PROCESSOR
CARD0000431,ACC0001161,DEBIT,RUPAY,2026-03-11,ACTIVE,100000,0907,CARD_PROCESSOR
CARD0000432,ACC0004709,DEBIT,VISA,2020-04-18,EXPIRED,75000,9849,CARD_PROCESSOR
CARD0000433,ACC0002857,DEBIT,RUPAY,2024-06-24,ACTIVE,25000,3352,CARD_PROCESSOR
CARD0000434,ACC0003366,CREDIT,RUPAY,2026-01-17,ACTIVE,150000,6013,CARD_PROCESSOR
CARD0000435,ACC0001416,CREDIT,MASTERCARD,2024-06-23,ACTIVE,150000,2115,CARD_PROCESSOR
CARD0000436,ACC0001817,DEBIT,VISA,2024-12-12,ACTIVE,100000,7125,CARD_PROCESSOR
CARD0000437,ACC0001747,CREDIT,RUPAY,2019-03-01,ACTIVE,250000,6539,CARD_PROCESSOR
CARD0000438,ACC0002748,DEBIT,RUPAY,2022-07-11,ACTIVE,150000,3994,CARD_PROCESSOR
CARD0000439,ACC0004609,DEBIT,RUPAY,2024-01-15,ACTIVE,0,8488,CARD_PROCESSOR
CARD0000440,ACC0002992,DEBIT,MASTERCARD,2021-11-11,ACTIVE,50000,2132,CARD_PROCESSOR
CARD0000441,ACC0004548,DEBIT,RUPAY,2025-04-26,ACTIVE,75000,3225,CARD_PROCESSOR
CARD0000442,ACC0000573,DEBIT,MASTERCARD,2024-08-30,ACTIVE,75000,1259,CARD_PROCESSOR
CARD0000443,ACC0000272,CREDIT,VISA,2018-09-14,ACTIVE,100000,2800,CARD_PROCESSOR
CARD0000444,ACC0003004,CREDIT,MASTERCARD,2025-07-18,ACTIVE,25000,7299,CARD_PROCESSOR
CARD0000445,ACC0002959,CREDIT,RUPAY,2020-06-26,ACTIVE,75000,3788,CARD_PROCESSOR
CARD0000446,ACC0003062,DEBIT,MASTERCARD,2026-02-01,ACTIVE,25000,9188,CARD_PROCESSOR
CARD0000447,ACC0000766,CREDIT,MASTERCARD,2019-08-25,ACTIVE,150000,3376,CARD_PROCESSOR
CARD0000448,ACC0004549,CREDIT,RUPAY,2021-07-14,ACTIVE,150000,0865,CARD_PROCESSOR
CARD0000449,ACC0004360,DEBIT,MASTERCARD,2020-12-08,ACTIVE,25000,7034,CARD_PROCESSOR
CARD0000450,ACC0002617,CREDIT,VISA,2021-01-29,ACTIVE,100000,1470,CARD_PROCESSOR
CARD0000451,ACC0002349,DEBIT,VISA,2020-05-08,ACTIVE,75000,8400,CARD_PROCESSOR
CARD0000452,ACC0002685,CREDIT,RUPAY,2019-05-26,ACTIVE,100000,0172,CARD_PROCESSOR
CARD0000453,ACC0004243,DEBIT,MASTERCARD,2018-10-26,ACTIVE,100000,5442,CARD_PROCESSOR
CARD0000454,ACC0002107,DEBIT,VISA,2023-11-25,ACTIVE,100000,2297,CARD_PROCESSOR
CARD0000455,ACC0004728,DEBIT,MASTERCARD,2023-11-07,ACTIVE,0,4367,CARD_PROCESSOR
CARD0000456,ACC0004901,CREDIT,RUPAY,2019-03-09,ACTIVE,0,1972,CARD_PROCESSOR
CARD0000457,ACC0003064,CREDIT,RUPAY,2024-08-25,ACTIVE,25000,3978,CARD_PROCESSOR
CARD0000458,ACC0003656,CREDIT,VISA,2020-03-07,ACTIVE,50000,9456,CARD_PROCESSOR
CARD0000459,ACC0004328,DEBIT,VISA,2021-02-25,ACTIVE,50000,3141,CARD_PROCESSOR
CARD0000460,ACC0000927,DEBIT,VISA,2019-05-28,EXPIRED,100000,7484,CARD_PROCESSOR
CARD0000461,ACC0000897,DEBIT,VISA,2018-08-30,ACTIVE,50000,0903,CARD_PROCESSOR
CARD0000462,ACC0003981,DEBIT,VISA,2018-05-15,ACTIVE,250000,4641,CARD_PROCESSOR
CARD0000463,ACC0002753,CREDIT,VISA,2018-07-09,ACTIVE,250000,8062,CARD_PROCESSOR
CARD0000464,ACC0004052,CREDIT,RUPAY,2020-10-02,ACTIVE,100000,2926,CARD_PROCESSOR
CARD0000465,ACC0002041,CREDIT,MASTERCARD,2018-03-13,ACTIVE,25000,3893,CARD_PROCESSOR
CARD0000466,ACC0001070,DEBIT,MASTERCARD,2020-08-15,ACTIVE,0,8227,CARD_PROCESSOR
CARD0000467,ACC0004127,CREDIT,MASTERCARD,2024-10-11,ACTIVE,150000,9627,CARD_PROCESSOR
CARD0000468,ACC0003875,DEBIT,VISA,2022-05-23,ACTIVE,50000,9118,CARD_PROCESSOR
CARD0000469,ACC0004878,CREDIT,RUPAY,2024-03-12,ACTIVE,0,6510,CARD_PROCESSOR
CARD0000470,ACC0000869,CREDIT,VISA,2019-10-09,ACTIVE,75000,4284,CARD_PROCESSOR
CARD0000471,ACC0001101,CREDIT,MASTERCARD,2019-06-17,BLOCKED,0,4303,CARD_PROCESSOR
CARD0000472,ACC0004222,CREDIT,RUPAY,2024-08-07,ACTIVE,75000,6466,CARD_PROCESSOR
CARD0000473,ACC0003421,CREDIT,RUPAY,2024-04-01,EXPIRED,75000,7125,CARD_PROCESSOR
CARD0000474,ACC0002338,CREDIT,MASTERCARD,2022-07-14,ACTIVE,250000,0112,CARD_PROCESSOR
CARD0000475,ACC0001568,CREDIT,VISA,2024-11-13,ACTIVE,100000,4922,CARD_PROCESSOR
CARD0000476,ACC0000064,DEBIT,MASTERCARD,2018-09-22,EXPIRED,0,7838,CARD_PROCESSOR
CARD0000477,ACC0001692,CREDIT,RUPAY,2021-03-27,ACTIVE,150000,1942,CARD_PROCESSOR
CARD0000478,ACC0003851,DEBIT,VISA,2022-07-07,ACTIVE,0,6747,CARD_PROCESSOR
CARD0000479,ACC0002799,CREDIT,RUPAY,2021-10-12,ACTIVE,50000,9502,CARD_PROCESSOR
CARD0000480,ACC0002833,DEBIT,RUPAY,2018-12-11,ACTIVE,75000,0611,CARD_PROCESSOR
CARD0000481,ACC0000203,CREDIT,VISA,2023-05-05,ACTIVE,50000,2716,CARD_PROCESSOR
CARD0000482,ACC0001137,DEBIT,VISA,2019-01-02,ACTIVE,250000,3555,CARD_PROCESSOR
CARD0000483,ACC0002766,CREDIT,RUPAY,2018-05-07,ACTIVE,0,3744,CARD_PROCESSOR
CARD0000484,ACC0004895,CREDIT,VISA,2022-12-24,ACTIVE,75000,2621,CARD_PROCESSOR
CARD0000485,ACC0000825,DEBIT,VISA,2025-01-15,ACTIVE,150000,6803,CARD_PROCESSOR
CARD0000486,ACC0000259,CREDIT,MASTERCARD,2018-07-07,ACTIVE,50000,5846,CARD_PROCESSOR
CARD0000487,ACC0002879,DEBIT,RUPAY,2022-07-18,ACTIVE,50000,8036,CARD_PROCESSOR
CARD0000488,ACC0003936,DEBIT,MASTERCARD,2020-08-29,ACTIVE,75000,8485,CARD_PROCESSOR
CARD0000489,ACC0001989,DEBIT,RUPAY,2023-09-30,ACTIVE,250000,3599,CARD_PROCESSOR
CARD0000490,ACC0001694,CREDIT,RUPAY,2020-04-26,ACTIVE,50000,6219,CARD_PROCESSOR
CARD0000491,ACC0000106,DEBIT,VISA,2022-02-21,ACTIVE,75000,4075,CARD_PROCESSOR
CARD0000492,ACC0003815,DEBIT,VISA,2025-09-30,ACTIVE,25000,7977,CARD_PROCESSOR
CARD0000493,ACC0003509,DEBIT,VISA,2020-06-12,BLOCKED,50000,3497,CARD_PROCESSOR
CARD0000494,ACC0000761,CREDIT,RUPAY,2019-09-01,EXPIRED,50000,1357,CARD_PROCESSOR
CARD0000495,ACC0003197,DEBIT,MASTERCARD,2021-07-20,ACTIVE,250000,7455,CARD_PROCESSOR
CARD0000496,ACC0000372,CREDIT,VISA,2021-07-05,ACTIVE,100000,5881,CARD_PROCESSOR
CARD0000497,ACC0003913,CREDIT,RUPAY,2020-07-04,ACTIVE,25000,1090,CARD_PROCESSOR
CARD0000498,ACC0001228,DEBIT,MASTERCARD,2022-01-18,ACTIVE,250000,7583,CARD_PROCESSOR
CARD0000499,ACC0001757,DEBIT,MASTERCARD,2024-11-13,ACTIVE,75000,4603,CARD_PROCESSOR
CARD0000500,ACC0002523,DEBIT,VISA,2019-06-07,ACTIVE,0,5095,CARD_PROCESSOR
CARD0000501,ACC0002129,CREDIT,VISA,2024-09-08,ACTIVE,0,5179,CARD_PROCESSOR
CARD0000502,ACC0004710,DEBIT,VISA,2022-02-27,ACTIVE,0,7152,CARD_PROCESSOR
CARD0000503,ACC0002741,CREDIT,VISA,2018-02-04,ACTIVE,75000,5918,CARD_PROCESSOR
CARD0000504,ACC0001677,CREDIT,VISA,2024-03-15,ACTIVE,100000,5987,CARD_PROCESSOR
CARD0000505,ACC0004085,CREDIT,RUPAY,2019-04-25,ACTIVE,100000,4225,CARD_PROCESSOR
CARD0000506,ACC0003357,CREDIT,RUPAY,2019-07-03,EXPIRED,150000,8721,CARD_PROCESSOR
CARD0000507,ACC0001999,DEBIT,VISA,2024-08-15,ACTIVE,50000,3267,CARD_PROCESSOR
CARD0000508,ACC0003892,DEBIT,RUPAY,2025-04-13,ACTIVE,50000,7595,CARD_PROCESSOR
CARD0000509,ACC0002755,DEBIT,RUPAY,2022-07-04,ACTIVE,100000,8023,CARD_PROCESSOR
CARD0000510,ACC0002788,CREDIT,VISA,2018-02-24,ACTIVE,25000,1193,CARD_PROCESSOR
CARD0000511,ACC0004252,DEBIT,MASTERCARD,2021-07-28,EXPIRED,75000,8328,CARD_PROCESSOR
CARD0000512,ACC0002061,DEBIT,RUPAY,2018-01-06,ACTIVE,100000,8766,CARD_PROCESSOR
CARD0000513,ACC0000176,DEBIT,VISA,2021-03-31,ACTIVE,250000,8521,CARD_PROCESSOR
CARD0000514,ACC0001796,CREDIT,MASTERCARD,2020-09-11,ACTIVE,0,4409,CARD_PROCESSOR
CARD0000515,ACC0004575,CREDIT,VISA,2022-03-08,BLOCKED,100000,7225,CARD_PROCESSOR
CARD0000516,ACC0001916,CREDIT,RUPAY,2024-08-12,EXPIRED,0,8508,CARD_PROCESSOR
CARD0000517,ACC0002244,CREDIT,VISA,2022-08-12,ACTIVE,25000,0156,CARD_PROCESSOR
CARD0000518,ACC0002975,CREDIT,RUPAY,2025-05-10,ACTIVE,100000,3661,CARD_PROCESSOR
CARD0000519,ACC0003416,DEBIT,VISA,2024-10-06,ACTIVE,100000,8761,CARD_PROCESSOR
CARD0000520,ACC0001289,CREDIT,MASTERCARD,2020-04-03,ACTIVE,0,8035,CARD_PROCESSOR
CARD0000521,ACC0001055,DEBIT,MASTERCARD,2020-04-13,ACTIVE,250000,8811,CARD_PROCESSOR
CARD0000522,ACC0001557,DEBIT,RUPAY,2021-01-21,ACTIVE,150000,5512,CARD_PROCESSOR
CARD0000523,ACC0004150,DEBIT,MASTERCARD,2023-03-24,ACTIVE,25000,4634,CARD_PROCESSOR
CARD0000524,ACC0004199,CREDIT,VISA,2022-11-23,ACTIVE,100000,4250,CARD_PROCESSOR
CARD0000525,ACC0002037,CREDIT,RUPAY,2024-02-09,ACTIVE,50000,1210,CARD_PROCESSOR
CARD0000526,ACC0003581,DEBIT,RUPAY,2018-10-18,ACTIVE,50000,2555,CARD_PROCESSOR
CARD0000527,ACC0003955,DEBIT,MASTERCARD,2025-02-16,ACTIVE,150000,6644,CARD_PROCESSOR
CARD0000528,ACC0000256,CREDIT,MASTERCARD,2025-11-11,EXPIRED,75000,4128,CARD_PROCESSOR
CARD0000529,ACC0004488,DEBIT,VISA,2023-01-09,ACTIVE,0,6880,CARD_PROCESSOR
CARD0000530,ACC0001282,CREDIT,VISA,2021-08-04,ACTIVE,100000,0818,CARD_PROCESSOR
CARD0000531,ACC0001076,CREDIT,MASTERCARD,2023-09-08,ACTIVE,150000,7834,CARD_PROCESSOR
CARD0000532,ACC0001545,DEBIT,VISA,2019-12-18,BLOCKED,250000,7164,CARD_PROCESSOR
CARD0000533,ACC0001176,CREDIT,RUPAY,2022-12-05,ACTIVE,50000,7855,CARD_PROCESSOR
CARD0000534,ACC0004926,DEBIT,RUPAY,2022-04-19,ACTIVE,75000,8363,CARD_PROCESSOR
CARD0000535,ACC0004405,DEBIT,VISA,2023-01-02,ACTIVE,25000,0921,CARD_PROCESSOR
CARD0000536,ACC0004361,CREDIT,VISA,2023-07-24,ACTIVE,100000,2044,CARD_PROCESSOR
CARD0000537,ACC0004406,DEBIT,RUPAY,2022-09-11,ACTIVE,250000,4907,CARD_PROCESSOR
CARD0000538,ACC0004529,CREDIT,MASTERCARD,2022-10-12,ACTIVE,50000,6850,CARD_PROCESSOR
CARD0000539,ACC0000503,DEBIT,RUPAY,2020-05-03,ACTIVE,100000,6813,CARD_PROCESSOR
CARD0000540,ACC0003429,CREDIT,MASTERCARD,2019-12-07,ACTIVE,75000,9148,CARD_PROCESSOR
CARD0000541,ACC0004530,DEBIT,VISA,2018-09-19,ACTIVE,0,9929,CARD_PROCESSOR
CARD0000542,ACC0001246,DEBIT,VISA,2022-03-26,ACTIVE,50000,0029,CARD_PROCESSOR
CARD0000543,ACC0002397,CREDIT,RUPAY,2023-08-03,ACTIVE,50000,3335,CARD_PROCESSOR
CARD0000544,ACC0003178,DEBIT,VISA,2021-05-27,EXPIRED,0,5979,CARD_PROCESSOR
CARD0000545,ACC0002078,CREDIT,VISA,2024-01-20,ACTIVE,100000,9601,CARD_PROCESSOR
CARD0000546,ACC0001233,DEBIT,RUPAY,2024-02-06,ACTIVE,25000,9916,CARD_PROCESSOR
CARD0000547,ACC0001726,CREDIT,MASTERCARD,2022-12-07,ACTIVE,250000,2561,CARD_PROCESSOR
CARD0000548,ACC0004938,CREDIT,VISA,2020-01-04,EXPIRED,100000,5067,CARD_PROCESSOR
CARD0000549,ACC0001530,DEBIT,VISA,2025-08-04,ACTIVE,150000,3510,CARD_PROCESSOR
CARD0000550,ACC0004306,CREDIT,MASTERCARD,2023-06-25,ACTIVE,250000,5586,CARD_PROCESSOR
CARD0000551,ACC0002593,CREDIT,RUPAY,2020-06-05,ACTIVE,25000,0060,CARD_PROCESSOR
CARD0000552,ACC0002514,CREDIT,RUPAY,2023-10-18,ACTIVE,150000,0022,CARD_PROCESSOR
CARD0000553,ACC0003547,DEBIT,MASTERCARD,2025-08-18,ACTIVE,250000,4295,CARD_PROCESSOR
CARD0000554,ACC0003860,DEBIT,VISA,2018-03-07,ACTIVE,25000,4012,CARD_PROCESSOR
CARD0000555,ACC0000309,DEBIT,MASTERCARD,2022-10-30,ACTIVE,75000,4826,CARD_PROCESSOR
CARD0000556,ACC0002095,DEBIT,MASTERCARD,2022-05-04,ACTIVE,150000,7049,CARD_PROCESSOR
CARD0000557,ACC0000339,DEBIT,RUPAY,2019-10-21,ACTIVE,100000,3564,CARD_PROCESSOR
CARD0000558,ACC0003222,DEBIT,MASTERCARD,2025-08-08,ACTIVE,25000,8857,CARD_PROCESSOR
CARD0000559,ACC0002974,DEBIT,RUPAY,2022-07-12,BLOCKED,50000,8233,CARD_PROCESSOR
CARD0000560,ACC0002455,DEBIT,VISA,2022-11-27,ACTIVE,150000,7035,CARD_PROCESSOR
CARD0000561,ACC0001338,CREDIT,VISA,2019-07-23,ACTIVE,75000,4183,CARD_PROCESSOR
CARD0000562,ACC0003458,DEBIT,RUPAY,2018-04-23,ACTIVE,250000,0533,CARD_PROCESSOR
CARD0000563,ACC0002029,CREDIT,RUPAY,2024-11-24,ACTIVE,0,4704,CARD_PROCESSOR
CARD0000564,ACC0000883,CREDIT,RUPAY,2022-04-06,ACTIVE,75000,6729,CARD_PROCESSOR
CARD0000565,ACC0001947,DEBIT,RUPAY,2021-09-25,ACTIVE,0,2672,CARD_PROCESSOR
CARD0000566,ACC0003674,DEBIT,VISA,2020-10-28,ACTIVE,250000,7249,CARD_PROCESSOR
CARD0000567,ACC0002490,DEBIT,RUPAY,2019-06-23,ACTIVE,75000,4689,CARD_PROCESSOR
CARD0000568,ACC0004911,CREDIT,RUPAY,2023-02-24,ACTIVE,250000,8139,CARD_PROCESSOR
CARD0000569,ACC0004295,CREDIT,RUPAY,2019-05-19,ACTIVE,100000,2614,CARD_PROCESSOR
CARD0000570,ACC0003673,CREDIT,VISA,2021-07-17,ACTIVE,75000,0698,CARD_PROCESSOR
CARD0000571,ACC0000725,DEBIT,MASTERCARD,2024-01-17,BLOCKED,50000,9577,CARD_PROCESSOR
CARD0000572,ACC0003038,CREDIT,RUPAY,2019-12-08,ACTIVE,250000,6912,CARD_PROCESSOR
CARD0000573,ACC0001063,DEBIT,RUPAY,2026-02-27,ACTIVE,150000,2257,CARD_PROCESSOR
CARD0000574,ACC0003811,CREDIT,MASTERCARD,2022-01-25,ACTIVE,50000,0910,CARD_PROCESSOR
CARD0000575,ACC0003554,CREDIT,RUPAY,2022-12-01,BLOCKED,75000,9466,CARD_PROCESSOR
CARD0000576,ACC0004596,DEBIT,VISA,2024-06-25,ACTIVE,250000,2891,CARD_PROCESSOR
CARD0000577,ACC0001540,DEBIT,VISA,2020-11-14,EXPIRED,50000,8482,CARD_PROCESSOR
CARD0000578,ACC0000484,DEBIT,RUPAY,2018-05-01,ACTIVE,75000,5502,CARD_PROCESSOR
CARD0000579,ACC0003429,DEBIT,VISA,2022-06-03,ACTIVE,50000,7281,CARD_PROCESSOR
CARD0000580,ACC0000580,DEBIT,MASTERCARD,2021-12-05,ACTIVE,0,9865,CARD_PROCESSOR
CARD0000581,ACC0000741,CREDIT,MASTERCARD,2022-09-29,EXPIRED,25000,5409,CARD_PROCESSOR
CARD0000582,ACC0003734,CREDIT,VISA,2023-02-13,EXPIRED,100000,6803,CARD_PROCESSOR
CARD0000583,ACC0000330,DEBIT,VISA,2021-03-02,ACTIVE,25000,5270,CARD_PROCESSOR
CARD0000584,ACC0001944,CREDIT,RUPAY,2023-04-28,BLOCKED,0,1675,CARD_PROCESSOR
CARD0000585,ACC0001808,CREDIT,RUPAY,2024-01-16,ACTIVE,75000,0641,CARD_PROCESSOR
CARD0000586,ACC0003382,DEBIT,MASTERCARD,2020-07-23,ACTIVE,250000,1929,CARD_PROCESSOR
CARD0000587,ACC0002966,CREDIT,MASTERCARD,2020-08-28,ACTIVE,0,2623,CARD_PROCESSOR
CARD0000588,ACC0003935,CREDIT,VISA,2018-04-22,ACTIVE,100000,4183,CARD_PROCESSOR
CARD0000589,ACC0001667,CREDIT,VISA,2022-03-29,ACTIVE,100000,0859,CARD_PROCESSOR
CARD0000590,ACC0004473,CREDIT,RUPAY,2022-05-11,ACTIVE,50000,9525,CARD_PROCESSOR
CARD0000591,ACC0004914,DEBIT,MASTERCARD,2024-07-21,ACTIVE,25000,6155,CARD_PROCESSOR
CARD0000592,ACC0001854,DEBIT,RUPAY,2021-04-18,ACTIVE,150000,0174,CARD_PROCESSOR
CARD0000593,ACC0002903,DEBIT,VISA,2021-12-06,ACTIVE,50000,0118,CARD_PROCESSOR
CARD0000594,ACC0004782,CREDIT,MASTERCARD,2020-04-09,ACTIVE,50000,4363,CARD_PROCESSOR
CARD0000595,ACC0001385,CREDIT,RUPAY,2019-08-05,ACTIVE,0,1040,CARD_PROCESSOR
CARD0000596,ACC0001106,DEBIT,VISA,2024-03-11,ACTIVE,150000,3916,CARD_PROCESSOR
CARD0000597,ACC0001341,DEBIT,VISA,2026-01-06,BLOCKED,0,9193,CARD_PROCESSOR
CARD0000598,ACC0001327,DEBIT,VISA,2020-02-11,ACTIVE,0,4110,CARD_PROCESSOR
CARD0000599,ACC0002430,DEBIT,VISA,2020-06-01,ACTIVE,100000,5891,CARD_PROCESSOR
CARD0000600,ACC0002874,DEBIT,RUPAY,2022-12-10,ACTIVE,150000,2206,CARD_PROCESSOR
CARD0000601,ACC0001503,DEBIT,MASTERCARD,2019-06-24,ACTIVE,25000,3138,CARD_PROCESSOR
CARD0000602,ACC0002925,DEBIT,RUPAY,2019-03-24,ACTIVE,25000,4020,CARD_PROCESSOR
CARD0000603,ACC0001335,CREDIT,MASTERCARD,2025-10-16,ACTIVE,0,3547,CARD_PROCESSOR
CARD0000604,ACC0004490,CREDIT,MASTERCARD,2020-05-21,ACTIVE,50000,5785,CARD_PROCESSOR
CARD0000605,ACC0002234,CREDIT,RUPAY,2025-05-31,ACTIVE,100000,1863,CARD_PROCESSOR
CARD0000606,ACC0003066,DEBIT,RUPAY,2025-11-02,ACTIVE,0,3076,CARD_PROCESSOR
CARD0000607,ACC0001982,CREDIT,VISA,2020-05-15,ACTIVE,100000,5002,CARD_PROCESSOR
CARD0000608,ACC0004451,CREDIT,MASTERCARD,2023-11-15,ACTIVE,50000,8315,CARD_PROCESSOR
CARD0000609,ACC0001912,DEBIT,VISA,2021-09-09,ACTIVE,50000,3661,CARD_PROCESSOR
CARD0000610,ACC0004475,CREDIT,MASTERCARD,2018-04-14,ACTIVE,100000,7351,CARD_PROCESSOR
CARD0000611,ACC0004753,DEBIT,MASTERCARD,2018-07-21,ACTIVE,25000,0661,CARD_PROCESSOR
CARD0000612,ACC0000477,DEBIT,RUPAY,2019-03-07,ACTIVE,0,7636,CARD_PROCESSOR
CARD0000613,ACC0003016,CREDIT,RUPAY,2022-04-12,ACTIVE,75000,5005,CARD_PROCESSOR
CARD0000614,ACC0003076,DEBIT,RUPAY,2021-07-13,ACTIVE,250000,3395,CARD_PROCESSOR
CARD0000615,ACC0002718,CREDIT,MASTERCARD,2021-08-02,ACTIVE,25000,3498,CARD_PROCESSOR
CARD0000616,ACC0003195,DEBIT,RUPAY,2018-11-30,ACTIVE,0,3476,CARD_PROCESSOR
CARD0000617,ACC0004715,CREDIT,VISA,2023-12-04,ACTIVE,100000,7794,CARD_PROCESSOR
CARD0000618,ACC0000467,CREDIT,RUPAY,2019-09-11,ACTIVE,25000,6132,CARD_PROCESSOR
CARD0000619,ACC0003437,CREDIT,RUPAY,2023-03-05,ACTIVE,50000,7429,CARD_PROCESSOR
CARD0000620,ACC0004579,CREDIT,MASTERCARD,2019-02-01,ACTIVE,100000,3714,CARD_PROCESSOR
CARD0000621,ACC0001132,DEBIT,MASTERCARD,2025-10-27,ACTIVE,100000,8332,CARD_PROCESSOR
CARD0000622,ACC0000144,DEBIT,VISA,2024-07-29,ACTIVE,100000,9482,CARD_PROCESSOR
CARD0000623,ACC0004933,DEBIT,MASTERCARD,2022-06-27,ACTIVE,250000,1336,CARD_PROCESSOR
CARD0000624,ACC0003793,CREDIT,VISA,2019-06-09,ACTIVE,0,3623,CARD_PROCESSOR
CARD0000625,ACC0004014,CREDIT,MASTERCARD,2023-10-17,ACTIVE,75000,1577,CARD_PROCESSOR
CARD0000626,ACC0003991,DEBIT,RUPAY,2022-02-12,ACTIVE,150000,1158,CARD_PROCESSOR
CARD0000627,ACC0001040,CREDIT,VISA,2018-10-26,ACTIVE,100000,9639,CARD_PROCESSOR
CARD0000628,ACC0001767,CREDIT,RUPAY,2024-01-17,ACTIVE,25000,7376,CARD_PROCESSOR
CARD0000629,ACC0000387,CREDIT,MASTERCARD,2020-02-03,ACTIVE,150000,4506,CARD_PROCESSOR
CARD0000630,ACC0001827,DEBIT,VISA,2021-08-02,ACTIVE,250000,7060,CARD_PROCESSOR
CARD0000631,ACC0000537,DEBIT,RUPAY,2023-03-17,ACTIVE,100000,2749,CARD_PROCESSOR
CARD0000632,ACC0000810,CREDIT,RUPAY,2024-02-12,EXPIRED,25000,2029,CARD_PROCESSOR
CARD0000633,ACC0003359,CREDIT,RUPAY,2018-05-28,ACTIVE,250000,1243,CARD_PROCESSOR
CARD0000634,ACC0000393,CREDIT,RUPAY,2024-01-03,ACTIVE,250000,1693,CARD_PROCESSOR
CARD0000635,ACC0002280,CREDIT,MASTERCARD,2020-08-02,ACTIVE,50000,1721,CARD_PROCESSOR
CARD0000636,ACC0000820,CREDIT,MASTERCARD,2023-03-19,ACTIVE,250000,6121,CARD_PROCESSOR
CARD0000637,ACC0002680,CREDIT,VISA,2022-03-03,ACTIVE,250000,3022,CARD_PROCESSOR
CARD0000638,ACC0002502,DEBIT,VISA,2018-07-01,ACTIVE,250000,4569,CARD_PROCESSOR
CARD0000639,ACC0004763,DEBIT,VISA,2019-04-01,ACTIVE,25000,7268,CARD_PROCESSOR
CARD0000640,ACC0000815,CREDIT,MASTERCARD,2023-09-25,ACTIVE,150000,3588,CARD_PROCESSOR
CARD0000641,ACC0004657,DEBIT,VISA,2025-10-06,ACTIVE,250000,3980,CARD_PROCESSOR
CARD0000642,ACC0000468,DEBIT,MASTERCARD,2024-07-06,ACTIVE,25000,3484,CARD_PROCESSOR
CARD0000643,ACC0000454,DEBIT,VISA,2024-09-07,ACTIVE,25000,3783,CARD_PROCESSOR
CARD0000644,ACC0000856,DEBIT,RUPAY,2023-12-12,ACTIVE,250000,2959,CARD_PROCESSOR
CARD0000645,ACC0003233,DEBIT,RUPAY,2023-05-27,BLOCKED,0,8417,CARD_PROCESSOR
CARD0000646,ACC0003964,DEBIT,MASTERCARD,2019-08-24,BLOCKED,100000,2419,CARD_PROCESSOR
CARD0000647,ACC0000522,DEBIT,MASTERCARD,2018-10-20,ACTIVE,50000,2584,CARD_PROCESSOR
CARD0000648,ACC0003014,DEBIT,MASTERCARD,2025-04-12,ACTIVE,75000,0786,CARD_PROCESSOR
CARD0000649,ACC0004461,DEBIT,RUPAY,2019-07-07,EXPIRED,25000,6920,CARD_PROCESSOR
CARD0000650,ACC0001159,DEBIT,RUPAY,2021-06-15,ACTIVE,250000,9369,CARD_PROCESSOR
CARD0000651,ACC0001396,CREDIT,VISA,2022-10-10,ACTIVE,25000,5571,CARD_PROCESSOR
CARD0000652,ACC0004015,DEBIT,MASTERCARD,2020-02-03,ACTIVE,250000,4904,CARD_PROCESSOR
CARD0000653,ACC0000506,DEBIT,MASTERCARD,2024-03-14,ACTIVE,50000,1824,CARD_PROCESSOR
CARD0000654,ACC0000373,DEBIT,RUPAY,2021-12-14,EXPIRED,150000,9469,CARD_PROCESSOR
CARD0000655,ACC0001543,CREDIT,RUPAY,2026-03-17,ACTIVE,100000,4376,CARD_PROCESSOR
CARD0000656,ACC0000778,DEBIT,MASTERCARD,2025-04-11,ACTIVE,75000,4696,CARD_PROCESSOR
CARD0000657,ACC0001420,CREDIT,RUPAY,2022-10-11,EXPIRED,0,8532,CARD_PROCESSOR
CARD0000658,ACC0001752,CREDIT,RUPAY,2022-10-19,ACTIVE,150000,1813,CARD_PROCESSOR
CARD0000659,ACC0001158,CREDIT,VISA,2022-03-28,ACTIVE,50000,6583,CARD_PROCESSOR
CARD0000660,ACC0004818,DEBIT,RUPAY,2022-06-11,ACTIVE,150000,5507,CARD_PROCESSOR
CARD0000661,ACC0004697,DEBIT,MASTERCARD,2024-09-04,ACTIVE,100000,8683,CARD_PROCESSOR
CARD0000662,ACC0001491,DEBIT,VISA,2026-03-19,ACTIVE,100000,2845,CARD_PROCESSOR
CARD0000663,ACC0003600,CREDIT,RUPAY,2022-03-01,ACTIVE,150000,8186,CARD_PROCESSOR
CARD0000664,ACC0000903,CREDIT,RUPAY,2024-09-07,ACTIVE,100000,7017,CARD_PROCESSOR
CARD0000665,ACC0003459,DEBIT,MASTERCARD,2025-12-06,ACTIVE,75000,9784,CARD_PROCESSOR
CARD0000666,ACC0003410,CREDIT,MASTERCARD,2018-04-08,ACTIVE,50000,5421,CARD_PROCESSOR
CARD0000667,ACC0004130,DEBIT,RUPAY,2024-06-05,EXPIRED,25000,7266,CARD_PROCESSOR
CARD0000668,ACC0000780,DEBIT,RUPAY,2023-01-30,ACTIVE,0,3414,CARD_PROCESSOR
CARD0000669,ACC0000157,DEBIT,MASTERCARD,2021-06-19,ACTIVE,75000,7197,CARD_PROCESSOR
CARD0000670,ACC0000083,CREDIT,MASTERCARD,2019-06-07,ACTIVE,0,4208,CARD_PROCESSOR
CARD0000671,ACC0002335,DEBIT,VISA,2023-07-03,ACTIVE,0,8797,CARD_PROCESSOR
CARD0000672,ACC0002112,DEBIT,RUPAY,2021-04-20,BLOCKED,75000,8969,CARD_PROCESSOR
CARD0000673,ACC0000422,CREDIT,RUPAY,2019-08-17,ACTIVE,100000,8968,CARD_PROCESSOR
CARD0000674,ACC0003331,CREDIT,RUPAY,2019-11-02,ACTIVE,150000,3950,CARD_PROCESSOR
CARD0000675,ACC0000921,DEBIT,VISA,2018-06-05,ACTIVE,100000,9623,CARD_PROCESSOR
CARD0000676,ACC0000604,DEBIT,VISA,2021-02-15,ACTIVE,50000,8239,CARD_PROCESSOR
CARD0000677,ACC0004140,DEBIT,MASTERCARD,2021-08-31,ACTIVE,75000,7657,CARD_PROCESSOR
CARD0000678,ACC0002564,DEBIT,VISA,2025-07-17,ACTIVE,250000,6925,CARD_PROCESSOR
CARD0000679,ACC0004451,CREDIT,MASTERCARD,2021-02-15,ACTIVE,150000,1075,CARD_PROCESSOR
CARD0000680,ACC0002233,CREDIT,RUPAY,2023-10-12,ACTIVE,0,6609,CARD_PROCESSOR
CARD0000681,ACC0003741,DEBIT,VISA,2023-04-11,ACTIVE,25000,1195,CARD_PROCESSOR
CARD0000682,ACC0004476,CREDIT,VISA,2021-01-29,ACTIVE,0,2308,CARD_PROCESSOR
CARD0000683,ACC0003518,DEBIT,MASTERCARD,2025-07-26,ACTIVE,100000,3395,CARD_PROCESSOR
CARD0000684,ACC0004395,DEBIT,RUPAY,2023-11-11,ACTIVE,25000,5028,CARD_PROCESSOR
CARD0000685,ACC0000054,DEBIT,VISA,2025-03-28,ACTIVE,100000,7779,CARD_PROCESSOR
CARD0000686,ACC0003104,CREDIT,RUPAY,2020-10-10,ACTIVE,250000,5591,CARD_PROCESSOR
CARD0000687,ACC0002514,CREDIT,RUPAY,2018-08-15,ACTIVE,0,5211,CARD_PROCESSOR
CARD0000688,ACC0001237,DEBIT,MASTERCARD,2018-04-11,ACTIVE,250000,2806,CARD_PROCESSOR
CARD0000689,ACC0003102,CREDIT,VISA,2023-02-12,ACTIVE,75000,3462,CARD_PROCESSOR
CARD0000690,ACC0000724,DEBIT,VISA,2019-10-01,ACTIVE,25000,1831,CARD_PROCESSOR
CARD0000691,ACC0004232,CREDIT,MASTERCARD,2018-02-21,ACTIVE,100000,6376,CARD_PROCESSOR
CARD0000692,ACC0001682,CREDIT,MASTERCARD,2020-06-02,ACTIVE,75000,0357,CARD_PROCESSOR
CARD0000693,ACC0000503,DEBIT,RUPAY,2020-06-02,ACTIVE,25000,4071,CARD_PROCESSOR
CARD0000694,ACC0002353,DEBIT,RUPAY,2026-03-04,ACTIVE,0,4567,CARD_PROCESSOR
CARD0000695,ACC0004125,CREDIT,MASTERCARD,2019-11-16,ACTIVE,0,8949,CARD_PROCESSOR
CARD0000696,ACC0001991,DEBIT,VISA,2018-03-09,ACTIVE,25000,5003,CARD_PROCESSOR
CARD0000697,ACC0001110,CREDIT,RUPAY,2023-12-09,ACTIVE,250000,0073,CARD_PROCESSOR
CARD0000698,ACC0003511,DEBIT,RUPAY,2025-12-16,ACTIVE,250000,3778,CARD_PROCESSOR
CARD0000699,ACC0001126,DEBIT,RUPAY,2018-03-04,ACTIVE,25000,8936,CARD_PROCESSOR
CARD0000700,ACC0004567,CREDIT,MASTERCARD,2023-09-30,ACTIVE,0,9307,CARD_PROCESSOR
CARD0000701,ACC0004784,DEBIT,MASTERCARD,2025-06-15,ACTIVE,250000,4872,CARD_PROCESSOR
CARD0000702,ACC0001857,CREDIT,VISA,2020-02-16,ACTIVE,150000,5384,CARD_PROCESSOR
CARD0000703,ACC0004114,CREDIT,MASTERCARD,2024-01-16,ACTIVE,50000,9014,CARD_PROCESSOR
CARD0000704,ACC0003370,DEBIT,VISA,2022-03-19,BLOCKED,75000,9301,CARD_PROCESSOR
CARD0000705,ACC0002219,CREDIT,MASTERCARD,2024-03-14,ACTIVE,250000,4020,CARD_PROCESSOR
CARD0000706,ACC0002381,CREDIT,MASTERCARD,2019-03-16,ACTIVE,250000,3048,CARD_PROCESSOR
CARD0000707,ACC0000174,CREDIT,VISA,2020-08-31,ACTIVE,50000,8835,CARD_PROCESSOR
CARD0000708,ACC0000972,DEBIT,RUPAY,2019-03-25,ACTIVE,250000,0023,CARD_PROCESSOR
CARD0000709,ACC0003912,DEBIT,VISA,2018-08-23,ACTIVE,50000,8749,CARD_PROCESSOR
CARD0000710,ACC0004732,CREDIT,MASTERCARD,2025-06-27,ACTIVE,100000,3539,CARD_PROCESSOR
CARD0000711,ACC0004837,DEBIT,RUPAY,2022-08-01,EXPIRED,150000,0548,CARD_PROCESSOR
CARD0000712,ACC0002294,DEBIT,MASTERCARD,2018-07-29,ACTIVE,25000,7310,CARD_PROCESSOR
CARD0000713,ACC0004631,DEBIT,RUPAY,2018-01-17,ACTIVE,150000,0126,CARD_PROCESSOR
CARD0000714,ACC0004581,CREDIT,VISA,2018-11-09,ACTIVE,250000,5322,CARD_PROCESSOR
CARD0000715,ACC0001138,CREDIT,MASTERCARD,2020-08-28,ACTIVE,150000,6974,CARD_PROCESSOR
CARD0000716,ACC0000803,CREDIT,RUPAY,2020-01-08,ACTIVE,50000,2457,CARD_PROCESSOR
CARD0000717,ACC0001309,CREDIT,RUPAY,2025-09-12,ACTIVE,100000,6114,CARD_PROCESSOR
CARD0000718,ACC0000585,DEBIT,VISA,2019-06-22,ACTIVE,100000,0331,CARD_PROCESSOR
CARD0000719,ACC0003949,DEBIT,MASTERCARD,2024-11-15,ACTIVE,150000,5499,CARD_PROCESSOR
CARD0000720,ACC0000393,DEBIT,MASTERCARD,2020-02-17,ACTIVE,0,3196,CARD_PROCESSOR
CARD0000721,ACC0000220,DEBIT,VISA,2023-12-21,EXPIRED,25000,9523,CARD_PROCESSOR
CARD0000722,ACC0004623,CREDIT,MASTERCARD,2025-12-22,ACTIVE,75000,1368,CARD_PROCESSOR
CARD0000723,ACC0001574,CREDIT,RUPAY,2018-07-29,ACTIVE,100000,3314,CARD_PROCESSOR
CARD0000724,ACC0001575,DEBIT,MASTERCARD,2019-09-19,ACTIVE,0,4155,CARD_PROCESSOR
CARD0000725,ACC0003510,DEBIT,VISA,2020-10-18,ACTIVE,150000,0643,CARD_PROCESSOR
CARD0000726,ACC0002456,DEBIT,VISA,2019-08-10,ACTIVE,75000,9480,CARD_PROCESSOR
CARD0000727,ACC0000118,DEBIT,MASTERCARD,2021-05-16,ACTIVE,0,3265,CARD_PROCESSOR
CARD0000728,ACC0002952,CREDIT,RUPAY,2023-04-13,ACTIVE,50000,7794,CARD_PROCESSOR
CARD0000729,ACC0001495,CREDIT,RUPAY,2021-03-08,ACTIVE,50000,1753,CARD_PROCESSOR
CARD0000730,ACC0002297,DEBIT,VISA,2023-07-02,EXPIRED,50000,3317,CARD_PROCESSOR
CARD0000731,ACC0000603,CREDIT,RUPAY,2024-08-03,ACTIVE,100000,5200,CARD_PROCESSOR
CARD0000732,ACC0001031,DEBIT,VISA,2019-01-08,ACTIVE,0,8311,CARD_PROCESSOR
CARD0000733,ACC0003437,DEBIT,VISA,2026-01-25,ACTIVE,50000,6025,CARD_PROCESSOR
CARD0000734,ACC0000572,CREDIT,MASTERCARD,2023-02-01,BLOCKED,75000,3865,CARD_PROCESSOR
CARD0000735,ACC0003822,CREDIT,RUPAY,2020-07-30,BLOCKED,150000,9578,CARD_PROCESSOR
CARD0000736,ACC0003086,DEBIT,RUPAY,2021-06-24,ACTIVE,0,2996,CARD_PROCESSOR
CARD0000737,ACC0000197,CREDIT,VISA,2024-08-06,ACTIVE,75000,1084,CARD_PROCESSOR
CARD0000738,ACC0000714,CREDIT,MASTERCARD,2025-05-24,ACTIVE,0,9123,CARD_PROCESSOR
CARD0000739,ACC0004314,DEBIT,VISA,2022-01-09,ACTIVE,75000,6628,CARD_PROCESSOR
CARD0000740,ACC0000020,CREDIT,VISA,2020-01-31,ACTIVE,75000,2361,CARD_PROCESSOR
CARD0000741,ACC0004396,DEBIT,MASTERCARD,2021-10-10,ACTIVE,75000,5382,CARD_PROCESSOR
CARD0000742,ACC0003946,DEBIT,MASTERCARD,2022-10-05,ACTIVE,100000,4169,CARD_PROCESSOR
CARD0000743,ACC0004141,CREDIT,RUPAY,2019-09-11,ACTIVE,0,2626,CARD_PROCESSOR
CARD0000744,ACC0003040,CREDIT,VISA,2020-06-28,BLOCKED,250000,0519,CARD_PROCESSOR
CARD0000745,ACC0003827,DEBIT,RUPAY,2022-03-15,ACTIVE,150000,0624,CARD_PROCESSOR
CARD0000746,ACC0004604,CREDIT,RUPAY,2025-06-13,ACTIVE,250000,4123,CARD_PROCESSOR
CARD0000747,ACC0004634,CREDIT,RUPAY,2023-08-06,EXPIRED,75000,8015,CARD_PROCESSOR
CARD0000748,ACC0000669,CREDIT,VISA,2019-11-28,EXPIRED,50000,3533,CARD_PROCESSOR
CARD0000749,ACC0001664,DEBIT,MASTERCARD,2018-08-22,ACTIVE,250000,8255,CARD_PROCESSOR
CARD0000750,ACC0001048,DEBIT,MASTERCARD,2022-10-03,ACTIVE,75000,6513,CARD_PROCESSOR
CARD0000751,ACC0001673,CREDIT,MASTERCARD,2019-01-11,ACTIVE,0,8400,CARD_PROCESSOR
CARD0000752,ACC0000055,CREDIT,RUPAY,2025-06-30,ACTIVE,150000,1625,CARD_PROCESSOR
CARD0000753,ACC0004579,CREDIT,MASTERCARD,2020-05-27,ACTIVE,25000,0237,CARD_PROCESSOR
CARD0000754,ACC0000163,CREDIT,RUPAY,2019-12-23,ACTIVE,25000,5964,CARD_PROCESSOR
CARD0000755,ACC0004604,CREDIT,VISA,2024-11-30,BLOCKED,0,8409,CARD_PROCESSOR
CARD0000756,ACC0001976,CREDIT,MASTERCARD,2023-07-16,ACTIVE,100000,1936,CARD_PROCESSOR
CARD0000757,ACC0004977,CREDIT,MASTERCARD,2019-05-10,ACTIVE,25000,0696,CARD_PROCESSOR
CARD0000758,ACC0004921,CREDIT,MASTERCARD,2020-05-31,EXPIRED,250000,5339,CARD_PROCESSOR
CARD0000759,ACC0001791,DEBIT,VISA,2026-02-10,ACTIVE,100000,5823,CARD_PROCESSOR
CARD0000760,ACC0001245,CREDIT,MASTERCARD,2023-10-25,ACTIVE,25000,3588,CARD_PROCESSOR
CARD0000761,ACC0004368,DEBIT,RUPAY,2023-04-15,EXPIRED,25000,2058,CARD_PROCESSOR
CARD0000762,ACC0004539,DEBIT,VISA,2020-09-24,ACTIVE,150000,9856,CARD_PROCESSOR
CARD0000763,ACC0004483,DEBIT,VISA,2019-05-28,ACTIVE,0,4565,CARD_PROCESSOR
CARD0000764,ACC0004799,CREDIT,RUPAY,2022-01-17,ACTIVE,75000,7251,CARD_PROCESSOR
CARD0000765,ACC0002168,DEBIT,MASTERCARD,2018-12-03,ACTIVE,250000,5886,CARD_PROCESSOR
CARD0000766,ACC0000299,DEBIT,RUPAY,2021-04-07,BLOCKED,0,7857,CARD_PROCESSOR
CARD0000767,ACC0003907,CREDIT,MASTERCARD,2024-01-25,ACTIVE,250000,1961,CARD_PROCESSOR
CARD0000768,ACC0004249,CREDIT,MASTERCARD,2018-10-17,ACTIVE,75000,6357,CARD_PROCESSOR
CARD0000769,ACC0000029,DEBIT,MASTERCARD,2020-04-20,ACTIVE,150000,0329,CARD_PROCESSOR
CARD0000770,ACC0000283,CREDIT,MASTERCARD,2025-01-21,ACTIVE,100000,4355,CARD_PROCESSOR
CARD0000771,ACC0000473,CREDIT,RUPAY,2024-10-26,ACTIVE,150000,1641,CARD_PROCESSOR
CARD0000772,ACC0000124,DEBIT,VISA,2018-09-10,ACTIVE,25000,5154,CARD_PROCESSOR
CARD0000773,ACC0003907,DEBIT,VISA,2021-06-16,ACTIVE,75000,7331,CARD_PROCESSOR
CARD0000774,ACC0003847,DEBIT,RUPAY,2018-06-21,ACTIVE,0,5333,CARD_PROCESSOR
CARD0000775,ACC0002155,CREDIT,VISA,2021-03-27,BLOCKED,150000,1879,CARD_PROCESSOR
CARD0000776,ACC0003035,CREDIT,RUPAY,2022-02-10,ACTIVE,0,9681,CARD_PROCESSOR
CARD0000777,ACC0002218,DEBIT,VISA,2023-09-16,ACTIVE,75000,9672,CARD_PROCESSOR
CARD0000778,ACC0003248,CREDIT,MASTERCARD,2026-03-14,ACTIVE,25000,1441,CARD_PROCESSOR
CARD0000779,ACC0002571,CREDIT,MASTERCARD,2023-09-03,ACTIVE,50000,4364,CARD_PROCESSOR
CARD0000780,ACC0000944,CREDIT,VISA,2021-11-20,ACTIVE,25000,3752,CARD_PROCESSOR
CARD0000781,ACC0002061,DEBIT,VISA,2020-05-15,ACTIVE,0,3303,CARD_PROCESSOR
CARD0000782,ACC0004831,CREDIT,VISA,2019-07-27,ACTIVE,25000,7258,CARD_PROCESSOR
CARD0000783,ACC0002886,DEBIT,RUPAY,2022-04-20,ACTIVE,25000,5103,CARD_PROCESSOR
CARD0000784,ACC0000995,CREDIT,RUPAY,2025-03-05,ACTIVE,0,7745,CARD_PROCESSOR
CARD0000785,ACC0000781,DEBIT,MASTERCARD,2021-04-12,ACTIVE,0,8256,CARD_PROCESSOR
CARD0000786,ACC0004121,CREDIT,VISA,2025-01-04,ACTIVE,75000,2073,CARD_PROCESSOR
CARD0000787,ACC0003866,DEBIT,RUPAY,2021-11-21,ACTIVE,150000,2053,CARD_PROCESSOR
CARD0000788,ACC0000043,DEBIT,RUPAY,2023-05-25,ACTIVE,150000,4576,CARD_PROCESSOR
CARD0000789,ACC0004314,CREDIT,RUPAY,2023-07-03,ACTIVE,75000,9389,CARD_PROCESSOR
CARD0000790,ACC0001326,DEBIT,VISA,2021-01-28,ACTIVE,75000,2323,CARD_PROCESSOR
CARD0000791,ACC0001606,DEBIT,RUPAY,2023-04-12,ACTIVE,0,8115,CARD_PROCESSOR
CARD0000792,ACC0000007,DEBIT,RUPAY,2024-05-10,ACTIVE,50000,4690,CARD_PROCESSOR
CARD0000793,ACC0001510,CREDIT,MASTERCARD,2025-08-05,ACTIVE,75000,2716,CARD_PROCESSOR
CARD0000794,ACC0001874,CREDIT,VISA,2020-07-31,ACTIVE,250000,7521,CARD_PROCESSOR
CARD0000795,ACC0003354,DEBIT,MASTERCARD,2023-05-25,EXPIRED,0,8065,CARD_PROCESSOR
CARD0000796,ACC0001887,DEBIT,MASTERCARD,2018-04-06,ACTIVE,75000,2894,CARD_PROCESSOR
CARD0000797,ACC0000442,CREDIT,MASTERCARD,2019-12-10,ACTIVE,0,2113,CARD_PROCESSOR
CARD0000798,ACC0002453,CREDIT,RUPAY,2021-09-05,ACTIVE,75000,7485,CARD_PROCESSOR
CARD0000799,ACC0004909,CREDIT,MASTERCARD,2024-06-06,ACTIVE,25000,6087,CARD_PROCESSOR
CARD0000800,ACC0000306,DEBIT,MASTERCARD,2019-07-14,EXPIRED,0,1640,CARD_PROCESSOR
CARD0000801,ACC0003877,CREDIT,RUPAY,2024-08-24,ACTIVE,250000,0366,CARD_PROCESSOR
CARD0000802,ACC0002328,DEBIT,RUPAY,2025-12-23,EXPIRED,50000,8194,CARD_PROCESSOR
CARD0000803,ACC0001798,CREDIT,MASTERCARD,2023-06-24,BLOCKED,150000,3180,CARD_PROCESSOR
CARD0000804,ACC0004211,CREDIT,VISA,2023-06-29,ACTIVE,250000,1782,CARD_PROCESSOR
CARD0000805,ACC0002281,DEBIT,MASTERCARD,2020-03-09,ACTIVE,0,2488,CARD_PROCESSOR
CARD0000806,ACC0002382,CREDIT,VISA,2021-08-16,BLOCKED,25000,7721,CARD_PROCESSOR
CARD0000807,ACC0003235,CREDIT,VISA,2022-03-03,ACTIVE,0,5030,CARD_PROCESSOR
CARD0000808,ACC0003777,DEBIT,RUPAY,2026-01-11,ACTIVE,75000,3042,CARD_PROCESSOR
CARD0000809,ACC0000971,DEBIT,VISA,2018-05-23,ACTIVE,75000,8168,CARD_PROCESSOR
CARD0000810,ACC0000630,DEBIT,MASTERCARD,2024-12-24,ACTIVE,100000,7146,CARD_PROCESSOR
CARD0000811,ACC0002964,CREDIT,RUPAY,2021-11-20,ACTIVE,75000,0338,CARD_PROCESSOR
CARD0000812,ACC0002394,CREDIT,MASTERCARD,2018-04-18,ACTIVE,100000,0871,CARD_PROCESSOR
CARD0000813,ACC0004907,DEBIT,VISA,2018-12-30,ACTIVE,150000,9865,CARD_PROCESSOR
CARD0000814,ACC0001937,CREDIT,VISA,2025-05-22,ACTIVE,100000,7776,CARD_PROCESSOR
CARD0000815,ACC0003103,DEBIT,VISA,2023-01-25,ACTIVE,75000,3459,CARD_PROCESSOR
CARD0000816,ACC0004644,CREDIT,MASTERCARD,2018-02-24,ACTIVE,100000,4740,CARD_PROCESSOR
CARD0000817,ACC0003785,CREDIT,RUPAY,2018-11-23,ACTIVE,100000,3229,CARD_PROCESSOR
CARD0000818,ACC0004787,CREDIT,RUPAY,2021-10-10,ACTIVE,250000,6763,CARD_PROCESSOR
CARD0000819,ACC0000979,DEBIT,VISA,2022-10-28,ACTIVE,0,4212,CARD_PROCESSOR
CARD0000820,ACC0004614,DEBIT,MASTERCARD,2024-11-05,ACTIVE,100000,0930,CARD_PROCESSOR
CARD0000821,ACC0004527,DEBIT,RUPAY,2025-05-07,ACTIVE,250000,9991,CARD_PROCESSOR
CARD0000822,ACC0001667,CREDIT,RUPAY,2022-08-23,ACTIVE,0,6665,CARD_PROCESSOR
CARD0000823,ACC0001532,CREDIT,MASTERCARD,2025-01-27,ACTIVE,250000,1614,CARD_PROCESSOR
CARD0000824,ACC0004588,DEBIT,MASTERCARD,2022-02-06,ACTIVE,0,8474,CARD_PROCESSOR
CARD0000825,ACC0003996,DEBIT,VISA,2020-06-26,ACTIVE,50000,3986,CARD_PROCESSOR
CARD0000826,ACC0002379,DEBIT,MASTERCARD,2020-08-18,ACTIVE,100000,4531,CARD_PROCESSOR
CARD0000827,ACC0004021,CREDIT,RUPAY,2026-01-17,ACTIVE,75000,3331,CARD_PROCESSOR
CARD0000828,ACC0004793,DEBIT,VISA,2025-08-25,ACTIVE,150000,6039,CARD_PROCESSOR
CARD0000829,ACC0000989,CREDIT,RUPAY,2022-07-29,ACTIVE,50000,0433,CARD_PROCESSOR
CARD0000830,ACC0002016,DEBIT,RUPAY,2024-10-21,ACTIVE,0,2557,CARD_PROCESSOR
CARD0000831,ACC0000608,DEBIT,MASTERCARD,2022-06-01,ACTIVE,25000,2064,CARD_PROCESSOR
CARD0000832,ACC0004996,DEBIT,RUPAY,2019-10-12,ACTIVE,0,7415,CARD_PROCESSOR
CARD0000833,ACC0004168,CREDIT,MASTERCARD,2019-06-18,ACTIVE,25000,4613,CARD_PROCESSOR
CARD0000834,ACC0002097,CREDIT,MASTERCARD,2024-10-29,ACTIVE,50000,8808,CARD_PROCESSOR
CARD0000835,ACC0003568,DEBIT,MASTERCARD,2020-11-04,ACTIVE,75000,4088,CARD_PROCESSOR
CARD0000836,ACC0004439,DEBIT,VISA,2021-11-02,ACTIVE,25000,0398,CARD_PROCESSOR
CARD0000837,ACC0000189,CREDIT,RUPAY,2019-03-26,ACTIVE,0,1815,CARD_PROCESSOR
CARD0000838,ACC0004599,CREDIT,MASTERCARD,2021-11-23,ACTIVE,150000,5921,CARD_PROCESSOR
CARD0000839,ACC0001683,CREDIT,MASTERCARD,2020-11-27,ACTIVE,150000,4624,CARD_PROCESSOR
CARD0000840,ACC0000976,CREDIT,RUPAY,2022-11-10,ACTIVE,50000,7401,CARD_PROCESSOR
CARD0000841,ACC0000957,DEBIT,MASTERCARD,2019-12-22,ACTIVE,50000,6696,CARD_PROCESSOR
CARD0000842,ACC0000287,DEBIT,RUPAY,2023-03-18,ACTIVE,150000,2151,CARD_PROCESSOR
CARD0000843,ACC0004955,CREDIT,VISA,2023-11-19,ACTIVE,50000,3772,CARD_PROCESSOR
CARD0000844,ACC0001798,DEBIT,RUPAY,2018-04-14,ACTIVE,50000,9883,CARD_PROCESSOR
CARD0000845,ACC0002826,DEBIT,VISA,2024-01-05,ACTIVE,75000,9581,CARD_PROCESSOR
CARD0000846,ACC0004117,CREDIT,RUPAY,2023-05-25,BLOCKED,75000,9760,CARD_PROCESSOR
CARD0000847,ACC0004581,DEBIT,RUPAY,2021-08-07,ACTIVE,150000,7580,CARD_PROCESSOR
CARD0000848,ACC0001225,DEBIT,RUPAY,2022-11-15,ACTIVE,150000,9963,CARD_PROCESSOR
CARD0000849,ACC0001393,DEBIT,MASTERCARD,2018-06-11,ACTIVE,75000,7076,CARD_PROCESSOR
CARD0000850,ACC0002873,DEBIT,RUPAY,2022-04-16,ACTIVE,75000,6190,CARD_PROCESSOR
CARD0000851,ACC0002517,CREDIT,MASTERCARD,2025-08-03,ACTIVE,0,7876,CARD_PROCESSOR
CARD0000852,ACC0000502,DEBIT,MASTERCARD,2023-06-29,BLOCKED,100000,2804,CARD_PROCESSOR
CARD0000853,ACC0004530,DEBIT,VISA,2023-04-27,ACTIVE,100000,7758,CARD_PROCESSOR
CARD0000854,ACC0004927,CREDIT,RUPAY,2025-07-02,ACTIVE,250000,4904,CARD_PROCESSOR
CARD0000855,ACC0001726,DEBIT,MASTERCARD,2019-11-15,ACTIVE,100000,2470,CARD_PROCESSOR
CARD0000856,ACC0003655,CREDIT,RUPAY,2019-08-07,ACTIVE,100000,4277,CARD_PROCESSOR
CARD0000857,ACC0001009,DEBIT,MASTERCARD,2021-03-22,ACTIVE,75000,7547,CARD_PROCESSOR
CARD0000858,ACC0004648,DEBIT,VISA,2025-02-03,ACTIVE,50000,5488,CARD_PROCESSOR
CARD0000859,ACC0000425,CREDIT,MASTERCARD,2021-02-12,ACTIVE,25000,8617,CARD_PROCESSOR
CARD0000860,ACC0002845,CREDIT,MASTERCARD,2018-11-27,ACTIVE,75000,1243,CARD_PROCESSOR
CARD0000861,ACC0003576,DEBIT,VISA,2018-12-24,ACTIVE,100000,7165,CARD_PROCESSOR
CARD0000862,ACC0004510,DEBIT,VISA,2020-11-20,ACTIVE,250000,3083,CARD_PROCESSOR
CARD0000863,ACC0004629,CREDIT,RUPAY,2022-03-10,ACTIVE,100000,2450,CARD_PROCESSOR
CARD0000864,ACC0000815,DEBIT,RUPAY,2022-06-22,ACTIVE,0,1169,CARD_PROCESSOR
CARD0000865,ACC0003648,CREDIT,VISA,2018-02-15,ACTIVE,75000,0868,CARD_PROCESSOR
CARD0000866,ACC0000263,CREDIT,RUPAY,2021-01-17,ACTIVE,50000,3824,CARD_PROCESSOR
CARD0000867,ACC0004469,DEBIT,RUPAY,2023-03-15,ACTIVE,150000,6323,CARD_PROCESSOR
CARD0000868,ACC0002803,CREDIT,RUPAY,2023-08-16,ACTIVE,50000,4421,CARD_PROCESSOR
CARD0000869,ACC0003655,DEBIT,RUPAY,2018-11-03,ACTIVE,50000,9577,CARD_PROCESSOR
CARD0000870,ACC0003939,CREDIT,VISA,2018-10-25,ACTIVE,0,2516,CARD_PROCESSOR
CARD0000871,ACC0001285,CREDIT,MASTERCARD,2018-05-25,ACTIVE,250000,8075,CARD_PROCESSOR
CARD0000872,ACC0002399,CREDIT,RUPAY,2025-09-29,ACTIVE,0,0788,CARD_PROCESSOR
CARD0000873,ACC0003851,CREDIT,MASTERCARD,2023-11-11,ACTIVE,25000,4502,CARD_PROCESSOR
CARD0000874,ACC0004027,CREDIT,MASTERCARD,2024-01-26,ACTIVE,75000,3679,CARD_PROCESSOR
CARD0000875,ACC0001193,DEBIT,MASTERCARD,2019-04-20,ACTIVE,50000,2011,CARD_PROCESSOR
CARD0000876,ACC0004061,DEBIT,RUPAY,2019-01-10,ACTIVE,250000,9280,CARD_PROCESSOR
CARD0000877,ACC0001952,CREDIT,VISA,2026-03-17,ACTIVE,75000,1369,CARD_PROCESSOR
CARD0000878,ACC0002379,CREDIT,RUPAY,2018-05-05,ACTIVE,75000,9153,CARD_PROCESSOR
CARD0000879,ACC0002818,DEBIT,RUPAY,2019-03-24,ACTIVE,250000,1473,CARD_PROCESSOR
CARD0000880,ACC0002573,DEBIT,MASTERCARD,2019-01-16,ACTIVE,150000,5003,CARD_PROCESSOR
CARD0000881,ACC0004935,DEBIT,MASTERCARD,2026-02-18,BLOCKED,0,4818,CARD_PROCESSOR
CARD0000882,ACC0000747,DEBIT,RUPAY,2024-11-18,ACTIVE,75000,4159,CARD_PROCESSOR
CARD0000883,ACC0000106,CREDIT,VISA,2023-10-24,ACTIVE,100000,9455,CARD_PROCESSOR
CARD0000884,ACC0000203,DEBIT,MASTERCARD,2019-11-06,ACTIVE,75000,9122,CARD_PROCESSOR
CARD0000885,ACC0004042,CREDIT,VISA,2021-07-03,ACTIVE,150000,7550,CARD_PROCESSOR
CARD0000886,ACC0003046,DEBIT,MASTERCARD,2023-05-25,ACTIVE,75000,1999,CARD_PROCESSOR
CARD0000887,ACC0000269,DEBIT,RUPAY,2018-08-24,ACTIVE,50000,2598,CARD_PROCESSOR
CARD0000888,ACC0000802,DEBIT,RUPAY,2022-05-19,ACTIVE,0,2578,CARD_PROCESSOR
CARD0000889,ACC0000208,DEBIT,RUPAY,2021-10-06,ACTIVE,75000,3617,CARD_PROCESSOR
CARD0000890,ACC0003612,DEBIT,VISA,2019-07-17,ACTIVE,25000,5484,CARD_PROCESSOR
CARD0000891,ACC0002748,CREDIT,VISA,2024-12-05,ACTIVE,0,2979,CARD_PROCESSOR
CARD0000892,ACC0001369,DEBIT,VISA,2025-11-15,ACTIVE,25000,4585,CARD_PROCESSOR
CARD0000893,ACC0002301,DEBIT,VISA,2022-04-03,ACTIVE,0,9743,CARD_PROCESSOR
CARD0000894,ACC0004043,CREDIT,VISA,2021-11-17,ACTIVE,100000,9923,CARD_PROCESSOR
CARD0000895,ACC0004813,CREDIT,VISA,2018-10-01,ACTIVE,75000,1016,CARD_PROCESSOR
CARD0000896,ACC0002528,CREDIT,RUPAY,2018-12-11,ACTIVE,0,6726,CARD_PROCESSOR
CARD0000897,ACC0002757,DEBIT,VISA,2022-04-20,ACTIVE,100000,3325,CARD_PROCESSOR
CARD0000898,ACC0003475,DEBIT,MASTERCARD,2024-12-24,ACTIVE,50000,0428,CARD_PROCESSOR
CARD0000899,ACC0004538,CREDIT,RUPAY,2018-12-03,BLOCKED,150000,2344,CARD_PROCESSOR
CARD0000900,ACC0004848,CREDIT,RUPAY,2019-07-14,ACTIVE,50000,2567,CARD_PROCESSOR
CARD0000901,ACC0004849,CREDIT,MASTERCARD,2024-11-20,ACTIVE,0,4011,CARD_PROCESSOR
CARD0000902,ACC0002284,CREDIT,VISA,2020-06-07,ACTIVE,75000,3312,CARD_PROCESSOR
CARD0000903,ACC0003474,CREDIT,RUPAY,2018-10-15,ACTIVE,150000,8317,CARD_PROCESSOR
CARD0000904,ACC0004252,CREDIT,RUPAY,2024-01-02,EXPIRED,25000,9713,CARD_PROCESSOR
CARD0000905,ACC0000659,CREDIT,MASTERCARD,2019-06-26,ACTIVE,75000,6570,CARD_PROCESSOR
CARD0000906,ACC0003791,DEBIT,RUPAY,2022-05-12,ACTIVE,50000,1413,CARD_PROCESSOR
CARD0000907,ACC0002010,DEBIT,RUPAY,2025-06-10,ACTIVE,150000,6660,CARD_PROCESSOR
CARD0000908,ACC0002605,DEBIT,RUPAY,2021-03-31,ACTIVE,0,2886,CARD_PROCESSOR
CARD0000909,ACC0002046,CREDIT,VISA,2021-09-03,ACTIVE,0,0631,CARD_PROCESSOR
CARD0000910,ACC0003768,CREDIT,RUPAY,2024-11-11,ACTIVE,0,5922,CARD_PROCESSOR
CARD0000911,ACC0003913,CREDIT,VISA,2025-02-09,ACTIVE,0,0568,CARD_PROCESSOR
CARD0000912,ACC0001545,DEBIT,RUPAY,2020-12-04,ACTIVE,100000,7774,CARD_PROCESSOR
CARD0000913,ACC0004115,CREDIT,MASTERCARD,2020-09-12,ACTIVE,50000,7153,CARD_PROCESSOR
CARD0000914,ACC0000100,DEBIT,MASTERCARD,2023-04-03,ACTIVE,25000,0763,CARD_PROCESSOR
CARD0000915,ACC0000657,CREDIT,RUPAY,2023-06-24,ACTIVE,75000,0418,CARD_PROCESSOR
CARD0000916,ACC0004545,DEBIT,VISA,2018-01-10,ACTIVE,50000,5046,CARD_PROCESSOR
CARD0000917,ACC0002684,CREDIT,MASTERCARD,2018-08-25,ACTIVE,100000,6441,CARD_PROCESSOR
CARD0000918,ACC0004125,CREDIT,VISA,2022-05-20,ACTIVE,25000,2571,CARD_PROCESSOR
CARD0000919,ACC0002231,CREDIT,RUPAY,2024-02-05,ACTIVE,250000,8188,CARD_PROCESSOR
CARD0000920,ACC0003222,CREDIT,MASTERCARD,2022-02-11,ACTIVE,250000,0257,CARD_PROCESSOR
CARD0000921,ACC0003652,CREDIT,RUPAY,2024-01-28,ACTIVE,50000,2739,CARD_PROCESSOR
CARD0000922,ACC0000345,DEBIT,MASTERCARD,2019-02-26,ACTIVE,25000,0203,CARD_PROCESSOR
CARD0000923,ACC0003364,DEBIT,VISA,2020-01-24,ACTIVE,250000,0654,CARD_PROCESSOR
CARD0000924,ACC0003197,CREDIT,RUPAY,2023-12-25,EXPIRED,50000,9948,CARD_PROCESSOR
CARD0000925,ACC0003848,CREDIT,MASTERCARD,2026-03-12,EXPIRED,150000,3003,CARD_PROCESSOR
CARD0000926,ACC0000371,CREDIT,RUPAY,2023-06-30,ACTIVE,75000,5582,CARD_PROCESSOR
CARD0000927,ACC0001280,DEBIT,RUPAY,2021-11-16,ACTIVE,0,5125,CARD_PROCESSOR
CARD0000928,ACC0004880,CREDIT,VISA,2025-12-23,ACTIVE,100000,6288,CARD_PROCESSOR
CARD0000929,ACC0001133,DEBIT,MASTERCARD,2022-09-20,ACTIVE,0,3025,CARD_PROCESSOR
CARD0000930,ACC0001517,DEBIT,MASTERCARD,2023-11-17,ACTIVE,250000,4605,CARD_PROCESSOR
CARD0000931,ACC0004258,CREDIT,RUPAY,2022-12-06,ACTIVE,75000,3711,CARD_PROCESSOR
CARD0000932,ACC0003883,DEBIT,MASTERCARD,2021-06-29,ACTIVE,250000,8448,CARD_PROCESSOR
CARD0000933,ACC0001080,CREDIT,VISA,2018-09-22,ACTIVE,50000,6367,CARD_PROCESSOR
CARD0000934,ACC0003801,DEBIT,RUPAY,2020-01-23,ACTIVE,25000,6747,CARD_PROCESSOR
CARD0000935,ACC0002345,DEBIT,MASTERCARD,2019-12-26,ACTIVE,75000,8289,CARD_PROCESSOR
CARD0000936,ACC0002244,DEBIT,RUPAY,2025-12-03,EXPIRED,100000,2154,CARD_PROCESSOR
CARD0000937,ACC0003163,DEBIT,RUPAY,2018-08-17,ACTIVE,25000,8436,CARD_PROCESSOR
CARD0000938,ACC0001520,CREDIT,MASTERCARD,2020-01-19,ACTIVE,250000,9678,CARD_PROCESSOR
CARD0000939,ACC0000812,DEBIT,RUPAY,2024-04-20,ACTIVE,75000,0446,CARD_PROCESSOR
CARD0000940,ACC0000471,DEBIT,MASTERCARD,2023-04-19,ACTIVE,50000,2106,CARD_PROCESSOR
CARD0000941,ACC0001110,CREDIT,MASTERCARD,2023-08-15,ACTIVE,0,9192,CARD_PROCESSOR
CARD0000942,ACC0003940,CREDIT,VISA,2020-09-29,ACTIVE,50000,8829,CARD_PROCESSOR
CARD0000943,ACC0001339,DEBIT,RUPAY,2023-05-10,ACTIVE,100000,8015,CARD_PROCESSOR
CARD0000944,ACC0003074,CREDIT,VISA,2024-06-30,BLOCKED,0,0084,CARD_PROCESSOR
CARD0000945,ACC0003575,DEBIT,RUPAY,2025-08-24,ACTIVE,75000,0938,CARD_PROCESSOR
CARD0000946,ACC0003470,CREDIT,VISA,2025-11-07,ACTIVE,150000,9806,CARD_PROCESSOR
CARD0000947,ACC0001369,CREDIT,RUPAY,2021-11-09,ACTIVE,25000,8088,CARD_PROCESSOR
CARD0000948,ACC0003889,DEBIT,RUPAY,2019-12-02,ACTIVE,25000,7568,CARD_PROCESSOR
CARD0000949,ACC0000312,CREDIT,RUPAY,2021-12-09,ACTIVE,25000,6238,CARD_PROCESSOR
CARD0000950,ACC0004251,DEBIT,MASTERCARD,2022-07-29,ACTIVE,75000,7858,CARD_PROCESSOR
CARD0000951,ACC0004350,DEBIT,VISA,2024-01-03,ACTIVE,0,2631,CARD_PROCESSOR
CARD0000952,ACC0004083,DEBIT,VISA,2023-12-03,ACTIVE,0,3666,CARD_PROCESSOR
CARD0000953,ACC0003532,DEBIT,RUPAY,2024-11-13,ACTIVE,100000,2651,CARD_PROCESSOR
CARD0000954,ACC0003653,CREDIT,VISA,2020-07-21,ACTIVE,150000,7794,CARD_PROCESSOR
CARD0000955,ACC0001734,DEBIT,MASTERCARD,2020-01-30,ACTIVE,50000,6414,CARD_PROCESSOR
CARD0000956,ACC0001942,DEBIT,RUPAY,2018-12-18,ACTIVE,100000,3986,CARD_PROCESSOR
CARD0000957,ACC0004503,CREDIT,RUPAY,2021-03-04,ACTIVE,150000,7905,CARD_PROCESSOR
CARD0000958,ACC0000752,CREDIT,VISA,2019-03-02,ACTIVE,25000,2275,CARD_PROCESSOR
CARD0000959,ACC0004468,CREDIT,RUPAY,2025-05-30,ACTIVE,25000,4833,CARD_PROCESSOR
CARD0000960,ACC0003412,CREDIT,RUPAY,2019-11-07,ACTIVE,250000,4743,CARD_PROCESSOR
CARD0000961,ACC0002548,DEBIT,MASTERCARD,2024-07-30,ACTIVE,250000,2803,CARD_PROCESSOR
CARD0000962,ACC0004464,DEBIT,VISA,2022-04-01,ACTIVE,0,7696,CARD_PROCESSOR
CARD0000963,ACC0000986,DEBIT,MASTERCARD,2021-06-22,ACTIVE,150000,8466,CARD_PROCESSOR
CARD0000964,ACC0004086,CREDIT,RUPAY,2025-02-28,EXPIRED,0,5840,CARD_PROCESSOR
CARD0000965,ACC0000090,CREDIT,VISA,2023-10-16,ACTIVE,0,2365,CARD_PROCESSOR
CARD0000966,ACC0004727,CREDIT,RUPAY,2022-07-30,ACTIVE,50000,2957,CARD_PROCESSOR
CARD0000967,ACC0000187,DEBIT,MASTERCARD,2018-03-31,ACTIVE,100000,4950,CARD_PROCESSOR
CARD0000968,ACC0004042,DEBIT,RUPAY,2019-08-19,ACTIVE,50000,7751,CARD_PROCESSOR
CARD0000969,ACC0002750,CREDIT,VISA,2018-05-03,ACTIVE,100000,9784,CARD_PROCESSOR
CARD0000970,ACC0004601,DEBIT,VISA,2018-10-29,ACTIVE,150000,9877,CARD_PROCESSOR
CARD0000971,ACC0000685,CREDIT,RUPAY,2018-06-15,ACTIVE,50000,3296,CARD_PROCESSOR
CARD0000972,ACC0004562,DEBIT,MASTERCARD,2020-03-11,ACTIVE,75000,6913,CARD_PROCESSOR
CARD0000973,ACC0001195,DEBIT,RUPAY,2023-08-26,ACTIVE,75000,9519,CARD_PROCESSOR
CARD0000974,ACC0003010,DEBIT,MASTERCARD,2022-11-20,ACTIVE,100000,6311,CARD_PROCESSOR
CARD0000975,ACC0001956,CREDIT,RUPAY,2023-11-13,EXPIRED,100000,3103,CARD_PROCESSOR
CARD0000976,ACC0000632,CREDIT,MASTERCARD,2022-10-28,EXPIRED,100000,4978,CARD_PROCESSOR
CARD0000977,ACC0001710,DEBIT,MASTERCARD,2022-08-29,ACTIVE,100000,3619,CARD_PROCESSOR
CARD0000978,ACC0002200,CREDIT,RUPAY,2023-05-01,BLOCKED,75000,9949,CARD_PROCESSOR
CARD0000979,ACC0002319,CREDIT,RUPAY,2018-12-12,ACTIVE,25000,9312,CARD_PROCESSOR
CARD0000980,ACC0004555,CREDIT,VISA,2021-09-27,ACTIVE,75000,6699,CARD_PROCESSOR
CARD0000981,ACC0001470,CREDIT,VISA,2020-11-22,ACTIVE,100000,8555,CARD_PROCESSOR
CARD0000982,ACC0004079,DEBIT,RUPAY,2023-03-08,ACTIVE,25000,7105,CARD_PROCESSOR
CARD0000983,ACC0003152,DEBIT,MASTERCARD,2022-10-12,ACTIVE,250000,9022,CARD_PROCESSOR
CARD0000984,ACC0002313,CREDIT,VISA,2018-07-12,ACTIVE,50000,9754,CARD_PROCESSOR
CARD0000985,ACC0003735,DEBIT,MASTERCARD,2023-06-24,ACTIVE,75000,4726,CARD_PROCESSOR
CARD0000986,ACC0000827,CREDIT,VISA,2021-02-25,ACTIVE,0,2438,CARD_PROCESSOR
CARD0000987,ACC0004396,DEBIT,RUPAY,2020-06-01,ACTIVE,50000,3273,CARD_PROCESSOR
CARD0000988,ACC0004820,CREDIT,VISA,2018-10-29,ACTIVE,25000,4723,CARD_PROCESSOR
CARD0000989,ACC0002719,DEBIT,MASTERCARD,2018-06-10,ACTIVE,100000,8594,CARD_PROCESSOR
CARD0000990,ACC0000902,DEBIT,RUPAY,2019-01-25,ACTIVE,150000,1186,CARD_PROCESSOR
CARD0000991,ACC0001610,DEBIT,RUPAY,2025-06-11,ACTIVE,250000,6100,CARD_PROCESSOR
CARD0000992,ACC0002567,DEBIT,RUPAY,2024-12-17,ACTIVE,25000,2835,CARD_PROCESSOR
CARD0000993,ACC0004351,CREDIT,MASTERCARD,2018-04-12,ACTIVE,50000,2755,CARD_PROCESSOR
CARD0000994,ACC0000924,CREDIT,RUPAY,2020-08-05,ACTIVE,50000,1513,CARD_PROCESSOR
CARD0000995,ACC0003453,CREDIT,MASTERCARD,2020-12-08,ACTIVE,0,1084,CARD_PROCESSOR
CARD0000996,ACC0003916,DEBIT,MASTERCARD,2025-09-14,ACTIVE,100000,2602,CARD_PROCESSOR
CARD0000997,ACC0000143,CREDIT,MASTERCARD,2019-10-07,ACTIVE,250000,7613,CARD_PROCESSOR
CARD0000998,ACC0002411,DEBIT,VISA,2024-01-01,ACTIVE,25000,1478,CARD_PROCESSOR
CARD0000999,ACC0002004,CREDIT,MASTERCARD,2021-08-16,ACTIVE,100000,6384,CARD_PROCESSOR
CARD0001000,ACC0004357,DEBIT,MASTERCARD,2018-07-21,ACTIVE,150000,0259,CARD_PROCESSOR
CARD0001001,ACC0004808,CREDIT,RUPAY,2025-04-19,ACTIVE,100000,8972,CARD_PROCESSOR
CARD0001002,ACC0000909,CREDIT,MASTERCARD,2021-02-07,ACTIVE,150000,4534,CARD_PROCESSOR
CARD0001003,ACC0003958,CREDIT,MASTERCARD,2021-07-17,ACTIVE,75000,1797,CARD_PROCESSOR
CARD0001004,ACC0003949,DEBIT,RUPAY,2021-11-17,ACTIVE,75000,4943,CARD_PROCESSOR
CARD0001005,ACC0002112,DEBIT,VISA,2023-11-29,ACTIVE,150000,8177,CARD_PROCESSOR
CARD0001006,ACC0004047,CREDIT,MASTERCARD,2019-10-20,ACTIVE,100000,3434,CARD_PROCESSOR
CARD0001007,ACC0002972,DEBIT,MASTERCARD,2023-04-21,ACTIVE,25000,3786,CARD_PROCESSOR
CARD0001008,ACC0003602,DEBIT,VISA,2020-02-19,ACTIVE,100000,0549,CARD_PROCESSOR
CARD0001009,ACC0000061,CREDIT,MASTERCARD,2026-01-16,ACTIVE,250000,1506,CARD_PROCESSOR
CARD0001010,ACC0003864,DEBIT,VISA,2024-03-13,ACTIVE,25000,7716,CARD_PROCESSOR
CARD0001011,ACC0002804,DEBIT,RUPAY,2021-10-25,ACTIVE,25000,8135,CARD_PROCESSOR
CARD0001012,ACC0002512,CREDIT,MASTERCARD,2022-07-14,ACTIVE,100000,2623,CARD_PROCESSOR
CARD0001013,ACC0002016,CREDIT,RUPAY,2025-07-04,BLOCKED,50000,0909,CARD_PROCESSOR
CARD0001014,ACC0001732,CREDIT,VISA,2021-04-06,ACTIVE,250000,9098,CARD_PROCESSOR
CARD0001015,ACC0003136,CREDIT,RUPAY,2023-04-05,ACTIVE,100000,7061,CARD_PROCESSOR
CARD0001016,ACC0000397,DEBIT,VISA,2018-11-20,ACTIVE,150000,9300,CARD_PROCESSOR
CARD0001017,ACC0001204,CREDIT,MASTERCARD,2022-09-19,ACTIVE,25000,4975,CARD_PROCESSOR
CARD0001018,ACC0002207,CREDIT,VISA,2021-09-03,ACTIVE,250000,3955,CARD_PROCESSOR
CARD0001019,ACC0002091,DEBIT,RUPAY,2024-08-26,ACTIVE,25000,2355,CARD_PROCESSOR
CARD0001020,ACC0002606,DEBIT,MASTERCARD,2018-04-22,ACTIVE,100000,9263,CARD_PROCESSOR
CARD0001021,ACC0001972,CREDIT,VISA,2025-07-18,ACTIVE,250000,3473,CARD_PROCESSOR
CARD0001022,ACC0000587,CREDIT,MASTERCARD,2022-09-17,ACTIVE,100000,1510,CARD_PROCESSOR
CARD0001023,ACC0001655,CREDIT,VISA,2021-05-07,ACTIVE,75000,7877,CARD_PROCESSOR
CARD0001024,ACC0002939,CREDIT,MASTERCARD,2022-10-23,ACTIVE,25000,4488,CARD_PROCESSOR
CARD0001025,ACC0000771,DEBIT,MASTERCARD,2019-10-26,ACTIVE,150000,0309,CARD_PROCESSOR
CARD0001026,ACC0001616,DEBIT,VISA,2021-04-18,ACTIVE,100000,4839,CARD_PROCESSOR
CARD0001027,ACC0002760,CREDIT,VISA,2025-01-25,ACTIVE,75000,3710,CARD_PROCESSOR
CARD0001028,ACC0003828,DEBIT,RUPAY,2019-06-26,ACTIVE,100000,6943,CARD_PROCESSOR
CARD0001029,ACC0001186,CREDIT,RUPAY,2022-12-28,BLOCKED,50000,3098,CARD_PROCESSOR
CARD0001030,ACC0003404,DEBIT,RUPAY,2021-07-20,ACTIVE,100000,7727,CARD_PROCESSOR
CARD0001031,ACC0004546,CREDIT,VISA,2024-03-06,ACTIVE,25000,9118,CARD_PROCESSOR
CARD0001032,ACC0000760,CREDIT,RUPAY,2022-08-06,ACTIVE,100000,3598,CARD_PROCESSOR
CARD0001033,ACC0000386,DEBIT,VISA,2018-06-02,ACTIVE,250000,8597,CARD_PROCESSOR
CARD0001034,ACC0001905,CREDIT,RUPAY,2025-09-06,ACTIVE,100000,1183,CARD_PROCESSOR
CARD0001035,ACC0000724,CREDIT,MASTERCARD,2018-05-07,EXPIRED,25000,7480,CARD_PROCESSOR
CARD0001036,ACC0004763,CREDIT,VISA,2026-02-21,ACTIVE,0,8740,CARD_PROCESSOR
CARD0001037,ACC0004305,CREDIT,MASTERCARD,2020-02-06,EXPIRED,100000,2155,CARD_PROCESSOR
CARD0001038,ACC0000646,DEBIT,MASTERCARD,2020-11-13,ACTIVE,250000,7420,CARD_PROCESSOR
CARD0001039,ACC0001417,CREDIT,MASTERCARD,2019-07-20,ACTIVE,150000,7144,CARD_PROCESSOR
CARD0001040,ACC0002451,DEBIT,VISA,2023-05-09,ACTIVE,25000,2137,CARD_PROCESSOR
CARD0001041,ACC0002350,CREDIT,MASTERCARD,2022-02-28,BLOCKED,250000,6307,CARD_PROCESSOR
CARD0001042,ACC0002050,DEBIT,RUPAY,2023-03-16,ACTIVE,150000,0108,CARD_PROCESSOR
CARD0001043,ACC0002587,CREDIT,RUPAY,2021-04-10,EXPIRED,100000,7506,CARD_PROCESSOR
CARD0001044,ACC0004783,DEBIT,VISA,2025-05-28,ACTIVE,250000,6706,CARD_PROCESSOR
CARD0001045,ACC0004814,CREDIT,RUPAY,2020-12-17,ACTIVE,0,0946,CARD_PROCESSOR
CARD0001046,ACC0003227,DEBIT,RUPAY,2026-02-08,ACTIVE,50000,2212,CARD_PROCESSOR
CARD0001047,ACC0002855,CREDIT,RUPAY,2023-10-04,ACTIVE,75000,0987,CARD_PROCESSOR
CARD0001048,ACC0003914,DEBIT,RUPAY,2019-03-13,ACTIVE,250000,1305,CARD_PROCESSOR
CARD0001049,ACC0004001,CREDIT,RUPAY,2020-03-07,ACTIVE,150000,8507,CARD_PROCESSOR
CARD0001050,ACC0002076,DEBIT,VISA,2022-05-03,ACTIVE,250000,5541,CARD_PROCESSOR
CARD0001051,ACC0001032,CREDIT,MASTERCARD,2022-10-25,ACTIVE,150000,2188,CARD_PROCESSOR
CARD0001052,ACC0000467,CREDIT,RUPAY,2020-02-29,ACTIVE,75000,3712,CARD_PROCESSOR
CARD0001053,ACC0001682,CREDIT,RUPAY,2019-04-29,ACTIVE,0,3373,CARD_PROCESSOR
CARD0001054,ACC0002518,DEBIT,RUPAY,2023-05-21,ACTIVE,50000,6667,CARD_PROCESSOR
CARD0001055,ACC0001985,DEBIT,VISA,2019-08-17,ACTIVE,250000,8917,CARD_PROCESSOR
CARD0001056,ACC0004351,DEBIT,RUPAY,2023-04-22,ACTIVE,0,6417,CARD_PROCESSOR
CARD0001057,ACC0000613,DEBIT,VISA,2024-07-06,ACTIVE,75000,3402,CARD_PROCESSOR
CARD0001058,ACC0001547,CREDIT,MASTERCARD,2021-11-20,ACTIVE,75000,1712,CARD_PROCESSOR
CARD0001059,ACC0000155,DEBIT,MASTERCARD,2024-07-28,ACTIVE,50000,6023,CARD_PROCESSOR
CARD0001060,ACC0002812,DEBIT,VISA,2020-05-13,ACTIVE,25000,9837,CARD_PROCESSOR
CARD0001061,ACC0003476,DEBIT,VISA,2018-07-31,ACTIVE,250000,6484,CARD_PROCESSOR
CARD0001062,ACC0001405,CREDIT,VISA,2026-02-02,ACTIVE,150000,5070,CARD_PROCESSOR
CARD0001063,ACC0000335,DEBIT,VISA,2025-10-06,ACTIVE,150000,0638,CARD_PROCESSOR
CARD0001064,ACC0004599,DEBIT,VISA,2024-05-31,ACTIVE,75000,7000,CARD_PROCESSOR
CARD0001065,ACC0001978,DEBIT,MASTERCARD,2019-07-11,ACTIVE,150000,1600,CARD_PROCESSOR
CARD0001066,ACC0001425,CREDIT,RUPAY,2023-11-26,ACTIVE,50000,0293,CARD_PROCESSOR
CARD0001067,ACC0002920,CREDIT,MASTERCARD,2021-12-11,ACTIVE,250000,4333,CARD_PROCESSOR
CARD0001068,ACC0001735,CREDIT,MASTERCARD,2025-06-19,ACTIVE,75000,4185,CARD_PROCESSOR
CARD0001069,ACC0003339,CREDIT,VISA,2021-09-25,ACTIVE,50000,7695,CARD_PROCESSOR
CARD0001070,ACC0003751,CREDIT,VISA,2025-01-05,ACTIVE,50000,4617,CARD_PROCESSOR
CARD0001071,ACC0001836,DEBIT,RUPAY,2023-06-15,ACTIVE,25000,3788,CARD_PROCESSOR
CARD0001072,ACC0003794,CREDIT,MASTERCARD,2024-06-30,ACTIVE,75000,6636,CARD_PROCESSOR
CARD0001073,ACC0004382,DEBIT,MASTERCARD,2025-04-17,ACTIVE,0,0034,CARD_PROCESSOR
CARD0001074,ACC0000284,DEBIT,VISA,2023-11-02,EXPIRED,25000,9727,CARD_PROCESSOR
CARD0001075,ACC0002740,DEBIT,MASTERCARD,2018-08-27,ACTIVE,150000,9084,CARD_PROCESSOR
CARD0001076,ACC0001756,DEBIT,RUPAY,2018-04-04,ACTIVE,50000,6095,CARD_PROCESSOR
CARD0001077,ACC0000354,CREDIT,VISA,2023-01-08,ACTIVE,150000,8117,CARD_PROCESSOR
CARD0001078,ACC0001143,DEBIT,RUPAY,2019-09-30,ACTIVE,50000,4209,CARD_PROCESSOR
CARD0001079,ACC0001872,DEBIT,VISA,2019-05-15,ACTIVE,75000,2117,CARD_PROCESSOR
CARD0001080,ACC0001236,CREDIT,RUPAY,2022-02-09,ACTIVE,250000,9409,CARD_PROCESSOR
CARD0001081,ACC0004865,CREDIT,RUPAY,2025-01-11,EXPIRED,100000,4300,CARD_PROCESSOR
CARD0001082,ACC0001223,CREDIT,MASTERCARD,2023-02-25,ACTIVE,25000,7444,CARD_PROCESSOR
CARD0001083,ACC0000371,CREDIT,MASTERCARD,2023-05-10,ACTIVE,25000,1320,CARD_PROCESSOR
CARD0001084,ACC0003773,DEBIT,MASTERCARD,2023-06-30,EXPIRED,50000,4591,CARD_PROCESSOR
CARD0001085,ACC0002383,CREDIT,VISA,2019-09-11,ACTIVE,0,4036,CARD_PROCESSOR
CARD0001086,ACC0001974,CREDIT,MASTERCARD,2024-02-28,ACTIVE,50000,0424,CARD_PROCESSOR
CARD0001087,ACC0000739,CREDIT,RUPAY,2018-05-12,ACTIVE,250000,4798,CARD_PROCESSOR
CARD0001088,ACC0002604,DEBIT,VISA,2018-05-24,ACTIVE,75000,5655,CARD_PROCESSOR
CARD0001089,ACC0004068,CREDIT,VISA,2024-10-07,ACTIVE,250000,4846,CARD_PROCESSOR
CARD0001090,ACC0002131,DEBIT,MASTERCARD,2022-09-24,ACTIVE,0,6907,CARD_PROCESSOR
CARD0001091,ACC0003971,DEBIT,VISA,2018-06-21,ACTIVE,50000,8308,CARD_PROCESSOR
CARD0001092,ACC0004688,CREDIT,RUPAY,2025-10-21,EXPIRED,50000,5812,CARD_PROCESSOR
CARD0001093,ACC0003800,CREDIT,MASTERCARD,2023-05-08,ACTIVE,150000,7135,CARD_PROCESSOR
CARD0001094,ACC0003854,DEBIT,RUPAY,2018-01-16,ACTIVE,0,0062,CARD_PROCESSOR
CARD0001095,ACC0002856,CREDIT,RUPAY,2019-10-28,ACTIVE,100000,1964,CARD_PROCESSOR
CARD0001096,ACC0003755,DEBIT,MASTERCARD,2019-05-20,ACTIVE,50000,8719,CARD_PROCESSOR
CARD0001097,ACC0004013,CREDIT,MASTERCARD,2023-03-13,ACTIVE,75000,9460,CARD_PROCESSOR
CARD0001098,ACC0003788,DEBIT,VISA,2018-12-25,ACTIVE,75000,3742,CARD_PROCESSOR
CARD0001099,ACC0001351,CREDIT,RUPAY,2019-11-05,ACTIVE,50000,6199,CARD_PROCESSOR
CARD0001100,ACC0000961,CREDIT,RUPAY,2020-02-23,ACTIVE,50000,6540,CARD_PROCESSOR
CARD0001101,ACC0003917,CREDIT,VISA,2021-06-20,ACTIVE,50000,5045,CARD_PROCESSOR
CARD0001102,ACC0000819,DEBIT,MASTERCARD,2018-04-14,ACTIVE,150000,7047,CARD_PROCESSOR
CARD0001103,ACC0000190,DEBIT,MASTERCARD,2024-05-15,ACTIVE,250000,2301,CARD_PROCESSOR
CARD0001104,ACC0002305,DEBIT,MASTERCARD,2026-01-16,BLOCKED,150000,3162,CARD_PROCESSOR
CARD0001105,ACC0003573,DEBIT,MASTERCARD,2018-03-18,ACTIVE,75000,3908,CARD_PROCESSOR
CARD0001106,ACC0003081,DEBIT,MASTERCARD,2022-07-25,ACTIVE,100000,8991,CARD_PROCESSOR
CARD0001107,ACC0003264,DEBIT,RUPAY,2025-08-23,ACTIVE,25000,9677,CARD_PROCESSOR
CARD0001108,ACC0003168,DEBIT,RUPAY,2018-02-04,ACTIVE,75000,0583,CARD_PROCESSOR
CARD0001109,ACC0000310,DEBIT,RUPAY,2025-09-09,BLOCKED,25000,9943,CARD_PROCESSOR
CARD0001110,ACC0004116,CREDIT,VISA,2025-08-12,ACTIVE,100000,7031,CARD_PROCESSOR
CARD0001111,ACC0004035,CREDIT,VISA,2022-02-19,ACTIVE,25000,9647,CARD_PROCESSOR
CARD0001112,ACC0000988,CREDIT,MASTERCARD,2021-10-30,ACTIVE,0,3110,CARD_PROCESSOR
CARD0001113,ACC0001114,CREDIT,MASTERCARD,2025-02-25,ACTIVE,25000,6733,CARD_PROCESSOR
CARD0001114,ACC0002932,DEBIT,VISA,2020-02-28,ACTIVE,100000,4001,CARD_PROCESSOR
CARD0001115,ACC0003705,CREDIT,MASTERCARD,2025-02-02,ACTIVE,250000,1318,CARD_PROCESSOR
CARD0001116,ACC0001376,DEBIT,RUPAY,2019-07-22,ACTIVE,100000,6698,CARD_PROCESSOR
CARD0001117,ACC0000337,DEBIT,VISA,2020-08-15,ACTIVE,0,0110,CARD_PROCESSOR
CARD0001118,ACC0001735,DEBIT,VISA,2018-05-25,ACTIVE,100000,8766,CARD_PROCESSOR
CARD0001119,ACC0003449,DEBIT,MASTERCARD,2019-07-29,ACTIVE,75000,7639,CARD_PROCESSOR
CARD0001120,ACC0004711,DEBIT,RUPAY,2019-02-05,ACTIVE,0,0497,CARD_PROCESSOR
CARD0001121,ACC0001800,DEBIT,RUPAY,2019-01-07,ACTIVE,50000,3109,CARD_PROCESSOR
CARD0001122,ACC0001316,DEBIT,VISA,2023-05-10,ACTIVE,250000,4034,CARD_PROCESSOR
CARD0001123,ACC0001637,DEBIT,RUPAY,2024-01-19,ACTIVE,250000,1107,CARD_PROCESSOR
CARD0001124,ACC0004571,DEBIT,VISA,2023-12-23,ACTIVE,75000,0680,CARD_PROCESSOR
CARD0001125,ACC0004140,DEBIT,RUPAY,2023-06-29,ACTIVE,0,6563,CARD_PROCESSOR
CARD0001126,ACC0004469,DEBIT,MASTERCARD,2024-04-13,BLOCKED,100000,0946,CARD_PROCESSOR
CARD0001127,ACC0002010,DEBIT,VISA,2023-01-31,BLOCKED,250000,2951,CARD_PROCESSOR
CARD0001128,ACC0000491,CREDIT,RUPAY,2018-09-10,ACTIVE,100000,8765,CARD_PROCESSOR
CARD0001129,ACC0001982,CREDIT,VISA,2021-02-08,ACTIVE,75000,7052,CARD_PROCESSOR
CARD0001130,ACC0001014,CREDIT,VISA,2022-12-11,ACTIVE,25000,6782,CARD_PROCESSOR
CARD0001131,ACC0003167,CREDIT,MASTERCARD,2023-11-26,ACTIVE,75000,1846,CARD_PROCESSOR
CARD0001132,ACC0004607,CREDIT,RUPAY,2024-12-27,ACTIVE,250000,7912,CARD_PROCESSOR
CARD0001133,ACC0003368,DEBIT,MASTERCARD,2024-03-01,ACTIVE,50000,6610,CARD_PROCESSOR
CARD0001134,ACC0001503,CREDIT,RUPAY,2023-01-19,ACTIVE,150000,2570,CARD_PROCESSOR
CARD0001135,ACC0003671,DEBIT,RUPAY,2018-11-18,ACTIVE,75000,2428,CARD_PROCESSOR
CARD0001136,ACC0002089,DEBIT,RUPAY,2022-08-29,ACTIVE,25000,8815,CARD_PROCESSOR
CARD0001137,ACC0003826,DEBIT,RUPAY,2018-05-05,ACTIVE,100000,7384,CARD_PROCESSOR
CARD0001138,ACC0003936,DEBIT,RUPAY,2019-10-19,ACTIVE,0,3840,CARD_PROCESSOR
CARD0001139,ACC0004917,CREDIT,MASTERCARD,2025-02-13,ACTIVE,50000,5823,CARD_PROCESSOR
CARD0001140,ACC0004723,CREDIT,MASTERCARD,2023-05-29,ACTIVE,100000,4275,CARD_PROCESSOR
CARD0001141,ACC0003430,CREDIT,MASTERCARD,2024-12-23,ACTIVE,250000,9969,CARD_PROCESSOR
CARD0001142,ACC0001788,DEBIT,RUPAY,2021-08-09,ACTIVE,0,6878,CARD_PROCESSOR
CARD0001143,ACC0001045,CREDIT,RUPAY,2019-01-31,ACTIVE,150000,5281,CARD_PROCESSOR
CARD0001144,ACC0004270,DEBIT,RUPAY,2023-03-12,ACTIVE,250000,2275,CARD_PROCESSOR
CARD0001145,ACC0000313,CREDIT,MASTERCARD,2025-03-28,ACTIVE,250000,3841,CARD_PROCESSOR
CARD0001146,ACC0003882,CREDIT,RUPAY,2022-01-13,ACTIVE,100000,7031,CARD_PROCESSOR
CARD0001147,ACC0002607,DEBIT,MASTERCARD,2025-02-16,ACTIVE,250000,6535,CARD_PROCESSOR
CARD0001148,ACC0003755,CREDIT,MASTERCARD,2019-10-21,ACTIVE,150000,4677,CARD_PROCESSOR
CARD0001149,ACC0004973,DEBIT,MASTERCARD,2019-07-04,ACTIVE,250000,2360,CARD_PROCESSOR
CARD0001150,ACC0003978,CREDIT,RUPAY,2024-06-07,ACTIVE,250000,5716,CARD_PROCESSOR
CARD0001151,ACC0000923,DEBIT,MASTERCARD,2019-01-29,ACTIVE,75000,2635,CARD_PROCESSOR
CARD0001152,ACC0004879,DEBIT,RUPAY,2024-02-13,ACTIVE,100000,1511,CARD_PROCESSOR
CARD0001153,ACC0003020,CREDIT,RUPAY,2023-04-06,ACTIVE,50000,9546,CARD_PROCESSOR
CARD0001154,ACC0004071,CREDIT,RUPAY,2020-08-23,ACTIVE,250000,1577,CARD_PROCESSOR
CARD0001155,ACC0001744,CREDIT,MASTERCARD,2021-02-26,ACTIVE,100000,0537,CARD_PROCESSOR
CARD0001156,ACC0004757,DEBIT,VISA,2018-04-26,ACTIVE,50000,6462,CARD_PROCESSOR
CARD0001157,ACC0002194,DEBIT,RUPAY,2022-02-08,ACTIVE,75000,4853,CARD_PROCESSOR
CARD0001158,ACC0002635,CREDIT,RUPAY,2023-01-31,ACTIVE,0,8452,CARD_PROCESSOR
CARD0001159,ACC0000374,CREDIT,MASTERCARD,2018-06-10,ACTIVE,100000,9614,CARD_PROCESSOR
CARD0001160,ACC0004610,DEBIT,VISA,2018-03-20,ACTIVE,150000,7768,CARD_PROCESSOR
CARD0001161,ACC0002726,DEBIT,RUPAY,2023-05-05,ACTIVE,100000,3961,CARD_PROCESSOR
CARD0001162,ACC0004307,CREDIT,MASTERCARD,2022-07-31,ACTIVE,75000,1699,CARD_PROCESSOR
CARD0001163,ACC0001914,DEBIT,MASTERCARD,2022-03-14,ACTIVE,100000,4619,CARD_PROCESSOR
CARD0001164,ACC0000041,DEBIT,RUPAY,2021-02-02,ACTIVE,150000,8998,CARD_PROCESSOR
CARD0001165,ACC0001420,DEBIT,VISA,2025-08-24,ACTIVE,75000,6245,CARD_PROCESSOR
CARD0001166,ACC0004339,CREDIT,RUPAY,2020-12-28,ACTIVE,150000,4349,CARD_PROCESSOR
CARD0001167,ACC0003442,DEBIT,MASTERCARD,2020-03-19,ACTIVE,25000,3970,CARD_PROCESSOR
CARD0001168,ACC0001410,DEBIT,VISA,2021-08-05,ACTIVE,25000,3111,CARD_PROCESSOR
CARD0001169,ACC0003741,DEBIT,MASTERCARD,2022-08-02,ACTIVE,50000,1564,CARD_PROCESSOR
CARD0001170,ACC0000443,CREDIT,RUPAY,2021-04-25,ACTIVE,25000,9879,CARD_PROCESSOR
CARD0001171,ACC0004252,CREDIT,RUPAY,2024-02-22,ACTIVE,75000,5479,CARD_PROCESSOR
CARD0001172,ACC0001865,DEBIT,MASTERCARD,2023-11-13,ACTIVE,50000,4616,CARD_PROCESSOR
CARD0001173,ACC0004320,CREDIT,RUPAY,2023-07-17,ACTIVE,75000,0027,CARD_PROCESSOR
CARD0001174,ACC0002271,CREDIT,VISA,2018-07-17,ACTIVE,0,9835,CARD_PROCESSOR
CARD0001175,ACC0004797,CREDIT,RUPAY,2018-02-15,ACTIVE,0,6852,CARD_PROCESSOR
CARD0001176,ACC0004718,DEBIT,RUPAY,2020-09-09,ACTIVE,50000,1346,CARD_PROCESSOR
CARD0001177,ACC0000852,DEBIT,MASTERCARD,2025-09-04,ACTIVE,150000,8667,CARD_PROCESSOR
CARD0001178,ACC0004746,DEBIT,RUPAY,2020-05-31,ACTIVE,25000,1862,CARD_PROCESSOR
CARD0001179,ACC0000034,CREDIT,MASTERCARD,2024-04-29,ACTIVE,50000,8718,CARD_PROCESSOR
CARD0001180,ACC0000183,CREDIT,MASTERCARD,2021-01-22,ACTIVE,100000,1422,CARD_PROCESSOR
CARD0001181,ACC0004863,DEBIT,MASTERCARD,2021-05-29,ACTIVE,150000,9518,CARD_PROCESSOR
CARD0001182,ACC0003574,CREDIT,RUPAY,2020-10-08,BLOCKED,250000,1829,CARD_PROCESSOR
CARD0001183,ACC0000400,CREDIT,VISA,2019-09-29,ACTIVE,75000,3864,CARD_PROCESSOR
CARD0001184,ACC0001117,CREDIT,RUPAY,2022-01-20,EXPIRED,0,5273,CARD_PROCESSOR
CARD0001185,ACC0003047,CREDIT,MASTERCARD,2019-03-02,ACTIVE,25000,1571,CARD_PROCESSOR
CARD0001186,ACC0000988,DEBIT,RUPAY,2025-05-23,BLOCKED,150000,5204,CARD_PROCESSOR
CARD0001187,ACC0002423,CREDIT,VISA,2018-09-04,ACTIVE,25000,4909,CARD_PROCESSOR
CARD0001188,ACC0003096,CREDIT,RUPAY,2018-04-10,ACTIVE,75000,7264,CARD_PROCESSOR
CARD0001189,ACC0001430,CREDIT,RUPAY,2018-07-10,ACTIVE,50000,0626,CARD_PROCESSOR
CARD0001190,ACC0004958,DEBIT,VISA,2019-01-10,ACTIVE,150000,0011,CARD_PROCESSOR
CARD0001191,ACC0000587,DEBIT,MASTERCARD,2023-06-27,ACTIVE,50000,1879,CARD_PROCESSOR
CARD0001192,ACC0001480,DEBIT,MASTERCARD,2023-02-24,ACTIVE,0,6763,CARD_PROCESSOR
CARD0001193,ACC0004561,CREDIT,VISA,2025-08-22,EXPIRED,150000,7294,CARD_PROCESSOR
CARD0001194,ACC0003156,CREDIT,MASTERCARD,2020-03-21,ACTIVE,75000,6578,CARD_PROCESSOR
CARD0001195,ACC0002981,DEBIT,RUPAY,2026-02-19,ACTIVE,75000,4753,CARD_PROCESSOR
CARD0001196,ACC0004727,DEBIT,VISA,2021-03-07,ACTIVE,0,1889,CARD_PROCESSOR
CARD0001197,ACC0002005,CREDIT,MASTERCARD,2025-10-21,ACTIVE,150000,3465,CARD_PROCESSOR
CARD0001198,ACC0002732,CREDIT,MASTERCARD,2019-11-10,ACTIVE,50000,5882,CARD_PROCESSOR
CARD0001199,ACC0003098,CREDIT,RUPAY,2024-09-14,ACTIVE,50000,0977,CARD_PROCESSOR
CARD0001200,ACC0003402,CREDIT,MASTERCARD,2021-12-25,ACTIVE,250000,9367,CARD_PROCESSOR
CARD0001201,ACC0000119,DEBIT,RUPAY,2021-01-08,EXPIRED,100000,7979,CARD_PROCESSOR
CARD0001202,ACC0001167,CREDIT,MASTERCARD,2019-02-06,ACTIVE,25000,9985,CARD_PROCESSOR
CARD0001203,ACC0003351,DEBIT,RUPAY,2019-11-24,ACTIVE,150000,2960,CARD_PROCESSOR
CARD0001204,ACC0000532,CREDIT,MASTERCARD,2025-02-05,ACTIVE,25000,2270,CARD_PROCESSOR
CARD0001205,ACC0001747,DEBIT,RUPAY,2024-04-12,BLOCKED,250000,1702,CARD_PROCESSOR
CARD0001206,ACC0003252,CREDIT,RUPAY,2019-03-20,ACTIVE,75000,8261,CARD_PROCESSOR
CARD0001207,ACC0002417,DEBIT,RUPAY,2024-05-20,EXPIRED,50000,7478,CARD_PROCESSOR
CARD0001208,ACC0001521,DEBIT,RUPAY,2019-02-16,ACTIVE,50000,4689,CARD_PROCESSOR
CARD0001209,ACC0002137,CREDIT,VISA,2018-11-17,EXPIRED,100000,0664,CARD_PROCESSOR
CARD0001210,ACC0000285,CREDIT,VISA,2021-06-13,ACTIVE,100000,8542,CARD_PROCESSOR
CARD0001211,ACC0000095,DEBIT,VISA,2021-02-21,ACTIVE,150000,8324,CARD_PROCESSOR
CARD0001212,ACC0000525,CREDIT,MASTERCARD,2025-07-20,BLOCKED,75000,4768,CARD_PROCESSOR
CARD0001213,ACC0002310,CREDIT,MASTERCARD,2021-10-08,ACTIVE,150000,1318,CARD_PROCESSOR
CARD0001214,ACC0003426,DEBIT,MASTERCARD,2024-05-17,ACTIVE,0,2630,CARD_PROCESSOR
CARD0001215,ACC0002885,CREDIT,VISA,2025-07-31,ACTIVE,50000,9019,CARD_PROCESSOR
CARD0001216,ACC0002422,CREDIT,MASTERCARD,2020-07-08,ACTIVE,50000,3738,CARD_PROCESSOR
CARD0001217,ACC0003844,CREDIT,MASTERCARD,2020-11-09,ACTIVE,25000,4696,CARD_PROCESSOR
CARD0001218,ACC0003340,DEBIT,MASTERCARD,2021-09-02,ACTIVE,150000,6703,CARD_PROCESSOR
CARD0001219,ACC0004772,CREDIT,MASTERCARD,2019-07-06,ACTIVE,50000,3203,CARD_PROCESSOR
CARD0001220,ACC0002043,DEBIT,MASTERCARD,2024-10-21,BLOCKED,75000,0067,CARD_PROCESSOR
CARD0001221,ACC0001392,CREDIT,MASTERCARD,2025-02-02,ACTIVE,150000,2806,CARD_PROCESSOR
CARD0001222,ACC0004586,DEBIT,RUPAY,2023-11-15,ACTIVE,50000,7075,CARD_PROCESSOR
CARD0001223,ACC0001236,CREDIT,VISA,2025-01-17,ACTIVE,75000,0882,CARD_PROCESSOR
CARD0001224,ACC0000478,CREDIT,MASTERCARD,2022-10-28,EXPIRED,0,8049,CARD_PROCESSOR
CARD0001225,ACC0000146,CREDIT,RUPAY,2018-07-09,ACTIVE,50000,4848,CARD_PROCESSOR
CARD0001226,ACC0002224,CREDIT,RUPAY,2022-04-03,ACTIVE,150000,3496,CARD_PROCESSOR
CARD0001227,ACC0003056,DEBIT,RUPAY,2025-10-29,ACTIVE,150000,4424,CARD_PROCESSOR
CARD0001228,ACC0001449,DEBIT,VISA,2018-12-07,ACTIVE,0,3573,CARD_PROCESSOR
CARD0001229,ACC0000776,DEBIT,VISA,2018-10-07,ACTIVE,75000,0702,CARD_PROCESSOR
CARD0001230,ACC0001958,CREDIT,MASTERCARD,2023-06-04,ACTIVE,25000,0199,CARD_PROCESSOR
CARD0001231,ACC0004389,CREDIT,MASTERCARD,2023-08-26,ACTIVE,25000,0846,CARD_PROCESSOR
CARD0001232,ACC0000803,CREDIT,VISA,2023-11-16,ACTIVE,250000,2810,CARD_PROCESSOR
CARD0001233,ACC0004745,DEBIT,VISA,2022-08-20,ACTIVE,50000,3510,CARD_PROCESSOR
CARD0001234,ACC0002272,DEBIT,MASTERCARD,2021-07-29,ACTIVE,25000,3106,CARD_PROCESSOR
CARD0001235,ACC0003087,DEBIT,MASTERCARD,2018-12-09,ACTIVE,150000,7402,CARD_PROCESSOR
CARD0001236,ACC0000713,DEBIT,VISA,2023-03-03,ACTIVE,25000,8683,CARD_PROCESSOR
CARD0001237,ACC0002043,DEBIT,MASTERCARD,2018-02-16,ACTIVE,50000,1987,CARD_PROCESSOR
CARD0001238,ACC0003559,CREDIT,RUPAY,2026-03-03,ACTIVE,50000,9531,CARD_PROCESSOR
CARD0001239,ACC0001534,CREDIT,RUPAY,2021-08-21,ACTIVE,0,2353,CARD_PROCESSOR
CARD0001240,ACC0000341,DEBIT,RUPAY,2018-10-20,ACTIVE,100000,3792,CARD_PROCESSOR
CARD0001241,ACC0000411,DEBIT,RUPAY,2021-11-02,EXPIRED,0,6019,CARD_PROCESSOR
CARD0001242,ACC0002629,CREDIT,RUPAY,2026-01-12,ACTIVE,75000,7986,CARD_PROCESSOR
CARD0001243,ACC0001449,DEBIT,RUPAY,2021-09-26,ACTIVE,25000,9064,CARD_PROCESSOR
CARD0001244,ACC0003853,DEBIT,VISA,2018-01-25,BLOCKED,100000,0041,CARD_PROCESSOR
CARD0001245,ACC0004301,DEBIT,VISA,2022-01-08,ACTIVE,250000,4477,CARD_PROCESSOR
CARD0001246,ACC0003338,DEBIT,VISA,2022-05-16,ACTIVE,150000,3474,CARD_PROCESSOR
CARD0001247,ACC0002363,DEBIT,MASTERCARD,2018-10-12,ACTIVE,50000,8016,CARD_PROCESSOR
CARD0001248,ACC0001310,DEBIT,VISA,2021-05-26,BLOCKED,50000,6612,CARD_PROCESSOR
CARD0001249,ACC0000975,CREDIT,RUPAY,2020-08-02,EXPIRED,100000,4947,CARD_PROCESSOR
CARD0001250,ACC0004948,CREDIT,MASTERCARD,2023-05-28,ACTIVE,0,3565,CARD_PROCESSOR
CARD0001251,ACC0003093,DEBIT,MASTERCARD,2025-11-01,ACTIVE,25000,0671,CARD_PROCESSOR
CARD0001252,ACC0004208,CREDIT,MASTERCARD,2019-04-10,ACTIVE,25000,2437,CARD_PROCESSOR
CARD0001253,ACC0000590,DEBIT,VISA,2019-04-01,ACTIVE,100000,9434,CARD_PROCESSOR
CARD0001254,ACC0003884,CREDIT,MASTERCARD,2025-05-19,ACTIVE,25000,7677,CARD_PROCESSOR
CARD0001255,ACC0000794,DEBIT,VISA,2021-12-07,ACTIVE,25000,6562,CARD_PROCESSOR
CARD0001256,ACC0002937,DEBIT,MASTERCARD,2023-01-30,ACTIVE,0,5847,CARD_PROCESSOR
CARD0001257,ACC0002738,CREDIT,MASTERCARD,2018-10-03,ACTIVE,0,3384,CARD_PROCESSOR
CARD0001258,ACC0001505,DEBIT,VISA,2022-06-01,EXPIRED,150000,2569,CARD_PROCESSOR
CARD0001259,ACC0004424,CREDIT,MASTERCARD,2025-05-10,ACTIVE,0,2793,CARD_PROCESSOR
CARD0001260,ACC0001608,CREDIT,MASTERCARD,2021-07-18,ACTIVE,50000,0689,CARD_PROCESSOR
CARD0001261,ACC0003399,DEBIT,RUPAY,2022-04-26,ACTIVE,250000,4513,CARD_PROCESSOR
CARD0001262,ACC0002472,CREDIT,VISA,2018-12-23,ACTIVE,25000,1120,CARD_PROCESSOR
CARD0001263,ACC0004706,CREDIT,RUPAY,2022-05-24,ACTIVE,50000,4050,CARD_PROCESSOR
CARD0001264,ACC0003768,CREDIT,VISA,2024-09-06,ACTIVE,25000,4241,CARD_PROCESSOR
CARD0001265,ACC0004148,CREDIT,RUPAY,2024-05-25,ACTIVE,25000,4601,CARD_PROCESSOR
CARD0001266,ACC0000959,CREDIT,VISA,2025-11-17,ACTIVE,0,5026,CARD_PROCESSOR
CARD0001267,ACC0003798,CREDIT,VISA,2023-02-07,ACTIVE,25000,1251,CARD_PROCESSOR
CARD0001268,ACC0002798,DEBIT,MASTERCARD,2024-08-07,ACTIVE,50000,5412,CARD_PROCESSOR
CARD0001269,ACC0000895,DEBIT,RUPAY,2021-03-12,ACTIVE,100000,2368,CARD_PROCESSOR
CARD0001270,ACC0004733,DEBIT,MASTERCARD,2025-12-18,ACTIVE,25000,0705,CARD_PROCESSOR
CARD0001271,ACC0002064,DEBIT,VISA,2019-12-02,ACTIVE,50000,2751,CARD_PROCESSOR
CARD0001272,ACC0002963,CREDIT,VISA,2021-01-15,ACTIVE,75000,5970,CARD_PROCESSOR
CARD0001273,ACC0001737,CREDIT,RUPAY,2026-02-04,ACTIVE,25000,2638,CARD_PROCESSOR
CARD0001274,ACC0000643,DEBIT,RUPAY,2023-04-13,ACTIVE,0,3485,CARD_PROCESSOR
CARD0001275,ACC0001076,DEBIT,VISA,2025-11-23,ACTIVE,0,0348,CARD_PROCESSOR
CARD0001276,ACC0000846,CREDIT,VISA,2019-07-23,ACTIVE,250000,3237,CARD_PROCESSOR
CARD0001277,ACC0002968,CREDIT,VISA,2022-11-01,ACTIVE,0,6479,CARD_PROCESSOR
CARD0001278,ACC0001369,DEBIT,VISA,2023-07-22,ACTIVE,100000,5535,CARD_PROCESSOR
CARD0001279,ACC0002065,DEBIT,VISA,2022-08-04,ACTIVE,75000,7496,CARD_PROCESSOR
CARD0001280,ACC0001832,DEBIT,VISA,2020-12-22,ACTIVE,50000,1666,CARD_PROCESSOR
CARD0001281,ACC0001358,DEBIT,RUPAY,2019-06-12,ACTIVE,50000,2187,CARD_PROCESSOR
CARD0001282,ACC0000375,CREDIT,RUPAY,2025-05-31,ACTIVE,50000,2370,CARD_PROCESSOR
CARD0001283,ACC0000940,CREDIT,RUPAY,2022-06-30,ACTIVE,25000,4128,CARD_PROCESSOR
CARD0001284,ACC0004688,DEBIT,VISA,2023-07-14,ACTIVE,50000,4989,CARD_PROCESSOR
CARD0001285,ACC0004444,DEBIT,RUPAY,2022-01-13,ACTIVE,250000,0361,CARD_PROCESSOR
CARD0001286,ACC0002311,CREDIT,MASTERCARD,2022-11-15,ACTIVE,25000,6118,CARD_PROCESSOR
CARD0001287,ACC0002402,CREDIT,MASTERCARD,2024-08-12,BLOCKED,250000,5996,CARD_PROCESSOR
CARD0001288,ACC0003518,CREDIT,VISA,2025-08-12,ACTIVE,75000,8512,CARD_PROCESSOR
CARD0001289,ACC0003603,CREDIT,MASTERCARD,2021-10-11,ACTIVE,100000,6663,CARD_PROCESSOR
CARD0001290,ACC0004385,CREDIT,RUPAY,2022-10-11,ACTIVE,25000,0663,CARD_PROCESSOR
CARD0001291,ACC0004364,CREDIT,VISA,2020-04-08,ACTIVE,25000,9466,CARD_PROCESSOR
CARD0001292,ACC0000969,CREDIT,VISA,2023-01-18,ACTIVE,25000,6250,CARD_PROCESSOR
CARD0001293,ACC0002785,DEBIT,RUPAY,2024-09-13,ACTIVE,0,8109,CARD_PROCESSOR
CARD0001294,ACC0002419,DEBIT,MASTERCARD,2024-09-27,ACTIVE,250000,3393,CARD_PROCESSOR
CARD0001295,ACC0003426,DEBIT,RUPAY,2026-01-16,BLOCKED,0,1499,CARD_PROCESSOR
CARD0001296,ACC0000202,CREDIT,MASTERCARD,2020-03-30,ACTIVE,75000,5472,CARD_PROCESSOR
CARD0001297,ACC0003563,DEBIT,VISA,2023-08-10,ACTIVE,100000,8977,CARD_PROCESSOR
CARD0001298,ACC0004036,CREDIT,RUPAY,2025-09-22,ACTIVE,100000,7870,CARD_PROCESSOR
CARD0001299,ACC0003531,CREDIT,MASTERCARD,2022-08-05,BLOCKED,25000,5082,CARD_PROCESSOR
CARD0001300,ACC0003770,DEBIT,VISA,2024-01-05,ACTIVE,0,1941,CARD_PROCESSOR
CARD0001301,ACC0003647,DEBIT,RUPAY,2020-03-06,ACTIVE,250000,8505,CARD_PROCESSOR
CARD0001302,ACC0000862,CREDIT,MASTERCARD,2018-02-24,BLOCKED,100000,4566,CARD_PROCESSOR
CARD0001303,ACC0001363,DEBIT,RUPAY,2018-11-27,ACTIVE,150000,1246,CARD_PROCESSOR
CARD0001304,ACC0001626,CREDIT,RUPAY,2024-09-21,ACTIVE,0,0913,CARD_PROCESSOR
CARD0001305,ACC0001178,DEBIT,VISA,2018-08-22,ACTIVE,250000,6946,CARD_PROCESSOR
CARD0001306,ACC0004350,DEBIT,VISA,2022-02-01,ACTIVE,75000,7918,CARD_PROCESSOR
CARD0001307,ACC0004875,DEBIT,VISA,2019-08-09,ACTIVE,25000,2259,CARD_PROCESSOR
CARD0001308,ACC0004264,DEBIT,VISA,2023-04-24,ACTIVE,250000,1992,CARD_PROCESSOR
CARD0001309,ACC0001932,DEBIT,RUPAY,2018-10-11,ACTIVE,100000,8251,CARD_PROCESSOR
CARD0001310,ACC0003340,DEBIT,VISA,2019-03-16,ACTIVE,50000,9906,CARD_PROCESSOR
CARD0001311,ACC0004268,CREDIT,VISA,2025-07-10,EXPIRED,0,8652,CARD_PROCESSOR
CARD0001312,ACC0003103,CREDIT,MASTERCARD,2024-10-05,ACTIVE,100000,7467,CARD_PROCESSOR
CARD0001313,ACC0001617,DEBIT,MASTERCARD,2019-03-25,BLOCKED,250000,7498,CARD_PROCESSOR
CARD0001314,ACC0002729,DEBIT,VISA,2023-03-15,ACTIVE,0,4094,CARD_PROCESSOR
CARD0001315,ACC0002210,CREDIT,MASTERCARD,2018-09-14,ACTIVE,25000,9912,CARD_PROCESSOR
CARD0001316,ACC0002918,CREDIT,RUPAY,2018-07-28,ACTIVE,25000,7966,CARD_PROCESSOR
CARD0001317,ACC0002633,CREDIT,MASTERCARD,2024-02-29,ACTIVE,0,8101,CARD_PROCESSOR
CARD0001318,ACC0004308,CREDIT,MASTERCARD,2018-09-10,ACTIVE,75000,2513,CARD_PROCESSOR
CARD0001319,ACC0004893,DEBIT,RUPAY,2018-06-15,ACTIVE,150000,3720,CARD_PROCESSOR
CARD0001320,ACC0001546,CREDIT,MASTERCARD,2021-07-14,EXPIRED,100000,2656,CARD_PROCESSOR
CARD0001321,ACC0001729,CREDIT,RUPAY,2019-09-20,ACTIVE,150000,6536,CARD_PROCESSOR
CARD0001322,ACC0001750,CREDIT,VISA,2018-03-24,EXPIRED,25000,3469,CARD_PROCESSOR
CARD0001323,ACC0000991,DEBIT,MASTERCARD,2019-04-18,EXPIRED,75000,6324,CARD_PROCESSOR
CARD0001324,ACC0004088,CREDIT,VISA,2022-11-04,ACTIVE,100000,2806,CARD_PROCESSOR
CARD0001325,ACC0001217,DEBIT,MASTERCARD,2018-02-04,ACTIVE,150000,2113,CARD_PROCESSOR
CARD0001326,ACC0000292,CREDIT,VISA,2025-02-03,ACTIVE,250000,3767,CARD_PROCESSOR
CARD0001327,ACC0003636,DEBIT,RUPAY,2025-01-08,ACTIVE,50000,1857,CARD_PROCESSOR
CARD0001328,ACC0001714,CREDIT,MASTERCARD,2021-04-19,EXPIRED,25000,0118,CARD_PROCESSOR
CARD0001329,ACC0002933,CREDIT,MASTERCARD,2024-12-05,ACTIVE,75000,3112,CARD_PROCESSOR
CARD0001330,ACC0004689,DEBIT,MASTERCARD,2024-08-16,ACTIVE,250000,4209,CARD_PROCESSOR
CARD0001331,ACC0003419,DEBIT,VISA,2025-12-01,ACTIVE,50000,2341,CARD_PROCESSOR
CARD0001332,ACC0000232,CREDIT,RUPAY,2019-04-09,ACTIVE,100000,8891,CARD_PROCESSOR
CARD0001333,ACC0001826,CREDIT,VISA,2025-01-13,ACTIVE,75000,5060,CARD_PROCESSOR
CARD0001334,ACC0000474,DEBIT,VISA,2023-02-05,ACTIVE,250000,1170,CARD_PROCESSOR
CARD0001335,ACC0003157,DEBIT,RUPAY,2022-02-28,BLOCKED,0,4902,CARD_PROCESSOR
CARD0001336,ACC0002936,CREDIT,VISA,2025-01-20,ACTIVE,100000,1581,CARD_PROCESSOR
CARD0001337,ACC0000983,DEBIT,RUPAY,2025-11-18,ACTIVE,250000,6109,CARD_PROCESSOR
CARD0001338,ACC0001031,CREDIT,MASTERCARD,2020-01-12,ACTIVE,75000,0069,CARD_PROCESSOR
CARD0001339,ACC0000415,DEBIT,RUPAY,2025-06-19,ACTIVE,100000,9235,CARD_PROCESSOR
CARD0001340,ACC0003235,CREDIT,MASTERCARD,2023-09-03,ACTIVE,75000,4416,CARD_PROCESSOR
CARD0001341,ACC0004686,DEBIT,RUPAY,2022-05-09,ACTIVE,0,0750,CARD_PROCESSOR
CARD0001342,ACC0003142,DEBIT,RUPAY,2024-05-12,ACTIVE,150000,9744,CARD_PROCESSOR
CARD0001343,ACC0001672,DEBIT,RUPAY,2020-07-26,ACTIVE,75000,8635,CARD_PROCESSOR
CARD0001344,ACC0000800,DEBIT,VISA,2022-05-31,ACTIVE,150000,6285,CARD_PROCESSOR
CARD0001345,ACC0001504,DEBIT,MASTERCARD,2020-04-21,ACTIVE,150000,9191,CARD_PROCESSOR
CARD0001346,ACC0004822,DEBIT,VISA,2018-05-29,ACTIVE,150000,3643,CARD_PROCESSOR
CARD0001347,ACC0000665,DEBIT,VISA,2023-02-24,ACTIVE,250000,2307,CARD_PROCESSOR
CARD0001348,ACC0001935,DEBIT,RUPAY,2024-07-27,ACTIVE,100000,1990,CARD_PROCESSOR
CARD0001349,ACC0000189,CREDIT,RUPAY,2019-04-02,ACTIVE,0,7285,CARD_PROCESSOR
CARD0001350,ACC0000751,DEBIT,RUPAY,2020-01-11,ACTIVE,100000,1064,CARD_PROCESSOR
CARD0001351,ACC0003767,CREDIT,VISA,2021-10-31,ACTIVE,25000,5376,CARD_PROCESSOR
CARD0001352,ACC0004947,CREDIT,RUPAY,2019-04-05,ACTIVE,25000,0909,CARD_PROCESSOR
CARD0001353,ACC0002496,CREDIT,VISA,2019-01-09,BLOCKED,50000,5232,CARD_PROCESSOR
CARD0001354,ACC0000410,CREDIT,VISA,2024-04-11,EXPIRED,75000,0849,CARD_PROCESSOR
CARD0001355,ACC0003376,CREDIT,MASTERCARD,2020-07-03,ACTIVE,100000,2447,CARD_PROCESSOR
CARD0001356,ACC0000998,CREDIT,MASTERCARD,2024-08-13,EXPIRED,100000,2791,CARD_PROCESSOR
CARD0001357,ACC0004085,CREDIT,RUPAY,2021-10-28,ACTIVE,150000,7189,CARD_PROCESSOR
CARD0001358,ACC0000908,DEBIT,RUPAY,2024-08-21,ACTIVE,75000,1134,CARD_PROCESSOR
CARD0001359,ACC0002255,DEBIT,VISA,2024-01-12,ACTIVE,25000,2570,CARD_PROCESSOR
CARD0001360,ACC0004501,DEBIT,RUPAY,2025-02-02,ACTIVE,25000,8640,CARD_PROCESSOR
CARD0001361,ACC0003891,DEBIT,VISA,2020-12-03,ACTIVE,25000,0908,CARD_PROCESSOR
CARD0001362,ACC0001354,DEBIT,MASTERCARD,2022-06-05,ACTIVE,150000,0996,CARD_PROCESSOR
CARD0001363,ACC0002299,CREDIT,RUPAY,2018-02-18,ACTIVE,100000,6637,CARD_PROCESSOR
CARD0001364,ACC0004296,DEBIT,VISA,2023-06-01,EXPIRED,75000,4490,CARD_PROCESSOR
CARD0001365,ACC0000274,CREDIT,MASTERCARD,2018-01-23,ACTIVE,100000,3550,CARD_PROCESSOR
CARD0001366,ACC0001550,CREDIT,MASTERCARD,2018-02-23,ACTIVE,25000,4547,CARD_PROCESSOR
CARD0001367,ACC0001164,CREDIT,MASTERCARD,2019-04-30,BLOCKED,250000,6001,CARD_PROCESSOR
CARD0001368,ACC0001078,CREDIT,VISA,2021-11-15,ACTIVE,25000,3177,CARD_PROCESSOR
CARD0001369,ACC0004381,DEBIT,RUPAY,2024-03-09,ACTIVE,250000,9047,CARD_PROCESSOR
CARD0001370,ACC0001335,CREDIT,VISA,2018-09-16,ACTIVE,50000,7365,CARD_PROCESSOR
CARD0001371,ACC0003656,CREDIT,RUPAY,2019-08-08,ACTIVE,75000,1638,CARD_PROCESSOR
CARD0001372,ACC0000206,CREDIT,RUPAY,2024-12-22,ACTIVE,75000,3674,CARD_PROCESSOR
CARD0001373,ACC0004522,CREDIT,MASTERCARD,2025-08-14,EXPIRED,50000,5079,CARD_PROCESSOR
CARD0001374,ACC0000674,DEBIT,VISA,2024-10-11,ACTIVE,150000,6835,CARD_PROCESSOR
CARD0001375,ACC0000518,DEBIT,MASTERCARD,2019-04-15,ACTIVE,150000,5567,CARD_PROCESSOR
CARD0001376,ACC0001194,DEBIT,VISA,2023-11-06,ACTIVE,25000,0214,CARD_PROCESSOR
CARD0001377,ACC0003411,DEBIT,MASTERCARD,2018-04-02,ACTIVE,150000,1723,CARD_PROCESSOR
CARD0001378,ACC0004701,DEBIT,MASTERCARD,2023-10-05,ACTIVE,75000,6369,CARD_PROCESSOR
CARD0001379,ACC0004114,CREDIT,MASTERCARD,2025-12-27,ACTIVE,75000,4948,CARD_PROCESSOR
CARD0001380,ACC0004969,CREDIT,RUPAY,2019-10-17,ACTIVE,25000,1603,CARD_PROCESSOR
CARD0001381,ACC0000643,DEBIT,VISA,2020-05-06,ACTIVE,150000,6828,CARD_PROCESSOR
CARD0001382,ACC0001190,CREDIT,RUPAY,2019-07-29,BLOCKED,25000,4718,CARD_PROCESSOR
CARD0001383,ACC0001986,DEBIT,MASTERCARD,2023-12-14,ACTIVE,75000,6513,CARD_PROCESSOR
CARD0001384,ACC0002780,CREDIT,VISA,2025-02-06,ACTIVE,50000,3504,CARD_PROCESSOR
CARD0001385,ACC0002621,CREDIT,RUPAY,2021-10-29,ACTIVE,250000,4653,CARD_PROCESSOR
CARD0001386,ACC0000746,CREDIT,RUPAY,2019-04-21,ACTIVE,100000,7969,CARD_PROCESSOR
CARD0001387,ACC0003833,CREDIT,MASTERCARD,2020-05-27,ACTIVE,25000,0561,CARD_PROCESSOR
CARD0001388,ACC0003563,DEBIT,RUPAY,2019-04-20,ACTIVE,100000,4048,CARD_PROCESSOR
CARD0001389,ACC0002120,DEBIT,RUPAY,2019-12-02,ACTIVE,75000,6724,CARD_PROCESSOR
CARD0001390,ACC0000972,DEBIT,MASTERCARD,2024-07-05,ACTIVE,50000,0180,CARD_PROCESSOR
CARD0001391,ACC0002577,DEBIT,VISA,2020-07-29,BLOCKED,150000,1203,CARD_PROCESSOR
CARD0001392,ACC0000509,DEBIT,MASTERCARD,2022-09-27,ACTIVE,250000,9582,CARD_PROCESSOR
CARD0001393,ACC0001010,CREDIT,RUPAY,2024-10-25,ACTIVE,50000,6727,CARD_PROCESSOR
CARD0001394,ACC0001228,CREDIT,MASTERCARD,2022-02-26,ACTIVE,0,3217,CARD_PROCESSOR
CARD0001395,ACC0004929,DEBIT,MASTERCARD,2023-06-13,ACTIVE,50000,5673,CARD_PROCESSOR
CARD0001396,ACC0002521,DEBIT,MASTERCARD,2025-08-18,ACTIVE,75000,8979,CARD_PROCESSOR
CARD0001397,ACC0001899,CREDIT,MASTERCARD,2020-09-02,ACTIVE,250000,4188,CARD_PROCESSOR
CARD0001398,ACC0003518,DEBIT,RUPAY,2025-03-03,ACTIVE,75000,7808,CARD_PROCESSOR
CARD0001399,ACC0001920,CREDIT,VISA,2019-06-06,ACTIVE,50000,0713,CARD_PROCESSOR
CARD0001400,ACC0003403,CREDIT,VISA,2024-10-10,ACTIVE,75000,6356,CARD_PROCESSOR
CARD0001401,ACC0004709,DEBIT,RUPAY,2022-12-28,ACTIVE,25000,9190,CARD_PROCESSOR
CARD0001402,ACC0003415,CREDIT,VISA,2021-06-27,ACTIVE,0,8802,CARD_PROCESSOR
CARD0001403,ACC0001211,DEBIT,VISA,2020-03-03,ACTIVE,250000,1503,CARD_PROCESSOR
CARD0001404,ACC0000943,CREDIT,VISA,2018-10-11,ACTIVE,0,9309,CARD_PROCESSOR
CARD0001405,ACC0001181,CREDIT,RUPAY,2018-06-05,ACTIVE,75000,1663,CARD_PROCESSOR
CARD0001406,ACC0004572,CREDIT,MASTERCARD,2026-03-04,ACTIVE,0,0332,CARD_PROCESSOR
CARD0001407,ACC0004247,DEBIT,MASTERCARD,2018-02-23,ACTIVE,0,7500,CARD_PROCESSOR
CARD0001408,ACC0004011,DEBIT,RUPAY,2018-03-27,ACTIVE,0,3197,CARD_PROCESSOR
CARD0001409,ACC0000082,DEBIT,MASTERCARD,2019-01-19,ACTIVE,100000,1595,CARD_PROCESSOR
CARD0001410,ACC0004947,DEBIT,MASTERCARD,2025-10-19,ACTIVE,25000,6943,CARD_PROCESSOR
CARD0001411,ACC0002186,CREDIT,MASTERCARD,2018-04-13,ACTIVE,50000,1810,CARD_PROCESSOR
CARD0001412,ACC0002391,DEBIT,MASTERCARD,2025-08-30,ACTIVE,75000,2719,CARD_PROCESSOR
CARD0001413,ACC0004758,DEBIT,VISA,2024-04-30,ACTIVE,25000,8548,CARD_PROCESSOR
CARD0001414,ACC0001753,CREDIT,MASTERCARD,2024-02-05,ACTIVE,50000,0813,CARD_PROCESSOR
CARD0001415,ACC0004967,CREDIT,RUPAY,2025-12-24,EXPIRED,0,3593,CARD_PROCESSOR
CARD0001416,ACC0003075,DEBIT,RUPAY,2018-12-11,ACTIVE,25000,8696,CARD_PROCESSOR
CARD0001417,ACC0004447,CREDIT,VISA,2024-04-30,ACTIVE,0,9962,CARD_PROCESSOR
CARD0001418,ACC0001536,DEBIT,RUPAY,2021-07-25,ACTIVE,150000,8577,CARD_PROCESSOR
CARD0001419,ACC0001090,CREDIT,MASTERCARD,2022-06-14,EXPIRED,150000,9516,CARD_PROCESSOR
CARD0001420,ACC0001123,CREDIT,VISA,2020-10-04,ACTIVE,0,3940,CARD_PROCESSOR
CARD0001421,ACC0004686,DEBIT,MASTERCARD,2024-03-11,ACTIVE,75000,3883,CARD_PROCESSOR
CARD0001422,ACC0002335,CREDIT,MASTERCARD,2025-10-14,ACTIVE,25000,2911,CARD_PROCESSOR
CARD0001423,ACC0002304,DEBIT,MASTERCARD,2022-12-27,ACTIVE,250000,1129,CARD_PROCESSOR
CARD0001424,ACC0004755,DEBIT,RUPAY,2023-01-05,ACTIVE,100000,4256,CARD_PROCESSOR
CARD0001425,ACC0004377,DEBIT,RUPAY,2021-08-11,ACTIVE,50000,5332,CARD_PROCESSOR
CARD0001426,ACC0002887,DEBIT,MASTERCARD,2021-07-08,ACTIVE,25000,7763,CARD_PROCESSOR
CARD0001427,ACC0003439,DEBIT,RUPAY,2018-11-11,ACTIVE,0,5399,CARD_PROCESSOR
CARD0001428,ACC0004882,DEBIT,MASTERCARD,2021-02-14,ACTIVE,150000,3820,CARD_PROCESSOR
CARD0001429,ACC0003703,CREDIT,RUPAY,2020-10-08,BLOCKED,250000,3274,CARD_PROCESSOR
CARD0001430,ACC0002540,CREDIT,MASTERCARD,2019-05-11,ACTIVE,100000,2350,CARD_PROCESSOR
CARD0001431,ACC0001934,CREDIT,MASTERCARD,2023-11-24,ACTIVE,25000,5393,CARD_PROCESSOR
CARD0001432,ACC0001798,CREDIT,VISA,2023-04-08,ACTIVE,0,1855,CARD_PROCESSOR
CARD0001433,ACC0002864,DEBIT,MASTERCARD,2026-02-12,EXPIRED,50000,9867,CARD_PROCESSOR
CARD0001434,ACC0004903,CREDIT,RUPAY,2020-01-21,ACTIVE,100000,6258,CARD_PROCESSOR
CARD0001435,ACC0000921,CREDIT,RUPAY,2021-12-29,ACTIVE,50000,4308,CARD_PROCESSOR
CARD0001436,ACC0000962,DEBIT,RUPAY,2025-12-13,ACTIVE,25000,8910,CARD_PROCESSOR
CARD0001437,ACC0004272,DEBIT,VISA,2020-10-02,ACTIVE,25000,4375,CARD_PROCESSOR
CARD0001438,ACC0000511,CREDIT,RUPAY,2024-06-29,ACTIVE,75000,5977,CARD_PROCESSOR
CARD0001439,ACC0002185,DEBIT,MASTERCARD,2018-11-12,ACTIVE,75000,2067,CARD_PROCESSOR
CARD0001440,ACC0002604,DEBIT,VISA,2024-09-16,ACTIVE,25000,1217,CARD_PROCESSOR
CARD0001441,ACC0002104,DEBIT,MASTERCARD,2026-01-17,ACTIVE,100000,1390,CARD_PROCESSOR
CARD0001442,ACC0003783,DEBIT,MASTERCARD,2018-04-20,ACTIVE,25000,4618,CARD_PROCESSOR
CARD0001443,ACC0003426,CREDIT,RUPAY,2021-09-14,BLOCKED,100000,4936,CARD_PROCESSOR
CARD0001444,ACC0003916,CREDIT,MASTERCARD,2021-07-06,ACTIVE,25000,2407,CARD_PROCESSOR
CARD0001445,ACC0001139,CREDIT,MASTERCARD,2023-04-15,ACTIVE,50000,2927,CARD_PROCESSOR
CARD0001446,ACC0002885,CREDIT,MASTERCARD,2019-12-19,ACTIVE,100000,3335,CARD_PROCESSOR
CARD0001447,ACC0002760,CREDIT,RUPAY,2018-03-27,ACTIVE,250000,8642,CARD_PROCESSOR
CARD0001448,ACC0003899,DEBIT,VISA,2023-02-19,ACTIVE,0,9852,CARD_PROCESSOR
CARD0001449,ACC0002737,CREDIT,MASTERCARD,2018-05-22,ACTIVE,25000,0558,CARD_PROCESSOR
CARD0001450,ACC0002576,CREDIT,MASTERCARD,2018-07-21,ACTIVE,100000,3528,CARD_PROCESSOR
CARD0001451,ACC0000773,CREDIT,VISA,2022-04-21,ACTIVE,75000,4916,CARD_PROCESSOR
CARD0001452,ACC0002460,CREDIT,MASTERCARD,2020-09-08,ACTIVE,50000,8539,CARD_PROCESSOR
CARD0001453,ACC0000688,CREDIT,VISA,2020-03-31,ACTIVE,75000,9126,CARD_PROCESSOR
CARD0001454,ACC0003480,CREDIT,MASTERCARD,2025-11-13,ACTIVE,25000,3620,CARD_PROCESSOR
CARD0001455,ACC0002618,DEBIT,MASTERCARD,2024-03-12,ACTIVE,100000,2988,CARD_PROCESSOR
CARD0001456,ACC0004853,DEBIT,RUPAY,2020-04-09,BLOCKED,50000,8111,CARD_PROCESSOR
CARD0001457,ACC0000599,DEBIT,RUPAY,2023-05-30,ACTIVE,75000,2208,CARD_PROCESSOR
CARD0001458,ACC0003776,DEBIT,RUPAY,2019-09-05,ACTIVE,250000,7241,CARD_PROCESSOR
CARD0001459,ACC0001539,DEBIT,VISA,2018-05-28,ACTIVE,100000,3302,CARD_PROCESSOR
CARD0001460,ACC0000788,CREDIT,MASTERCARD,2025-10-12,ACTIVE,0,0126,CARD_PROCESSOR
CARD0001461,ACC0000261,DEBIT,VISA,2023-06-15,ACTIVE,150000,5753,CARD_PROCESSOR
CARD0001462,ACC0002813,DEBIT,VISA,2025-03-06,ACTIVE,100000,8792,CARD_PROCESSOR
CARD0001463,ACC0002475,CREDIT,MASTERCARD,2020-10-10,ACTIVE,50000,0472,CARD_PROCESSOR
CARD0001464,ACC0004629,DEBIT,RUPAY,2019-02-09,ACTIVE,150000,3277,CARD_PROCESSOR
CARD0001465,ACC0002228,DEBIT,VISA,2024-11-26,ACTIVE,25000,0603,CARD_PROCESSOR
CARD0001466,ACC0002426,CREDIT,MASTERCARD,2020-11-12,ACTIVE,250000,7458,CARD_PROCESSOR
CARD0001467,ACC0004840,DEBIT,MASTERCARD,2018-01-25,ACTIVE,50000,6745,CARD_PROCESSOR
CARD0001468,ACC0002095,DEBIT,RUPAY,2018-09-13,ACTIVE,0,5695,CARD_PROCESSOR
CARD0001469,ACC0002440,DEBIT,MASTERCARD,2024-02-28,ACTIVE,25000,3541,CARD_PROCESSOR
CARD0001470,ACC0000243,CREDIT,MASTERCARD,2021-07-12,ACTIVE,25000,6373,CARD_PROCESSOR
CARD0001471,ACC0003398,CREDIT,MASTERCARD,2023-03-06,ACTIVE,0,6508,CARD_PROCESSOR
CARD0001472,ACC0002324,DEBIT,MASTERCARD,2023-05-03,EXPIRED,25000,3595,CARD_PROCESSOR
CARD0001473,ACC0004514,DEBIT,RUPAY,2023-08-31,ACTIVE,250000,7246,CARD_PROCESSOR
CARD0001474,ACC0003741,DEBIT,MASTERCARD,2022-01-21,ACTIVE,250000,8030,CARD_PROCESSOR
CARD0001475,ACC0004822,CREDIT,VISA,2024-08-28,ACTIVE,50000,7748,CARD_PROCESSOR
CARD0001476,ACC0002294,DEBIT,RUPAY,2018-07-14,ACTIVE,150000,7806,CARD_PROCESSOR
CARD0001477,ACC0004889,DEBIT,VISA,2025-06-27,ACTIVE,250000,7904,CARD_PROCESSOR
CARD0001478,ACC0001210,CREDIT,VISA,2019-10-30,ACTIVE,50000,6863,CARD_PROCESSOR
CARD0001479,ACC0004995,DEBIT,MASTERCARD,2021-07-11,ACTIVE,150000,6786,CARD_PROCESSOR
CARD0001480,ACC0002978,CREDIT,MASTERCARD,2021-03-13,ACTIVE,100000,0212,CARD_PROCESSOR
CARD0001481,ACC0002803,CREDIT,RUPAY,2022-11-24,EXPIRED,50000,8277,CARD_PROCESSOR
CARD0001482,ACC0002132,DEBIT,MASTERCARD,2020-10-07,ACTIVE,100000,0927,CARD_PROCESSOR
CARD0001483,ACC0004441,DEBIT,MASTERCARD,2022-08-23,ACTIVE,100000,9252,CARD_PROCESSOR
CARD0001484,ACC0000996,DEBIT,MASTERCARD,2021-09-01,ACTIVE,150000,0888,CARD_PROCESSOR
CARD0001485,ACC0000406,CREDIT,MASTERCARD,2025-12-25,ACTIVE,100000,5148,CARD_PROCESSOR
CARD0001486,ACC0004940,CREDIT,RUPAY,2021-11-22,ACTIVE,25000,6517,CARD_PROCESSOR
CARD0001487,ACC0000989,DEBIT,MASTERCARD,2024-12-23,ACTIVE,50000,3028,CARD_PROCESSOR
CARD0001488,ACC0000485,CREDIT,VISA,2023-09-19,BLOCKED,75000,4844,CARD_PROCESSOR
CARD0001489,ACC0000651,DEBIT,VISA,2018-03-21,ACTIVE,25000,7842,CARD_PROCESSOR
CARD0001490,ACC0002138,CREDIT,RUPAY,2023-09-18,ACTIVE,150000,3149,CARD_PROCESSOR
CARD0001491,ACC0002701,CREDIT,MASTERCARD,2021-10-23,ACTIVE,0,0331,CARD_PROCESSOR
CARD0001492,ACC0000096,CREDIT,MASTERCARD,2018-04-17,ACTIVE,100000,0456,CARD_PROCESSOR
CARD0001493,ACC0004566,CREDIT,MASTERCARD,2025-04-12,ACTIVE,250000,5125,CARD_PROCESSOR
CARD0001494,ACC0004581,DEBIT,MASTERCARD,2025-10-16,ACTIVE,50000,1550,CARD_PROCESSOR
CARD0001495,ACC0000190,DEBIT,VISA,2020-10-27,ACTIVE,75000,5939,CARD_PROCESSOR
CARD0001496,ACC0002736,DEBIT,MASTERCARD,2022-11-19,ACTIVE,75000,7168,CARD_PROCESSOR
CARD0001497,ACC0004784,DEBIT,VISA,2023-06-12,ACTIVE,150000,7600,CARD_PROCESSOR
CARD0001498,ACC0004087,CREDIT,VISA,2018-11-25,EXPIRED,100000,0099,CARD_PROCESSOR
CARD0001499,ACC0002042,DEBIT,RUPAY,2020-10-23,BLOCKED,150000,2716,CARD_PROCESSOR
CARD0001500,ACC0003127,DEBIT,MASTERCARD,2021-07-23,ACTIVE,25000,2454,CARD_PROCESSOR
CARD0001501,ACC0003280,DEBIT,RUPAY,2025-03-22,ACTIVE,50000,9331,CARD_PROCESSOR
CARD0001502,ACC0004263,CREDIT,RUPAY,2024-12-29,ACTIVE,100000,6955,CARD_PROCESSOR
CARD0001503,ACC0004422,DEBIT,MASTERCARD,2022-10-06,ACTIVE,25000,8458,CARD_PROCESSOR
CARD0001504,ACC0004774,DEBIT,RUPAY,2021-03-24,EXPIRED,150000,3504,CARD_PROCESSOR
CARD0001505,ACC0004019,CREDIT,RUPAY,2019-11-24,ACTIVE,25000,7444,CARD_PROCESSOR
CARD0001506,ACC0004672,CREDIT,MASTERCARD,2020-08-16,ACTIVE,75000,3387,CARD_PROCESSOR
CARD0001507,ACC0003670,CREDIT,VISA,2022-07-12,ACTIVE,150000,2329,CARD_PROCESSOR
CARD0001508,ACC0001894,CREDIT,RUPAY,2025-07-29,ACTIVE,25000,0231,CARD_PROCESSOR
CARD0001509,ACC0003721,CREDIT,VISA,2019-03-14,ACTIVE,150000,2378,CARD_PROCESSOR
CARD0001510,ACC0000232,DEBIT,RUPAY,2024-08-26,EXPIRED,100000,2572,CARD_PROCESSOR
CARD0001511,ACC0003396,CREDIT,VISA,2022-08-16,ACTIVE,100000,2018,CARD_PROCESSOR
CARD0001512,ACC0003422,DEBIT,MASTERCARD,2020-11-10,ACTIVE,50000,7656,CARD_PROCESSOR
CARD0001513,ACC0001063,CREDIT,MASTERCARD,2023-01-30,ACTIVE,250000,1149,CARD_PROCESSOR
CARD0001514,ACC0004171,DEBIT,RUPAY,2020-04-11,ACTIVE,25000,3828,CARD_PROCESSOR
CARD0001515,ACC0000899,CREDIT,RUPAY,2023-03-13,ACTIVE,150000,8508,CARD_PROCESSOR
CARD0001516,ACC0000981,DEBIT,RUPAY,2023-04-03,ACTIVE,25000,5760,CARD_PROCESSOR
CARD0001517,ACC0001955,CREDIT,MASTERCARD,2021-12-28,ACTIVE,250000,4936,CARD_PROCESSOR
CARD0001518,ACC0004750,DEBIT,RUPAY,2020-10-27,ACTIVE,50000,3176,CARD_PROCESSOR
CARD0001519,ACC0004298,DEBIT,RUPAY,2021-04-07,ACTIVE,100000,9866,CARD_PROCESSOR
CARD0001520,ACC0004512,DEBIT,RUPAY,2024-08-09,ACTIVE,150000,8729,CARD_PROCESSOR
CARD0001521,ACC0001150,DEBIT,MASTERCARD,2021-12-30,ACTIVE,0,7034,CARD_PROCESSOR
CARD0001522,ACC0001610,DEBIT,RUPAY,2024-01-26,ACTIVE,150000,1131,CARD_PROCESSOR
CARD0001523,ACC0000413,CREDIT,VISA,2022-09-04,ACTIVE,100000,8953,CARD_PROCESSOR
CARD0001524,ACC0003978,CREDIT,RUPAY,2019-05-22,EXPIRED,100000,2051,CARD_PROCESSOR
CARD0001525,ACC0000127,CREDIT,VISA,2021-03-31,ACTIVE,250000,7295,CARD_PROCESSOR
CARD0001526,ACC0002207,DEBIT,MASTERCARD,2018-04-23,ACTIVE,25000,0455,CARD_PROCESSOR
CARD0001527,ACC0003874,DEBIT,MASTERCARD,2025-12-03,ACTIVE,75000,4108,CARD_PROCESSOR
CARD0001528,ACC0003969,CREDIT,RUPAY,2024-04-10,EXPIRED,250000,8204,CARD_PROCESSOR
CARD0001529,ACC0000022,CREDIT,VISA,2020-09-04,ACTIVE,75000,8541,CARD_PROCESSOR
CARD0001530,ACC0004629,CREDIT,RUPAY,2019-09-20,ACTIVE,25000,8092,CARD_PROCESSOR
CARD0001531,ACC0003255,DEBIT,RUPAY,2021-01-01,ACTIVE,250000,2353,CARD_PROCESSOR
CARD0001532,ACC0004436,CREDIT,MASTERCARD,2021-02-16,ACTIVE,25000,6267,CARD_PROCESSOR
CARD0001533,ACC0004343,CREDIT,MASTERCARD,2023-09-13,ACTIVE,250000,9020,CARD_PROCESSOR
CARD0001534,ACC0004408,CREDIT,VISA,2018-08-24,ACTIVE,75000,1848,CARD_PROCESSOR
CARD0001535,ACC0002793,CREDIT,RUPAY,2022-08-06,ACTIVE,250000,0460,CARD_PROCESSOR
CARD0001536,ACC0003304,DEBIT,RUPAY,2021-09-24,ACTIVE,50000,8337,CARD_PROCESSOR
CARD0001537,ACC0000802,CREDIT,VISA,2019-09-25,ACTIVE,250000,7417,CARD_PROCESSOR
CARD0001538,ACC0004538,CREDIT,VISA,2020-06-26,ACTIVE,25000,1049,CARD_PROCESSOR
CARD0001539,ACC0001397,CREDIT,RUPAY,2020-11-11,ACTIVE,0,2265,CARD_PROCESSOR
CARD0001540,ACC0000572,DEBIT,VISA,2022-05-16,ACTIVE,100000,7544,CARD_PROCESSOR
CARD0001541,ACC0003953,CREDIT,RUPAY,2018-12-30,ACTIVE,250000,9836,CARD_PROCESSOR
CARD0001542,ACC0000419,DEBIT,MASTERCARD,2022-03-28,ACTIVE,50000,9261,CARD_PROCESSOR
CARD0001543,ACC0002779,DEBIT,VISA,2021-10-22,ACTIVE,50000,7010,CARD_PROCESSOR
CARD0001544,ACC0000161,CREDIT,MASTERCARD,2023-06-21,ACTIVE,100000,4880,CARD_PROCESSOR
CARD0001545,ACC0004723,DEBIT,RUPAY,2024-03-23,ACTIVE,150000,4781,CARD_PROCESSOR
CARD0001546,ACC0002636,DEBIT,RUPAY,2025-03-27,ACTIVE,0,5481,CARD_PROCESSOR
CARD0001547,ACC0001641,DEBIT,RUPAY,2021-01-15,ACTIVE,100000,2954,CARD_PROCESSOR
CARD0001548,ACC0001978,CREDIT,MASTERCARD,2020-12-26,ACTIVE,75000,9904,CARD_PROCESSOR
CARD0001549,ACC0002867,DEBIT,RUPAY,2019-05-07,ACTIVE,250000,0614,CARD_PROCESSOR
CARD0001550,ACC0001598,CREDIT,RUPAY,2024-12-17,ACTIVE,50000,8655,CARD_PROCESSOR
CARD0001551,ACC0003407,DEBIT,VISA,2020-02-12,ACTIVE,250000,9621,CARD_PROCESSOR
CARD0001552,ACC0003358,DEBIT,VISA,2024-03-25,ACTIVE,250000,8358,CARD_PROCESSOR
CARD0001553,ACC0000555,CREDIT,VISA,2024-05-20,ACTIVE,75000,3343,CARD_PROCESSOR
CARD0001554,ACC0002600,CREDIT,RUPAY,2023-06-19,ACTIVE,100000,8734,CARD_PROCESSOR
CARD0001555,ACC0003375,CREDIT,RUPAY,2022-01-08,ACTIVE,150000,5385,CARD_PROCESSOR
CARD0001556,ACC0001789,CREDIT,VISA,2020-05-21,ACTIVE,50000,6728,CARD_PROCESSOR
CARD0001557,ACC0001797,CREDIT,VISA,2021-12-27,EXPIRED,0,6253,CARD_PROCESSOR
CARD0001558,ACC0002635,DEBIT,MASTERCARD,2019-05-11,ACTIVE,75000,0633,CARD_PROCESSOR
CARD0001559,ACC0001951,DEBIT,VISA,2020-01-04,ACTIVE,25000,3956,CARD_PROCESSOR
CARD0001560,ACC0003139,DEBIT,RUPAY,2020-11-05,ACTIVE,150000,9075,CARD_PROCESSOR
CARD0001561,ACC0003824,DEBIT,RUPAY,2019-12-31,ACTIVE,150000,7509,CARD_PROCESSOR
CARD0001562,ACC0004689,DEBIT,MASTERCARD,2026-01-31,ACTIVE,25000,8124,CARD_PROCESSOR
CARD0001563,ACC0001179,DEBIT,MASTERCARD,2020-07-27,ACTIVE,75000,4557,CARD_PROCESSOR
CARD0001564,ACC0003259,DEBIT,VISA,2018-05-22,EXPIRED,0,9779,CARD_PROCESSOR
CARD0001565,ACC0002726,CREDIT,RUPAY,2023-10-21,ACTIVE,75000,4548,CARD_PROCESSOR
CARD0001566,ACC0001101,CREDIT,RUPAY,2018-03-15,ACTIVE,50000,5688,CARD_PROCESSOR
CARD0001567,ACC0001438,DEBIT,MASTERCARD,2021-04-12,EXPIRED,25000,7727,CARD_PROCESSOR
CARD0001568,ACC0004931,CREDIT,RUPAY,2025-07-05,EXPIRED,250000,5480,CARD_PROCESSOR
CARD0001569,ACC0001748,DEBIT,MASTERCARD,2021-04-28,ACTIVE,50000,5632,CARD_PROCESSOR
CARD0001570,ACC0004309,DEBIT,MASTERCARD,2024-01-13,ACTIVE,25000,5000,CARD_PROCESSOR
CARD0001571,ACC0001039,DEBIT,MASTERCARD,2023-04-15,ACTIVE,50000,1505,CARD_PROCESSOR
CARD0001572,ACC0003281,DEBIT,VISA,2024-03-26,ACTIVE,0,9162,CARD_PROCESSOR
CARD0001573,ACC0003091,DEBIT,MASTERCARD,2024-06-06,ACTIVE,75000,0372,CARD_PROCESSOR
CARD0001574,ACC0001074,CREDIT,RUPAY,2019-09-30,ACTIVE,25000,1974,CARD_PROCESSOR
CARD0001575,ACC0004223,CREDIT,VISA,2019-11-22,ACTIVE,75000,4862,CARD_PROCESSOR
CARD0001576,ACC0003783,DEBIT,MASTERCARD,2019-06-12,ACTIVE,100000,9964,CARD_PROCESSOR
CARD0001577,ACC0002834,CREDIT,RUPAY,2023-02-02,ACTIVE,25000,2388,CARD_PROCESSOR
CARD0001578,ACC0000261,CREDIT,RUPAY,2018-05-17,ACTIVE,75000,5706,CARD_PROCESSOR
CARD0001579,ACC0002149,DEBIT,RUPAY,2022-09-01,ACTIVE,150000,9169,CARD_PROCESSOR
CARD0001580,ACC0002112,CREDIT,VISA,2018-03-20,ACTIVE,75000,3435,CARD_PROCESSOR
CARD0001581,ACC0003952,DEBIT,VISA,2021-07-18,ACTIVE,75000,9419,CARD_PROCESSOR
CARD0001582,ACC0000176,CREDIT,MASTERCARD,2021-01-27,ACTIVE,0,1920,CARD_PROCESSOR
CARD0001583,ACC0001722,CREDIT,MASTERCARD,2022-08-11,ACTIVE,100000,3050,CARD_PROCESSOR
CARD0001584,ACC0003836,DEBIT,MASTERCARD,2021-08-30,ACTIVE,100000,1217,CARD_PROCESSOR
CARD0001585,ACC0004560,CREDIT,RUPAY,2023-04-02,ACTIVE,75000,0178,CARD_PROCESSOR
CARD0001586,ACC0002518,DEBIT,MASTERCARD,2025-10-27,ACTIVE,0,4862,CARD_PROCESSOR
CARD0001587,ACC0004811,CREDIT,VISA,2018-07-20,BLOCKED,250000,2030,CARD_PROCESSOR
CARD0001588,ACC0003743,CREDIT,RUPAY,2024-11-14,ACTIVE,100000,0200,CARD_PROCESSOR
CARD0001589,ACC0002784,DEBIT,MASTERCARD,2019-08-29,ACTIVE,150000,6049,CARD_PROCESSOR
CARD0001590,ACC0001561,CREDIT,VISA,2023-10-20,ACTIVE,25000,8723,CARD_PROCESSOR
CARD0001591,ACC0003263,CREDIT,VISA,2024-03-23,ACTIVE,250000,9950,CARD_PROCESSOR
CARD0001592,ACC0003476,CREDIT,VISA,2023-04-30,EXPIRED,0,4607,CARD_PROCESSOR
CARD0001593,ACC0002358,CREDIT,MASTERCARD,2023-11-08,ACTIVE,0,1723,CARD_PROCESSOR
CARD0001594,ACC0004188,DEBIT,VISA,2020-06-13,ACTIVE,150000,6270,CARD_PROCESSOR
CARD0001595,ACC0000391,CREDIT,MASTERCARD,2023-08-19,EXPIRED,50000,3155,CARD_PROCESSOR
CARD0001596,ACC0004502,DEBIT,RUPAY,2024-12-29,ACTIVE,250000,7247,CARD_PROCESSOR
CARD0001597,ACC0000931,DEBIT,MASTERCARD,2020-11-25,ACTIVE,75000,3081,CARD_PROCESSOR
CARD0001598,ACC0002550,DEBIT,VISA,2019-02-21,ACTIVE,50000,2668,CARD_PROCESSOR
CARD0001599,ACC0001816,CREDIT,RUPAY,2022-03-27,ACTIVE,25000,0602,CARD_PROCESSOR
CARD0001600,ACC0000766,DEBIT,VISA,2020-11-15,ACTIVE,100000,1328,CARD_PROCESSOR
CARD0001601,ACC0004298,CREDIT,RUPAY,2022-01-14,ACTIVE,150000,5394,CARD_PROCESSOR
CARD0001602,ACC0002056,DEBIT,RUPAY,2019-08-09,BLOCKED,250000,6419,CARD_PROCESSOR
CARD0001603,ACC0002946,DEBIT,VISA,2018-03-30,ACTIVE,250000,1387,CARD_PROCESSOR
CARD0001604,ACC0004552,DEBIT,MASTERCARD,2026-02-27,ACTIVE,50000,5417,CARD_PROCESSOR
CARD0001605,ACC0000200,CREDIT,VISA,2021-05-06,ACTIVE,25000,1826,CARD_PROCESSOR
CARD0001606,ACC0000573,CREDIT,MASTERCARD,2025-01-27,ACTIVE,250000,6753,CARD_PROCESSOR
CARD0001607,ACC0003579,CREDIT,MASTERCARD,2025-01-15,EXPIRED,50000,1796,CARD_PROCESSOR
CARD0001608,ACC0001865,DEBIT,RUPAY,2022-04-17,ACTIVE,25000,2091,CARD_PROCESSOR
CARD0001609,ACC0004221,DEBIT,VISA,2025-05-10,ACTIVE,0,6964,CARD_PROCESSOR
CARD0001610,ACC0002394,DEBIT,VISA,2020-07-04,ACTIVE,25000,0072,CARD_PROCESSOR
CARD0001611,ACC0000814,DEBIT,MASTERCARD,2024-06-29,ACTIVE,0,8811,CARD_PROCESSOR
CARD0001612,ACC0000525,DEBIT,RUPAY,2022-03-11,ACTIVE,25000,7406,CARD_PROCESSOR
CARD0001613,ACC0003466,CREDIT,RUPAY,2019-12-19,ACTIVE,50000,6100,CARD_PROCESSOR
CARD0001614,ACC0001401,DEBIT,VISA,2023-06-19,ACTIVE,0,9211,CARD_PROCESSOR
CARD0001615,ACC0003521,DEBIT,RUPAY,2023-10-04,ACTIVE,75000,1121,CARD_PROCESSOR
CARD0001616,ACC0001968,CREDIT,VISA,2020-10-04,ACTIVE,150000,4418,CARD_PROCESSOR
CARD0001617,ACC0000200,CREDIT,RUPAY,2018-11-30,ACTIVE,150000,5674,CARD_PROCESSOR
CARD0001618,ACC0004818,DEBIT,MASTERCARD,2021-09-16,ACTIVE,0,8212,CARD_PROCESSOR
CARD0001619,ACC0000687,DEBIT,RUPAY,2020-08-31,ACTIVE,100000,8935,CARD_PROCESSOR
CARD0001620,ACC0004688,DEBIT,RUPAY,2025-01-18,ACTIVE,75000,1569,CARD_PROCESSOR
CARD0001621,ACC0002389,CREDIT,VISA,2021-05-20,ACTIVE,0,8504,CARD_PROCESSOR
CARD0001622,ACC0004927,CREDIT,VISA,2024-05-12,ACTIVE,50000,0648,CARD_PROCESSOR
CARD0001623,ACC0003961,DEBIT,RUPAY,2023-09-21,ACTIVE,25000,6205,CARD_PROCESSOR
CARD0001624,ACC0003632,DEBIT,MASTERCARD,2025-12-17,ACTIVE,150000,7255,CARD_PROCESSOR
CARD0001625,ACC0001590,CREDIT,RUPAY,2018-10-25,ACTIVE,25000,8720,CARD_PROCESSOR
CARD0001626,ACC0004536,CREDIT,VISA,2022-03-19,ACTIVE,100000,0606,CARD_PROCESSOR
CARD0001627,ACC0001813,DEBIT,VISA,2026-02-22,ACTIVE,100000,6468,CARD_PROCESSOR
CARD0001628,ACC0002604,CREDIT,VISA,2018-10-02,ACTIVE,50000,7274,CARD_PROCESSOR
CARD0001629,ACC0000486,CREDIT,MASTERCARD,2020-02-04,ACTIVE,25000,7576,CARD_PROCESSOR
CARD0001630,ACC0001009,DEBIT,MASTERCARD,2022-07-10,ACTIVE,50000,2320,CARD_PROCESSOR
CARD0001631,ACC0002702,DEBIT,RUPAY,2020-06-02,ACTIVE,150000,9069,CARD_PROCESSOR
CARD0001632,ACC0000584,CREDIT,MASTERCARD,2019-02-22,ACTIVE,0,7256,CARD_PROCESSOR
CARD0001633,ACC0001332,CREDIT,VISA,2025-01-09,ACTIVE,75000,3389,CARD_PROCESSOR
CARD0001634,ACC0000311,DEBIT,RUPAY,2018-10-06,ACTIVE,100000,8696,CARD_PROCESSOR
CARD0001635,ACC0001644,CREDIT,RUPAY,2020-05-06,ACTIVE,100000,5293,CARD_PROCESSOR
CARD0001636,ACC0002062,DEBIT,RUPAY,2024-10-26,ACTIVE,25000,2721,CARD_PROCESSOR
CARD0001637,ACC0003264,CREDIT,MASTERCARD,2024-07-25,ACTIVE,0,2863,CARD_PROCESSOR
CARD0001638,ACC0004241,DEBIT,MASTERCARD,2024-08-19,ACTIVE,250000,1692,CARD_PROCESSOR
CARD0001639,ACC0000910,CREDIT,VISA,2018-10-13,ACTIVE,0,6022,CARD_PROCESSOR
CARD0001640,ACC0000894,CREDIT,RUPAY,2024-05-20,ACTIVE,250000,3064,CARD_PROCESSOR
CARD0001641,ACC0000749,CREDIT,VISA,2023-01-03,ACTIVE,75000,9331,CARD_PROCESSOR
CARD0001642,ACC0003653,DEBIT,MASTERCARD,2021-01-21,ACTIVE,150000,8288,CARD_PROCESSOR
CARD0001643,ACC0000971,DEBIT,VISA,2022-06-22,ACTIVE,100000,9354,CARD_PROCESSOR
CARD0001644,ACC0004378,CREDIT,RUPAY,2025-05-31,ACTIVE,50000,6725,CARD_PROCESSOR
CARD0001645,ACC0002511,CREDIT,MASTERCARD,2022-04-29,BLOCKED,0,6879,CARD_PROCESSOR
CARD0001646,ACC0003964,CREDIT,VISA,2023-05-11,ACTIVE,50000,3271,CARD_PROCESSOR
CARD0001647,ACC0002657,DEBIT,RUPAY,2019-05-13,EXPIRED,0,8243,CARD_PROCESSOR
CARD0001648,ACC0002520,DEBIT,MASTERCARD,2022-02-08,ACTIVE,100000,4123,CARD_PROCESSOR
CARD0001649,ACC0004737,CREDIT,MASTERCARD,2020-12-12,ACTIVE,75000,0060,CARD_PROCESSOR
CARD0001650,ACC0002444,CREDIT,VISA,2018-10-31,ACTIVE,75000,3387,CARD_PROCESSOR
CARD0001651,ACC0000410,DEBIT,RUPAY,2019-12-22,ACTIVE,50000,7786,CARD_PROCESSOR
CARD0001652,ACC0002770,CREDIT,RUPAY,2026-03-07,EXPIRED,75000,9097,CARD_PROCESSOR
CARD0001653,ACC0000924,DEBIT,VISA,2020-05-10,ACTIVE,150000,8328,CARD_PROCESSOR
CARD0001654,ACC0003304,DEBIT,MASTERCARD,2019-03-19,EXPIRED,25000,6103,CARD_PROCESSOR
CARD0001655,ACC0002424,DEBIT,RUPAY,2022-05-19,ACTIVE,50000,7856,CARD_PROCESSOR
CARD0001656,ACC0000583,DEBIT,VISA,2023-12-03,ACTIVE,100000,5915,CARD_PROCESSOR
CARD0001657,ACC0004655,CREDIT,RUPAY,2025-10-24,ACTIVE,25000,2225,CARD_PROCESSOR
CARD0001658,ACC0000942,DEBIT,VISA,2018-05-10,ACTIVE,150000,7723,CARD_PROCESSOR
CARD0001659,ACC0001610,CREDIT,RUPAY,2021-12-26,ACTIVE,100000,3352,CARD_PROCESSOR
CARD0001660,ACC0004857,CREDIT,RUPAY,2022-01-18,ACTIVE,100000,3760,CARD_PROCESSOR
CARD0001661,ACC0002888,DEBIT,MASTERCARD,2020-12-28,ACTIVE,75000,2776,CARD_PROCESSOR
CARD0001662,ACC0001597,CREDIT,RUPAY,2022-11-20,ACTIVE,150000,8605,CARD_PROCESSOR
CARD0001663,ACC0003834,DEBIT,VISA,2019-10-08,ACTIVE,50000,3751,CARD_PROCESSOR
CARD0001664,ACC0002489,CREDIT,MASTERCARD,2021-09-14,ACTIVE,0,6729,CARD_PROCESSOR
CARD0001665,ACC0002419,DEBIT,RUPAY,2021-11-26,ACTIVE,150000,9369,CARD_PROCESSOR
CARD0001666,ACC0001186,DEBIT,RUPAY,2018-08-12,ACTIVE,50000,3864,CARD_PROCESSOR
CARD0001667,ACC0004784,CREDIT,MASTERCARD,2023-11-03,ACTIVE,100000,8240,CARD_PROCESSOR
CARD0001668,ACC0001238,CREDIT,RUPAY,2023-08-02,ACTIVE,75000,3684,CARD_PROCESSOR
CARD0001669,ACC0002867,DEBIT,VISA,2019-04-15,ACTIVE,50000,8375,CARD_PROCESSOR
CARD0001670,ACC0001398,CREDIT,RUPAY,2022-05-10,ACTIVE,250000,3276,CARD_PROCESSOR
CARD0001671,ACC0002388,DEBIT,RUPAY,2018-10-12,ACTIVE,100000,3756,CARD_PROCESSOR
CARD0001672,ACC0002340,CREDIT,VISA,2020-02-01,ACTIVE,150000,5610,CARD_PROCESSOR
CARD0001673,ACC0003607,DEBIT,MASTERCARD,2020-04-21,ACTIVE,50000,2986,CARD_PROCESSOR
CARD0001674,ACC0001709,CREDIT,RUPAY,2025-06-07,ACTIVE,150000,9508,CARD_PROCESSOR
CARD0001675,ACC0000249,CREDIT,MASTERCARD,2022-12-28,ACTIVE,100000,1917,CARD_PROCESSOR
CARD0001676,ACC0003666,DEBIT,MASTERCARD,2021-11-14,ACTIVE,0,6572,CARD_PROCESSOR
CARD0001677,ACC0004340,CREDIT,MASTERCARD,2023-05-21,ACTIVE,25000,3238,CARD_PROCESSOR
CARD0001678,ACC0003426,CREDIT,VISA,2022-10-08,ACTIVE,75000,1293,CARD_PROCESSOR
CARD0001679,ACC0002954,DEBIT,MASTERCARD,2018-04-19,ACTIVE,250000,9988,CARD_PROCESSOR
CARD0001680,ACC0004037,DEBIT,VISA,2025-07-06,ACTIVE,25000,6406,CARD_PROCESSOR
CARD0001681,ACC0003980,CREDIT,MASTERCARD,2025-04-24,ACTIVE,250000,1848,CARD_PROCESSOR
CARD0001682,ACC0002075,CREDIT,MASTERCARD,2023-04-20,ACTIVE,0,8618,CARD_PROCESSOR
CARD0001683,ACC0002006,CREDIT,MASTERCARD,2023-07-13,ACTIVE,50000,8691,CARD_PROCESSOR
CARD0001684,ACC0001330,CREDIT,RUPAY,2025-06-17,ACTIVE,250000,2911,CARD_PROCESSOR
CARD0001685,ACC0001504,CREDIT,VISA,2023-03-16,ACTIVE,50000,1181,CARD_PROCESSOR
CARD0001686,ACC0002036,CREDIT,MASTERCARD,2025-10-15,ACTIVE,250000,5719,CARD_PROCESSOR
CARD0001687,ACC0001738,CREDIT,VISA,2023-11-04,EXPIRED,75000,5750,CARD_PROCESSOR
CARD0001688,ACC0003535,DEBIT,VISA,2021-09-20,ACTIVE,75000,9411,CARD_PROCESSOR
CARD0001689,ACC0003494,CREDIT,RUPAY,2023-07-08,EXPIRED,75000,1109,CARD_PROCESSOR
CARD0001690,ACC0002574,DEBIT,RUPAY,2024-10-19,ACTIVE,250000,6946,CARD_PROCESSOR
CARD0001691,ACC0004626,CREDIT,RUPAY,2024-07-27,BLOCKED,100000,5034,CARD_PROCESSOR
CARD0001692,ACC0000064,DEBIT,RUPAY,2023-06-30,ACTIVE,250000,0724,CARD_PROCESSOR
CARD0001693,ACC0004653,CREDIT,RUPAY,2021-09-13,ACTIVE,250000,4452,CARD_PROCESSOR
CARD0001694,ACC0003298,CREDIT,RUPAY,2018-09-26,ACTIVE,100000,6706,CARD_PROCESSOR
CARD0001695,ACC0004173,DEBIT,RUPAY,2022-06-30,EXPIRED,150000,7588,CARD_PROCESSOR
CARD0001696,ACC0003194,CREDIT,VISA,2019-09-26,EXPIRED,150000,2020,CARD_PROCESSOR
CARD0001697,ACC0000944,CREDIT,VISA,2018-03-30,ACTIVE,100000,5708,CARD_PROCESSOR
CARD0001698,ACC0003304,DEBIT,VISA,2025-01-10,ACTIVE,150000,3434,CARD_PROCESSOR
CARD0001699,ACC0003934,DEBIT,MASTERCARD,2020-06-22,ACTIVE,250000,6130,CARD_PROCESSOR
CARD0001700,ACC0004770,DEBIT,MASTERCARD,2026-02-17,ACTIVE,150000,7004,CARD_PROCESSOR
CARD0001701,ACC0004785,DEBIT,VISA,2019-12-04,ACTIVE,250000,0790,CARD_PROCESSOR
CARD0001702,ACC0002550,CREDIT,MASTERCARD,2023-05-14,ACTIVE,0,8142,CARD_PROCESSOR
CARD0001703,ACC0000118,DEBIT,MASTERCARD,2018-01-02,ACTIVE,150000,6497,CARD_PROCESSOR
CARD0001704,ACC0004075,DEBIT,MASTERCARD,2020-10-31,ACTIVE,50000,9411,CARD_PROCESSOR
CARD0001705,ACC0004607,DEBIT,RUPAY,2022-02-05,ACTIVE,150000,3726,CARD_PROCESSOR
CARD0001706,ACC0003001,DEBIT,VISA,2018-05-17,ACTIVE,0,1522,CARD_PROCESSOR
CARD0001707,ACC0003737,DEBIT,VISA,2021-03-01,ACTIVE,75000,6851,CARD_PROCESSOR
CARD0001708,ACC0003591,DEBIT,RUPAY,2019-01-14,EXPIRED,75000,5453,CARD_PROCESSOR
CARD0001709,ACC0000200,CREDIT,RUPAY,2024-04-21,ACTIVE,150000,3569,CARD_PROCESSOR
CARD0001710,ACC0000267,DEBIT,VISA,2025-05-23,ACTIVE,50000,9268,CARD_PROCESSOR
CARD0001711,ACC0001451,CREDIT,MASTERCARD,2025-09-30,ACTIVE,25000,1606,CARD_PROCESSOR
CARD0001712,ACC0003168,CREDIT,MASTERCARD,2019-09-30,EXPIRED,250000,3180,CARD_PROCESSOR
CARD0001713,ACC0000839,DEBIT,RUPAY,2018-03-09,ACTIVE,100000,1019,CARD_PROCESSOR
CARD0001714,ACC0001914,DEBIT,RUPAY,2024-05-24,ACTIVE,150000,1098,CARD_PROCESSOR
CARD0001715,ACC0004352,CREDIT,MASTERCARD,2020-06-26,ACTIVE,25000,5710,CARD_PROCESSOR
CARD0001716,ACC0002216,CREDIT,RUPAY,2025-03-17,ACTIVE,0,0339,CARD_PROCESSOR
CARD0001717,ACC0004818,DEBIT,VISA,2022-10-07,ACTIVE,250000,5280,CARD_PROCESSOR
CARD0001718,ACC0000213,CREDIT,VISA,2019-07-25,EXPIRED,25000,0217,CARD_PROCESSOR
CARD0001719,ACC0000185,DEBIT,VISA,2024-01-04,ACTIVE,150000,6069,CARD_PROCESSOR
CARD0001720,ACC0003795,CREDIT,VISA,2021-05-19,EXPIRED,75000,0649,CARD_PROCESSOR
CARD0001721,ACC0000372,CREDIT,RUPAY,2020-04-03,ACTIVE,150000,0054,CARD_PROCESSOR
CARD0001722,ACC0003614,DEBIT,RUPAY,2022-07-04,ACTIVE,25000,3281,CARD_PROCESSOR
CARD0001723,ACC0000004,DEBIT,VISA,2025-12-31,ACTIVE,250000,5963,CARD_PROCESSOR
CARD0001724,ACC0001562,CREDIT,MASTERCARD,2024-02-25,ACTIVE,0,1887,CARD_PROCESSOR
CARD0001725,ACC0000244,CREDIT,RUPAY,2018-11-29,EXPIRED,250000,9222,CARD_PROCESSOR
CARD0001726,ACC0002103,DEBIT,MASTERCARD,2021-04-07,ACTIVE,100000,5079,CARD_PROCESSOR
CARD0001727,ACC0000101,DEBIT,RUPAY,2021-02-16,ACTIVE,0,9250,CARD_PROCESSOR
CARD0001728,ACC0002585,CREDIT,MASTERCARD,2022-03-15,ACTIVE,25000,8269,CARD_PROCESSOR
CARD0001729,ACC0001851,DEBIT,RUPAY,2018-07-14,ACTIVE,100000,8085,CARD_PROCESSOR
CARD0001730,ACC0003982,CREDIT,RUPAY,2020-11-13,ACTIVE,25000,8718,CARD_PROCESSOR
CARD0001731,ACC0000047,DEBIT,RUPAY,2020-10-11,BLOCKED,75000,6477,CARD_PROCESSOR
CARD0001732,ACC0003538,DEBIT,RUPAY,2018-10-17,ACTIVE,75000,7285,CARD_PROCESSOR
CARD0001733,ACC0001789,DEBIT,RUPAY,2024-09-29,ACTIVE,75000,7924,CARD_PROCESSOR
CARD0001734,ACC0004976,DEBIT,VISA,2025-09-17,ACTIVE,100000,8453,CARD_PROCESSOR
CARD0001735,ACC0001674,DEBIT,VISA,2024-05-07,EXPIRED,25000,4611,CARD_PROCESSOR
CARD0001736,ACC0000989,CREDIT,VISA,2018-05-03,ACTIVE,50000,8963,CARD_PROCESSOR
CARD0001737,ACC0001012,CREDIT,RUPAY,2021-10-11,ACTIVE,0,4624,CARD_PROCESSOR
CARD0001738,ACC0004577,DEBIT,VISA,2020-02-06,ACTIVE,75000,4421,CARD_PROCESSOR
CARD0001739,ACC0003462,DEBIT,MASTERCARD,2025-08-24,ACTIVE,25000,9917,CARD_PROCESSOR
CARD0001740,ACC0001355,DEBIT,RUPAY,2023-01-04,ACTIVE,250000,9105,CARD_PROCESSOR
CARD0001741,ACC0004826,DEBIT,RUPAY,2025-01-23,ACTIVE,75000,6877,CARD_PROCESSOR
CARD0001742,ACC0001066,CREDIT,RUPAY,2021-01-31,ACTIVE,150000,3684,CARD_PROCESSOR
CARD0001743,ACC0002016,DEBIT,RUPAY,2023-03-31,EXPIRED,250000,9727,CARD_PROCESSOR
CARD0001744,ACC0004832,CREDIT,VISA,2024-12-30,ACTIVE,50000,8863,CARD_PROCESSOR
CARD0001745,ACC0004649,CREDIT,VISA,2021-12-12,EXPIRED,150000,3952,CARD_PROCESSOR
CARD0001746,ACC0000289,CREDIT,RUPAY,2020-05-07,EXPIRED,50000,5459,CARD_PROCESSOR
CARD0001747,ACC0003916,CREDIT,VISA,2019-05-23,ACTIVE,0,6325,CARD_PROCESSOR
CARD0001748,ACC0003437,CREDIT,VISA,2022-02-28,ACTIVE,100000,8249,CARD_PROCESSOR
CARD0001749,ACC0002305,CREDIT,MASTERCARD,2020-07-26,ACTIVE,250000,3566,CARD_PROCESSOR
CARD0001750,ACC0004261,CREDIT,RUPAY,2023-03-18,EXPIRED,150000,5887,CARD_PROCESSOR
CARD0001751,ACC0003477,DEBIT,VISA,2020-02-24,ACTIVE,25000,0137,CARD_PROCESSOR
CARD0001752,ACC0004874,DEBIT,MASTERCARD,2025-12-18,ACTIVE,25000,7794,CARD_PROCESSOR
CARD0001753,ACC0003469,CREDIT,RUPAY,2020-03-28,ACTIVE,0,7163,CARD_PROCESSOR
CARD0001754,ACC0003994,CREDIT,RUPAY,2023-01-14,ACTIVE,100000,3965,CARD_PROCESSOR
CARD0001755,ACC0002020,DEBIT,RUPAY,2024-11-25,ACTIVE,0,1678,CARD_PROCESSOR
CARD0001756,ACC0004509,CREDIT,RUPAY,2023-10-18,ACTIVE,75000,9731,CARD_PROCESSOR
CARD0001757,ACC0002448,DEBIT,RUPAY,2020-09-09,ACTIVE,150000,8634,CARD_PROCESSOR
CARD0001758,ACC0004002,CREDIT,VISA,2018-07-30,ACTIVE,100000,0891,CARD_PROCESSOR
CARD0001759,ACC0002022,DEBIT,VISA,2020-03-22,ACTIVE,150000,8414,CARD_PROCESSOR
CARD0001760,ACC0000314,DEBIT,VISA,2020-06-16,ACTIVE,250000,8000,CARD_PROCESSOR
CARD0001761,ACC0002839,DEBIT,MASTERCARD,2019-05-17,ACTIVE,100000,8226,CARD_PROCESSOR
CARD0001762,ACC0002979,CREDIT,VISA,2019-01-11,ACTIVE,250000,1861,CARD_PROCESSOR
CARD0001763,ACC0004276,CREDIT,VISA,2025-11-26,ACTIVE,75000,8504,CARD_PROCESSOR
CARD0001764,ACC0002955,DEBIT,RUPAY,2025-04-25,EXPIRED,75000,2510,CARD_PROCESSOR
CARD0001765,ACC0003569,CREDIT,RUPAY,2026-02-03,ACTIVE,75000,6576,CARD_PROCESSOR
CARD0001766,ACC0003074,CREDIT,VISA,2025-11-25,ACTIVE,25000,6770,CARD_PROCESSOR
CARD0001767,ACC0004381,DEBIT,MASTERCARD,2026-02-12,ACTIVE,25000,3939,CARD_PROCESSOR
CARD0001768,ACC0004017,CREDIT,RUPAY,2023-12-12,ACTIVE,150000,1010,CARD_PROCESSOR
CARD0001769,ACC0002344,DEBIT,RUPAY,2022-02-23,ACTIVE,50000,9728,CARD_PROCESSOR
CARD0001770,ACC0001864,CREDIT,RUPAY,2018-04-28,ACTIVE,50000,0678,CARD_PROCESSOR
CARD0001771,ACC0002991,DEBIT,VISA,2024-07-21,ACTIVE,75000,4866,CARD_PROCESSOR
CARD0001772,ACC0003307,DEBIT,MASTERCARD,2019-11-17,EXPIRED,0,6439,CARD_PROCESSOR
CARD0001773,ACC0003748,DEBIT,VISA,2022-09-19,ACTIVE,100000,0873,CARD_PROCESSOR
CARD0001774,ACC0000727,CREDIT,VISA,2022-09-26,ACTIVE,25000,3612,CARD_PROCESSOR
CARD0001775,ACC0003694,CREDIT,VISA,2021-02-03,ACTIVE,150000,7921,CARD_PROCESSOR
CARD0001776,ACC0000673,CREDIT,RUPAY,2022-12-31,ACTIVE,250000,7798,CARD_PROCESSOR
CARD0001777,ACC0000536,DEBIT,VISA,2025-01-20,ACTIVE,250000,6684,CARD_PROCESSOR
CARD0001778,ACC0004162,DEBIT,RUPAY,2022-11-20,ACTIVE,250000,5746,CARD_PROCESSOR
CARD0001779,ACC0001220,DEBIT,RUPAY,2018-01-27,ACTIVE,250000,3870,CARD_PROCESSOR
CARD0001780,ACC0004587,CREDIT,MASTERCARD,2024-04-30,ACTIVE,25000,1090,CARD_PROCESSOR
CARD0001781,ACC0002330,CREDIT,MASTERCARD,2019-10-11,ACTIVE,150000,8014,CARD_PROCESSOR
CARD0001782,ACC0002661,DEBIT,MASTERCARD,2021-04-23,ACTIVE,250000,9584,CARD_PROCESSOR
CARD0001783,ACC0004683,CREDIT,MASTERCARD,2023-02-23,ACTIVE,0,8911,CARD_PROCESSOR
CARD0001784,ACC0002324,DEBIT,VISA,2018-01-09,ACTIVE,250000,2305,CARD_PROCESSOR
CARD0001785,ACC0004235,DEBIT,RUPAY,2025-12-20,ACTIVE,250000,8677,CARD_PROCESSOR
CARD0001786,ACC0001110,DEBIT,RUPAY,2021-07-24,ACTIVE,50000,2723,CARD_PROCESSOR
CARD0001787,ACC0004689,CREDIT,MASTERCARD,2025-06-16,ACTIVE,50000,4098,CARD_PROCESSOR
CARD0001788,ACC0000041,CREDIT,RUPAY,2026-02-15,EXPIRED,0,3413,CARD_PROCESSOR
CARD0001789,ACC0004312,CREDIT,RUPAY,2023-07-10,ACTIVE,150000,4655,CARD_PROCESSOR
CARD0001790,ACC0001652,CREDIT,VISA,2022-08-02,ACTIVE,0,3509,CARD_PROCESSOR
CARD0001791,ACC0002705,CREDIT,RUPAY,2024-11-05,ACTIVE,25000,0306,CARD_PROCESSOR
CARD0001792,ACC0003289,CREDIT,VISA,2021-05-22,ACTIVE,150000,7524,CARD_PROCESSOR
CARD0001793,ACC0002040,DEBIT,VISA,2019-02-24,ACTIVE,0,5769,CARD_PROCESSOR
CARD0001794,ACC0002102,CREDIT,VISA,2024-04-12,ACTIVE,100000,9488,CARD_PROCESSOR
CARD0001795,ACC0004307,DEBIT,VISA,2023-10-12,ACTIVE,75000,8560,CARD_PROCESSOR
CARD0001796,ACC0000263,CREDIT,VISA,2020-04-09,ACTIVE,75000,7455,CARD_PROCESSOR
CARD0001797,ACC0002245,DEBIT,MASTERCARD,2024-11-25,ACTIVE,0,0682,CARD_PROCESSOR
CARD0001798,ACC0003938,DEBIT,VISA,2020-09-05,BLOCKED,50000,2595,CARD_PROCESSOR
CARD0001799,ACC0002183,CREDIT,VISA,2019-11-14,ACTIVE,150000,9045,CARD_PROCESSOR
CARD0001800,ACC0002507,CREDIT,MASTERCARD,2020-09-27,ACTIVE,25000,4557,CARD_PROCESSOR
CARD0001801,ACC0002683,CREDIT,VISA,2023-08-28,ACTIVE,100000,2964,CARD_PROCESSOR
CARD0001802,ACC0003443,DEBIT,MASTERCARD,2026-02-07,ACTIVE,100000,1865,CARD_PROCESSOR
CARD0001803,ACC0001567,DEBIT,MASTERCARD,2024-10-14,BLOCKED,250000,1984,CARD_PROCESSOR
CARD0001804,ACC0002851,DEBIT,RUPAY,2026-01-11,ACTIVE,50000,1420,CARD_PROCESSOR
CARD0001805,ACC0000351,DEBIT,RUPAY,2025-11-19,ACTIVE,25000,6981,CARD_PROCESSOR
CARD0001806,ACC0002668,CREDIT,VISA,2021-01-07,EXPIRED,0,2027,CARD_PROCESSOR
CARD0001807,ACC0004310,DEBIT,VISA,2019-07-31,ACTIVE,0,4414,CARD_PROCESSOR
CARD0001808,ACC0002858,DEBIT,RUPAY,2022-11-14,ACTIVE,150000,1963,CARD_PROCESSOR
CARD0001809,ACC0003706,CREDIT,VISA,2022-06-03,ACTIVE,100000,0635,CARD_PROCESSOR
CARD0001810,ACC0003765,DEBIT,RUPAY,2020-03-02,ACTIVE,250000,4324,CARD_PROCESSOR
CARD0001811,ACC0003071,DEBIT,VISA,2019-05-20,ACTIVE,25000,4178,CARD_PROCESSOR
CARD0001812,ACC0001785,CREDIT,MASTERCARD,2024-09-30,ACTIVE,250000,7011,CARD_PROCESSOR
CARD0001813,ACC0000145,DEBIT,VISA,2022-02-17,ACTIVE,25000,3156,CARD_PROCESSOR
CARD0001814,ACC0003916,DEBIT,MASTERCARD,2025-05-19,BLOCKED,100000,9952,CARD_PROCESSOR
CARD0001815,ACC0002345,DEBIT,RUPAY,2026-02-25,ACTIVE,250000,3282,CARD_PROCESSOR
CARD0001816,ACC0003214,DEBIT,RUPAY,2023-06-09,ACTIVE,25000,6637,CARD_PROCESSOR
CARD0001817,ACC0004896,CREDIT,MASTERCARD,2020-06-17,ACTIVE,100000,2961,CARD_PROCESSOR
CARD0001818,ACC0004262,CREDIT,MASTERCARD,2019-06-09,ACTIVE,25000,6430,CARD_PROCESSOR
CARD0001819,ACC0001618,CREDIT,MASTERCARD,2022-10-30,ACTIVE,100000,6537,CARD_PROCESSOR
CARD0001820,ACC0000075,CREDIT,MASTERCARD,2018-02-09,ACTIVE,150000,8381,CARD_PROCESSOR
CARD0001821,ACC0000729,DEBIT,RUPAY,2024-11-27,ACTIVE,250000,5621,CARD_PROCESSOR
CARD0001822,ACC0001716,CREDIT,RUPAY,2022-08-09,ACTIVE,250000,0827,CARD_PROCESSOR
CARD0001823,ACC0002730,DEBIT,VISA,2022-01-26,ACTIVE,25000,6212,CARD_PROCESSOR
CARD0001824,ACC0003259,CREDIT,RUPAY,2024-07-17,ACTIVE,250000,3300,CARD_PROCESSOR
CARD0001825,ACC0001340,DEBIT,MASTERCARD,2023-07-15,ACTIVE,250000,3438,CARD_PROCESSOR
CARD0001826,ACC0002968,CREDIT,RUPAY,2019-01-25,ACTIVE,50000,9362,CARD_PROCESSOR
CARD0001827,ACC0004957,CREDIT,MASTERCARD,2025-11-22,ACTIVE,25000,6562,CARD_PROCESSOR
CARD0001828,ACC0004199,CREDIT,VISA,2020-05-14,ACTIVE,250000,0196,CARD_PROCESSOR
CARD0001829,ACC0000682,DEBIT,RUPAY,2021-04-02,ACTIVE,25000,1034,CARD_PROCESSOR
CARD0001830,ACC0001505,CREDIT,VISA,2018-08-30,ACTIVE,75000,6740,CARD_PROCESSOR
CARD0001831,ACC0002097,DEBIT,MASTERCARD,2020-12-07,ACTIVE,150000,5385,CARD_PROCESSOR
CARD0001832,ACC0000853,DEBIT,RUPAY,2022-05-01,EXPIRED,25000,6041,CARD_PROCESSOR
CARD0001833,ACC0004728,CREDIT,MASTERCARD,2025-02-08,ACTIVE,25000,7573,CARD_PROCESSOR
CARD0001834,ACC0003840,DEBIT,VISA,2019-11-07,EXPIRED,0,0091,CARD_PROCESSOR
CARD0001835,ACC0001880,DEBIT,VISA,2024-08-21,EXPIRED,75000,5425,CARD_PROCESSOR
CARD0001836,ACC0001190,DEBIT,RUPAY,2025-08-04,ACTIVE,250000,1228,CARD_PROCESSOR
CARD0001837,ACC0000898,CREDIT,RUPAY,2020-04-13,ACTIVE,150000,4309,CARD_PROCESSOR
CARD0001838,ACC0000214,CREDIT,MASTERCARD,2021-03-24,ACTIVE,75000,1519,CARD_PROCESSOR
CARD0001839,ACC0004069,DEBIT,MASTERCARD,2020-09-27,ACTIVE,50000,2942,CARD_PROCESSOR
CARD0001840,ACC0004925,DEBIT,RUPAY,2022-02-28,ACTIVE,25000,5294,CARD_PROCESSOR
CARD0001841,ACC0001826,DEBIT,MASTERCARD,2018-12-23,ACTIVE,150000,0118,CARD_PROCESSOR
CARD0001842,ACC0004571,DEBIT,VISA,2020-03-22,ACTIVE,150000,8191,CARD_PROCESSOR
CARD0001843,ACC0004691,CREDIT,VISA,2018-12-25,ACTIVE,100000,3851,CARD_PROCESSOR
CARD0001844,ACC0000411,DEBIT,RUPAY,2025-04-03,ACTIVE,25000,3680,CARD_PROCESSOR
CARD0001845,ACC0003743,DEBIT,VISA,2019-05-01,ACTIVE,0,7951,CARD_PROCESSOR
CARD0001846,ACC0001763,CREDIT,VISA,2019-10-13,ACTIVE,25000,3200,CARD_PROCESSOR
CARD0001847,ACC0002147,DEBIT,MASTERCARD,2023-09-29,ACTIVE,25000,5309,CARD_PROCESSOR
CARD0001848,ACC0000345,CREDIT,VISA,2018-05-04,ACTIVE,250000,7456,CARD_PROCESSOR
CARD0001849,ACC0002162,CREDIT,MASTERCARD,2019-07-21,ACTIVE,0,4978,CARD_PROCESSOR
CARD0001850,ACC0003739,CREDIT,RUPAY,2023-04-22,ACTIVE,100000,9993,CARD_PROCESSOR
CARD0001851,ACC0004508,DEBIT,RUPAY,2021-08-08,ACTIVE,25000,0051,CARD_PROCESSOR
CARD0001852,ACC0002368,CREDIT,VISA,2019-09-25,BLOCKED,100000,8281,CARD_PROCESSOR
CARD0001853,ACC0004801,DEBIT,VISA,2024-06-20,ACTIVE,100000,5816,CARD_PROCESSOR
CARD0001854,ACC0004913,DEBIT,MASTERCARD,2018-09-15,ACTIVE,0,3459,CARD_PROCESSOR
CARD0001855,ACC0003159,CREDIT,MASTERCARD,2024-03-24,EXPIRED,25000,1285,CARD_PROCESSOR
CARD0001856,ACC0000131,DEBIT,MASTERCARD,2025-05-15,ACTIVE,50000,3819,CARD_PROCESSOR
CARD0001857,ACC0002228,DEBIT,VISA,2023-03-13,ACTIVE,50000,1243,CARD_PROCESSOR
CARD0001858,ACC0002254,CREDIT,RUPAY,2022-10-06,EXPIRED,50000,8353,CARD_PROCESSOR
CARD0001859,ACC0000808,CREDIT,MASTERCARD,2022-01-21,ACTIVE,150000,9114,CARD_PROCESSOR
CARD0001860,ACC0002282,CREDIT,RUPAY,2024-12-28,ACTIVE,0,4006,CARD_PROCESSOR
CARD0001861,ACC0003291,DEBIT,VISA,2021-07-05,BLOCKED,100000,2200,CARD_PROCESSOR
CARD0001862,ACC0001232,CREDIT,MASTERCARD,2025-11-23,ACTIVE,75000,5164,CARD_PROCESSOR
CARD0001863,ACC0002322,DEBIT,RUPAY,2018-11-09,ACTIVE,0,1015,CARD_PROCESSOR
CARD0001864,ACC0002260,CREDIT,RUPAY,2022-07-19,ACTIVE,50000,5543,CARD_PROCESSOR
CARD0001865,ACC0004541,CREDIT,VISA,2019-12-21,ACTIVE,0,5901,CARD_PROCESSOR
CARD0001866,ACC0001174,DEBIT,RUPAY,2026-03-05,ACTIVE,150000,5262,CARD_PROCESSOR
CARD0001867,ACC0000068,CREDIT,VISA,2022-03-12,EXPIRED,150000,3570,CARD_PROCESSOR
CARD0001868,ACC0001379,CREDIT,MASTERCARD,2025-03-28,ACTIVE,100000,3997,CARD_PROCESSOR
CARD0001869,ACC0004316,CREDIT,MASTERCARD,2018-12-12,EXPIRED,150000,8343,CARD_PROCESSOR
CARD0001870,ACC0003224,CREDIT,RUPAY,2024-05-07,ACTIVE,25000,2742,CARD_PROCESSOR
CARD0001871,ACC0001172,DEBIT,MASTERCARD,2021-12-03,ACTIVE,50000,3451,CARD_PROCESSOR
CARD0001872,ACC0004541,CREDIT,MASTERCARD,2019-07-03,ACTIVE,25000,4054,CARD_PROCESSOR
CARD0001873,ACC0001037,CREDIT,RUPAY,2024-06-12,ACTIVE,150000,3349,CARD_PROCESSOR
CARD0001874,ACC0003624,CREDIT,VISA,2024-02-26,ACTIVE,100000,0577,CARD_PROCESSOR
CARD0001875,ACC0004015,CREDIT,MASTERCARD,2021-06-06,ACTIVE,100000,6797,CARD_PROCESSOR
CARD0001876,ACC0001141,DEBIT,RUPAY,2019-04-20,ACTIVE,250000,4789,CARD_PROCESSOR
CARD0001877,ACC0004054,CREDIT,VISA,2025-11-28,ACTIVE,100000,6466,CARD_PROCESSOR
CARD0001878,ACC0001783,CREDIT,RUPAY,2023-12-02,ACTIVE,100000,5562,CARD_PROCESSOR
CARD0001879,ACC0004741,DEBIT,VISA,2018-09-03,ACTIVE,50000,8234,CARD_PROCESSOR
CARD0001880,ACC0002303,DEBIT,RUPAY,2022-08-10,ACTIVE,250000,6271,CARD_PROCESSOR
CARD0001881,ACC0002358,CREDIT,VISA,2018-07-31,ACTIVE,25000,4182,CARD_PROCESSOR
CARD0001882,ACC0000367,DEBIT,MASTERCARD,2021-01-10,ACTIVE,25000,6425,CARD_PROCESSOR
CARD0001883,ACC0004275,CREDIT,MASTERCARD,2018-08-10,ACTIVE,25000,6357,CARD_PROCESSOR
CARD0001884,ACC0002942,CREDIT,VISA,2023-10-07,ACTIVE,75000,3494,CARD_PROCESSOR
CARD0001885,ACC0001984,CREDIT,VISA,2020-05-02,ACTIVE,75000,9198,CARD_PROCESSOR
CARD0001886,ACC0004442,CREDIT,MASTERCARD,2018-09-17,ACTIVE,150000,2882,CARD_PROCESSOR
CARD0001887,ACC0000467,CREDIT,RUPAY,2023-02-07,ACTIVE,75000,2877,CARD_PROCESSOR
CARD0001888,ACC0004039,CREDIT,MASTERCARD,2022-01-10,ACTIVE,0,7893,CARD_PROCESSOR
CARD0001889,ACC0004548,CREDIT,RUPAY,2020-08-23,ACTIVE,250000,5244,CARD_PROCESSOR
CARD0001890,ACC0004375,DEBIT,VISA,2018-03-05,ACTIVE,0,2436,CARD_PROCESSOR
CARD0001891,ACC0000404,CREDIT,MASTERCARD,2018-08-08,ACTIVE,50000,4010,CARD_PROCESSOR
CARD0001892,ACC0001729,CREDIT,VISA,2023-09-10,ACTIVE,0,7460,CARD_PROCESSOR
CARD0001893,ACC0003523,DEBIT,MASTERCARD,2018-09-25,ACTIVE,75000,0699,CARD_PROCESSOR
CARD0001894,ACC0001197,CREDIT,MASTERCARD,2018-03-10,EXPIRED,150000,8829,CARD_PROCESSOR
CARD0001895,ACC0004577,DEBIT,VISA,2024-03-11,ACTIVE,50000,0184,CARD_PROCESSOR
CARD0001896,ACC0002198,CREDIT,VISA,2018-04-28,ACTIVE,250000,8696,CARD_PROCESSOR
CARD0001897,ACC0001641,CREDIT,VISA,2022-03-14,ACTIVE,75000,5969,CARD_PROCESSOR
CARD0001898,ACC0004226,DEBIT,MASTERCARD,2020-11-13,ACTIVE,25000,0458,CARD_PROCESSOR
CARD0001899,ACC0000899,DEBIT,MASTERCARD,2018-03-11,ACTIVE,150000,5368,CARD_PROCESSOR
CARD0001900,ACC0002320,DEBIT,VISA,2019-12-10,ACTIVE,50000,4447,CARD_PROCESSOR
CARD0001901,ACC0000254,DEBIT,VISA,2021-08-26,EXPIRED,100000,8297,CARD_PROCESSOR
CARD0001902,ACC0004271,CREDIT,VISA,2019-12-05,ACTIVE,100000,5671,CARD_PROCESSOR
CARD0001903,ACC0003317,CREDIT,RUPAY,2020-06-02,ACTIVE,150000,8434,CARD_PROCESSOR
CARD0001904,ACC0002636,DEBIT,VISA,2019-02-11,ACTIVE,50000,7549,CARD_PROCESSOR
CARD0001905,ACC0003021,DEBIT,MASTERCARD,2022-09-09,ACTIVE,250000,8099,CARD_PROCESSOR
CARD0001906,ACC0003031,DEBIT,VISA,2019-12-25,ACTIVE,0,9035,CARD_PROCESSOR
CARD0001907,ACC0004502,CREDIT,RUPAY,2020-09-16,ACTIVE,0,9340,CARD_PROCESSOR
CARD0001908,ACC0004014,DEBIT,MASTERCARD,2018-04-03,ACTIVE,250000,4262,CARD_PROCESSOR
CARD0001909,ACC0003343,DEBIT,VISA,2023-10-18,ACTIVE,25000,3796,CARD_PROCESSOR
CARD0001910,ACC0000722,CREDIT,MASTERCARD,2026-02-03,ACTIVE,0,1412,CARD_PROCESSOR
CARD0001911,ACC0002855,DEBIT,MASTERCARD,2020-07-03,ACTIVE,100000,4731,CARD_PROCESSOR
CARD0001912,ACC0002102,CREDIT,VISA,2019-03-11,EXPIRED,250000,7312,CARD_PROCESSOR
CARD0001913,ACC0002227,DEBIT,MASTERCARD,2024-05-19,ACTIVE,0,0282,CARD_PROCESSOR
CARD0001914,ACC0002325,DEBIT,RUPAY,2018-09-03,ACTIVE,150000,7521,CARD_PROCESSOR
CARD0001915,ACC0002779,DEBIT,MASTERCARD,2023-08-18,EXPIRED,0,4937,CARD_PROCESSOR
CARD0001916,ACC0002215,CREDIT,MASTERCARD,2025-11-13,ACTIVE,25000,6727,CARD_PROCESSOR
CARD0001917,ACC0001469,DEBIT,MASTERCARD,2018-09-19,ACTIVE,250000,5012,CARD_PROCESSOR
CARD0001918,ACC0003404,CREDIT,MASTERCARD,2023-06-03,EXPIRED,50000,7871,CARD_PROCESSOR
CARD0001919,ACC0002124,CREDIT,MASTERCARD,2020-11-10,ACTIVE,250000,6545,CARD_PROCESSOR
CARD0001920,ACC0002710,CREDIT,RUPAY,2020-10-26,ACTIVE,0,0692,CARD_PROCESSOR
CARD0001921,ACC0004305,DEBIT,MASTERCARD,2024-11-19,ACTIVE,75000,9762,CARD_PROCESSOR
CARD0001922,ACC0000757,CREDIT,VISA,2020-02-02,ACTIVE,150000,4411,CARD_PROCESSOR
CARD0001923,ACC0000300,CREDIT,MASTERCARD,2020-04-09,ACTIVE,100000,4401,CARD_PROCESSOR
CARD0001924,ACC0000068,DEBIT,RUPAY,2024-01-20,ACTIVE,25000,2019,CARD_PROCESSOR
CARD0001925,ACC0002276,CREDIT,MASTERCARD,2025-11-06,ACTIVE,25000,7754,CARD_PROCESSOR
CARD0001926,ACC0003693,CREDIT,RUPAY,2020-03-25,BLOCKED,75000,7719,CARD_PROCESSOR
CARD0001927,ACC0002333,CREDIT,RUPAY,2022-09-02,ACTIVE,100000,4108,CARD_PROCESSOR
CARD0001928,ACC0004475,CREDIT,VISA,2025-09-30,ACTIVE,250000,1031,CARD_PROCESSOR
CARD0001929,ACC0003610,CREDIT,VISA,2018-04-14,ACTIVE,25000,1519,CARD_PROCESSOR
CARD0001930,ACC0000745,DEBIT,VISA,2023-03-26,ACTIVE,150000,8269,CARD_PROCESSOR
CARD0001931,ACC0000098,DEBIT,MASTERCARD,2025-08-10,ACTIVE,50000,8625,CARD_PROCESSOR
CARD0001932,ACC0001283,DEBIT,MASTERCARD,2023-08-25,ACTIVE,0,4087,CARD_PROCESSOR
CARD0001933,ACC0000242,DEBIT,MASTERCARD,2018-12-13,ACTIVE,50000,6538,CARD_PROCESSOR
CARD0001934,ACC0003965,DEBIT,VISA,2023-08-04,ACTIVE,50000,9118,CARD_PROCESSOR
CARD0001935,ACC0003310,DEBIT,RUPAY,2021-10-31,ACTIVE,250000,7454,CARD_PROCESSOR
CARD0001936,ACC0001864,DEBIT,MASTERCARD,2018-12-24,ACTIVE,75000,8533,CARD_PROCESSOR
CARD0001937,ACC0001138,CREDIT,MASTERCARD,2025-03-10,BLOCKED,150000,5466,CARD_PROCESSOR
CARD0001938,ACC0003278,DEBIT,VISA,2025-08-05,ACTIVE,250000,8568,CARD_PROCESSOR
CARD0001939,ACC0003814,DEBIT,MASTERCARD,2019-06-22,ACTIVE,25000,1940,CARD_PROCESSOR
CARD0001940,ACC0004047,DEBIT,MASTERCARD,2021-03-15,ACTIVE,250000,7621,CARD_PROCESSOR
CARD0001941,ACC0001623,DEBIT,VISA,2024-05-17,ACTIVE,250000,4979,CARD_PROCESSOR
CARD0001942,ACC0004659,DEBIT,MASTERCARD,2021-02-26,BLOCKED,50000,7339,CARD_PROCESSOR
CARD0001943,ACC0002950,DEBIT,MASTERCARD,2018-04-06,ACTIVE,100000,8674,CARD_PROCESSOR
CARD0001944,ACC0003513,DEBIT,VISA,2018-11-24,ACTIVE,0,7963,CARD_PROCESSOR
CARD0001945,ACC0004839,CREDIT,VISA,2019-11-19,ACTIVE,25000,1340,CARD_PROCESSOR
CARD0001946,ACC0000391,CREDIT,VISA,2024-12-03,ACTIVE,75000,7170,CARD_PROCESSOR
CARD0001947,ACC0004156,DEBIT,MASTERCARD,2024-12-26,ACTIVE,100000,9095,CARD_PROCESSOR
CARD0001948,ACC0003829,DEBIT,RUPAY,2019-05-16,ACTIVE,150000,2948,CARD_PROCESSOR
CARD0001949,ACC0001625,DEBIT,RUPAY,2018-05-01,ACTIVE,50000,9775,CARD_PROCESSOR
CARD0001950,ACC0002655,DEBIT,RUPAY,2018-02-04,ACTIVE,0,3099,CARD_PROCESSOR
CARD0001951,ACC0000536,CREDIT,RUPAY,2023-09-02,ACTIVE,25000,7702,CARD_PROCESSOR
CARD0001952,ACC0002561,CREDIT,MASTERCARD,2025-12-25,ACTIVE,50000,5667,CARD_PROCESSOR
CARD0001953,ACC0002736,DEBIT,VISA,2024-01-11,ACTIVE,150000,3496,CARD_PROCESSOR
CARD0001954,ACC0001605,CREDIT,VISA,2022-01-26,ACTIVE,100000,5063,CARD_PROCESSOR
CARD0001955,ACC0001450,CREDIT,VISA,2022-09-29,EXPIRED,150000,3008,CARD_PROCESSOR
CARD0001956,ACC0001666,DEBIT,RUPAY,2023-08-11,ACTIVE,75000,4855,CARD_PROCESSOR
CARD0001957,ACC0004286,DEBIT,VISA,2024-01-23,ACTIVE,250000,6798,CARD_PROCESSOR
CARD0001958,ACC0000605,DEBIT,VISA,2026-01-02,ACTIVE,100000,8701,CARD_PROCESSOR
CARD0001959,ACC0003867,CREDIT,MASTERCARD,2024-02-17,ACTIVE,250000,4592,CARD_PROCESSOR
CARD0001960,ACC0000664,DEBIT,RUPAY,2023-06-04,ACTIVE,25000,2417,CARD_PROCESSOR
CARD0001961,ACC0002432,CREDIT,RUPAY,2024-12-09,ACTIVE,0,1956,CARD_PROCESSOR
CARD0001962,ACC0004490,CREDIT,MASTERCARD,2022-04-12,ACTIVE,0,4668,CARD_PROCESSOR
CARD0001963,ACC0001490,CREDIT,VISA,2023-03-12,ACTIVE,50000,5539,CARD_PROCESSOR
CARD0001964,ACC0004118,DEBIT,VISA,2023-07-26,ACTIVE,150000,0052,CARD_PROCESSOR
CARD0001965,ACC0001780,DEBIT,RUPAY,2019-11-21,BLOCKED,0,3879,CARD_PROCESSOR
CARD0001966,ACC0004484,CREDIT,VISA,2023-08-01,BLOCKED,100000,5655,CARD_PROCESSOR
CARD0001967,ACC0003705,DEBIT,RUPAY,2025-07-31,ACTIVE,0,8205,CARD_PROCESSOR
CARD0001968,ACC0001063,DEBIT,VISA,2020-10-22,ACTIVE,25000,6619,CARD_PROCESSOR
CARD0001969,ACC0000763,CREDIT,VISA,2021-01-11,ACTIVE,150000,0565,CARD_PROCESSOR
CARD0001970,ACC0000789,CREDIT,VISA,2020-12-10,ACTIVE,75000,6763,CARD_PROCESSOR
CARD0001971,ACC0002692,DEBIT,RUPAY,2018-04-06,ACTIVE,50000,5180,CARD_PROCESSOR
CARD0001972,ACC0004005,DEBIT,MASTERCARD,2025-11-18,BLOCKED,75000,0165,CARD_PROCESSOR
CARD0001973,ACC0000226,CREDIT,MASTERCARD,2024-07-13,ACTIVE,25000,1971,CARD_PROCESSOR
CARD0001974,ACC0003771,CREDIT,MASTERCARD,2023-06-22,ACTIVE,100000,6202,CARD_PROCESSOR
CARD0001975,ACC0000711,DEBIT,MASTERCARD,2020-05-25,ACTIVE,50000,1149,CARD_PROCESSOR
CARD0001976,ACC0000242,CREDIT,VISA,2026-02-12,ACTIVE,75000,6403,CARD_PROCESSOR
CARD0001977,ACC0004149,DEBIT,RUPAY,2025-10-25,ACTIVE,250000,5639,CARD_PROCESSOR
CARD0001978,ACC0003566,DEBIT,MASTERCARD,2020-08-26,ACTIVE,150000,8362,CARD_PROCESSOR
CARD0001979,ACC0001536,CREDIT,VISA,2024-01-15,ACTIVE,75000,0999,CARD_PROCESSOR
CARD0001980,ACC0001598,DEBIT,RUPAY,2018-07-12,ACTIVE,150000,8385,CARD_PROCESSOR
CARD0001981,ACC0001811,CREDIT,RUPAY,2025-05-29,ACTIVE,25000,7687,CARD_PROCESSOR
CARD0001982,ACC0000870,DEBIT,VISA,2025-12-16,ACTIVE,100000,3764,CARD_PROCESSOR
CARD0001983,ACC0003423,DEBIT,MASTERCARD,2025-08-29,ACTIVE,50000,8684,CARD_PROCESSOR
CARD0001984,ACC0003595,DEBIT,MASTERCARD,2024-07-05,ACTIVE,50000,9784,CARD_PROCESSOR
CARD0001985,ACC0002003,DEBIT,RUPAY,2020-03-22,ACTIVE,75000,3281,CARD_PROCESSOR
CARD0001986,ACC0004453,CREDIT,RUPAY,2020-07-04,EXPIRED,100000,4934,CARD_PROCESSOR
CARD0001987,ACC0000516,CREDIT,VISA,2018-06-02,ACTIVE,150000,2799,CARD_PROCESSOR
CARD0001988,ACC0003157,DEBIT,MASTERCARD,2022-12-26,ACTIVE,250000,0336,CARD_PROCESSOR
CARD0001989,ACC0000240,CREDIT,VISA,2018-09-21,ACTIVE,100000,9096,CARD_PROCESSOR
CARD0001990,ACC0000583,CREDIT,MASTERCARD,2018-10-19,ACTIVE,100000,3285,CARD_PROCESSOR
CARD0001991,ACC0002105,DEBIT,RUPAY,2024-07-13,ACTIVE,150000,0482,CARD_PROCESSOR
CARD0001992,ACC0001655,CREDIT,MASTERCARD,2020-11-27,ACTIVE,100000,3128,CARD_PROCESSOR
CARD0001993,ACC0002862,CREDIT,RUPAY,2023-07-21,ACTIVE,250000,8488,CARD_PROCESSOR
CARD0001994,ACC0003110,CREDIT,MASTERCARD,2025-07-14,BLOCKED,250000,4078,CARD_PROCESSOR
CARD0001995,ACC0001356,DEBIT,RUPAY,2024-01-10,ACTIVE,75000,0458,CARD_PROCESSOR
CARD0001996,ACC0001401,DEBIT,VISA,2022-04-03,ACTIVE,50000,0270,CARD_PROCESSOR
CARD0001997,ACC0000227,CREDIT,VISA,2025-04-01,BLOCKED,25000,6374,CARD_PROCESSOR
CARD0001998,ACC0001694,DEBIT,MASTERCARD,2020-01-28,ACTIVE,0,1267,CARD_PROCESSOR
CARD0001999,ACC0000597,CREDIT,VISA,2024-06-28,EXPIRED,50000,1745,CARD_PROCESSOR
CARD0002000,ACC0000837,DEBIT,MASTERCARD,2024-04-09,ACTIVE,100000,8090,CARD_PROCESSOR
CARD0002001,ACC0002671,DEBIT,RUPAY,2019-08-14,BLOCKED,250000,5717,CARD_PROCESSOR
CARD0002002,ACC0003848,DEBIT,RUPAY,2021-03-07,ACTIVE,75000,2329,CARD_PROCESSOR
CARD0002003,ACC0003000,CREDIT,VISA,2019-12-27,ACTIVE,0,6038,CARD_PROCESSOR
CARD0002004,ACC0000174,CREDIT,MASTERCARD,2022-04-02,ACTIVE,250000,5876,CARD_PROCESSOR
CARD0002005,ACC0000258,CREDIT,VISA,2025-02-10,ACTIVE,150000,9689,CARD_PROCESSOR
CARD0002006,ACC0000971,CREDIT,RUPAY,2020-03-03,ACTIVE,250000,9182,CARD_PROCESSOR
CARD0002007,ACC0000208,CREDIT,RUPAY,2018-08-24,ACTIVE,0,2118,CARD_PROCESSOR
CARD0002008,ACC0004824,DEBIT,RUPAY,2021-12-16,ACTIVE,50000,6643,CARD_PROCESSOR
CARD0002009,ACC0001773,CREDIT,VISA,2025-09-16,ACTIVE,0,5592,CARD_PROCESSOR
CARD0002010,ACC0003516,CREDIT,MASTERCARD,2023-02-19,ACTIVE,250000,0879,CARD_PROCESSOR
CARD0002011,ACC0004040,DEBIT,MASTERCARD,2019-07-02,ACTIVE,100000,4533,CARD_PROCESSOR
CARD0002012,ACC0003355,CREDIT,VISA,2023-01-12,ACTIVE,50000,6097,CARD_PROCESSOR
CARD0002013,ACC0001545,DEBIT,VISA,2023-05-10,ACTIVE,25000,4757,CARD_PROCESSOR
CARD0002014,ACC0003927,DEBIT,MASTERCARD,2018-05-27,ACTIVE,250000,4745,CARD_PROCESSOR
CARD0002015,ACC0001287,CREDIT,MASTERCARD,2019-01-19,ACTIVE,250000,2951,CARD_PROCESSOR
CARD0002016,ACC0004064,CREDIT,MASTERCARD,2021-02-15,ACTIVE,25000,0733,CARD_PROCESSOR
CARD0002017,ACC0000099,DEBIT,RUPAY,2018-03-23,ACTIVE,250000,5431,CARD_PROCESSOR
CARD0002018,ACC0001336,DEBIT,VISA,2019-03-21,ACTIVE,250000,6586,CARD_PROCESSOR
CARD0002019,ACC0000145,DEBIT,RUPAY,2023-10-04,ACTIVE,100000,7979,CARD_PROCESSOR
CARD0002020,ACC0003047,CREDIT,MASTERCARD,2022-12-15,ACTIVE,100000,6787,CARD_PROCESSOR
CARD0002021,ACC0000840,DEBIT,MASTERCARD,2024-09-07,ACTIVE,75000,3848,CARD_PROCESSOR
CARD0002022,ACC0002213,CREDIT,VISA,2024-01-26,ACTIVE,100000,6752,CARD_PROCESSOR
CARD0002023,ACC0004593,DEBIT,MASTERCARD,2025-07-08,ACTIVE,250000,2694,CARD_PROCESSOR
CARD0002024,ACC0001178,CREDIT,VISA,2023-09-09,ACTIVE,0,5926,CARD_PROCESSOR
CARD0002025,ACC0000089,DEBIT,MASTERCARD,2024-12-08,ACTIVE,100000,8639,CARD_PROCESSOR
CARD0002026,ACC0004110,DEBIT,MASTERCARD,2025-06-06,ACTIVE,75000,3606,CARD_PROCESSOR
CARD0002027,ACC0004078,DEBIT,MASTERCARD,2024-04-29,ACTIVE,0,7032,CARD_PROCESSOR
CARD0002028,ACC0002419,DEBIT,RUPAY,2020-09-23,ACTIVE,25000,9805,CARD_PROCESSOR
CARD0002029,ACC0002309,CREDIT,RUPAY,2025-12-05,ACTIVE,250000,4694,CARD_PROCESSOR
CARD0002030,ACC0003456,CREDIT,MASTERCARD,2021-09-21,ACTIVE,25000,8117,CARD_PROCESSOR
CARD0002031,ACC0001710,CREDIT,RUPAY,2020-11-15,ACTIVE,150000,9395,CARD_PROCESSOR
CARD0002032,ACC0003306,CREDIT,VISA,2020-02-08,ACTIVE,75000,7176,CARD_PROCESSOR
CARD0002033,ACC0004863,DEBIT,MASTERCARD,2025-03-04,ACTIVE,150000,6392,CARD_PROCESSOR
CARD0002034,ACC0000187,CREDIT,VISA,2024-04-16,ACTIVE,250000,9660,CARD_PROCESSOR
CARD0002035,ACC0001928,CREDIT,MASTERCARD,2018-10-19,ACTIVE,250000,6415,CARD_PROCESSOR
CARD0002036,ACC0003927,DEBIT,RUPAY,2025-05-19,ACTIVE,50000,5427,CARD_PROCESSOR
CARD0002037,ACC0001535,CREDIT,VISA,2021-05-19,ACTIVE,50000,9362,CARD_PROCESSOR
CARD0002038,ACC0000955,CREDIT,VISA,2023-12-07,ACTIVE,0,1714,CARD_PROCESSOR
CARD0002039,ACC0001519,DEBIT,RUPAY,2019-11-25,ACTIVE,25000,1659,CARD_PROCESSOR
CARD0002040,ACC0003176,DEBIT,RUPAY,2021-09-21,ACTIVE,150000,1397,CARD_PROCESSOR
CARD0002041,ACC0001782,CREDIT,RUPAY,2023-05-14,ACTIVE,25000,8604,CARD_PROCESSOR
CARD0002042,ACC0001948,DEBIT,MASTERCARD,2021-07-14,ACTIVE,100000,1769,CARD_PROCESSOR
CARD0002043,ACC0002746,DEBIT,RUPAY,2018-04-13,ACTIVE,25000,1519,CARD_PROCESSOR
CARD0002044,ACC0000095,DEBIT,RUPAY,2022-09-22,ACTIVE,100000,4747,CARD_PROCESSOR
CARD0002045,ACC0002249,CREDIT,VISA,2022-09-17,ACTIVE,50000,5148,CARD_PROCESSOR
CARD0002046,ACC0004559,DEBIT,RUPAY,2023-02-25,ACTIVE,100000,4815,CARD_PROCESSOR
CARD0002047,ACC0004012,DEBIT,MASTERCARD,2021-01-08,BLOCKED,250000,1929,CARD_PROCESSOR
CARD0002048,ACC0004259,DEBIT,RUPAY,2020-06-24,ACTIVE,75000,8023,CARD_PROCESSOR
CARD0002049,ACC0001066,CREDIT,RUPAY,2025-02-12,ACTIVE,100000,2675,CARD_PROCESSOR
CARD0002050,ACC0003034,DEBIT,RUPAY,2025-01-24,ACTIVE,50000,4654,CARD_PROCESSOR
CARD0002051,ACC0002024,CREDIT,RUPAY,2022-12-22,ACTIVE,150000,9877,CARD_PROCESSOR
CARD0002052,ACC0002606,CREDIT,MASTERCARD,2020-09-06,EXPIRED,150000,6830,CARD_PROCESSOR
CARD0002053,ACC0001463,CREDIT,RUPAY,2019-08-20,ACTIVE,25000,7359,CARD_PROCESSOR
CARD0002054,ACC0001029,CREDIT,MASTERCARD,2022-01-09,ACTIVE,250000,4428,CARD_PROCESSOR
CARD0002055,ACC0001772,DEBIT,MASTERCARD,2024-05-14,ACTIVE,50000,2337,CARD_PROCESSOR
CARD0002056,ACC0000886,DEBIT,MASTERCARD,2023-12-21,ACTIVE,50000,0607,CARD_PROCESSOR
CARD0002057,ACC0001656,CREDIT,RUPAY,2021-11-18,ACTIVE,25000,6764,CARD_PROCESSOR
CARD0002058,ACC0002129,DEBIT,MASTERCARD,2025-03-11,ACTIVE,250000,8327,CARD_PROCESSOR
CARD0002059,ACC0000738,CREDIT,RUPAY,2023-12-28,ACTIVE,0,7750,CARD_PROCESSOR
CARD0002060,ACC0001840,CREDIT,MASTERCARD,2024-09-11,BLOCKED,250000,4351,CARD_PROCESSOR
CARD0002061,ACC0004638,DEBIT,RUPAY,2024-07-16,BLOCKED,0,0384,CARD_PROCESSOR
CARD0002062,ACC0001458,DEBIT,RUPAY,2025-06-07,ACTIVE,100000,8619,CARD_PROCESSOR
CARD0002063,ACC0000479,CREDIT,MASTERCARD,2022-08-17,ACTIVE,150000,5309,CARD_PROCESSOR
CARD0002064,ACC0001687,DEBIT,RUPAY,2021-11-23,ACTIVE,0,9615,CARD_PROCESSOR
CARD0002065,ACC0000535,DEBIT,MASTERCARD,2026-02-11,ACTIVE,25000,0479,CARD_PROCESSOR
CARD0002066,ACC0003643,DEBIT,MASTERCARD,2020-05-10,ACTIVE,25000,2864,CARD_PROCESSOR
CARD0002067,ACC0001368,CREDIT,MASTERCARD,2025-02-14,ACTIVE,0,5484,CARD_PROCESSOR
CARD0002068,ACC0000975,CREDIT,RUPAY,2021-09-09,ACTIVE,50000,8087,CARD_PROCESSOR
CARD0002069,ACC0000971,CREDIT,MASTERCARD,2018-02-03,ACTIVE,100000,9168,CARD_PROCESSOR
CARD0002070,ACC0000880,DEBIT,MASTERCARD,2022-08-24,ACTIVE,75000,8434,CARD_PROCESSOR
CARD0002071,ACC0000732,CREDIT,VISA,2025-02-13,ACTIVE,50000,3588,CARD_PROCESSOR
CARD0002072,ACC0003021,DEBIT,MASTERCARD,2018-07-02,ACTIVE,75000,7545,CARD_PROCESSOR
CARD0002073,ACC0000650,DEBIT,VISA,2025-05-06,EXPIRED,250000,8299,CARD_PROCESSOR
CARD0002074,ACC0004933,DEBIT,VISA,2025-12-08,ACTIVE,0,6155,CARD_PROCESSOR
CARD0002075,ACC0004417,DEBIT,RUPAY,2021-07-27,ACTIVE,250000,2253,CARD_PROCESSOR
CARD0002076,ACC0000880,DEBIT,RUPAY,2024-09-01,ACTIVE,100000,8320,CARD_PROCESSOR
CARD0002077,ACC0000830,CREDIT,VISA,2025-09-12,ACTIVE,25000,9734,CARD_PROCESSOR
CARD0002078,ACC0000176,CREDIT,MASTERCARD,2022-12-10,ACTIVE,50000,6395,CARD_PROCESSOR
CARD0002079,ACC0000917,DEBIT,MASTERCARD,2018-11-16,ACTIVE,0,1491,CARD_PROCESSOR
CARD0002080,ACC0004223,CREDIT,VISA,2018-11-24,BLOCKED,0,8822,CARD_PROCESSOR
CARD0002081,ACC0000747,DEBIT,VISA,2024-04-24,ACTIVE,75000,5035,CARD_PROCESSOR
CARD0002082,ACC0004168,DEBIT,RUPAY,2022-03-31,ACTIVE,25000,6655,CARD_PROCESSOR
CARD0002083,ACC0003851,CREDIT,RUPAY,2026-03-06,ACTIVE,25000,9822,CARD_PROCESSOR
CARD0002084,ACC0001765,DEBIT,VISA,2020-03-14,ACTIVE,75000,9790,CARD_PROCESSOR
CARD0002085,ACC0000737,DEBIT,RUPAY,2023-11-29,ACTIVE,100000,1198,CARD_PROCESSOR
CARD0002086,ACC0001646,DEBIT,RUPAY,2018-03-29,ACTIVE,150000,8286,CARD_PROCESSOR
CARD0002087,ACC0003852,DEBIT,MASTERCARD,2020-09-28,EXPIRED,150000,9103,CARD_PROCESSOR
CARD0002088,ACC0002910,CREDIT,VISA,2022-05-13,ACTIVE,150000,9860,CARD_PROCESSOR
CARD0002089,ACC0004467,DEBIT,VISA,2022-09-09,ACTIVE,50000,8515,CARD_PROCESSOR
CARD0002090,ACC0000677,DEBIT,RUPAY,2025-06-06,ACTIVE,250000,2920,CARD_PROCESSOR
CARD0002091,ACC0003123,CREDIT,VISA,2023-03-11,ACTIVE,250000,5266,CARD_PROCESSOR
CARD0002092,ACC0002152,DEBIT,MASTERCARD,2018-06-26,ACTIVE,25000,1198,CARD_PROCESSOR
CARD0002093,ACC0002143,DEBIT,RUPAY,2026-01-11,ACTIVE,0,9310,CARD_PROCESSOR
CARD0002094,ACC0004878,DEBIT,MASTERCARD,2021-03-09,BLOCKED,25000,8090,CARD_PROCESSOR
CARD0002095,ACC0000343,DEBIT,VISA,2024-05-11,ACTIVE,100000,9773,CARD_PROCESSOR
CARD0002096,ACC0001101,CREDIT,MASTERCARD,2021-10-29,BLOCKED,25000,1577,CARD_PROCESSOR
CARD0002097,ACC0002236,DEBIT,VISA,2025-10-24,ACTIVE,250000,7348,CARD_PROCESSOR
CARD0002098,ACC0000450,CREDIT,VISA,2026-03-14,BLOCKED,150000,1205,CARD_PROCESSOR
CARD0002099,ACC0000408,CREDIT,VISA,2025-12-07,BLOCKED,25000,3402,CARD_PROCESSOR
CARD0002100,ACC0000021,CREDIT,MASTERCARD,2024-09-12,ACTIVE,50000,7857,CARD_PROCESSOR
CARD0002101,ACC0003036,CREDIT,RUPAY,2023-01-27,ACTIVE,250000,4001,CARD_PROCESSOR
CARD0002102,ACC0004624,CREDIT,VISA,2025-04-19,ACTIVE,50000,1328,CARD_PROCESSOR
CARD0002103,ACC0004343,CREDIT,RUPAY,2019-03-17,ACTIVE,150000,6010,CARD_PROCESSOR
CARD0002104,ACC0002370,DEBIT,RUPAY,2023-08-16,ACTIVE,100000,6626,CARD_PROCESSOR
CARD0002105,ACC0004838,DEBIT,MASTERCARD,2018-06-01,ACTIVE,25000,0766,CARD_PROCESSOR
CARD0002106,ACC0001972,CREDIT,MASTERCARD,2025-06-08,ACTIVE,0,4958,CARD_PROCESSOR
CARD0002107,ACC0002903,DEBIT,MASTERCARD,2018-03-31,ACTIVE,250000,1625,CARD_PROCESSOR
CARD0002108,ACC0004610,CREDIT,RUPAY,2021-07-28,ACTIVE,25000,3210,CARD_PROCESSOR
CARD0002109,ACC0002184,CREDIT,MASTERCARD,2024-04-08,ACTIVE,25000,0248,CARD_PROCESSOR
CARD0002110,ACC0001714,CREDIT,MASTERCARD,2021-09-28,ACTIVE,50000,5134,CARD_PROCESSOR
CARD0002111,ACC0004211,DEBIT,RUPAY,2022-01-08,ACTIVE,25000,0920,CARD_PROCESSOR
CARD0002112,ACC0001226,DEBIT,RUPAY,2023-11-09,ACTIVE,25000,8930,CARD_PROCESSOR
CARD0002113,ACC0004895,DEBIT,VISA,2021-10-31,ACTIVE,150000,6971,CARD_PROCESSOR
CARD0002114,ACC0001918,CREDIT,VISA,2024-06-21,ACTIVE,0,6041,CARD_PROCESSOR
CARD0002115,ACC0002772,DEBIT,RUPAY,2018-02-06,EXPIRED,250000,2737,CARD_PROCESSOR
CARD0002116,ACC0002569,CREDIT,VISA,2022-01-03,ACTIVE,150000,6646,CARD_PROCESSOR
CARD0002117,ACC0002369,CREDIT,RUPAY,2019-07-06,ACTIVE,150000,2872,CARD_PROCESSOR
CARD0002118,ACC0002453,DEBIT,MASTERCARD,2019-08-26,ACTIVE,0,5318,CARD_PROCESSOR
CARD0002119,ACC0001914,CREDIT,VISA,2022-09-01,ACTIVE,0,5100,CARD_PROCESSOR
CARD0002120,ACC0004159,DEBIT,MASTERCARD,2025-06-20,ACTIVE,0,5500,CARD_PROCESSOR
CARD0002121,ACC0004615,DEBIT,RUPAY,2019-07-16,ACTIVE,150000,2597,CARD_PROCESSOR
CARD0002122,ACC0002568,DEBIT,MASTERCARD,2024-11-29,ACTIVE,100000,3262,CARD_PROCESSOR
CARD0002123,ACC0000955,CREDIT,VISA,2020-10-26,ACTIVE,75000,6685,CARD_PROCESSOR
CARD0002124,ACC0001402,CREDIT,RUPAY,2024-11-18,ACTIVE,25000,8119,CARD_PROCESSOR
CARD0002125,ACC0003153,DEBIT,MASTERCARD,2023-03-17,BLOCKED,25000,1044,CARD_PROCESSOR
CARD0002126,ACC0002297,DEBIT,MASTERCARD,2026-03-19,ACTIVE,250000,5853,CARD_PROCESSOR
CARD0002127,ACC0004660,DEBIT,VISA,2023-01-29,ACTIVE,100000,9181,CARD_PROCESSOR
CARD0002128,ACC0001856,DEBIT,VISA,2022-01-03,ACTIVE,100000,8896,CARD_PROCESSOR
CARD0002129,ACC0003444,CREDIT,MASTERCARD,2025-07-18,ACTIVE,75000,1851,CARD_PROCESSOR
CARD0002130,ACC0003721,CREDIT,MASTERCARD,2018-07-30,ACTIVE,75000,4616,CARD_PROCESSOR
CARD0002131,ACC0002118,CREDIT,MASTERCARD,2020-05-03,ACTIVE,50000,9269,CARD_PROCESSOR
CARD0002132,ACC0001864,DEBIT,VISA,2024-12-15,ACTIVE,25000,9331,CARD_PROCESSOR
CARD0002133,ACC0001864,DEBIT,VISA,2020-04-23,ACTIVE,50000,0980,CARD_PROCESSOR
CARD0002134,ACC0003503,DEBIT,RUPAY,2026-01-25,ACTIVE,150000,1603,CARD_PROCESSOR
CARD0002135,ACC0000475,CREDIT,RUPAY,2021-05-15,ACTIVE,100000,4470,CARD_PROCESSOR
CARD0002136,ACC0003855,CREDIT,RUPAY,2024-04-14,ACTIVE,100000,3979,CARD_PROCESSOR
CARD0002137,ACC0003249,CREDIT,VISA,2019-09-25,ACTIVE,0,2943,CARD_PROCESSOR
CARD0002138,ACC0003860,DEBIT,RUPAY,2025-03-22,ACTIVE,0,5482,CARD_PROCESSOR
CARD0002139,ACC0002857,DEBIT,VISA,2020-07-12,ACTIVE,75000,0038,CARD_PROCESSOR
CARD0002140,ACC0002529,CREDIT,RUPAY,2020-09-04,ACTIVE,250000,3809,CARD_PROCESSOR
CARD0002141,ACC0000731,CREDIT,MASTERCARD,2021-08-20,ACTIVE,25000,8157,CARD_PROCESSOR
CARD0002142,ACC0001189,CREDIT,MASTERCARD,2025-05-19,ACTIVE,250000,4285,CARD_PROCESSOR
CARD0002143,ACC0000597,CREDIT,RUPAY,2022-01-18,BLOCKED,25000,7567,CARD_PROCESSOR
CARD0002144,ACC0000476,CREDIT,RUPAY,2020-10-24,ACTIVE,50000,2021,CARD_PROCESSOR
CARD0002145,ACC0001722,DEBIT,VISA,2022-05-08,EXPIRED,0,6533,CARD_PROCESSOR
CARD0002146,ACC0002423,DEBIT,VISA,2025-10-29,ACTIVE,25000,4351,CARD_PROCESSOR
CARD0002147,ACC0004911,CREDIT,MASTERCARD,2019-10-23,EXPIRED,50000,9121,CARD_PROCESSOR
CARD0002148,ACC0002493,DEBIT,MASTERCARD,2022-08-17,ACTIVE,75000,1735,CARD_PROCESSOR
CARD0002149,ACC0002225,DEBIT,MASTERCARD,2018-04-23,ACTIVE,100000,3713,CARD_PROCESSOR
CARD0002150,ACC0001642,CREDIT,MASTERCARD,2023-06-01,ACTIVE,75000,0395,CARD_PROCESSOR
CARD0002151,ACC0001205,CREDIT,RUPAY,2021-04-02,ACTIVE,0,2302,CARD_PROCESSOR
CARD0002152,ACC0003894,DEBIT,MASTERCARD,2022-09-22,ACTIVE,50000,3472,CARD_PROCESSOR
CARD0002153,ACC0001280,CREDIT,RUPAY,2026-01-19,ACTIVE,50000,2911,CARD_PROCESSOR
CARD0002154,ACC0001556,CREDIT,MASTERCARD,2025-02-28,ACTIVE,50000,4151,CARD_PROCESSOR
CARD0002155,ACC0002703,CREDIT,MASTERCARD,2021-09-08,ACTIVE,100000,1517,CARD_PROCESSOR
CARD0002156,ACC0003530,DEBIT,RUPAY,2021-09-04,ACTIVE,25000,9873,CARD_PROCESSOR
CARD0002157,ACC0004399,CREDIT,RUPAY,2020-06-30,ACTIVE,75000,8242,CARD_PROCESSOR
CARD0002158,ACC0000940,CREDIT,MASTERCARD,2025-01-06,ACTIVE,100000,5750,CARD_PROCESSOR
CARD0002159,ACC0004027,CREDIT,VISA,2023-08-04,ACTIVE,0,6061,CARD_PROCESSOR
CARD0002160,ACC0002389,CREDIT,MASTERCARD,2019-11-03,ACTIVE,100000,1101,CARD_PROCESSOR
CARD0002161,ACC0004390,DEBIT,MASTERCARD,2025-04-23,ACTIVE,50000,4093,CARD_PROCESSOR
CARD0002162,ACC0000202,CREDIT,RUPAY,2024-07-09,ACTIVE,150000,7074,CARD_PROCESSOR
CARD0002163,ACC0003233,CREDIT,RUPAY,2021-07-23,ACTIVE,0,2769,CARD_PROCESSOR
CARD0002164,ACC0002985,DEBIT,RUPAY,2023-01-23,ACTIVE,25000,7833,CARD_PROCESSOR
CARD0002165,ACC0001509,CREDIT,VISA,2023-05-18,ACTIVE,150000,1832,CARD_PROCESSOR
CARD0002166,ACC0001502,CREDIT,VISA,2023-12-15,ACTIVE,100000,8258,CARD_PROCESSOR
CARD0002167,ACC0001652,CREDIT,VISA,2025-08-23,ACTIVE,0,7669,CARD_PROCESSOR
CARD0002168,ACC0001808,DEBIT,RUPAY,2018-08-07,ACTIVE,75000,1842,CARD_PROCESSOR
CARD0002169,ACC0002258,CREDIT,VISA,2021-12-11,ACTIVE,0,6438,CARD_PROCESSOR
CARD0002170,ACC0001068,CREDIT,VISA,2021-12-03,ACTIVE,100000,0281,CARD_PROCESSOR
CARD0002171,ACC0004602,DEBIT,VISA,2020-05-09,ACTIVE,250000,4115,CARD_PROCESSOR
CARD0002172,ACC0001526,CREDIT,MASTERCARD,2023-02-16,ACTIVE,250000,2142,CARD_PROCESSOR
CARD0002173,ACC0003658,DEBIT,MASTERCARD,2022-08-26,EXPIRED,250000,1186,CARD_PROCESSOR
CARD0002174,ACC0001878,DEBIT,RUPAY,2020-10-08,ACTIVE,25000,6306,CARD_PROCESSOR
CARD0002175,ACC0004587,CREDIT,VISA,2025-10-23,ACTIVE,25000,2448,CARD_PROCESSOR
CARD0002176,ACC0000799,CREDIT,VISA,2018-07-16,ACTIVE,50000,0734,CARD_PROCESSOR
CARD0002177,ACC0003097,CREDIT,MASTERCARD,2019-02-07,ACTIVE,25000,1159,CARD_PROCESSOR
CARD0002178,ACC0004422,CREDIT,RUPAY,2021-07-28,ACTIVE,0,6185,CARD_PROCESSOR
CARD0002179,ACC0003527,DEBIT,VISA,2025-08-31,ACTIVE,0,4185,CARD_PROCESSOR
CARD0002180,ACC0004228,DEBIT,VISA,2025-12-24,ACTIVE,150000,1246,CARD_PROCESSOR
CARD0002181,ACC0003740,CREDIT,VISA,2018-04-03,ACTIVE,0,3106,CARD_PROCESSOR
CARD0002182,ACC0004085,DEBIT,RUPAY,2022-05-07,ACTIVE,100000,9309,CARD_PROCESSOR
CARD0002183,ACC0002467,DEBIT,VISA,2025-01-29,ACTIVE,100000,2620,CARD_PROCESSOR
CARD0002184,ACC0002597,DEBIT,VISA,2023-03-17,ACTIVE,100000,6343,CARD_PROCESSOR
CARD0002185,ACC0003324,DEBIT,VISA,2018-01-23,ACTIVE,150000,7066,CARD_PROCESSOR
CARD0002186,ACC0002680,CREDIT,VISA,2018-07-28,ACTIVE,75000,2478,CARD_PROCESSOR
CARD0002187,ACC0004225,CREDIT,VISA,2023-04-07,ACTIVE,25000,1385,CARD_PROCESSOR
CARD0002188,ACC0000467,CREDIT,RUPAY,2024-07-26,ACTIVE,250000,5740,CARD_PROCESSOR
CARD0002189,ACC0001654,DEBIT,MASTERCARD,2022-12-19,ACTIVE,75000,4000,CARD_PROCESSOR
CARD0002190,ACC0002558,CREDIT,MASTERCARD,2020-02-11,ACTIVE,0,3919,CARD_PROCESSOR
CARD0002191,ACC0004403,DEBIT,MASTERCARD,2021-08-26,EXPIRED,0,6841,CARD_PROCESSOR
CARD0002192,ACC0003515,CREDIT,RUPAY,2021-10-01,ACTIVE,0,8885,CARD_PROCESSOR
CARD0002193,ACC0002776,DEBIT,RUPAY,2020-02-06,ACTIVE,25000,0067,CARD_PROCESSOR
CARD0002194,ACC0000156,DEBIT,RUPAY,2022-04-16,ACTIVE,150000,0596,CARD_PROCESSOR
CARD0002195,ACC0004347,CREDIT,RUPAY,2023-05-29,ACTIVE,250000,3123,CARD_PROCESSOR
CARD0002196,ACC0002469,CREDIT,RUPAY,2025-10-24,ACTIVE,25000,9872,CARD_PROCESSOR
CARD0002197,ACC0000316,DEBIT,RUPAY,2022-09-13,ACTIVE,75000,9274,CARD_PROCESSOR
CARD0002198,ACC0003806,DEBIT,MASTERCARD,2021-09-04,ACTIVE,150000,7792,CARD_PROCESSOR
CARD0002199,ACC0004302,CREDIT,VISA,2026-02-10,ACTIVE,0,3744,CARD_PROCESSOR
CARD0002200,ACC0000661,CREDIT,VISA,2025-05-02,ACTIVE,100000,9808,CARD_PROCESSOR
CARD0002201,ACC0001989,DEBIT,VISA,2025-03-15,ACTIVE,150000,3913,CARD_PROCESSOR
CARD0002202,ACC0001279,CREDIT,VISA,2022-01-31,ACTIVE,25000,9518,CARD_PROCESSOR
CARD0002203,ACC0001201,DEBIT,MASTERCARD,2018-09-14,ACTIVE,75000,6963,CARD_PROCESSOR
CARD0002204,ACC0004286,DEBIT,VISA,2024-03-05,ACTIVE,75000,5126,CARD_PROCESSOR
CARD0002205,ACC0002429,CREDIT,MASTERCARD,2022-05-28,ACTIVE,150000,3399,CARD_PROCESSOR
CARD0002206,ACC0000353,DEBIT,VISA,2025-05-28,ACTIVE,0,3577,CARD_PROCESSOR
CARD0002207,ACC0002158,DEBIT,RUPAY,2020-05-11,EXPIRED,250000,5415,CARD_PROCESSOR
CARD0002208,ACC0004078,DEBIT,RUPAY,2020-12-10,EXPIRED,25000,4781,CARD_PROCESSOR
CARD0002209,ACC0002654,DEBIT,VISA,2024-04-16,EXPIRED,25000,0539,CARD_PROCESSOR
CARD0002210,ACC0000773,CREDIT,MASTERCARD,2022-01-12,ACTIVE,100000,8219,CARD_PROCESSOR
CARD0002211,ACC0004818,DEBIT,RUPAY,2024-12-12,ACTIVE,0,7130,CARD_PROCESSOR
CARD0002212,ACC0001128,DEBIT,RUPAY,2021-01-27,ACTIVE,0,7518,CARD_PROCESSOR
CARD0002213,ACC0003413,CREDIT,VISA,2023-02-14,ACTIVE,250000,9848,CARD_PROCESSOR
CARD0002214,ACC0001454,DEBIT,RUPAY,2021-02-24,ACTIVE,150000,2889,CARD_PROCESSOR
CARD0002215,ACC0003584,CREDIT,VISA,2024-08-13,ACTIVE,0,5639,CARD_PROCESSOR
CARD0002216,ACC0001332,CREDIT,MASTERCARD,2024-08-09,ACTIVE,75000,8913,CARD_PROCESSOR
CARD0002217,ACC0004387,DEBIT,MASTERCARD,2022-12-03,EXPIRED,250000,1518,CARD_PROCESSOR
CARD0002218,ACC0000391,CREDIT,MASTERCARD,2024-12-30,ACTIVE,250000,6613,CARD_PROCESSOR
CARD0002219,ACC0004805,DEBIT,MASTERCARD,2025-10-14,ACTIVE,0,9436,CARD_PROCESSOR
CARD0002220,ACC0000464,CREDIT,MASTERCARD,2022-11-01,EXPIRED,25000,7175,CARD_PROCESSOR
CARD0002221,ACC0002684,CREDIT,MASTERCARD,2021-05-15,ACTIVE,100000,4987,CARD_PROCESSOR
CARD0002222,ACC0001484,CREDIT,VISA,2022-03-13,ACTIVE,25000,2202,CARD_PROCESSOR
CARD0002223,ACC0004702,DEBIT,VISA,2022-07-16,ACTIVE,25000,5854,CARD_PROCESSOR
CARD0002224,ACC0001496,CREDIT,VISA,2025-03-20,ACTIVE,75000,1031,CARD_PROCESSOR
CARD0002225,ACC0002253,DEBIT,MASTERCARD,2024-10-13,ACTIVE,50000,6157,CARD_PROCESSOR
CARD0002226,ACC0000738,DEBIT,RUPAY,2020-01-12,ACTIVE,75000,3852,CARD_PROCESSOR
CARD0002227,ACC0003241,CREDIT,MASTERCARD,2025-09-29,ACTIVE,150000,7791,CARD_PROCESSOR
CARD0002228,ACC0000109,DEBIT,RUPAY,2020-02-02,ACTIVE,150000,2504,CARD_PROCESSOR
CARD0002229,ACC0000396,DEBIT,VISA,2019-10-04,ACTIVE,150000,2775,CARD_PROCESSOR
CARD0002230,ACC0004236,CREDIT,RUPAY,2018-10-11,ACTIVE,0,7019,CARD_PROCESSOR
CARD0002231,ACC0004528,DEBIT,RUPAY,2018-10-13,ACTIVE,25000,0403,CARD_PROCESSOR
CARD0002232,ACC0002484,DEBIT,VISA,2019-03-25,ACTIVE,0,9682,CARD_PROCESSOR
CARD0002233,ACC0002672,DEBIT,VISA,2019-07-19,ACTIVE,75000,8836,CARD_PROCESSOR
CARD0002234,ACC0002197,DEBIT,MASTERCARD,2024-07-18,ACTIVE,150000,1477,CARD_PROCESSOR
CARD0002235,ACC0001288,DEBIT,MASTERCARD,2020-03-10,ACTIVE,50000,1322,CARD_PROCESSOR
CARD0002236,ACC0000472,DEBIT,VISA,2024-09-23,ACTIVE,100000,1787,CARD_PROCESSOR
CARD0002237,ACC0004766,CREDIT,MASTERCARD,2019-12-24,ACTIVE,75000,6297,CARD_PROCESSOR
CARD0002238,ACC0004757,CREDIT,VISA,2024-10-02,EXPIRED,75000,0541,CARD_PROCESSOR
CARD0002239,ACC0002309,CREDIT,VISA,2024-06-20,ACTIVE,50000,7137,CARD_PROCESSOR
CARD0002240,ACC0003190,DEBIT,MASTERCARD,2020-07-20,EXPIRED,150000,1553,CARD_PROCESSOR
CARD0002241,ACC0002014,CREDIT,MASTERCARD,2018-08-29,EXPIRED,50000,1040,CARD_PROCESSOR
CARD0002242,ACC0000926,CREDIT,RUPAY,2019-05-19,ACTIVE,50000,8175,CARD_PROCESSOR
CARD0002243,ACC0004801,CREDIT,VISA,2025-02-10,ACTIVE,75000,0526,CARD_PROCESSOR
CARD0002244,ACC0002425,DEBIT,RUPAY,2018-02-02,ACTIVE,250000,5463,CARD_PROCESSOR
CARD0002245,ACC0001180,CREDIT,VISA,2025-12-10,ACTIVE,250000,4180,CARD_PROCESSOR
CARD0002246,ACC0002350,DEBIT,VISA,2021-08-06,ACTIVE,100000,5815,CARD_PROCESSOR
CARD0002247,ACC0002194,CREDIT,MASTERCARD,2026-01-28,ACTIVE,50000,9346,CARD_PROCESSOR
CARD0002248,ACC0000828,DEBIT,MASTERCARD,2026-01-02,ACTIVE,150000,4795,CARD_PROCESSOR
CARD0002249,ACC0001884,CREDIT,VISA,2023-08-03,ACTIVE,150000,5132,CARD_PROCESSOR
CARD0002250,ACC0003109,DEBIT,RUPAY,2023-11-24,ACTIVE,50000,5863,CARD_PROCESSOR
CARD0002251,ACC0003205,DEBIT,VISA,2020-07-24,ACTIVE,150000,5910,CARD_PROCESSOR
CARD0002252,ACC0004993,DEBIT,VISA,2018-09-16,ACTIVE,50000,1796,CARD_PROCESSOR
CARD0002253,ACC0004466,CREDIT,MASTERCARD,2023-08-12,ACTIVE,75000,8809,CARD_PROCESSOR
CARD0002254,ACC0002976,DEBIT,RUPAY,2018-06-05,ACTIVE,75000,9621,CARD_PROCESSOR
CARD0002255,ACC0000273,DEBIT,VISA,2025-09-20,BLOCKED,0,4908,CARD_PROCESSOR
CARD0002256,ACC0002193,DEBIT,RUPAY,2023-01-19,ACTIVE,75000,6738,CARD_PROCESSOR
CARD0002257,ACC0003102,CREDIT,VISA,2025-01-17,ACTIVE,150000,0385,CARD_PROCESSOR
CARD0002258,ACC0000375,DEBIT,RUPAY,2026-02-01,ACTIVE,0,6439,CARD_PROCESSOR
CARD0002259,ACC0000125,CREDIT,MASTERCARD,2025-01-25,ACTIVE,0,6649,CARD_PROCESSOR
CARD0002260,ACC0000638,CREDIT,RUPAY,2025-05-11,ACTIVE,25000,4169,CARD_PROCESSOR
CARD0002261,ACC0000590,CREDIT,MASTERCARD,2018-08-15,ACTIVE,0,0472,CARD_PROCESSOR
CARD0002262,ACC0003143,CREDIT,RUPAY,2018-08-26,ACTIVE,250000,3861,CARD_PROCESSOR
CARD0002263,ACC0003414,CREDIT,RUPAY,2021-03-07,ACTIVE,150000,1900,CARD_PROCESSOR
CARD0002264,ACC0000612,DEBIT,MASTERCARD,2022-02-20,ACTIVE,250000,4466,CARD_PROCESSOR
CARD0002265,ACC0003174,CREDIT,VISA,2024-04-24,ACTIVE,50000,4782,CARD_PROCESSOR
CARD0002266,ACC0003703,DEBIT,MASTERCARD,2020-06-25,ACTIVE,100000,9541,CARD_PROCESSOR
CARD0002267,ACC0000150,CREDIT,MASTERCARD,2025-01-24,ACTIVE,250000,0813,CARD_PROCESSOR
CARD0002268,ACC0000704,DEBIT,MASTERCARD,2023-03-22,ACTIVE,250000,1188,CARD_PROCESSOR
CARD0002269,ACC0003090,DEBIT,RUPAY,2020-10-08,ACTIVE,50000,0277,CARD_PROCESSOR
CARD0002270,ACC0001149,CREDIT,VISA,2022-10-02,ACTIVE,150000,2953,CARD_PROCESSOR
CARD0002271,ACC0000694,CREDIT,RUPAY,2020-08-14,ACTIVE,50000,1383,CARD_PROCESSOR
CARD0002272,ACC0000964,DEBIT,VISA,2024-12-19,ACTIVE,50000,0695,CARD_PROCESSOR
CARD0002273,ACC0003425,DEBIT,VISA,2022-08-25,ACTIVE,250000,4067,CARD_PROCESSOR
CARD0002274,ACC0004290,DEBIT,RUPAY,2018-01-09,ACTIVE,50000,7403,CARD_PROCESSOR
CARD0002275,ACC0004646,DEBIT,VISA,2024-11-05,ACTIVE,50000,8383,CARD_PROCESSOR
CARD0002276,ACC0000811,DEBIT,MASTERCARD,2021-01-09,ACTIVE,250000,9034,CARD_PROCESSOR
CARD0002277,ACC0000422,CREDIT,VISA,2024-03-29,ACTIVE,50000,4630,CARD_PROCESSOR
CARD0002278,ACC0001387,DEBIT,VISA,2020-10-17,ACTIVE,0,4588,CARD_PROCESSOR
CARD0002279,ACC0000135,DEBIT,MASTERCARD,2021-08-20,ACTIVE,25000,4896,CARD_PROCESSOR
CARD0002280,ACC0002705,CREDIT,MASTERCARD,2020-04-12,ACTIVE,0,6202,CARD_PROCESSOR
CARD0002281,ACC0004890,CREDIT,VISA,2025-01-18,ACTIVE,150000,0649,CARD_PROCESSOR
CARD0002282,ACC0003139,DEBIT,MASTERCARD,2020-03-08,ACTIVE,150000,1643,CARD_PROCESSOR
CARD0002283,ACC0002265,CREDIT,VISA,2019-10-19,ACTIVE,100000,7909,CARD_PROCESSOR
CARD0002284,ACC0003992,DEBIT,MASTERCARD,2025-11-14,ACTIVE,25000,4151,CARD_PROCESSOR
CARD0002285,ACC0000477,DEBIT,VISA,2020-04-20,ACTIVE,250000,9218,CARD_PROCESSOR
CARD0002286,ACC0000011,DEBIT,RUPAY,2018-02-08,ACTIVE,25000,7026,CARD_PROCESSOR
CARD0002287,ACC0000785,CREDIT,RUPAY,2023-02-09,ACTIVE,25000,6681,CARD_PROCESSOR
CARD0002288,ACC0001874,DEBIT,VISA,2026-02-11,ACTIVE,250000,8451,CARD_PROCESSOR
CARD0002289,ACC0001779,DEBIT,VISA,2019-05-16,ACTIVE,250000,7297,CARD_PROCESSOR
CARD0002290,ACC0000624,CREDIT,VISA,2023-03-24,ACTIVE,50000,4235,CARD_PROCESSOR
CARD0002291,ACC0004082,DEBIT,RUPAY,2018-08-20,ACTIVE,250000,4585,CARD_PROCESSOR
CARD0002292,ACC0002549,CREDIT,RUPAY,2025-09-17,ACTIVE,75000,2515,CARD_PROCESSOR
CARD0002293,ACC0001585,CREDIT,RUPAY,2022-01-06,ACTIVE,75000,6637,CARD_PROCESSOR
CARD0002294,ACC0000275,DEBIT,VISA,2023-06-14,ACTIVE,25000,7804,CARD_PROCESSOR
CARD0002295,ACC0000338,CREDIT,MASTERCARD,2025-03-07,ACTIVE,100000,4394,CARD_PROCESSOR
CARD0002296,ACC0003074,CREDIT,RUPAY,2018-10-04,ACTIVE,0,2252,CARD_PROCESSOR
CARD0002297,ACC0002546,DEBIT,MASTERCARD,2025-03-19,ACTIVE,150000,1846,CARD_PROCESSOR
CARD0002298,ACC0004339,DEBIT,RUPAY,2024-02-14,ACTIVE,25000,3863,CARD_PROCESSOR
CARD0002299,ACC0001530,DEBIT,MASTERCARD,2021-06-06,ACTIVE,75000,4452,CARD_PROCESSOR
CARD0002300,ACC0004737,DEBIT,MASTERCARD,2020-07-29,ACTIVE,100000,4758,CARD_PROCESSOR
CARD0002301,ACC0001044,DEBIT,RUPAY,2022-12-17,ACTIVE,75000,7008,CARD_PROCESSOR
CARD0002302,ACC0003339,CREDIT,RUPAY,2021-01-02,ACTIVE,250000,1139,CARD_PROCESSOR
CARD0002303,ACC0000219,DEBIT,MASTERCARD,2024-07-28,ACTIVE,150000,7581,CARD_PROCESSOR
CARD0002304,ACC0001143,DEBIT,RUPAY,2018-03-19,ACTIVE,0,2801,CARD_PROCESSOR
CARD0002305,ACC0000272,DEBIT,VISA,2022-01-02,ACTIVE,75000,4056,CARD_PROCESSOR
CARD0002306,ACC0003679,DEBIT,RUPAY,2023-05-20,ACTIVE,25000,2615,CARD_PROCESSOR
CARD0002307,ACC0002065,DEBIT,VISA,2018-02-06,ACTIVE,0,3978,CARD_PROCESSOR
CARD0002308,ACC0003001,CREDIT,VISA,2019-09-18,ACTIVE,25000,0122,CARD_PROCESSOR
CARD0002309,ACC0002860,DEBIT,VISA,2022-02-03,ACTIVE,50000,4137,CARD_PROCESSOR
CARD0002310,ACC0001098,DEBIT,MASTERCARD,2019-04-16,ACTIVE,75000,2987,CARD_PROCESSOR
CARD0002311,ACC0004991,DEBIT,MASTERCARD,2023-04-10,ACTIVE,25000,2689,CARD_PROCESSOR
CARD0002312,ACC0003036,DEBIT,RUPAY,2019-05-09,ACTIVE,50000,4416,CARD_PROCESSOR
CARD0002313,ACC0003443,CREDIT,RUPAY,2022-03-24,ACTIVE,75000,2336,CARD_PROCESSOR
CARD0002314,ACC0003241,CREDIT,VISA,2024-07-08,ACTIVE,250000,9400,CARD_PROCESSOR
CARD0002315,ACC0003052,CREDIT,MASTERCARD,2025-07-27,ACTIVE,75000,1800,CARD_PROCESSOR
CARD0002316,ACC0004299,DEBIT,RUPAY,2025-10-29,ACTIVE,150000,9806,CARD_PROCESSOR
CARD0002317,ACC0002248,DEBIT,MASTERCARD,2019-12-13,ACTIVE,0,0201,CARD_PROCESSOR
CARD0002318,ACC0003778,CREDIT,RUPAY,2021-01-01,ACTIVE,150000,6614,CARD_PROCESSOR
CARD0002319,ACC0003098,DEBIT,RUPAY,2022-07-28,ACTIVE,50000,5678,CARD_PROCESSOR
CARD0002320,ACC0003887,DEBIT,MASTERCARD,2025-09-21,ACTIVE,25000,1511,CARD_PROCESSOR
CARD0002321,ACC0003212,CREDIT,RUPAY,2025-06-21,ACTIVE,0,4266,CARD_PROCESSOR
CARD0002322,ACC0000789,CREDIT,RUPAY,2023-01-14,ACTIVE,50000,0601,CARD_PROCESSOR
CARD0002323,ACC0004686,CREDIT,RUPAY,2019-12-03,ACTIVE,150000,0078,CARD_PROCESSOR
CARD0002324,ACC0001818,CREDIT,RUPAY,2024-11-18,ACTIVE,25000,6503,CARD_PROCESSOR
CARD0002325,ACC0004730,DEBIT,RUPAY,2020-11-03,ACTIVE,25000,2863,CARD_PROCESSOR
CARD0002326,ACC0004964,DEBIT,VISA,2019-08-17,ACTIVE,75000,5780,CARD_PROCESSOR
CARD0002327,ACC0002027,CREDIT,RUPAY,2021-01-21,ACTIVE,0,3191,CARD_PROCESSOR
CARD0002328,ACC0004608,CREDIT,MASTERCARD,2025-10-16,ACTIVE,250000,8757,CARD_PROCESSOR
CARD0002329,ACC0001430,DEBIT,RUPAY,2024-10-20,EXPIRED,75000,5848,CARD_PROCESSOR
CARD0002330,ACC0002154,CREDIT,VISA,2023-07-03,ACTIVE,25000,2193,CARD_PROCESSOR
CARD0002331,ACC0000998,CREDIT,VISA,2022-04-06,ACTIVE,75000,4005,CARD_PROCESSOR
CARD0002332,ACC0004330,DEBIT,RUPAY,2018-05-13,BLOCKED,50000,8554,CARD_PROCESSOR
CARD0002333,ACC0000744,CREDIT,VISA,2022-04-04,BLOCKED,100000,1001,CARD_PROCESSOR
CARD0002334,ACC0000004,DEBIT,RUPAY,2019-06-01,ACTIVE,50000,4968,CARD_PROCESSOR
CARD0002335,ACC0004493,DEBIT,VISA,2019-02-22,ACTIVE,75000,4663,CARD_PROCESSOR
CARD0002336,ACC0001661,CREDIT,MASTERCARD,2024-11-26,ACTIVE,100000,2222,CARD_PROCESSOR
CARD0002337,ACC0001806,CREDIT,VISA,2021-02-24,ACTIVE,0,0638,CARD_PROCESSOR
CARD0002338,ACC0004135,DEBIT,VISA,2023-10-17,ACTIVE,100000,8796,CARD_PROCESSOR
CARD0002339,ACC0002659,DEBIT,RUPAY,2022-03-15,ACTIVE,75000,6402,CARD_PROCESSOR
CARD0002340,ACC0004526,CREDIT,RUPAY,2023-11-12,BLOCKED,150000,4113,CARD_PROCESSOR
CARD0002341,ACC0000585,CREDIT,VISA,2024-01-18,ACTIVE,250000,0831,CARD_PROCESSOR
CARD0002342,ACC0001915,DEBIT,MASTERCARD,2026-01-10,ACTIVE,250000,8225,CARD_PROCESSOR
CARD0002343,ACC0000514,DEBIT,RUPAY,2024-10-27,ACTIVE,0,1639,CARD_PROCESSOR
CARD0002344,ACC0003510,CREDIT,RUPAY,2022-07-27,ACTIVE,75000,8571,CARD_PROCESSOR
CARD0002345,ACC0003747,CREDIT,MASTERCARD,2022-10-29,ACTIVE,150000,6863,CARD_PROCESSOR
CARD0002346,ACC0004287,CREDIT,RUPAY,2024-10-31,ACTIVE,0,4508,CARD_PROCESSOR
CARD0002347,ACC0000974,DEBIT,MASTERCARD,2021-10-04,ACTIVE,150000,1025,CARD_PROCESSOR
CARD0002348,ACC0002282,DEBIT,VISA,2024-12-01,EXPIRED,75000,2440,CARD_PROCESSOR
CARD0002349,ACC0001896,CREDIT,MASTERCARD,2024-03-06,ACTIVE,250000,4149,CARD_PROCESSOR
CARD0002350,ACC0003949,CREDIT,VISA,2025-12-09,ACTIVE,150000,5617,CARD_PROCESSOR
CARD0002351,ACC0003310,CREDIT,RUPAY,2025-08-29,EXPIRED,250000,5740,CARD_PROCESSOR
CARD0002352,ACC0000685,CREDIT,RUPAY,2022-11-15,ACTIVE,150000,8459,CARD_PROCESSOR
CARD0002353,ACC0003248,DEBIT,RUPAY,2024-07-05,ACTIVE,150000,3667,CARD_PROCESSOR
CARD0002354,ACC0000757,CREDIT,RUPAY,2021-11-05,ACTIVE,0,8442,CARD_PROCESSOR
CARD0002355,ACC0002710,DEBIT,MASTERCARD,2018-01-02,ACTIVE,25000,5172,CARD_PROCESSOR
CARD0002356,ACC0000568,CREDIT,RUPAY,2020-11-04,BLOCKED,25000,0222,CARD_PROCESSOR
CARD0002357,ACC0003048,CREDIT,MASTERCARD,2021-07-13,ACTIVE,50000,3141,CARD_PROCESSOR
CARD0002358,ACC0004099,DEBIT,VISA,2019-06-23,ACTIVE,75000,3280,CARD_PROCESSOR
CARD0002359,ACC0000118,CREDIT,RUPAY,2019-11-30,ACTIVE,100000,8707,CARD_PROCESSOR
CARD0002360,ACC0000638,CREDIT,RUPAY,2024-07-12,ACTIVE,50000,6372,CARD_PROCESSOR
CARD0002361,ACC0002756,CREDIT,RUPAY,2020-10-09,ACTIVE,150000,1693,CARD_PROCESSOR
CARD0002362,ACC0003460,DEBIT,RUPAY,2018-10-30,ACTIVE,0,6838,CARD_PROCESSOR
CARD0002363,ACC0003025,CREDIT,MASTERCARD,2019-04-12,ACTIVE,250000,7798,CARD_PROCESSOR
CARD0002364,ACC0003670,DEBIT,VISA,2020-09-20,ACTIVE,0,9562,CARD_PROCESSOR
CARD0002365,ACC0003784,CREDIT,MASTERCARD,2019-06-14,ACTIVE,50000,6664,CARD_PROCESSOR
CARD0002366,ACC0001405,CREDIT,MASTERCARD,2022-07-08,EXPIRED,25000,7351,CARD_PROCESSOR
CARD0002367,ACC0002050,DEBIT,RUPAY,2018-05-04,ACTIVE,25000,1092,CARD_PROCESSOR
CARD0002368,ACC0000537,CREDIT,RUPAY,2025-05-27,ACTIVE,50000,2057,CARD_PROCESSOR
CARD0002369,ACC0004842,CREDIT,VISA,2025-06-28,ACTIVE,25000,2461,CARD_PROCESSOR
CARD0002370,ACC0000745,DEBIT,MASTERCARD,2022-02-11,ACTIVE,150000,1030,CARD_PROCESSOR
CARD0002371,ACC0003657,DEBIT,MASTERCARD,2023-04-25,ACTIVE,25000,4158,CARD_PROCESSOR
CARD0002372,ACC0004497,DEBIT,VISA,2022-11-05,ACTIVE,75000,6322,CARD_PROCESSOR
CARD0002373,ACC0000787,DEBIT,MASTERCARD,2019-03-21,ACTIVE,50000,0219,CARD_PROCESSOR
CARD0002374,ACC0004242,DEBIT,MASTERCARD,2021-06-01,ACTIVE,50000,4962,CARD_PROCESSOR
CARD0002375,ACC0004551,DEBIT,MASTERCARD,2023-10-19,ACTIVE,75000,6594,CARD_PROCESSOR
CARD0002376,ACC0001008,DEBIT,VISA,2020-02-15,ACTIVE,100000,7723,CARD_PROCESSOR
CARD0002377,ACC0001150,CREDIT,VISA,2021-11-02,ACTIVE,75000,0244,CARD_PROCESSOR
CARD0002378,ACC0003151,DEBIT,MASTERCARD,2023-01-18,ACTIVE,100000,6448,CARD_PROCESSOR
CARD0002379,ACC0000817,DEBIT,MASTERCARD,2020-01-13,ACTIVE,25000,5454,CARD_PROCESSOR
CARD0002380,ACC0004251,CREDIT,MASTERCARD,2021-06-28,EXPIRED,0,8547,CARD_PROCESSOR
CARD0002381,ACC0003104,DEBIT,MASTERCARD,2018-02-28,EXPIRED,100000,1096,CARD_PROCESSOR
CARD0002382,ACC0000638,CREDIT,RUPAY,2024-02-22,EXPIRED,50000,2101,CARD_PROCESSOR
CARD0002383,ACC0001219,DEBIT,RUPAY,2022-07-21,ACTIVE,0,3302,CARD_PROCESSOR
CARD0002384,ACC0000675,CREDIT,VISA,2019-01-18,ACTIVE,100000,1431,CARD_PROCESSOR
CARD0002385,ACC0000620,CREDIT,RUPAY,2023-05-21,ACTIVE,75000,2474,CARD_PROCESSOR
CARD0002386,ACC0003262,CREDIT,RUPAY,2021-11-15,ACTIVE,250000,5229,CARD_PROCESSOR
CARD0002387,ACC0002224,CREDIT,RUPAY,2025-05-16,ACTIVE,50000,0393,CARD_PROCESSOR
CARD0002388,ACC0004464,CREDIT,RUPAY,2019-01-07,ACTIVE,75000,0505,CARD_PROCESSOR
CARD0002389,ACC0003467,CREDIT,VISA,2020-01-05,EXPIRED,0,6264,CARD_PROCESSOR
CARD0002390,ACC0004102,CREDIT,RUPAY,2024-09-17,BLOCKED,75000,5380,CARD_PROCESSOR
CARD0002391,ACC0004153,CREDIT,MASTERCARD,2023-03-14,ACTIVE,100000,3337,CARD_PROCESSOR
CARD0002392,ACC0000002,CREDIT,MASTERCARD,2018-07-10,ACTIVE,100000,7747,CARD_PROCESSOR
CARD0002393,ACC0004917,DEBIT,MASTERCARD,2019-04-21,ACTIVE,250000,6606,CARD_PROCESSOR
CARD0002394,ACC0002471,CREDIT,RUPAY,2021-02-23,EXPIRED,50000,6098,CARD_PROCESSOR
CARD0002395,ACC0002979,DEBIT,MASTERCARD,2025-12-10,ACTIVE,250000,0666,CARD_PROCESSOR
CARD0002396,ACC0000628,CREDIT,VISA,2025-07-22,ACTIVE,150000,5777,CARD_PROCESSOR
CARD0002397,ACC0000773,CREDIT,VISA,2024-02-22,ACTIVE,75000,6094,CARD_PROCESSOR
CARD0002398,ACC0000678,DEBIT,VISA,2024-03-26,ACTIVE,150000,9075,CARD_PROCESSOR
CARD0002399,ACC0004563,CREDIT,VISA,2019-07-30,ACTIVE,25000,5367,CARD_PROCESSOR
CARD0002400,ACC0000900,DEBIT,MASTERCARD,2020-11-07,ACTIVE,50000,8135,CARD_PROCESSOR
CARD0002401,ACC0000129,CREDIT,RUPAY,2019-10-11,ACTIVE,25000,5571,CARD_PROCESSOR
CARD0002402,ACC0002358,DEBIT,VISA,2021-03-17,ACTIVE,25000,3339,CARD_PROCESSOR
CARD0002403,ACC0004205,CREDIT,VISA,2025-02-08,ACTIVE,25000,0465,CARD_PROCESSOR
CARD0002404,ACC0000620,DEBIT,VISA,2025-06-03,ACTIVE,250000,6289,CARD_PROCESSOR
CARD0002405,ACC0002680,CREDIT,VISA,2023-05-24,EXPIRED,75000,5604,CARD_PROCESSOR
CARD0002406,ACC0002337,CREDIT,VISA,2024-01-15,ACTIVE,100000,1274,CARD_PROCESSOR
CARD0002407,ACC0000172,CREDIT,RUPAY,2021-11-25,ACTIVE,50000,2354,CARD_PROCESSOR
CARD0002408,ACC0004509,CREDIT,RUPAY,2025-01-13,EXPIRED,250000,5928,CARD_PROCESSOR
CARD0002409,ACC0000723,CREDIT,RUPAY,2021-01-16,ACTIVE,150000,1579,CARD_PROCESSOR
CARD0002410,ACC0001241,CREDIT,RUPAY,2022-08-18,ACTIVE,25000,8140,CARD_PROCESSOR
CARD0002411,ACC0004991,CREDIT,VISA,2019-06-16,ACTIVE,75000,7316,CARD_PROCESSOR
CARD0002412,ACC0002984,DEBIT,MASTERCARD,2020-05-16,ACTIVE,250000,4041,CARD_PROCESSOR
CARD0002413,ACC0002649,DEBIT,RUPAY,2025-06-21,ACTIVE,50000,1638,CARD_PROCESSOR
CARD0002414,ACC0001531,DEBIT,MASTERCARD,2018-06-10,EXPIRED,50000,7155,CARD_PROCESSOR
CARD0002415,ACC0000155,CREDIT,RUPAY,2019-09-29,ACTIVE,25000,8464,CARD_PROCESSOR
CARD0002416,ACC0001221,DEBIT,VISA,2020-09-08,ACTIVE,150000,7531,CARD_PROCESSOR
CARD0002417,ACC0004892,DEBIT,MASTERCARD,2022-02-10,ACTIVE,100000,9714,CARD_PROCESSOR
CARD0002418,ACC0002369,CREDIT,MASTERCARD,2018-05-06,ACTIVE,150000,0139,CARD_PROCESSOR
CARD0002419,ACC0004480,CREDIT,MASTERCARD,2020-05-27,ACTIVE,75000,8328,CARD_PROCESSOR
CARD0002420,ACC0001577,CREDIT,MASTERCARD,2021-09-25,ACTIVE,150000,2699,CARD_PROCESSOR
CARD0002421,ACC0003077,CREDIT,MASTERCARD,2025-01-22,EXPIRED,250000,1008,CARD_PROCESSOR
CARD0002422,ACC0004642,DEBIT,VISA,2023-02-27,ACTIVE,75000,3838,CARD_PROCESSOR
CARD0002423,ACC0000321,CREDIT,VISA,2019-10-27,ACTIVE,50000,1619,CARD_PROCESSOR
CARD0002424,ACC0001248,DEBIT,RUPAY,2026-03-18,ACTIVE,250000,1828,CARD_PROCESSOR
CARD0002425,ACC0004413,DEBIT,MASTERCARD,2021-03-17,ACTIVE,25000,2113,CARD_PROCESSOR
CARD0002426,ACC0002438,CREDIT,RUPAY,2026-01-07,ACTIVE,25000,7515,CARD_PROCESSOR
CARD0002427,ACC0000921,DEBIT,RUPAY,2022-08-09,ACTIVE,150000,4317,CARD_PROCESSOR
CARD0002428,ACC0000600,CREDIT,RUPAY,2020-11-03,ACTIVE,250000,2884,CARD_PROCESSOR
CARD0002429,ACC0004099,DEBIT,RUPAY,2019-01-18,ACTIVE,50000,7518,CARD_PROCESSOR
CARD0002430,ACC0004692,CREDIT,MASTERCARD,2024-05-26,ACTIVE,100000,3786,CARD_PROCESSOR
CARD0002431,ACC0000279,DEBIT,MASTERCARD,2021-04-07,ACTIVE,100000,7246,CARD_PROCESSOR
CARD0002432,ACC0004164,CREDIT,RUPAY,2018-01-30,ACTIVE,100000,7731,CARD_PROCESSOR
CARD0002433,ACC0001300,CREDIT,VISA,2023-05-11,BLOCKED,150000,8427,CARD_PROCESSOR
CARD0002434,ACC0004473,CREDIT,VISA,2024-10-18,ACTIVE,25000,7079,CARD_PROCESSOR
CARD0002435,ACC0004503,DEBIT,VISA,2025-04-08,ACTIVE,0,0625,CARD_PROCESSOR
CARD0002436,ACC0004445,DEBIT,MASTERCARD,2021-02-23,ACTIVE,100000,3706,CARD_PROCESSOR
CARD0002437,ACC0003904,CREDIT,RUPAY,2021-01-03,ACTIVE,75000,7779,CARD_PROCESSOR
CARD0002438,ACC0003324,DEBIT,RUPAY,2018-11-14,ACTIVE,50000,9871,CARD_PROCESSOR
CARD0002439,ACC0003252,DEBIT,VISA,2024-11-09,BLOCKED,25000,7470,CARD_PROCESSOR
CARD0002440,ACC0004455,CREDIT,RUPAY,2019-09-28,ACTIVE,25000,6848,CARD_PROCESSOR
CARD0002441,ACC0000102,DEBIT,RUPAY,2025-04-13,ACTIVE,25000,6394,CARD_PROCESSOR
CARD0002442,ACC0003853,DEBIT,MASTERCARD,2024-01-18,ACTIVE,250000,2224,CARD_PROCESSOR
CARD0002443,ACC0002158,DEBIT,MASTERCARD,2020-07-07,ACTIVE,250000,1673,CARD_PROCESSOR
CARD0002444,ACC0003668,DEBIT,MASTERCARD,2018-08-04,ACTIVE,0,0920,CARD_PROCESSOR
CARD0002445,ACC0002119,DEBIT,RUPAY,2020-10-11,ACTIVE,25000,0884,CARD_PROCESSOR
CARD0002446,ACC0002956,CREDIT,RUPAY,2023-03-17,ACTIVE,100000,0728,CARD_PROCESSOR
CARD0002447,ACC0003028,CREDIT,MASTERCARD,2022-03-07,ACTIVE,100000,4367,CARD_PROCESSOR
CARD0002448,ACC0004567,DEBIT,RUPAY,2025-11-02,ACTIVE,0,2046,CARD_PROCESSOR
CARD0002449,ACC0002731,CREDIT,RUPAY,2019-07-29,ACTIVE,0,2636,CARD_PROCESSOR
CARD0002450,ACC0000962,DEBIT,RUPAY,2019-12-25,ACTIVE,100000,1713,CARD_PROCESSOR
CARD0002451,ACC0004480,DEBIT,VISA,2018-07-25,ACTIVE,0,6467,CARD_PROCESSOR
CARD0002452,ACC0000141,CREDIT,RUPAY,2018-05-21,ACTIVE,75000,0458,CARD_PROCESSOR
CARD0002453,ACC0001595,DEBIT,VISA,2023-06-26,ACTIVE,100000,8903,CARD_PROCESSOR
CARD0002454,ACC0001083,DEBIT,VISA,2025-03-13,ACTIVE,25000,9771,CARD_PROCESSOR
CARD0002455,ACC0001342,DEBIT,MASTERCARD,2019-03-06,ACTIVE,0,4964,CARD_PROCESSOR
CARD0002456,ACC0004494,CREDIT,MASTERCARD,2019-07-13,ACTIVE,75000,1445,CARD_PROCESSOR
CARD0002457,ACC0003336,CREDIT,VISA,2018-07-28,ACTIVE,50000,0292,CARD_PROCESSOR
CARD0002458,ACC0000626,CREDIT,RUPAY,2022-10-01,ACTIVE,50000,4989,CARD_PROCESSOR
CARD0002459,ACC0001538,DEBIT,VISA,2024-01-09,ACTIVE,250000,1568,CARD_PROCESSOR
CARD0002460,ACC0002186,DEBIT,MASTERCARD,2021-06-25,ACTIVE,100000,7481,CARD_PROCESSOR
CARD0002461,ACC0003838,CREDIT,RUPAY,2019-01-21,ACTIVE,250000,6140,CARD_PROCESSOR
CARD0002462,ACC0004499,CREDIT,MASTERCARD,2026-01-02,ACTIVE,0,0550,CARD_PROCESSOR
CARD0002463,ACC0001951,CREDIT,MASTERCARD,2023-02-12,EXPIRED,100000,3634,CARD_PROCESSOR
CARD0002464,ACC0003135,DEBIT,RUPAY,2023-03-16,ACTIVE,100000,5814,CARD_PROCESSOR
CARD0002465,ACC0003743,DEBIT,RUPAY,2026-03-18,ACTIVE,100000,5389,CARD_PROCESSOR
CARD0002466,ACC0003107,CREDIT,RUPAY,2022-07-29,ACTIVE,50000,8325,CARD_PROCESSOR
CARD0002467,ACC0000316,DEBIT,RUPAY,2026-02-06,ACTIVE,0,2148,CARD_PROCESSOR
CARD0002468,ACC0000083,DEBIT,VISA,2018-08-24,ACTIVE,25000,8056,CARD_PROCESSOR
CARD0002469,ACC0001074,CREDIT,RUPAY,2020-03-08,ACTIVE,75000,6854,CARD_PROCESSOR
CARD0002470,ACC0000899,CREDIT,VISA,2018-09-19,ACTIVE,50000,8232,CARD_PROCESSOR
CARD0002471,ACC0000739,CREDIT,RUPAY,2025-11-29,ACTIVE,100000,8847,CARD_PROCESSOR
CARD0002472,ACC0003276,CREDIT,MASTERCARD,2022-06-26,EXPIRED,150000,1160,CARD_PROCESSOR
CARD0002473,ACC0004293,CREDIT,MASTERCARD,2024-10-13,ACTIVE,25000,0478,CARD_PROCESSOR
CARD0002474,ACC0001687,CREDIT,VISA,2022-03-31,ACTIVE,0,5720,CARD_PROCESSOR
CARD0002475,ACC0000324,DEBIT,VISA,2020-07-17,ACTIVE,0,2277,CARD_PROCESSOR
CARD0002476,ACC0004096,DEBIT,MASTERCARD,2020-08-28,ACTIVE,100000,1306,CARD_PROCESSOR
CARD0002477,ACC0000734,CREDIT,RUPAY,2022-01-28,BLOCKED,25000,2821,CARD_PROCESSOR
CARD0002478,ACC0002349,DEBIT,MASTERCARD,2025-01-01,ACTIVE,50000,4677,CARD_PROCESSOR
CARD0002479,ACC0000776,DEBIT,MASTERCARD,2023-12-21,ACTIVE,100000,4351,CARD_PROCESSOR
CARD0002480,ACC0004513,CREDIT,RUPAY,2019-02-20,ACTIVE,150000,8233,CARD_PROCESSOR
CARD0002481,ACC0004978,CREDIT,MASTERCARD,2024-05-29,ACTIVE,25000,5324,CARD_PROCESSOR
CARD0002482,ACC0000843,CREDIT,MASTERCARD,2025-12-11,ACTIVE,150000,3034,CARD_PROCESSOR
CARD0002483,ACC0003442,DEBIT,MASTERCARD,2018-07-01,ACTIVE,100000,7717,CARD_PROCESSOR
CARD0002484,ACC0000363,CREDIT,MASTERCARD,2021-10-09,ACTIVE,0,5176,CARD_PROCESSOR
CARD0002485,ACC0002155,DEBIT,VISA,2019-02-24,ACTIVE,75000,1799,CARD_PROCESSOR
CARD0002486,ACC0001140,DEBIT,RUPAY,2022-10-26,ACTIVE,0,2132,CARD_PROCESSOR
CARD0002487,ACC0003981,DEBIT,RUPAY,2018-04-10,EXPIRED,150000,0326,CARD_PROCESSOR
CARD0002488,ACC0001084,CREDIT,VISA,2023-02-12,EXPIRED,50000,4233,CARD_PROCESSOR
CARD0002489,ACC0003517,CREDIT,RUPAY,2018-07-28,ACTIVE,0,5724,CARD_PROCESSOR
CARD0002490,ACC0002221,CREDIT,MASTERCARD,2025-03-04,ACTIVE,150000,7762,CARD_PROCESSOR
CARD0002491,ACC0001431,CREDIT,MASTERCARD,2018-05-09,ACTIVE,50000,3660,CARD_PROCESSOR
CARD0002492,ACC0003659,DEBIT,VISA,2025-05-31,ACTIVE,250000,8464,CARD_PROCESSOR
CARD0002493,ACC0001471,CREDIT,VISA,2024-10-26,ACTIVE,25000,4095,CARD_PROCESSOR
CARD0002494,ACC0000934,CREDIT,RUPAY,2022-12-03,ACTIVE,250000,4683,CARD_PROCESSOR
CARD0002495,ACC0001171,DEBIT,RUPAY,2021-05-08,ACTIVE,150000,4474,CARD_PROCESSOR
CARD0002496,ACC0004682,DEBIT,VISA,2023-09-24,ACTIVE,75000,9342,CARD_PROCESSOR
CARD0002497,ACC0000423,CREDIT,MASTERCARD,2024-10-07,ACTIVE,250000,4459,CARD_PROCESSOR
CARD0002498,ACC0002926,CREDIT,MASTERCARD,2024-07-30,ACTIVE,0,1520,CARD_PROCESSOR
CARD0002499,ACC0001193,DEBIT,VISA,2021-01-31,EXPIRED,50000,5479,CARD_PROCESSOR
CARD0002500,ACC0002692,DEBIT,MASTERCARD,2018-06-12,ACTIVE,25000,0031,CARD_PROCESSOR
CARD0002501,ACC0002958,DEBIT,MASTERCARD,2024-01-21,ACTIVE,25000,8585,CARD_PROCESSOR
CARD0002502,ACC0002880,DEBIT,VISA,2018-06-24,ACTIVE,75000,2039,CARD_PROCESSOR
CARD0002503,ACC0002347,CREDIT,MASTERCARD,2022-11-14,ACTIVE,50000,3901,CARD_PROCESSOR
CARD0002504,ACC0004398,DEBIT,VISA,2024-11-05,ACTIVE,100000,8001,CARD_PROCESSOR
CARD0002505,ACC0003221,DEBIT,RUPAY,2025-02-12,ACTIVE,100000,2428,CARD_PROCESSOR
CARD0002506,ACC0003542,CREDIT,VISA,2018-04-14,ACTIVE,25000,1501,CARD_PROCESSOR
CARD0002507,ACC0003895,DEBIT,RUPAY,2020-08-20,ACTIVE,75000,0382,CARD_PROCESSOR
CARD0002508,ACC0002725,DEBIT,VISA,2022-08-08,ACTIVE,0,2727,CARD_PROCESSOR
CARD0002509,ACC0002501,CREDIT,RUPAY,2024-07-22,ACTIVE,0,2152,CARD_PROCESSOR
CARD0002510,ACC0003822,DEBIT,MASTERCARD,2018-11-17,ACTIVE,100000,8341,CARD_PROCESSOR
CARD0002511,ACC0002855,CREDIT,VISA,2018-03-31,ACTIVE,75000,4435,CARD_PROCESSOR
CARD0002512,ACC0003238,DEBIT,VISA,2025-01-19,ACTIVE,100000,5555,CARD_PROCESSOR
CARD0002513,ACC0002919,CREDIT,VISA,2021-02-20,ACTIVE,25000,4266,CARD_PROCESSOR
CARD0002514,ACC0004134,CREDIT,RUPAY,2020-09-24,ACTIVE,150000,8643,CARD_PROCESSOR
CARD0002515,ACC0003884,CREDIT,RUPAY,2024-10-25,ACTIVE,50000,1120,CARD_PROCESSOR
CARD0002516,ACC0003596,DEBIT,MASTERCARD,2024-02-22,ACTIVE,150000,8374,CARD_PROCESSOR
CARD0002517,ACC0001211,CREDIT,MASTERCARD,2025-01-11,ACTIVE,150000,7858,CARD_PROCESSOR
CARD0002518,ACC0004379,CREDIT,RUPAY,2019-05-19,EXPIRED,50000,1828,CARD_PROCESSOR
CARD0002519,ACC0000972,DEBIT,MASTERCARD,2019-12-15,BLOCKED,100000,3085,CARD_PROCESSOR
CARD0002520,ACC0004258,CREDIT,VISA,2024-11-22,ACTIVE,150000,3254,CARD_PROCESSOR
CARD0002521,ACC0001044,DEBIT,MASTERCARD,2025-07-22,ACTIVE,150000,1174,CARD_PROCESSOR
CARD0002522,ACC0000379,DEBIT,RUPAY,2023-08-21,ACTIVE,50000,0576,CARD_PROCESSOR
CARD0002523,ACC0001261,DEBIT,RUPAY,2022-10-24,ACTIVE,0,3216,CARD_PROCESSOR
CARD0002524,ACC0003787,DEBIT,VISA,2025-06-28,ACTIVE,0,2759,CARD_PROCESSOR
CARD0002525,ACC0002110,DEBIT,RUPAY,2025-05-13,ACTIVE,250000,7993,CARD_PROCESSOR
CARD0002526,ACC0002844,CREDIT,VISA,2020-09-19,ACTIVE,0,0237,CARD_PROCESSOR
CARD0002527,ACC0004200,DEBIT,MASTERCARD,2023-02-20,ACTIVE,25000,9447,CARD_PROCESSOR
CARD0002528,ACC0003547,CREDIT,RUPAY,2021-11-08,EXPIRED,250000,3788,CARD_PROCESSOR
CARD0002529,ACC0000612,DEBIT,MASTERCARD,2025-12-06,ACTIVE,75000,6263,CARD_PROCESSOR
CARD0002530,ACC0000992,CREDIT,RUPAY,2025-06-15,ACTIVE,150000,8249,CARD_PROCESSOR
CARD0002531,ACC0001143,CREDIT,RUPAY,2025-01-27,ACTIVE,75000,3087,CARD_PROCESSOR
CARD0002532,ACC0004312,DEBIT,MASTERCARD,2018-11-03,ACTIVE,0,5158,CARD_PROCESSOR
CARD0002533,ACC0004254,CREDIT,VISA,2025-12-26,EXPIRED,0,3824,CARD_PROCESSOR
CARD0002534,ACC0001765,CREDIT,MASTERCARD,2025-10-01,ACTIVE,150000,3082,CARD_PROCESSOR
CARD0002535,ACC0003841,CREDIT,RUPAY,2019-04-22,EXPIRED,25000,9228,CARD_PROCESSOR
CARD0002536,ACC0004010,DEBIT,VISA,2023-06-28,ACTIVE,50000,1637,CARD_PROCESSOR
CARD0002537,ACC0004960,CREDIT,RUPAY,2022-03-21,ACTIVE,50000,5859,CARD_PROCESSOR
CARD0002538,ACC0002645,DEBIT,MASTERCARD,2026-01-30,ACTIVE,100000,2372,CARD_PROCESSOR
CARD0002539,ACC0001695,DEBIT,MASTERCARD,2023-01-02,BLOCKED,75000,6762,CARD_PROCESSOR
CARD0002540,ACC0003939,CREDIT,RUPAY,2021-08-13,EXPIRED,250000,7741,CARD_PROCESSOR
CARD0002541,ACC0001524,CREDIT,VISA,2019-03-10,ACTIVE,25000,2502,CARD_PROCESSOR
CARD0002542,ACC0002253,CREDIT,VISA,2018-10-16,ACTIVE,0,1643,CARD_PROCESSOR
CARD0002543,ACC0003425,DEBIT,MASTERCARD,2021-06-02,ACTIVE,75000,6190,CARD_PROCESSOR
CARD0002544,ACC0000645,CREDIT,VISA,2023-01-19,ACTIVE,0,3348,CARD_PROCESSOR
CARD0002545,ACC0001881,CREDIT,VISA,2021-10-30,ACTIVE,150000,9004,CARD_PROCESSOR
CARD0002546,ACC0003218,DEBIT,RUPAY,2025-03-14,ACTIVE,0,1320,CARD_PROCESSOR
CARD0002547,ACC0003420,CREDIT,RUPAY,2018-08-20,ACTIVE,50000,6364,CARD_PROCESSOR
CARD0002548,ACC0004872,CREDIT,MASTERCARD,2018-07-30,ACTIVE,150000,7200,CARD_PROCESSOR
CARD0002549,ACC0001304,CREDIT,MASTERCARD,2022-06-26,ACTIVE,0,4178,CARD_PROCESSOR
CARD0002550,ACC0004882,CREDIT,RUPAY,2022-10-17,ACTIVE,25000,3409,CARD_PROCESSOR
CARD0002551,ACC0000468,DEBIT,VISA,2025-07-18,ACTIVE,50000,8257,CARD_PROCESSOR
CARD0002552,ACC0000576,DEBIT,RUPAY,2020-02-22,ACTIVE,50000,5406,CARD_PROCESSOR
CARD0002553,ACC0001799,DEBIT,MASTERCARD,2019-12-01,ACTIVE,150000,9248,CARD_PROCESSOR
CARD0002554,ACC0002412,CREDIT,VISA,2020-05-11,ACTIVE,50000,8897,CARD_PROCESSOR
CARD0002555,ACC0004813,DEBIT,RUPAY,2022-08-18,ACTIVE,0,5950,CARD_PROCESSOR
CARD0002556,ACC0001077,CREDIT,RUPAY,2018-04-06,ACTIVE,50000,3788,CARD_PROCESSOR
CARD0002557,ACC0002175,DEBIT,VISA,2020-11-25,ACTIVE,50000,1361,CARD_PROCESSOR
CARD0002558,ACC0001925,CREDIT,VISA,2024-12-02,ACTIVE,250000,7950,CARD_PROCESSOR
CARD0002559,ACC0003454,CREDIT,RUPAY,2023-05-31,ACTIVE,150000,5333,CARD_PROCESSOR
CARD0002560,ACC0000445,CREDIT,VISA,2025-06-13,ACTIVE,100000,3404,CARD_PROCESSOR
CARD0002561,ACC0003336,CREDIT,MASTERCARD,2019-09-07,ACTIVE,150000,3675,CARD_PROCESSOR
CARD0002562,ACC0004368,CREDIT,MASTERCARD,2025-08-01,ACTIVE,0,9343,CARD_PROCESSOR
CARD0002563,ACC0000415,CREDIT,VISA,2023-07-25,ACTIVE,150000,4429,CARD_PROCESSOR
CARD0002564,ACC0000289,DEBIT,VISA,2021-09-18,ACTIVE,50000,2883,CARD_PROCESSOR
CARD0002565,ACC0002940,CREDIT,MASTERCARD,2022-02-10,ACTIVE,150000,4483,CARD_PROCESSOR
CARD0002566,ACC0001528,DEBIT,VISA,2024-08-14,ACTIVE,150000,0037,CARD_PROCESSOR
CARD0002567,ACC0004324,DEBIT,MASTERCARD,2021-10-10,BLOCKED,100000,7896,CARD_PROCESSOR
CARD0002568,ACC0004595,DEBIT,MASTERCARD,2018-05-01,ACTIVE,0,6361,CARD_PROCESSOR
CARD0002569,ACC0001240,CREDIT,RUPAY,2018-11-03,ACTIVE,250000,8623,CARD_PROCESSOR
CARD0002570,ACC0004620,CREDIT,VISA,2023-12-09,ACTIVE,0,8744,CARD_PROCESSOR
CARD0002571,ACC0003411,DEBIT,VISA,2021-09-14,ACTIVE,50000,8788,CARD_PROCESSOR
CARD0002572,ACC0000115,DEBIT,RUPAY,2021-04-09,ACTIVE,100000,7655,CARD_PROCESSOR
CARD0002573,ACC0000217,DEBIT,RUPAY,2021-11-18,ACTIVE,100000,8662,CARD_PROCESSOR
CARD0002574,ACC0000983,CREDIT,MASTERCARD,2021-04-18,ACTIVE,75000,5012,CARD_PROCESSOR
CARD0002575,ACC0000145,CREDIT,VISA,2022-06-10,ACTIVE,75000,5497,CARD_PROCESSOR
CARD0002576,ACC0004438,DEBIT,RUPAY,2023-01-16,ACTIVE,25000,0951,CARD_PROCESSOR
CARD0002577,ACC0003378,CREDIT,VISA,2022-04-26,ACTIVE,250000,0171,CARD_PROCESSOR
CARD0002578,ACC0002170,CREDIT,RUPAY,2024-06-16,ACTIVE,25000,6435,CARD_PROCESSOR
CARD0002579,ACC0002780,DEBIT,VISA,2018-10-21,ACTIVE,250000,8389,CARD_PROCESSOR
CARD0002580,ACC0001328,CREDIT,VISA,2021-03-25,ACTIVE,0,3590,CARD_PROCESSOR
CARD0002581,ACC0004552,CREDIT,VISA,2018-12-12,ACTIVE,100000,1033,CARD_PROCESSOR
CARD0002582,ACC0000678,DEBIT,RUPAY,2023-05-27,ACTIVE,0,9516,CARD_PROCESSOR
CARD0002583,ACC0002378,DEBIT,VISA,2020-08-08,ACTIVE,0,8045,CARD_PROCESSOR
CARD0002584,ACC0000213,DEBIT,VISA,2023-06-06,ACTIVE,150000,6881,CARD_PROCESSOR
CARD0002585,ACC0004150,CREDIT,MASTERCARD,2024-11-20,ACTIVE,100000,0928,CARD_PROCESSOR
CARD0002586,ACC0000530,CREDIT,MASTERCARD,2020-09-19,ACTIVE,25000,0210,CARD_PROCESSOR
CARD0002587,ACC0000672,CREDIT,MASTERCARD,2022-06-19,ACTIVE,250000,2972,CARD_PROCESSOR
CARD0002588,ACC0002042,DEBIT,VISA,2021-06-07,ACTIVE,100000,3172,CARD_PROCESSOR
CARD0002589,ACC0001273,CREDIT,VISA,2021-09-30,ACTIVE,75000,2434,CARD_PROCESSOR
CARD0002590,ACC0001817,CREDIT,RUPAY,2025-09-03,ACTIVE,25000,4830,CARD_PROCESSOR
CARD0002591,ACC0000736,CREDIT,MASTERCARD,2024-03-16,EXPIRED,250000,4916,CARD_PROCESSOR
CARD0002592,ACC0001195,DEBIT,VISA,2025-05-22,ACTIVE,75000,3305,CARD_PROCESSOR
CARD0002593,ACC0000946,CREDIT,RUPAY,2021-08-28,ACTIVE,250000,0783,CARD_PROCESSOR
CARD0002594,ACC0002218,DEBIT,MASTERCARD,2022-04-19,EXPIRED,0,3894,CARD_PROCESSOR
CARD0002595,ACC0002217,CREDIT,VISA,2018-12-16,ACTIVE,75000,8124,CARD_PROCESSOR
CARD0002596,ACC0001159,CREDIT,RUPAY,2024-08-13,ACTIVE,0,2500,CARD_PROCESSOR
CARD0002597,ACC0002369,DEBIT,VISA,2022-03-03,ACTIVE,50000,2687,CARD_PROCESSOR
CARD0002598,ACC0004283,CREDIT,VISA,2018-08-06,ACTIVE,250000,6206,CARD_PROCESSOR
CARD0002599,ACC0001570,CREDIT,MASTERCARD,2022-05-10,ACTIVE,50000,9518,CARD_PROCESSOR
CARD0002600,ACC0002212,CREDIT,RUPAY,2024-01-10,ACTIVE,50000,3095,CARD_PROCESSOR
CARD0002601,ACC0002149,CREDIT,VISA,2020-09-28,ACTIVE,100000,1057,CARD_PROCESSOR
CARD0002602,ACC0003630,CREDIT,VISA,2025-04-15,ACTIVE,150000,2962,CARD_PROCESSOR
CARD0002603,ACC0003538,DEBIT,RUPAY,2023-05-30,ACTIVE,150000,2154,CARD_PROCESSOR
CARD0002604,ACC0004672,CREDIT,RUPAY,2022-07-16,ACTIVE,250000,4838,CARD_PROCESSOR
CARD0002605,ACC0001047,CREDIT,VISA,2025-11-12,ACTIVE,250000,0697,CARD_PROCESSOR
CARD0002606,ACC0001303,CREDIT,RUPAY,2022-01-16,ACTIVE,0,1789,CARD_PROCESSOR
CARD0002607,ACC0003820,CREDIT,MASTERCARD,2025-04-23,ACTIVE,75000,8573,CARD_PROCESSOR
CARD0002608,ACC0001142,DEBIT,MASTERCARD,2021-12-12,ACTIVE,50000,3701,CARD_PROCESSOR
CARD0002609,ACC0001220,DEBIT,MASTERCARD,2025-12-18,ACTIVE,75000,8935,CARD_PROCESSOR
CARD0002610,ACC0004960,DEBIT,MASTERCARD,2021-11-30,ACTIVE,150000,5178,CARD_PROCESSOR
CARD0002611,ACC0003735,CREDIT,RUPAY,2019-05-20,ACTIVE,150000,5364,CARD_PROCESSOR
CARD0002612,ACC0004800,CREDIT,VISA,2024-01-07,ACTIVE,75000,3531,CARD_PROCESSOR
CARD0002613,ACC0000621,DEBIT,VISA,2024-01-31,ACTIVE,0,1307,CARD_PROCESSOR
CARD0002614,ACC0002642,CREDIT,VISA,2024-11-12,ACTIVE,50000,2813,CARD_PROCESSOR
CARD0002615,ACC0003314,DEBIT,MASTERCARD,2018-08-28,ACTIVE,150000,4502,CARD_PROCESSOR
CARD0002616,ACC0000283,CREDIT,MASTERCARD,2023-03-06,ACTIVE,100000,7081,CARD_PROCESSOR
CARD0002617,ACC0002383,DEBIT,MASTERCARD,2024-11-04,ACTIVE,0,6770,CARD_PROCESSOR
CARD0002618,ACC0000718,CREDIT,VISA,2025-08-02,ACTIVE,75000,0844,CARD_PROCESSOR
CARD0002619,ACC0002276,DEBIT,MASTERCARD,2025-05-19,ACTIVE,75000,2591,CARD_PROCESSOR
CARD0002620,ACC0001403,CREDIT,RUPAY,2022-11-28,ACTIVE,100000,4595,CARD_PROCESSOR
CARD0002621,ACC0002627,DEBIT,VISA,2025-06-14,ACTIVE,50000,3549,CARD_PROCESSOR
CARD0002622,ACC0000232,DEBIT,RUPAY,2021-05-24,ACTIVE,50000,1634,CARD_PROCESSOR
CARD0002623,ACC0003419,CREDIT,RUPAY,2020-04-30,ACTIVE,25000,7057,CARD_PROCESSOR
CARD0002624,ACC0000434,CREDIT,VISA,2026-02-06,ACTIVE,250000,8875,CARD_PROCESSOR
CARD0002625,ACC0003296,CREDIT,VISA,2022-05-28,ACTIVE,150000,3033,CARD_PROCESSOR
CARD0002626,ACC0000600,CREDIT,MASTERCARD,2023-06-17,ACTIVE,250000,9732,CARD_PROCESSOR
CARD0002627,ACC0004343,DEBIT,MASTERCARD,2020-09-09,ACTIVE,150000,5955,CARD_PROCESSOR
CARD0002628,ACC0004569,DEBIT,VISA,2025-06-17,ACTIVE,150000,0899,CARD_PROCESSOR
CARD0002629,ACC0002559,CREDIT,VISA,2020-12-04,ACTIVE,50000,7028,CARD_PROCESSOR
CARD0002630,ACC0001883,CREDIT,RUPAY,2025-08-21,ACTIVE,100000,7509,CARD_PROCESSOR
CARD0002631,ACC0001010,DEBIT,VISA,2019-08-27,ACTIVE,50000,8235,CARD_PROCESSOR
CARD0002632,ACC0003690,CREDIT,MASTERCARD,2025-06-05,ACTIVE,0,9644,CARD_PROCESSOR
CARD0002633,ACC0004902,DEBIT,MASTERCARD,2026-01-07,ACTIVE,150000,1882,CARD_PROCESSOR
CARD0002634,ACC0003409,CREDIT,MASTERCARD,2026-03-19,ACTIVE,25000,2052,CARD_PROCESSOR
CARD0002635,ACC0001797,CREDIT,VISA,2020-09-08,ACTIVE,75000,1715,CARD_PROCESSOR
CARD0002636,ACC0003350,DEBIT,RUPAY,2021-10-07,ACTIVE,75000,2629,CARD_PROCESSOR
CARD0002637,ACC0003828,CREDIT,MASTERCARD,2019-01-12,EXPIRED,250000,9258,CARD_PROCESSOR
CARD0002638,ACC0001022,CREDIT,MASTERCARD,2019-10-25,ACTIVE,150000,7725,CARD_PROCESSOR
CARD0002639,ACC0002424,DEBIT,RUPAY,2020-06-08,ACTIVE,25000,9658,CARD_PROCESSOR
CARD0002640,ACC0002706,DEBIT,VISA,2023-05-22,BLOCKED,250000,0141,CARD_PROCESSOR
CARD0002641,ACC0002348,DEBIT,VISA,2024-09-16,ACTIVE,150000,2269,CARD_PROCESSOR
CARD0002642,ACC0001327,CREDIT,MASTERCARD,2022-07-13,ACTIVE,0,0614,CARD_PROCESSOR
CARD0002643,ACC0004262,CREDIT,VISA,2024-07-24,ACTIVE,100000,5765,CARD_PROCESSOR
CARD0002644,ACC0003260,DEBIT,VISA,2020-10-01,ACTIVE,250000,1156,CARD_PROCESSOR
CARD0002645,ACC0000183,DEBIT,VISA,2023-10-30,ACTIVE,50000,2203,CARD_PROCESSOR
CARD0002646,ACC0004801,DEBIT,VISA,2022-04-10,ACTIVE,25000,2497,CARD_PROCESSOR
CARD0002647,ACC0003691,DEBIT,VISA,2018-09-04,ACTIVE,25000,2526,CARD_PROCESSOR
CARD0002648,ACC0000524,CREDIT,RUPAY,2020-02-23,ACTIVE,250000,4037,CARD_PROCESSOR
CARD0002649,ACC0000797,CREDIT,VISA,2023-05-28,ACTIVE,100000,6439,CARD_PROCESSOR
CARD0002650,ACC0002190,DEBIT,VISA,2020-03-03,ACTIVE,75000,9097,CARD_PROCESSOR
CARD0002651,ACC0004011,DEBIT,RUPAY,2022-12-11,ACTIVE,50000,1578,CARD_PROCESSOR
CARD0002652,ACC0001690,DEBIT,VISA,2018-12-07,ACTIVE,75000,1598,CARD_PROCESSOR
CARD0002653,ACC0002661,CREDIT,RUPAY,2023-08-07,ACTIVE,100000,0064,CARD_PROCESSOR
CARD0002654,ACC0002218,CREDIT,MASTERCARD,2022-04-07,ACTIVE,25000,8968,CARD_PROCESSOR
CARD0002655,ACC0002025,DEBIT,VISA,2018-04-02,ACTIVE,25000,5581,CARD_PROCESSOR
CARD0002656,ACC0003718,CREDIT,RUPAY,2018-02-18,EXPIRED,150000,0169,CARD_PROCESSOR
CARD0002657,ACC0001529,CREDIT,RUPAY,2019-12-28,ACTIVE,25000,2908,CARD_PROCESSOR
CARD0002658,ACC0001347,CREDIT,VISA,2022-03-05,ACTIVE,50000,4645,CARD_PROCESSOR
CARD0002659,ACC0004889,CREDIT,VISA,2022-03-28,EXPIRED,250000,1493,CARD_PROCESSOR
CARD0002660,ACC0000368,CREDIT,MASTERCARD,2018-07-01,ACTIVE,250000,8490,CARD_PROCESSOR
CARD0002661,ACC0001510,CREDIT,MASTERCARD,2025-07-01,ACTIVE,100000,6314,CARD_PROCESSOR
CARD0002662,ACC0001591,DEBIT,MASTERCARD,2022-06-25,ACTIVE,100000,6933,CARD_PROCESSOR
CARD0002663,ACC0001326,CREDIT,MASTERCARD,2025-10-17,ACTIVE,75000,9266,CARD_PROCESSOR
CARD0002664,ACC0001166,DEBIT,MASTERCARD,2018-11-11,ACTIVE,250000,7506,CARD_PROCESSOR
CARD0002665,ACC0003500,CREDIT,RUPAY,2019-02-19,ACTIVE,25000,6490,CARD_PROCESSOR
CARD0002666,ACC0004217,DEBIT,MASTERCARD,2019-01-25,ACTIVE,0,1875,CARD_PROCESSOR
CARD0002667,ACC0000930,DEBIT,RUPAY,2022-11-02,ACTIVE,75000,0803,CARD_PROCESSOR
CARD0002668,ACC0000339,DEBIT,RUPAY,2023-11-21,ACTIVE,250000,4106,CARD_PROCESSOR
CARD0002669,ACC0001660,CREDIT,VISA,2024-07-18,ACTIVE,0,7009,CARD_PROCESSOR
CARD0002670,ACC0000145,DEBIT,VISA,2024-12-27,ACTIVE,75000,4244,CARD_PROCESSOR
CARD0002671,ACC0004634,CREDIT,RUPAY,2020-05-26,ACTIVE,0,1042,CARD_PROCESSOR
CARD0002672,ACC0000111,CREDIT,MASTERCARD,2021-02-09,ACTIVE,100000,3080,CARD_PROCESSOR
CARD0002673,ACC0001810,CREDIT,RUPAY,2019-04-11,ACTIVE,150000,6824,CARD_PROCESSOR
CARD0002674,ACC0002680,DEBIT,MASTERCARD,2019-06-04,ACTIVE,50000,3537,CARD_PROCESSOR
CARD0002675,ACC0004397,DEBIT,MASTERCARD,2022-08-29,ACTIVE,0,0292,CARD_PROCESSOR
CARD0002676,ACC0001261,CREDIT,VISA,2022-03-10,ACTIVE,75000,5413,CARD_PROCESSOR
CARD0002677,ACC0003825,DEBIT,RUPAY,2024-06-13,ACTIVE,0,0076,CARD_PROCESSOR
CARD0002678,ACC0002397,DEBIT,RUPAY,2024-11-01,ACTIVE,150000,2431,CARD_PROCESSOR
CARD0002679,ACC0000439,CREDIT,VISA,2021-06-08,ACTIVE,75000,5077,CARD_PROCESSOR
CARD0002680,ACC0000277,DEBIT,MASTERCARD,2023-09-29,ACTIVE,0,1027,CARD_PROCESSOR
CARD0002681,ACC0003874,DEBIT,VISA,2020-11-17,BLOCKED,25000,0890,CARD_PROCESSOR
CARD0002682,ACC0001627,DEBIT,RUPAY,2026-02-10,ACTIVE,50000,2924,CARD_PROCESSOR
CARD0002683,ACC0000448,CREDIT,VISA,2024-02-09,ACTIVE,250000,0271,CARD_PROCESSOR
CARD0002684,ACC0002037,CREDIT,MASTERCARD,2019-05-19,ACTIVE,100000,7371,CARD_PROCESSOR
CARD0002685,ACC0003140,CREDIT,VISA,2025-09-28,ACTIVE,50000,1625,CARD_PROCESSOR
CARD0002686,ACC0000404,DEBIT,MASTERCARD,2020-08-23,ACTIVE,250000,3236,CARD_PROCESSOR
CARD0002687,ACC0002619,CREDIT,VISA,2023-01-15,ACTIVE,25000,5543,CARD_PROCESSOR
CARD0002688,ACC0000451,DEBIT,MASTERCARD,2022-02-17,ACTIVE,250000,0624,CARD_PROCESSOR
CARD0002689,ACC0002078,DEBIT,RUPAY,2026-02-03,ACTIVE,250000,4236,CARD_PROCESSOR
CARD0002690,ACC0003070,DEBIT,VISA,2021-09-10,ACTIVE,250000,3075,CARD_PROCESSOR
CARD0002691,ACC0000616,CREDIT,VISA,2019-03-23,BLOCKED,250000,8710,CARD_PROCESSOR
CARD0002692,ACC0002649,DEBIT,VISA,2022-10-06,ACTIVE,100000,2549,CARD_PROCESSOR
CARD0002693,ACC0001125,CREDIT,VISA,2023-07-29,ACTIVE,0,3116,CARD_PROCESSOR
CARD0002694,ACC0001345,CREDIT,MASTERCARD,2024-12-20,BLOCKED,100000,0302,CARD_PROCESSOR
CARD0002695,ACC0000023,CREDIT,RUPAY,2024-11-28,ACTIVE,75000,1888,CARD_PROCESSOR
CARD0002696,ACC0001028,DEBIT,RUPAY,2026-02-09,ACTIVE,100000,1964,CARD_PROCESSOR
CARD0002697,ACC0001236,CREDIT,RUPAY,2021-12-16,ACTIVE,100000,8810,CARD_PROCESSOR
CARD0002698,ACC0004257,CREDIT,RUPAY,2024-08-26,ACTIVE,250000,2799,CARD_PROCESSOR
CARD0002699,ACC0003607,DEBIT,VISA,2025-01-29,ACTIVE,0,5958,CARD_PROCESSOR
CARD0002700,ACC0002155,CREDIT,MASTERCARD,2021-11-09,ACTIVE,0,2120,CARD_PROCESSOR
CARD0002701,ACC0000277,DEBIT,RUPAY,2024-04-08,ACTIVE,250000,8655,CARD_PROCESSOR
CARD0002702,ACC0001891,DEBIT,RUPAY,2019-03-05,ACTIVE,250000,9712,CARD_PROCESSOR
CARD0002703,ACC0000011,DEBIT,MASTERCARD,2026-01-24,BLOCKED,0,1260,CARD_PROCESSOR
CARD0002704,ACC0003801,DEBIT,VISA,2025-10-09,ACTIVE,150000,0618,CARD_PROCESSOR
CARD0002705,ACC0002181,DEBIT,VISA,2019-08-15,EXPIRED,25000,1608,CARD_PROCESSOR
CARD0002706,ACC0001994,DEBIT,MASTERCARD,2025-04-19,ACTIVE,50000,5849,CARD_PROCESSOR
CARD0002707,ACC0003326,CREDIT,VISA,2024-08-21,ACTIVE,100000,2011,CARD_PROCESSOR
CARD0002708,ACC0002708,DEBIT,VISA,2025-05-06,ACTIVE,50000,9284,CARD_PROCESSOR
CARD0002709,ACC0001282,CREDIT,MASTERCARD,2023-05-01,ACTIVE,75000,0351,CARD_PROCESSOR
CARD0002710,ACC0001847,CREDIT,RUPAY,2019-03-31,ACTIVE,0,1122,CARD_PROCESSOR
CARD0002711,ACC0001423,CREDIT,RUPAY,2018-04-14,ACTIVE,150000,8178,CARD_PROCESSOR
CARD0002712,ACC0004936,CREDIT,RUPAY,2019-06-01,ACTIVE,50000,3132,CARD_PROCESSOR
CARD0002713,ACC0002495,CREDIT,MASTERCARD,2024-04-03,EXPIRED,250000,1840,CARD_PROCESSOR
CARD0002714,ACC0000345,CREDIT,RUPAY,2026-03-06,ACTIVE,50000,4324,CARD_PROCESSOR
CARD0002715,ACC0000235,CREDIT,MASTERCARD,2024-09-24,ACTIVE,150000,3865,CARD_PROCESSOR
CARD0002716,ACC0000777,DEBIT,RUPAY,2021-06-02,ACTIVE,75000,3330,CARD_PROCESSOR
CARD0002717,ACC0004223,DEBIT,RUPAY,2023-10-12,EXPIRED,75000,2807,CARD_PROCESSOR
CARD0002718,ACC0000718,CREDIT,RUPAY,2020-05-27,ACTIVE,100000,2195,CARD_PROCESSOR
CARD0002719,ACC0000879,DEBIT,RUPAY,2023-09-17,ACTIVE,100000,6234,CARD_PROCESSOR
CARD0002720,ACC0000022,DEBIT,RUPAY,2019-11-12,ACTIVE,150000,2856,CARD_PROCESSOR
CARD0002721,ACC0004287,DEBIT,VISA,2025-01-07,ACTIVE,25000,3682,CARD_PROCESSOR
CARD0002722,ACC0000994,CREDIT,MASTERCARD,2020-03-22,ACTIVE,150000,3911,CARD_PROCESSOR
CARD0002723,ACC0003327,CREDIT,VISA,2024-11-09,ACTIVE,150000,4397,CARD_PROCESSOR
CARD0002724,ACC0003991,CREDIT,MASTERCARD,2025-03-15,ACTIVE,50000,0067,CARD_PROCESSOR
CARD0002725,ACC0000040,DEBIT,MASTERCARD,2025-06-25,ACTIVE,75000,0215,CARD_PROCESSOR
CARD0002726,ACC0000590,CREDIT,RUPAY,2024-09-24,ACTIVE,75000,3491,CARD_PROCESSOR
CARD0002727,ACC0004208,DEBIT,MASTERCARD,2021-03-05,ACTIVE,100000,2453,CARD_PROCESSOR
CARD0002728,ACC0003763,CREDIT,VISA,2018-04-05,BLOCKED,150000,7706,CARD_PROCESSOR
CARD0002729,ACC0001777,DEBIT,VISA,2025-10-23,ACTIVE,75000,9982,CARD_PROCESSOR
CARD0002730,ACC0003031,CREDIT,VISA,2026-01-17,ACTIVE,150000,8833,CARD_PROCESSOR
CARD0002731,ACC0000833,CREDIT,RUPAY,2021-04-22,ACTIVE,0,3705,CARD_PROCESSOR
CARD0002732,ACC0004716,CREDIT,VISA,2023-03-04,ACTIVE,50000,3642,CARD_PROCESSOR
CARD0002733,ACC0003001,CREDIT,MASTERCARD,2025-09-10,ACTIVE,250000,3318,CARD_PROCESSOR
CARD0002734,ACC0002261,DEBIT,VISA,2023-03-07,ACTIVE,25000,1550,CARD_PROCESSOR
CARD0002735,ACC0000885,DEBIT,VISA,2023-05-25,ACTIVE,150000,9050,CARD_PROCESSOR
CARD0002736,ACC0001701,DEBIT,RUPAY,2018-04-26,ACTIVE,50000,7369,CARD_PROCESSOR
CARD0002737,ACC0001231,DEBIT,RUPAY,2019-06-22,ACTIVE,100000,5550,CARD_PROCESSOR
CARD0002738,ACC0002663,CREDIT,RUPAY,2024-09-05,ACTIVE,100000,2815,CARD_PROCESSOR
CARD0002739,ACC0001323,DEBIT,VISA,2022-07-25,ACTIVE,250000,9377,CARD_PROCESSOR
CARD0002740,ACC0001425,CREDIT,VISA,2021-01-23,ACTIVE,250000,7300,CARD_PROCESSOR
CARD0002741,ACC0001257,DEBIT,VISA,2019-06-09,ACTIVE,250000,2115,CARD_PROCESSOR
CARD0002742,ACC0004502,CREDIT,RUPAY,2023-01-06,ACTIVE,100000,7546,CARD_PROCESSOR
CARD0002743,ACC0004427,DEBIT,VISA,2023-07-22,ACTIVE,75000,1290,CARD_PROCESSOR
CARD0002744,ACC0003751,DEBIT,VISA,2022-05-09,ACTIVE,0,2846,CARD_PROCESSOR
CARD0002745,ACC0001537,CREDIT,VISA,2024-08-17,ACTIVE,250000,9026,CARD_PROCESSOR
CARD0002746,ACC0004981,DEBIT,MASTERCARD,2026-03-03,EXPIRED,250000,6457,CARD_PROCESSOR
CARD0002747,ACC0000685,DEBIT,MASTERCARD,2022-02-28,ACTIVE,100000,3159,CARD_PROCESSOR
CARD0002748,ACC0001618,DEBIT,VISA,2018-09-16,ACTIVE,0,0485,CARD_PROCESSOR
CARD0002749,ACC0002948,CREDIT,VISA,2018-01-23,ACTIVE,50000,3084,CARD_PROCESSOR
CARD0002750,ACC0004148,DEBIT,RUPAY,2018-02-02,ACTIVE,25000,0434,CARD_PROCESSOR
CARD0002751,ACC0003293,DEBIT,VISA,2021-01-10,ACTIVE,50000,4929,CARD_PROCESSOR
CARD0002752,ACC0002246,DEBIT,RUPAY,2023-10-01,ACTIVE,100000,2734,CARD_PROCESSOR
CARD0002753,ACC0003748,DEBIT,RUPAY,2019-09-06,ACTIVE,75000,5062,CARD_PROCESSOR
CARD0002754,ACC0004527,DEBIT,VISA,2022-04-21,ACTIVE,50000,7775,CARD_PROCESSOR
CARD0002755,ACC0000255,DEBIT,VISA,2020-10-10,ACTIVE,75000,6677,CARD_PROCESSOR
CARD0002756,ACC0001314,CREDIT,RUPAY,2023-09-18,ACTIVE,75000,4149,CARD_PROCESSOR
CARD0002757,ACC0003448,DEBIT,VISA,2024-05-21,ACTIVE,75000,8634,CARD_PROCESSOR
CARD0002758,ACC0002075,CREDIT,RUPAY,2025-08-07,ACTIVE,25000,0369,CARD_PROCESSOR
CARD0002759,ACC0004136,DEBIT,RUPAY,2020-03-24,ACTIVE,75000,2820,CARD_PROCESSOR
CARD0002760,ACC0003302,CREDIT,RUPAY,2018-02-16,ACTIVE,100000,9261,CARD_PROCESSOR
CARD0002761,ACC0000422,CREDIT,RUPAY,2023-04-11,ACTIVE,150000,2601,CARD_PROCESSOR
CARD0002762,ACC0000860,DEBIT,MASTERCARD,2018-11-25,BLOCKED,25000,5170,CARD_PROCESSOR
CARD0002763,ACC0004301,DEBIT,VISA,2018-07-25,ACTIVE,75000,5561,CARD_PROCESSOR
CARD0002764,ACC0001127,DEBIT,VISA,2025-06-06,ACTIVE,100000,0477,CARD_PROCESSOR
CARD0002765,ACC0002912,DEBIT,MASTERCARD,2025-09-22,ACTIVE,0,8282,CARD_PROCESSOR
CARD0002766,ACC0003378,DEBIT,VISA,2025-12-24,ACTIVE,75000,1496,CARD_PROCESSOR
CARD0002767,ACC0003103,CREDIT,RUPAY,2023-07-14,BLOCKED,100000,7555,CARD_PROCESSOR
CARD0002768,ACC0002840,DEBIT,VISA,2022-06-02,ACTIVE,75000,4452,CARD_PROCESSOR
CARD0002769,ACC0001813,DEBIT,VISA,2024-04-25,ACTIVE,100000,1172,CARD_PROCESSOR
CARD0002770,ACC0002383,CREDIT,RUPAY,2024-05-29,ACTIVE,75000,0347,CARD_PROCESSOR
CARD0002771,ACC0001616,CREDIT,VISA,2018-04-04,ACTIVE,0,0501,CARD_PROCESSOR
CARD0002772,ACC0004245,DEBIT,MASTERCARD,2024-01-06,ACTIVE,100000,3785,CARD_PROCESSOR
CARD0002773,ACC0000708,DEBIT,VISA,2024-10-24,ACTIVE,50000,9895,CARD_PROCESSOR
CARD0002774,ACC0001362,DEBIT,RUPAY,2018-07-16,ACTIVE,150000,3751,CARD_PROCESSOR
CARD0002775,ACC0000495,CREDIT,RUPAY,2025-07-28,ACTIVE,50000,0320,CARD_PROCESSOR
CARD0002776,ACC0003215,DEBIT,VISA,2020-04-20,EXPIRED,0,5255,CARD_PROCESSOR
CARD0002777,ACC0002072,DEBIT,VISA,2019-08-23,ACTIVE,0,3043,CARD_PROCESSOR
CARD0002778,ACC0003624,CREDIT,MASTERCARD,2024-01-29,ACTIVE,25000,6068,CARD_PROCESSOR
CARD0002779,ACC0004120,DEBIT,VISA,2018-03-14,EXPIRED,75000,0891,CARD_PROCESSOR
CARD0002780,ACC0001108,DEBIT,VISA,2024-07-07,BLOCKED,75000,2899,CARD_PROCESSOR
CARD0002781,ACC0001299,CREDIT,MASTERCARD,2023-08-13,ACTIVE,75000,2462,CARD_PROCESSOR
CARD0002782,ACC0002513,CREDIT,VISA,2018-06-03,ACTIVE,250000,0025,CARD_PROCESSOR
CARD0002783,ACC0001293,DEBIT,MASTERCARD,2022-12-25,ACTIVE,50000,4850,CARD_PROCESSOR
CARD0002784,ACC0002027,DEBIT,RUPAY,2023-10-05,ACTIVE,250000,3311,CARD_PROCESSOR
CARD0002785,ACC0001980,DEBIT,VISA,2023-04-01,ACTIVE,250000,3536,CARD_PROCESSOR
CARD0002786,ACC0003455,DEBIT,MASTERCARD,2026-01-23,ACTIVE,100000,4432,CARD_PROCESSOR
CARD0002787,ACC0001992,CREDIT,VISA,2018-11-16,BLOCKED,50000,3306,CARD_PROCESSOR
CARD0002788,ACC0002443,DEBIT,MASTERCARD,2025-06-14,ACTIVE,0,0648,CARD_PROCESSOR
CARD0002789,ACC0000570,DEBIT,VISA,2025-08-28,ACTIVE,0,3000,CARD_PROCESSOR
CARD0002790,ACC0002195,CREDIT,MASTERCARD,2022-02-19,ACTIVE,250000,9980,CARD_PROCESSOR
CARD0002791,ACC0004129,DEBIT,RUPAY,2024-05-21,ACTIVE,250000,5458,CARD_PROCESSOR
CARD0002792,ACC0001955,CREDIT,VISA,2023-02-12,ACTIVE,25000,3928,CARD_PROCESSOR
CARD0002793,ACC0003767,DEBIT,VISA,2021-06-25,ACTIVE,150000,7153,CARD_PROCESSOR
CARD0002794,ACC0000315,DEBIT,VISA,2025-06-15,EXPIRED,0,7615,CARD_PROCESSOR
CARD0002795,ACC0003862,CREDIT,RUPAY,2021-11-11,ACTIVE,50000,3616,CARD_PROCESSOR
CARD0002796,ACC0003970,CREDIT,RUPAY,2026-02-28,ACTIVE,0,6966,CARD_PROCESSOR
CARD0002797,ACC0000871,DEBIT,RUPAY,2022-02-23,ACTIVE,75000,0899,CARD_PROCESSOR
CARD0002798,ACC0003278,DEBIT,RUPAY,2019-11-01,ACTIVE,0,2668,CARD_PROCESSOR
CARD0002799,ACC0000231,DEBIT,MASTERCARD,2020-06-19,ACTIVE,75000,2429,CARD_PROCESSOR
CARD0002800,ACC0004882,CREDIT,VISA,2024-07-01,ACTIVE,50000,4795,CARD_PROCESSOR
CARD0002801,ACC0002073,CREDIT,MASTERCARD,2026-02-24,ACTIVE,25000,4134,CARD_PROCESSOR
CARD0002802,ACC0004473,CREDIT,MASTERCARD,2026-02-24,ACTIVE,250000,3473,CARD_PROCESSOR
CARD0002803,ACC0001701,DEBIT,MASTERCARD,2018-12-25,ACTIVE,150000,1900,CARD_PROCESSOR
CARD0002804,ACC0003677,DEBIT,RUPAY,2021-03-20,ACTIVE,75000,5238,CARD_PROCESSOR
CARD0002805,ACC0001461,CREDIT,VISA,2024-02-02,ACTIVE,75000,8601,CARD_PROCESSOR
CARD0002806,ACC0002674,CREDIT,RUPAY,2022-02-28,ACTIVE,25000,8178,CARD_PROCESSOR
CARD0002807,ACC0002773,DEBIT,MASTERCARD,2023-10-14,ACTIVE,75000,6276,CARD_PROCESSOR
CARD0002808,ACC0003829,DEBIT,RUPAY,2022-03-28,ACTIVE,50000,7490,CARD_PROCESSOR
CARD0002809,ACC0004196,CREDIT,RUPAY,2022-04-08,ACTIVE,100000,5031,CARD_PROCESSOR
CARD0002810,ACC0004366,DEBIT,MASTERCARD,2023-06-13,ACTIVE,50000,1330,CARD_PROCESSOR
CARD0002811,ACC0000939,CREDIT,MASTERCARD,2024-02-09,ACTIVE,50000,6829,CARD_PROCESSOR
CARD0002812,ACC0000296,DEBIT,RUPAY,2019-01-10,ACTIVE,25000,3725,CARD_PROCESSOR
CARD0002813,ACC0004420,DEBIT,RUPAY,2021-02-15,ACTIVE,100000,7132,CARD_PROCESSOR
CARD0002814,ACC0004588,DEBIT,VISA,2022-07-27,ACTIVE,0,8067,CARD_PROCESSOR
CARD0002815,ACC0001120,DEBIT,RUPAY,2023-01-25,EXPIRED,0,6067,CARD_PROCESSOR
CARD0002816,ACC0003027,CREDIT,VISA,2019-02-17,ACTIVE,250000,3306,CARD_PROCESSOR
CARD0002817,ACC0001573,DEBIT,VISA,2018-11-01,ACTIVE,0,8703,CARD_PROCESSOR
CARD0002818,ACC0001840,CREDIT,RUPAY,2018-04-04,ACTIVE,0,0145,CARD_PROCESSOR
CARD0002819,ACC0004285,CREDIT,MASTERCARD,2018-11-09,ACTIVE,100000,3178,CARD_PROCESSOR
CARD0002820,ACC0000686,CREDIT,VISA,2019-04-06,ACTIVE,25000,8330,CARD_PROCESSOR
CARD0002821,ACC0004819,DEBIT,RUPAY,2018-08-16,ACTIVE,250000,1005,CARD_PROCESSOR
CARD0002822,ACC0004607,CREDIT,MASTERCARD,2026-02-23,ACTIVE,50000,6013,CARD_PROCESSOR
CARD0002823,ACC0002952,CREDIT,RUPAY,2020-09-18,ACTIVE,75000,7043,CARD_PROCESSOR
CARD0002824,ACC0001960,CREDIT,VISA,2021-03-10,BLOCKED,75000,9284,CARD_PROCESSOR
CARD0002825,ACC0001955,CREDIT,VISA,2024-04-12,EXPIRED,0,8852,CARD_PROCESSOR
CARD0002826,ACC0000391,CREDIT,MASTERCARD,2018-10-10,ACTIVE,100000,9233,CARD_PROCESSOR
CARD0002827,ACC0004293,DEBIT,VISA,2025-12-05,ACTIVE,100000,6885,CARD_PROCESSOR
CARD0002828,ACC0003250,DEBIT,MASTERCARD,2022-07-11,ACTIVE,150000,6314,CARD_PROCESSOR
CARD0002829,ACC0004297,CREDIT,MASTERCARD,2022-02-15,ACTIVE,250000,6341,CARD_PROCESSOR
CARD0002830,ACC0002937,CREDIT,RUPAY,2018-10-14,BLOCKED,0,1890,CARD_PROCESSOR
CARD0002831,ACC0003183,CREDIT,VISA,2025-09-30,ACTIVE,75000,9217,CARD_PROCESSOR
CARD0002832,ACC0004004,CREDIT,VISA,2026-01-04,ACTIVE,100000,0612,CARD_PROCESSOR
CARD0002833,ACC0002048,DEBIT,RUPAY,2022-12-02,ACTIVE,75000,8132,CARD_PROCESSOR
CARD0002834,ACC0003290,DEBIT,MASTERCARD,2026-02-11,ACTIVE,25000,6739,CARD_PROCESSOR
CARD0002835,ACC0004788,CREDIT,VISA,2021-01-09,ACTIVE,50000,2618,CARD_PROCESSOR
CARD0002836,ACC0004886,CREDIT,MASTERCARD,2026-02-04,ACTIVE,25000,9403,CARD_PROCESSOR
CARD0002837,ACC0001122,CREDIT,VISA,2024-12-24,ACTIVE,250000,7850,CARD_PROCESSOR
CARD0002838,ACC0000456,DEBIT,VISA,2021-10-15,ACTIVE,250000,2963,CARD_PROCESSOR
CARD0002839,ACC0003719,CREDIT,VISA,2025-02-28,ACTIVE,0,7871,CARD_PROCESSOR
CARD0002840,ACC0004664,CREDIT,MASTERCARD,2020-03-10,BLOCKED,250000,9423,CARD_PROCESSOR
CARD0002841,ACC0003195,DEBIT,MASTERCARD,2023-10-09,EXPIRED,25000,2269,CARD_PROCESSOR
CARD0002842,ACC0004669,CREDIT,MASTERCARD,2018-12-08,ACTIVE,100000,0308,CARD_PROCESSOR
CARD0002843,ACC0003365,CREDIT,RUPAY,2024-07-14,ACTIVE,150000,0944,CARD_PROCESSOR
CARD0002844,ACC0001761,CREDIT,VISA,2023-03-01,EXPIRED,25000,4741,CARD_PROCESSOR
CARD0002845,ACC0003946,CREDIT,RUPAY,2018-05-22,ACTIVE,25000,1166,CARD_PROCESSOR
CARD0002846,ACC0004934,CREDIT,RUPAY,2021-05-12,BLOCKED,100000,0970,CARD_PROCESSOR
CARD0002847,ACC0003045,DEBIT,VISA,2022-03-01,ACTIVE,0,3887,CARD_PROCESSOR
CARD0002848,ACC0001160,DEBIT,MASTERCARD,2023-11-27,ACTIVE,75000,5733,CARD_PROCESSOR
CARD0002849,ACC0002620,DEBIT,VISA,2025-03-17,ACTIVE,100000,8820,CARD_PROCESSOR
CARD0002850,ACC0003795,DEBIT,RUPAY,2024-03-22,ACTIVE,0,8352,CARD_PROCESSOR
CARD0002851,ACC0001652,DEBIT,RUPAY,2023-12-05,ACTIVE,50000,4604,CARD_PROCESSOR
CARD0002852,ACC0004621,DEBIT,VISA,2020-01-16,ACTIVE,50000,9633,CARD_PROCESSOR
CARD0002853,ACC0002777,CREDIT,RUPAY,2018-04-05,ACTIVE,50000,2209,CARD_PROCESSOR
CARD0002854,ACC0002317,DEBIT,VISA,2024-10-06,ACTIVE,75000,1373,CARD_PROCESSOR
CARD0002855,ACC0004477,CREDIT,VISA,2018-12-17,ACTIVE,0,8849,CARD_PROCESSOR
CARD0002856,ACC0004403,CREDIT,RUPAY,2019-03-03,ACTIVE,75000,7390,CARD_PROCESSOR
CARD0002857,ACC0000215,DEBIT,VISA,2020-10-24,ACTIVE,75000,9744,CARD_PROCESSOR
CARD0002858,ACC0003540,DEBIT,MASTERCARD,2019-06-04,ACTIVE,250000,4437,CARD_PROCESSOR
CARD0002859,ACC0003535,DEBIT,MASTERCARD,2021-07-28,ACTIVE,75000,1869,CARD_PROCESSOR
CARD0002860,ACC0000727,DEBIT,RUPAY,2022-05-24,ACTIVE,100000,6604,CARD_PROCESSOR
CARD0002861,ACC0003258,CREDIT,VISA,2019-12-14,ACTIVE,250000,1367,CARD_PROCESSOR
CARD0002862,ACC0000212,DEBIT,MASTERCARD,2018-01-11,ACTIVE,75000,2335,CARD_PROCESSOR
CARD0002863,ACC0000370,DEBIT,VISA,2025-11-02,ACTIVE,50000,5789,CARD_PROCESSOR
CARD0002864,ACC0002270,CREDIT,VISA,2022-03-20,BLOCKED,100000,3082,CARD_PROCESSOR
CARD0002865,ACC0004182,DEBIT,VISA,2021-08-21,ACTIVE,75000,1476,CARD_PROCESSOR
CARD0002866,ACC0000061,CREDIT,RUPAY,2023-05-19,BLOCKED,50000,4458,CARD_PROCESSOR
CARD0002867,ACC0002157,DEBIT,MASTERCARD,2025-01-19,ACTIVE,150000,6148,CARD_PROCESSOR
CARD0002868,ACC0003192,CREDIT,RUPAY,2019-06-27,ACTIVE,50000,2612,CARD_PROCESSOR
CARD0002869,ACC0002584,DEBIT,RUPAY,2021-05-12,ACTIVE,75000,5758,CARD_PROCESSOR
CARD0002870,ACC0001350,CREDIT,VISA,2022-10-15,ACTIVE,150000,6429,CARD_PROCESSOR
CARD0002871,ACC0002082,DEBIT,MASTERCARD,2024-04-14,ACTIVE,0,2635,CARD_PROCESSOR
CARD0002872,ACC0004958,DEBIT,RUPAY,2021-12-09,EXPIRED,100000,3116,CARD_PROCESSOR
CARD0002873,ACC0003960,DEBIT,VISA,2023-11-24,BLOCKED,25000,9326,CARD_PROCESSOR
CARD0002874,ACC0004443,DEBIT,RUPAY,2020-10-08,ACTIVE,150000,8151,CARD_PROCESSOR
CARD0002875,ACC0003467,CREDIT,MASTERCARD,2020-11-21,BLOCKED,0,4922,CARD_PROCESSOR
CARD0002876,ACC0002102,CREDIT,VISA,2024-08-29,ACTIVE,100000,1226,CARD_PROCESSOR
CARD0002877,ACC0001324,CREDIT,VISA,2025-11-01,EXPIRED,100000,6872,CARD_PROCESSOR
CARD0002878,ACC0001560,CREDIT,MASTERCARD,2021-06-14,ACTIVE,250000,3144,CARD_PROCESSOR
CARD0002879,ACC0000339,DEBIT,RUPAY,2019-09-10,ACTIVE,50000,2972,CARD_PROCESSOR
CARD0002880,ACC0004241,DEBIT,VISA,2022-04-14,ACTIVE,100000,6963,CARD_PROCESSOR
CARD0002881,ACC0001845,CREDIT,MASTERCARD,2019-06-17,ACTIVE,75000,5303,CARD_PROCESSOR
CARD0002882,ACC0000699,DEBIT,VISA,2018-04-18,ACTIVE,50000,3391,CARD_PROCESSOR
CARD0002883,ACC0000428,DEBIT,VISA,2024-05-12,ACTIVE,50000,1490,CARD_PROCESSOR
CARD0002884,ACC0002635,CREDIT,VISA,2024-07-13,ACTIVE,25000,5918,CARD_PROCESSOR
CARD0002885,ACC0000954,DEBIT,VISA,2024-10-31,ACTIVE,50000,2820,CARD_PROCESSOR
CARD0002886,ACC0004644,DEBIT,MASTERCARD,2026-01-19,ACTIVE,50000,6756,CARD_PROCESSOR
CARD0002887,ACC0001185,CREDIT,RUPAY,2019-06-24,ACTIVE,0,7641,CARD_PROCESSOR
CARD0002888,ACC0000524,CREDIT,MASTERCARD,2025-11-30,ACTIVE,75000,2584,CARD_PROCESSOR
CARD0002889,ACC0002437,CREDIT,MASTERCARD,2023-11-15,ACTIVE,100000,3771,CARD_PROCESSOR
CARD0002890,ACC0000354,CREDIT,RUPAY,2019-10-26,ACTIVE,75000,4034,CARD_PROCESSOR
CARD0002891,ACC0004896,CREDIT,RUPAY,2022-07-01,ACTIVE,75000,9019,CARD_PROCESSOR
CARD0002892,ACC0001161,CREDIT,VISA,2019-10-26,ACTIVE,50000,7034,CARD_PROCESSOR
CARD0002893,ACC0002220,DEBIT,RUPAY,2021-01-19,BLOCKED,100000,1912,CARD_PROCESSOR
CARD0002894,ACC0000220,CREDIT,RUPAY,2023-03-28,ACTIVE,50000,0159,CARD_PROCESSOR
CARD0002895,ACC0004242,CREDIT,VISA,2023-07-25,ACTIVE,0,9848,CARD_PROCESSOR
CARD0002896,ACC0001499,DEBIT,RUPAY,2022-10-31,ACTIVE,150000,4074,CARD_PROCESSOR
CARD0002897,ACC0004365,DEBIT,VISA,2026-02-10,ACTIVE,100000,3818,CARD_PROCESSOR
CARD0002898,ACC0001887,DEBIT,VISA,2021-01-04,ACTIVE,250000,6262,CARD_PROCESSOR
CARD0002899,ACC0001323,DEBIT,RUPAY,2018-06-16,EXPIRED,250000,2674,CARD_PROCESSOR
CARD0002900,ACC0001932,DEBIT,MASTERCARD,2020-02-26,ACTIVE,75000,6549,CARD_PROCESSOR
CARD0002901,ACC0001899,CREDIT,VISA,2023-07-11,ACTIVE,0,3122,CARD_PROCESSOR
CARD0002902,ACC0001908,CREDIT,MASTERCARD,2025-01-31,ACTIVE,50000,3264,CARD_PROCESSOR
CARD0002903,ACC0002005,DEBIT,MASTERCARD,2026-02-11,ACTIVE,250000,6218,CARD_PROCESSOR
CARD0002904,ACC0001879,DEBIT,VISA,2019-04-12,ACTIVE,0,7030,CARD_PROCESSOR
CARD0002905,ACC0004809,DEBIT,MASTERCARD,2022-08-17,ACTIVE,100000,1474,CARD_PROCESSOR
CARD0002906,ACC0002658,CREDIT,VISA,2024-06-06,ACTIVE,0,4414,CARD_PROCESSOR
CARD0002907,ACC0004665,CREDIT,VISA,2021-04-08,EXPIRED,50000,7110,CARD_PROCESSOR
CARD0002908,ACC0003600,CREDIT,RUPAY,2025-07-28,ACTIVE,250000,8309,CARD_PROCESSOR
CARD0002909,ACC0000923,CREDIT,MASTERCARD,2020-01-09,ACTIVE,25000,1003,CARD_PROCESSOR
CARD0002910,ACC0001998,DEBIT,VISA,2025-01-09,ACTIVE,0,7207,CARD_PROCESSOR
CARD0002911,ACC0001084,CREDIT,MASTERCARD,2026-02-01,ACTIVE,250000,2489,CARD_PROCESSOR
CARD0002912,ACC0000220,CREDIT,RUPAY,2026-01-26,ACTIVE,250000,1568,CARD_PROCESSOR
CARD0002913,ACC0003521,CREDIT,VISA,2019-01-29,ACTIVE,250000,7944,CARD_PROCESSOR
CARD0002914,ACC0000002,DEBIT,MASTERCARD,2025-02-02,ACTIVE,25000,6842,CARD_PROCESSOR
CARD0002915,ACC0003677,CREDIT,RUPAY,2025-09-15,ACTIVE,75000,7275,CARD_PROCESSOR
CARD0002916,ACC0001370,CREDIT,RUPAY,2018-03-08,ACTIVE,25000,7667,CARD_PROCESSOR
CARD0002917,ACC0003565,CREDIT,MASTERCARD,2022-03-20,BLOCKED,75000,4322,CARD_PROCESSOR
CARD0002918,ACC0002194,DEBIT,RUPAY,2020-09-01,ACTIVE,250000,0988,CARD_PROCESSOR
CARD0002919,ACC0001674,CREDIT,RUPAY,2025-10-24,ACTIVE,150000,3248,CARD_PROCESSOR
CARD0002920,ACC0003513,CREDIT,RUPAY,2019-07-04,EXPIRED,25000,4701,CARD_PROCESSOR
CARD0002921,ACC0004118,CREDIT,MASTERCARD,2024-10-18,ACTIVE,75000,9421,CARD_PROCESSOR
CARD0002922,ACC0001115,DEBIT,MASTERCARD,2021-11-13,ACTIVE,100000,3684,CARD_PROCESSOR
CARD0002923,ACC0002131,DEBIT,RUPAY,2019-06-17,ACTIVE,50000,3020,CARD_PROCESSOR
CARD0002924,ACC0000248,DEBIT,RUPAY,2025-10-03,ACTIVE,25000,1079,CARD_PROCESSOR
CARD0002925,ACC0002021,DEBIT,MASTERCARD,2024-03-28,ACTIVE,25000,0310,CARD_PROCESSOR
CARD0002926,ACC0003649,DEBIT,RUPAY,2018-11-26,ACTIVE,250000,3743,CARD_PROCESSOR
CARD0002927,ACC0002689,DEBIT,MASTERCARD,2023-06-25,ACTIVE,50000,7181,CARD_PROCESSOR
CARD0002928,ACC0000140,DEBIT,MASTERCARD,2019-04-07,EXPIRED,25000,5038,CARD_PROCESSOR
CARD0002929,ACC0003816,DEBIT,RUPAY,2018-10-12,EXPIRED,25000,7827,CARD_PROCESSOR
CARD0002930,ACC0000844,CREDIT,VISA,2020-07-04,ACTIVE,50000,1339,CARD_PROCESSOR
CARD0002931,ACC0004582,DEBIT,RUPAY,2019-02-22,ACTIVE,150000,7710,CARD_PROCESSOR
CARD0002932,ACC0001098,CREDIT,VISA,2021-11-25,ACTIVE,75000,6498,CARD_PROCESSOR
CARD0002933,ACC0000529,CREDIT,VISA,2024-03-24,ACTIVE,150000,4324,CARD_PROCESSOR
CARD0002934,ACC0002808,CREDIT,MASTERCARD,2022-07-04,ACTIVE,150000,8658,CARD_PROCESSOR
CARD0002935,ACC0000319,CREDIT,MASTERCARD,2023-04-07,ACTIVE,25000,4477,CARD_PROCESSOR
CARD0002936,ACC0002947,DEBIT,MASTERCARD,2021-03-11,EXPIRED,75000,0527,CARD_PROCESSOR
CARD0002937,ACC0003798,DEBIT,VISA,2023-05-10,ACTIVE,0,6447,CARD_PROCESSOR
CARD0002938,ACC0001839,DEBIT,RUPAY,2019-05-23,ACTIVE,250000,0518,CARD_PROCESSOR
CARD0002939,ACC0000647,DEBIT,MASTERCARD,2018-05-27,ACTIVE,150000,3936,CARD_PROCESSOR
CARD0002940,ACC0003608,DEBIT,MASTERCARD,2023-10-13,ACTIVE,50000,9638,CARD_PROCESSOR
CARD0002941,ACC0001618,CREDIT,MASTERCARD,2018-03-22,ACTIVE,150000,0800,CARD_PROCESSOR
CARD0002942,ACC0003328,DEBIT,VISA,2024-08-19,ACTIVE,100000,0580,CARD_PROCESSOR
CARD0002943,ACC0000692,DEBIT,MASTERCARD,2026-02-25,ACTIVE,25000,0791,CARD_PROCESSOR
CARD0002944,ACC0002819,DEBIT,MASTERCARD,2022-10-17,EXPIRED,250000,4205,CARD_PROCESSOR
CARD0002945,ACC0002531,DEBIT,RUPAY,2021-10-27,ACTIVE,75000,8859,CARD_PROCESSOR
CARD0002946,ACC0000854,DEBIT,MASTERCARD,2024-08-02,ACTIVE,75000,4755,CARD_PROCESSOR
CARD0002947,ACC0000520,CREDIT,RUPAY,2019-03-29,ACTIVE,25000,6030,CARD_PROCESSOR
CARD0002948,ACC0002214,DEBIT,MASTERCARD,2025-01-20,ACTIVE,0,9353,CARD_PROCESSOR
CARD0002949,ACC0002562,CREDIT,RUPAY,2019-08-29,ACTIVE,150000,4038,CARD_PROCESSOR
CARD0002950,ACC0001703,DEBIT,VISA,2018-12-25,ACTIVE,250000,1929,CARD_PROCESSOR
CARD0002951,ACC0003008,CREDIT,VISA,2025-07-06,ACTIVE,25000,0745,CARD_PROCESSOR
CARD0002952,ACC0000321,CREDIT,MASTERCARD,2025-11-03,ACTIVE,50000,0458,CARD_PROCESSOR
CARD0002953,ACC0002230,DEBIT,RUPAY,2023-10-04,EXPIRED,75000,3447,CARD_PROCESSOR
CARD0002954,ACC0004566,DEBIT,RUPAY,2024-12-27,EXPIRED,50000,6340,CARD_PROCESSOR
CARD0002955,ACC0000062,DEBIT,VISA,2024-03-20,ACTIVE,75000,5827,CARD_PROCESSOR
CARD0002956,ACC0001314,CREDIT,VISA,2022-05-10,ACTIVE,250000,0682,CARD_PROCESSOR
CARD0002957,ACC0001442,CREDIT,MASTERCARD,2024-01-24,ACTIVE,100000,1568,CARD_PROCESSOR
CARD0002958,ACC0003468,CREDIT,MASTERCARD,2025-07-18,ACTIVE,250000,5677,CARD_PROCESSOR
CARD0002959,ACC0002645,DEBIT,RUPAY,2023-02-01,ACTIVE,250000,7635,CARD_PROCESSOR
CARD0002960,ACC0001487,CREDIT,MASTERCARD,2020-01-04,ACTIVE,25000,0570,CARD_PROCESSOR
CARD0002961,ACC0002182,DEBIT,VISA,2025-05-11,ACTIVE,75000,3823,CARD_PROCESSOR
CARD0002962,ACC0004774,DEBIT,VISA,2019-03-04,ACTIVE,0,5506,CARD_PROCESSOR
CARD0002963,ACC0004753,CREDIT,RUPAY,2024-02-07,ACTIVE,100000,6122,CARD_PROCESSOR
CARD0002964,ACC0002057,DEBIT,VISA,2019-08-02,EXPIRED,75000,2689,CARD_PROCESSOR
CARD0002965,ACC0004493,CREDIT,MASTERCARD,2025-01-19,ACTIVE,25000,9103,CARD_PROCESSOR
CARD0002966,ACC0003152,DEBIT,MASTERCARD,2022-03-30,ACTIVE,75000,9722,CARD_PROCESSOR
CARD0002967,ACC0002516,DEBIT,VISA,2025-10-13,ACTIVE,25000,8966,CARD_PROCESSOR
CARD0002968,ACC0003567,DEBIT,RUPAY,2022-07-05,ACTIVE,25000,5274,CARD_PROCESSOR
CARD0002969,ACC0004121,CREDIT,RUPAY,2019-02-15,ACTIVE,25000,6640,CARD_PROCESSOR
CARD0002970,ACC0003685,CREDIT,RUPAY,2018-11-11,ACTIVE,250000,1505,CARD_PROCESSOR
CARD0002971,ACC0002133,CREDIT,RUPAY,2018-11-19,ACTIVE,0,4585,CARD_PROCESSOR
CARD0002972,ACC0001053,CREDIT,RUPAY,2025-04-09,ACTIVE,0,6846,CARD_PROCESSOR
CARD0002973,ACC0000959,CREDIT,VISA,2021-01-18,ACTIVE,75000,6388,CARD_PROCESSOR
CARD0002974,ACC0004225,DEBIT,RUPAY,2024-04-22,ACTIVE,0,8993,CARD_PROCESSOR
CARD0002975,ACC0003317,DEBIT,VISA,2025-10-17,ACTIVE,25000,7418,CARD_PROCESSOR
CARD0002976,ACC0000849,DEBIT,MASTERCARD,2018-06-12,ACTIVE,100000,8044,CARD_PROCESSOR
CARD0002977,ACC0002130,CREDIT,VISA,2018-12-21,ACTIVE,75000,6960,CARD_PROCESSOR
CARD0002978,ACC0003342,CREDIT,RUPAY,2020-09-16,ACTIVE,250000,3173,CARD_PROCESSOR
CARD0002979,ACC0003249,DEBIT,MASTERCARD,2023-11-04,ACTIVE,250000,9697,CARD_PROCESSOR
CARD0002980,ACC0004463,DEBIT,RUPAY,2020-05-26,BLOCKED,75000,9209,CARD_PROCESSOR
CARD0002981,ACC0004331,DEBIT,VISA,2023-10-11,ACTIVE,25000,1810,CARD_PROCESSOR
CARD0002982,ACC0001776,DEBIT,RUPAY,2023-08-02,ACTIVE,50000,5901,CARD_PROCESSOR
CARD0002983,ACC0002257,DEBIT,RUPAY,2018-11-26,ACTIVE,0,3058,CARD_PROCESSOR
CARD0002984,ACC0003057,CREDIT,RUPAY,2024-04-09,ACTIVE,100000,0090,CARD_PROCESSOR
CARD0002985,ACC0002196,CREDIT,VISA,2022-07-10,ACTIVE,0,5273,CARD_PROCESSOR
CARD0002986,ACC0000533,CREDIT,MASTERCARD,2023-03-04,ACTIVE,150000,5642,CARD_PROCESSOR
CARD0002987,ACC0002885,CREDIT,RUPAY,2025-08-24,ACTIVE,0,5543,CARD_PROCESSOR
CARD0002988,ACC0002710,DEBIT,VISA,2024-12-21,ACTIVE,100000,4346,CARD_PROCESSOR
CARD0002989,ACC0004996,CREDIT,MASTERCARD,2023-03-12,ACTIVE,25000,4218,CARD_PROCESSOR
CARD0002990,ACC0003165,CREDIT,MASTERCARD,2022-05-21,ACTIVE,75000,2877,CARD_PROCESSOR
CARD0002991,ACC0000114,CREDIT,MASTERCARD,2021-01-10,ACTIVE,250000,5187,CARD_PROCESSOR
CARD0002992,ACC0003394,CREDIT,VISA,2018-05-08,ACTIVE,100000,2366,CARD_PROCESSOR
CARD0002993,ACC0003208,DEBIT,MASTERCARD,2023-03-09,ACTIVE,75000,9776,CARD_PROCESSOR
CARD0002994,ACC0004076,DEBIT,RUPAY,2021-11-05,ACTIVE,50000,7551,CARD_PROCESSOR
CARD0002995,ACC0004629,DEBIT,MASTERCARD,2020-04-07,BLOCKED,150000,8370,CARD_PROCESSOR
CARD0002996,ACC0004717,DEBIT,RUPAY,2022-02-26,EXPIRED,75000,0925,CARD_PROCESSOR
CARD0002997,ACC0001492,DEBIT,MASTERCARD,2021-07-05,ACTIVE,0,5456,CARD_PROCESSOR
CARD0002998,ACC0000098,DEBIT,VISA,2025-08-28,ACTIVE,150000,2597,CARD_PROCESSOR
CARD0002999,ACC0000177,DEBIT,RUPAY,2024-10-24,ACTIVE,150000,6109,CARD_PROCESSOR
CARD0003000,ACC0000127,CREDIT,MASTERCARD,2025-06-19,ACTIVE,50000,8790,CARD_PROCESSOR
