account_id,customer_ref,account_type,branch_id,open_date,account_status,balance_inr,currency,nominee_flag,source_system
ACC0000001,CRM000556,SAVINGS,BR010,2020-09-01,ACTIVE,26122.84,INR,N,CORE_BANKING
ACC0000002,CRM003092,SAVINGS,BR003,2022-07-06,ACTIVE,262585.76,INR,Y,CORE_BANKING
ACC0000003,CRM000301,SALARY,BR006,2019-09-12,ACTIVE,32038.52,INR,Y,CORE_BANKING
ACC0000004,CRM000054,SALARY,BR009,2025-12-16,ACTIVE,32098.39,INR,N,CORE_BANKING
ACC0000005,CRM001068,CURRENT,BR007,2026-02-19,ACTIVE,7101.68,INR,Y,CORE_BANKING
ACC0000006,CRM000053,SALARY,BR007,2022-03-22,ACTIVE,99505.1,INR,N,CORE_BANKING
ACC0000007,CRM000925,SAVINGS,BR003,2019-01-26,ACTIVE,9312.36,INR,N,CORE_BANKING
ACC0000008,CRM003278,SAVINGS,BR002,2019-06-26,ACTIVE,9001.59,INR,Y,CORE_BANKING
ACC0000009,CRM002488,SALARY,BR004,2018-09-01,ACTIVE,18177.52,INR,N,CORE_BANKING
ACC0000010,CRM002608,SALARY,BR010,2021-05-19,ACTIVE,33238.48,INR,N,CORE_BANKING
ACC0000011,CRM001957,CURRENT,BR005,2020-10-02,ACTIVE,50372.76,INR,N,CORE_BANKING
ACC0000012,CRM000049,SAVINGS,BR008,2019-02-05,ACTIVE,45993.49,INR,N,CORE_BANKING
ACC0000013,CRM003622,CURRENT,BR003,2022-11-13,CLOSED,53264.17,INR,Y,CORE_BANKING
ACC0000014,CRM003152,CURRENT,BR002,2021-06-23,DORMANT,26075.27,INR,N,CORE_BANKING
ACC0000015,CRM003750,SALARY,BR006,2018-04-19,ACTIVE,1800.6,INR,N,CORE_BANKING
ACC0000016,CRM002641,SALARY,BR001,2022-08-11,ACTIVE,17063.55,INR,N,CORE_BANKING
ACC0000017,CRM003229,CURRENT,BR009,2020-07-24,ACTIVE,98110.0,INR,N,CORE_BANKING
ACC0000018,CRM002214,SALARY,BR007,2019-06-25,ACTIVE,75783.91,INR,N,CORE_BANKING
ACC0000019,CRM003160,SALARY,BR009,2022-11-19,ACTIVE,17875.16,INR,N,CORE_BANKING
ACC0000020,CRM001479,SALARY,BR003,2016-11-02,ACTIVE,28110.92,INR,N,CORE_BANKING
ACC0000021,CRM001950,CURRENT,BR009,2019-08-06,ACTIVE,58926.91,INR,N,CORE_BANKING
ACC0000022,CRM001954,SAVINGS,BR010,2024-08-15,ACTIVE,13330.23,INR,Y,CORE_BANKING
ACC0000023,CRM001501,CURRENT,BR005,2023-03-03,ACTIVE,44787.16,INR,N,CORE_BANKING
ACC0000024,CRM002340,SALARY,BR001,2017-06-11,ACTIVE,4547.46,INR,N,CORE_BANKING
ACC0000025,CRM001404,CURRENT,BR003,2019-12-09,ACTIVE,17621.17,INR,N,CORE_BANKING
ACC0000026,CRM003603,SAVINGS,BR003,2025-03-11,ACTIVE,19274.09,INR,N,CORE_BANKING
ACC0000027,CRM003305,CURRENT,BR001,2016-12-29,ACTIVE,22110.01,INR,N,CORE_BANKING
ACC0000028,CRM002536,CURRENT,BR010,2021-11-04,ACTIVE,2820.69,INR,Y,CORE_BANKING
ACC0000029,CRM001987,CURRENT,BR004,2021-05-19,ACTIVE,17692.57,INR,N,CORE_BANKING
ACC0000030,CRM002709,SAVINGS,BR001,2019-12-07,ACTIVE,62585.93,INR,Y,CORE_BANKING
ACC0000031,CRM003770,CURRENT,BR010,2020-08-21,ACTIVE,179172.23,INR,Y,CORE_BANKING
ACC0000032,CRM002214,SAVINGS,BR001,2026-03-29,ACTIVE,68311.42,INR,N,CORE_BANKING
ACC0000033,CRM003197,CURRENT,BR002,2021-08-05,ACTIVE,16157.94,INR,N,CORE_BANKING
ACC0000034,CRM002549,SAVINGS,BR005,2025-07-20,ACTIVE,64821.52,INR,N,CORE_BANKING
ACC0000035,CRM001199,SALARY,BR001,2022-12-03,ACTIVE,19344.89,INR,Y,CORE_BANKING
ACC0000036,CRM003371,SALARY,BR001,2016-11-02,ACTIVE,80528.96,INR,Y,CORE_BANKING
ACC0000037,CRM001949,SAVINGS,BR009,2025-01-31,ACTIVE,150269.18,INR,N,CORE_BANKING
ACC0000038,CRM001505,CURRENT,BR010,2023-11-26,ACTIVE,90007.09,INR,Y,CORE_BANKING
ACC0000039,CRM003618,SAVINGS,BR001,2025-07-19,ACTIVE,11451.48,INR,N,CORE_BANKING
ACC0000040,CRM003087,SAVINGS,BR007,2023-02-15,ACTIVE,74485.88,INR,Y,CORE_BANKING
ACC0000041,CRM002916,CURRENT,BR004,2026-02-25,ACTIVE,20732.73,INR,Y,CORE_BANKING
ACC0000042,CRM002554,SALARY,BR005,2021-02-28,ACTIVE,38071.48,INR,Y,CORE_BANKING
ACC0000043,CRM000792,CURRENT,BR010,2024-12-19,ACTIVE,7390.21,INR,N,CORE_BANKING
ACC0000044,CRM001569,SAVINGS,BR003,2017-02-24,ACTIVE,36416.86,INR,N,CORE_BANKING
ACC0000045,CRM001033,SALARY,BR004,2022-01-20,ACTIVE,5744.9,INR,Y,CORE_BANKING
ACC0000046,CRM002317,CURRENT,BR004,2017-05-13,ACTIVE,17106.51,INR,Y,CORE_BANKING
ACC0000047,CRM000832,SALARY,BR002,2024-08-02,ACTIVE,61554.33,INR,Y,CORE_BANKING
ACC0000048,CRM002983,SALARY,BR005,2022-08-08,CLOSED,3927.94,INR,N,CORE_BANKING
ACC0000049,CRM002828,SAVINGS,BR008,2021-05-22,ACTIVE,83847.5,INR,Y,CORE_BANKING
ACC0000050,CRM000577,CURRENT,BR001,2016-04-29,ACTIVE,13604.91,INR,Y,CORE_BANKING
ACC0000051,CRM003855,SAVINGS,BR001,2023-05-29,CLOSED,11058.2,INR,N,CORE_BANKING
ACC0000052,CRM002998,SALARY,BR001,2022-07-19,ACTIVE,28487.33,INR,Y,CORE_BANKING
ACC0000053,CRM000245,CURRENT,BR003,2020-10-19,ACTIVE,86263.07,INR,N,CORE_BANKING
ACC0000054,CRM003482,CURRENT,BR009,2016-05-24,DORMANT,31270.05,INR,Y,CORE_BANKING
ACC0000055,CRM000233,SALARY,BR006,2016-02-21,ACTIVE,2505.44,INR,N,CORE_BANKING
ACC0000056,CRM001429,SAVINGS,BR007,2021-04-16,DORMANT,73069.15,INR,Y,CORE_BANKING
ACC0000057,CRM000537,CURRENT,BR007,2019-07-28,ACTIVE,10691.09,INR,N,CORE_BANKING
ACC0000058,CRM001496,CURRENT,BR004,2021-10-19,ACTIVE,104814.85,INR,Y,CORE_BANKING
ACC0000059,CRM001400,SALARY,BR002,2024-06-22,ACTIVE,28481.09,INR,Y,CORE_BANKING
ACC0000060,CRM001245,SALARY,BR001,2024-11-25,ACTIVE,16691.03,INR,N,CORE_BANKING
ACC0000061,CRM002206,SALARY,BR008,2017-03-11,ACTIVE,13633.73,INR,Y,CORE_BANKING
ACC0000062,CRM000075,SAVINGS,BR004,2023-12-12,ACTIVE,16165.05,INR,Y,CORE_BANKING
ACC0000063,CRM002109,SAVINGS,BR002,2024-10-02,ACTIVE,56577.37,INR,Y,CORE_BANKING
ACC0000064,CRM000295,CURRENT,BR005,2021-07-17,ACTIVE,52588.65,INR,N,CORE_BANKING
ACC0000065,CRM003265,CURRENT,BR001,2023-07-09,ACTIVE,12866.2,INR,N,CORE_BANKING
ACC0000066,CRM000628,SALARY,BR007,2021-02-17,ACTIVE,82030.11,INR,Y,CORE_BANKING
ACC0000067,CRM001146,SAVINGS,BR006,2018-11-04,ACTIVE,19489.96,INR,N,CORE_BANKING
ACC0000068,CRM003096,CURRENT,BR010,2024-07-20,CLOSED,17735.36,INR,N,CORE_BANKING
ACC0000069,CRM001968,SAVINGS,BR009,2019-07-22,ACTIVE,71184.06,INR,N,CORE_BANKING
ACC0000070,CRM001231,SAVINGS,BR009,2026-01-07,ACTIVE,27406.04,INR,Y,CORE_BANKING
ACC0000071,CRM001413,CURRENT,BR001,2017-12-02,ACTIVE,15964.15,INR,N,CORE_BANKING
ACC0000072,CRM003852,CURRENT,BR002,2022-02-14,ACTIVE,15622.4,INR,Y,CORE_BANKING
ACC0000073,CRM002897,SALARY,BR006,2025-02-24,ACTIVE,13448.26,INR,Y,CORE_BANKING
ACC0000074,CRM002649,SALARY,BR003,2018-12-23,ACTIVE,70408.55,INR,Y,CORE_BANKING
ACC0000075,CRM000003,SAVINGS,BR002,2019-01-12,ACTIVE,46572.31,INR,Y,CORE_BANKING
ACC0000076,CRM001491,SALARY,BR006,2021-03-22,ACTIVE,38459.85,INR,N,CORE_BANKING
ACC0000077,CRM002580,SALARY,BR002,2023-10-04,DORMANT,7384.86,INR,N,CORE_BANKING
ACC0000078,CRM000085,CURRENT,BR006,2023-10-16,ACTIVE,45924.3,INR,Y,CORE_BANKING
ACC0000079,CRM001354,SALARY,BR005,2021-11-16,CLOSED,17988.04,INR,N,CORE_BANKING
ACC0000080,CRM003077,SALARY,BR003,2017-01-02,ACTIVE,38884.38,INR,Y,CORE_BANKING
ACC0000081,CRM001617,SAVINGS,BR010,2023-02-25,ACTIVE,15166.84,INR,Y,CORE_BANKING
ACC0000082,CRM000736,SAVINGS,BR002,2020-08-03,ACTIVE,13721.14,INR,Y,CORE_BANKING
ACC0000083,CRM001886,SALARY,BR008,2018-11-06,ACTIVE,15673.86,INR,N,CORE_BANKING
ACC0000084,CRM002050,SALARY,BR005,2022-05-18,ACTIVE,68217.68,INR,Y,CORE_BANKING
ACC0000085,CRM003367,SAVINGS,BR008,2018-10-13,ACTIVE,109712.56,INR,N,CORE_BANKING
ACC0000086,CRM002457,CURRENT,BR003,2016-06-03,ACTIVE,30903.19,INR,Y,CORE_BANKING
ACC0000087,CRM000437,SALARY,BR005,2022-06-18,ACTIVE,36090.71,INR,N,CORE_BANKING
ACC0000088,CRM001837,SAVINGS,BR004,2023-02-02,ACTIVE,47345.32,INR,N,CORE_BANKING
ACC0000089,CRM000881,SALARY,BR009,2024-05-31,ACTIVE,64702.25,INR,N,CORE_BANKING
ACC0000090,CRM000916,SALARY,BR001,2023-12-05,ACTIVE,23577.18,INR,N,CORE_BANKING
ACC0000091,CRM000619,SAVINGS,BR001,2023-06-22,ACTIVE,112363.61,INR,N,CORE_BANKING
ACC0000092,CRM000896,CURRENT,BR001,2017-03-03,ACTIVE,14478.92,INR,N,CORE_BANKING
ACC0000093,CRM002104,SALARY,BR008,2020-07-14,ACTIVE,31730.45,INR,N,CORE_BANKING
ACC0000094,CRM001543,CURRENT,BR008,2020-06-29,ACTIVE,6941.72,INR,Y,CORE_BANKING
ACC0000095,CRM001115,SALARY,BR006,2017-10-11,CLOSED,9813.67,INR,N,CORE_BANKING
ACC0000096,CRM000506,SALARY,BR002,2025-08-06,ACTIVE,2313.53,INR,N,CORE_BANKING
ACC0000097,CRM000273,SALARY,BR007,2017-02-27,ACTIVE,9012.56,INR,N,CORE_BANKING
ACC0000098,CRM001067,SAVINGS,BR005,2018-07-10,ACTIVE,5288.36,INR,N,CORE_BANKING
ACC0000099,CRM000224,SAVINGS,BR002,2024-11-21,DORMANT,43438.98,INR,Y,CORE_BANKING
ACC0000100,CRM003891,SALARY,BR003,2024-05-25,CLOSED,10700.4,INR,N,CORE_BANKING
ACC0000101,CRM003142,CURRENT,BR008,2023-09-17,ACTIVE,72391.39,INR,N,CORE_BANKING
ACC0000102,CRM003922,SALARY,BR003,2023-06-14,ACTIVE,54633.69,INR,Y,CORE_BANKING
ACC0000103,CRM002463,SAVINGS,BR009,2022-01-31,ACTIVE,33934.22,INR,Y,CORE_BANKING
ACC0000104,CRM001330,SALARY,BR004,2022-05-09,CLOSED,37251.7,INR,Y,CORE_BANKING
ACC0000105,CRM002118,CURRENT,BR003,2022-05-02,CLOSED,18960.3,INR,Y,CORE_BANKING
ACC0000106,CRM001551,SALARY,BR008,2020-05-29,ACTIVE,64590.09,INR,Y,CORE_BANKING
ACC0000107,CRM001405,SALARY,BR002,2025-08-08,ACTIVE,23357.45,INR,Y,CORE_BANKING
ACC0000108,CRM001373,SALARY,BR005,2018-12-10,ACTIVE,14559.23,INR,Y,CORE_BANKING
ACC0000109,CRM000974,SAVINGS,BR007,2026-03-24,ACTIVE,29735.46,INR,N,CORE_BANKING
ACC0000110,CRM001773,SALARY,BR003,2024-10-28,ACTIVE,122446.64,INR,Y,CORE_BANKING
ACC0000111,CRM000458,SALARY,BR002,2018-11-10,ACTIVE,9868.65,INR,N,CORE_BANKING
ACC0000112,CRM001677,CURRENT,BR004,2019-04-12,ACTIVE,86504.55,INR,N,CORE_BANKING
ACC0000113,CRM002159,CURRENT,BR002,2018-11-09,ACTIVE,17643.56,INR,Y,CORE_BANKING
ACC0000114,CRM002459,CURRENT,BR005,2026-02-14,CLOSED,26443.42,INR,N,CORE_BANKING
ACC0000115,CRM003474,SALARY,BR004,2018-08-04,ACTIVE,27916.14,INR,Y,CORE_BANKING
ACC0000116,CRM002221,CURRENT,BR004,2026-03-17,ACTIVE,3681.03,INR,N,CORE_BANKING
ACC0000117,CRM001386,CURRENT,BR010,2025-09-03,DORMANT,16046.49,INR,N,CORE_BANKING
ACC0000118,CRM002392,CURRENT,BR002,2023-12-23,ACTIVE,35197.98,INR,N,CORE_BANKING
ACC0000119,CRM003279,SALARY,BR006,2020-05-19,ACTIVE,2943.36,INR,Y,CORE_BANKING
ACC0000120,CRM000413,SALARY,BR007,2025-01-28,ACTIVE,13040.13,INR,Y,CORE_BANKING
ACC0000121,CRM000537,CURRENT,BR004,2018-02-10,ACTIVE,81874.63,INR,Y,CORE_BANKING
ACC0000122,CRM002634,SALARY,BR001,2018-04-30,ACTIVE,116280.17,INR,Y,CORE_BANKING
ACC0000123,CRM002412,SAVINGS,BR010,2021-12-23,CLOSED,49712.42,INR,Y,CORE_BANKING
ACC0000124,CRM001643,SALARY,BR007,2024-12-03,ACTIVE,14389.16,INR,N,CORE_BANKING
ACC0000125,CRM003125,CURRENT,BR005,2019-03-31,ACTIVE,32921.22,INR,N,CORE_BANKING
ACC0000126,CRM000919,SAVINGS,BR009,2021-12-03,ACTIVE,12750.24,INR,Y,CORE_BANKING
ACC0000127,CRM000906,SALARY,BR005,2025-10-30,ACTIVE,52666.68,INR,Y,CORE_BANKING
ACC0000128,CRM002464,SALARY,BR009,2023-11-14,ACTIVE,43588.43,INR,Y,CORE_BANKING
ACC0000129,CRM001520,SAVINGS,BR002,2016-07-26,DORMANT,92641.95,INR,Y,CORE_BANKING
ACC0000130,CRM000355,SAVINGS,BR009,2021-03-21,ACTIVE,29578.52,INR,Y,CORE_BANKING
ACC0000131,CRM002071,CURRENT,BR005,2021-12-14,ACTIVE,23870.44,INR,N,CORE_BANKING
ACC0000132,CRM002303,SALARY,BR010,2021-12-16,ACTIVE,24248.29,INR,Y,CORE_BANKING
ACC0000133,CRM000320,SALARY,BR008,2018-07-19,ACTIVE,25499.02,INR,Y,CORE_BANKING
ACC0000134,CRM003197,SAVINGS,BR003,2020-01-07,ACTIVE,14427.98,INR,N,CORE_BANKING
ACC0000135,CRM003430,SAVINGS,BR010,2025-12-05,ACTIVE,3243.08,INR,N,CORE_BANKING
ACC0000136,CRM000236,SAVINGS,BR003,2023-11-02,ACTIVE,113338.1,INR,N,CORE_BANKING
ACC0000137,CRM000095,CURRENT,BR007,2016-06-19,ACTIVE,20987.08,INR,Y,CORE_BANKING
ACC0000138,CRM002409,CURRENT,BR009,2025-10-10,ACTIVE,32965.44,INR,Y,CORE_BANKING
ACC0000139,CRM000169,SAVINGS,BR005,2020-08-04,ACTIVE,134594.87,INR,N,CORE_BANKING
ACC0000140,CRM003355,SAVINGS,BR010,2024-07-09,ACTIVE,15544.22,INR,N,CORE_BANKING
ACC0000141,CRM001467,CURRENT,BR004,2021-12-05,ACTIVE,45708.15,INR,Y,CORE_BANKING
ACC0000142,CRM003880,SALARY,BR008,2019-11-03,DORMANT,62366.18,INR,Y,CORE_BANKING
ACC0000143,CRM001697,SALARY,BR001,2025-06-22,ACTIVE,20654.92,INR,N,CORE_BANKING
ACC0000144,CRM001353,CURRENT,BR002,2025-09-16,ACTIVE,24604.04,INR,Y,CORE_BANKING
ACC0000145,CRM003758,SALARY,BR002,2022-08-07,ACTIVE,34586.46,INR,N,CORE_BANKING
ACC0000146,CRM002319,SAVINGS,BR005,2022-08-29,ACTIVE,11514.83,INR,N,CORE_BANKING
ACC0000147,CRM002779,SAVINGS,BR004,2024-06-06,ACTIVE,2128.91,INR,Y,CORE_BANKING
ACC0000148,CRM001144,SALARY,BR002,2019-10-31,ACTIVE,36026.59,INR,Y,CORE_BANKING
ACC0000149,CRM002915,SALARY,BR007,2021-08-05,ACTIVE,54977.51,INR,N,CORE_BANKING
ACC0000150,CRM000873,SALARY,BR005,2020-11-26,ACTIVE,33991.46,INR,N,CORE_BANKING
ACC0000151,CRM002050,CURRENT,BR003,2023-11-21,ACTIVE,176715.11,INR,Y,CORE_BANKING
ACC0000152,CRM002718,SAVINGS,BR004,2026-04-12,ACTIVE,401317.09,INR,N,CORE_BANKING
ACC0000153,CRM002106,SALARY,BR007,2016-01-30,ACTIVE,24174.74,INR,N,CORE_BANKING
ACC0000154,CRM000054,SAVINGS,BR006,2019-10-08,ACTIVE,18371.34,INR,Y,CORE_BANKING
ACC0000155,CRM003303,SAVINGS,BR002,2023-07-08,ACTIVE,89617.2,INR,Y,CORE_BANKING
ACC0000156,CRM002976,SALARY,BR007,2019-04-29,ACTIVE,34176.94,INR,N,CORE_BANKING
ACC0000157,CRM001212,SAVINGS,BR002,2018-01-24,ACTIVE,20196.89,INR,Y,CORE_BANKING
ACC0000158,CRM003476,SALARY,BR004,2023-05-07,ACTIVE,15634.25,INR,Y,CORE_BANKING
ACC0000159,CRM002201,SAVINGS,BR010,2025-06-09,ACTIVE,45790.01,INR,N,CORE_BANKING
ACC0000160,CRM002539,SALARY,BR003,2022-07-29,ACTIVE,17898.9,INR,Y,CORE_BANKING
ACC0000161,CRM002867,SAVINGS,BR005,2023-08-23,ACTIVE,12063.41,INR,Y,CORE_BANKING
ACC0000162,CRM002011,SALARY,BR003,2023-02-06,CLOSED,10015.42,INR,Y,CORE_BANKING
ACC0000163,CRM003353,SALARY,BR010,2024-09-03,ACTIVE,59844.6,INR,Y,CORE_BANKING
ACC0000164,CRM000855,SALARY,BR001,2022-07-15,ACTIVE,112781.68,INR,Y,CORE_BANKING
ACC0000165,CRM002814,CURRENT,BR004,2016-10-28,ACTIVE,12334.34,INR,Y,CORE_BANKING
ACC0000166,CRM003377,SALARY,BR001,2023-10-10,ACTIVE,21744.49,INR,Y,CORE_BANKING
ACC0000167,CRM003625,CURRENT,BR001,2016-02-24,ACTIVE,26304.6,INR,Y,CORE_BANKING
ACC0000168,CRM003003,SALARY,BR006,2016-10-27,ACTIVE,8557.74,INR,Y,CORE_BANKING
ACC0000169,CRM000906,CURRENT,BR001,2025-03-28,ACTIVE,16144.92,INR,Y,CORE_BANKING
ACC0000170,CRM000260,SAVINGS,BR005,2020-07-10,ACTIVE,3296.38,INR,N,CORE_BANKING
ACC0000171,CRM000635,CURRENT,BR006,2024-05-22,ACTIVE,52511.86,INR,Y,CORE_BANKING
ACC0000172,CRM003369,CURRENT,BR004,2024-03-25,ACTIVE,17997.39,INR,N,CORE_BANKING
ACC0000173,CRM003803,SAVINGS,BR002,2025-03-14,ACTIVE,46485.08,INR,N,CORE_BANKING
ACC0000174,CRM003835,SALARY,BR005,2016-06-18,ACTIVE,8818.06,INR,Y,CORE_BANKING
ACC0000175,CRM002066,SAVINGS,BR005,2023-02-17,ACTIVE,118918.68,INR,Y,CORE_BANKING
ACC0000176,CRM002638,SAVINGS,BR007,2026-03-04,ACTIVE,6704.82,INR,N,CORE_BANKING
ACC0000177,CRM003207,SALARY,BR008,2022-03-24,ACTIVE,21653.0,INR,N,CORE_BANKING
ACC0000178,CRM003781,SALARY,BR004,2021-05-30,ACTIVE,16736.99,INR,Y,CORE_BANKING
ACC0000179,CRM001868,SAVINGS,BR010,2024-09-09,ACTIVE,18610.17,INR,N,CORE_BANKING
ACC0000180,CRM000132,CURRENT,BR006,2017-10-04,ACTIVE,4362.2,INR,N,CORE_BANKING
ACC0000181,CRM000352,SALARY,BR002,2019-01-06,ACTIVE,38139.23,INR,Y,CORE_BANKING
ACC0000182,CRM000783,SALARY,BR004,2019-05-05,ACTIVE,3336.19,INR,Y,CORE_BANKING
ACC0000183,CRM001685,CURRENT,BR008,2024-02-23,ACTIVE,107507.7,INR,Y,CORE_BANKING
ACC0000184,CRM001027,SALARY,BR002,2017-12-18,ACTIVE,49763.61,INR,N,CORE_BANKING
ACC0000185,CRM003392,CURRENT,BR002,2020-05-05,ACTIVE,34232.21,INR,Y,CORE_BANKING
ACC0000186,CRM003994,SAVINGS,BR001,2016-06-15,ACTIVE,19816.26,INR,N,CORE_BANKING
ACC0000187,CRM000158,SAVINGS,BR010,2017-12-30,ACTIVE,21617.93,INR,Y,CORE_BANKING
ACC0000188,CRM000419,SALARY,BR001,2019-01-05,ACTIVE,30534.78,INR,N,CORE_BANKING
ACC0000189,CRM000401,SALARY,BR003,2023-01-31,ACTIVE,76576.4,INR,Y,CORE_BANKING
ACC0000190,CRM000914,CURRENT,BR007,2022-06-27,ACTIVE,15827.12,INR,Y,CORE_BANKING
ACC0000191,CRM002185,SAVINGS,BR008,2020-02-17,ACTIVE,18221.1,INR,Y,CORE_BANKING
ACC0000192,CRM000071,SAVINGS,BR006,2023-07-06,ACTIVE,38108.94,INR,N,CORE_BANKING
ACC0000193,CRM001567,SALARY,BR001,2018-01-31,DORMANT,19985.67,INR,N,CORE_BANKING
ACC0000194,CRM000963,SALARY,BR007,2022-10-17,ACTIVE,6282.91,INR,Y,CORE_BANKING
ACC0000195,CRM000854,SALARY,BR006,2026-02-20,ACTIVE,23737.04,INR,N,CORE_BANKING
ACC0000196,CRM002766,SALARY,BR007,2017-08-07,ACTIVE,10523.04,INR,Y,CORE_BANKING
ACC0000197,CRM001063,CURRENT,BR009,2024-10-16,ACTIVE,26652.99,INR,Y,CORE_BANKING
ACC0000198,CRM002075,SALARY,BR008,2019-09-10,ACTIVE,11198.35,INR,Y,CORE_BANKING
ACC0000199,CRM000383,SALARY,BR005,2016-05-14,ACTIVE,12230.46,INR,Y,CORE_BANKING
ACC0000200,CRM002352,SALARY,BR005,2017-08-10,ACTIVE,7266.9,INR,N,CORE_BANKING
ACC0000201,CRM001440,SAVINGS,BR004,2018-07-29,ACTIVE,39479.66,INR,N,CORE_BANKING
ACC0000202,CRM002345,CURRENT,BR005,2017-01-02,ACTIVE,33371.36,INR,Y,CORE_BANKING
ACC0000203,CRM002142,CURRENT,BR003,2018-04-28,ACTIVE,33889.29,INR,Y,CORE_BANKING
ACC0000204,CRM001542,CURRENT,BR001,2021-08-02,ACTIVE,23944.08,INR,N,CORE_BANKING
ACC0000205,CRM000421,SALARY,BR010,2016-11-28,ACTIVE,23466.79,INR,Y,CORE_BANKING
ACC0000206,CRM000070,SALARY,BR008,2017-10-17,ACTIVE,15650.37,INR,Y,CORE_BANKING
ACC0000207,CRM000509,CURRENT,BR003,2022-06-27,ACTIVE,97805.28,INR,Y,CORE_BANKING
ACC0000208,CRM001013,CURRENT,BR004,2024-02-21,ACTIVE,31379.17,INR,N,CORE_BANKING
ACC0000209,CRM003511,CURRENT,BR008,2018-07-06,ACTIVE,6864.41,INR,Y,CORE_BANKING
ACC0000210,CRM001053,SALARY,BR004,2023-04-29,DORMANT,60570.78,INR,Y,CORE_BANKING
ACC0000211,CRM002972,SALARY,BR006,2017-04-25,ACTIVE,103384.47,INR,N,CORE_BANKING
ACC0000212,CRM001390,SALARY,BR004,2018-09-12,ACTIVE,2054.61,INR,N,CORE_BANKING
ACC0000213,CRM001061,SALARY,BR005,2018-07-26,ACTIVE,35327.46,INR,N,CORE_BANKING
ACC0000214,CRM001218,SAVINGS,BR010,2022-09-08,ACTIVE,76255.65,INR,Y,CORE_BANKING
ACC0000215,CRM001205,SAVINGS,BR007,2019-08-12,ACTIVE,4900.34,INR,N,CORE_BANKING
ACC0000216,CRM003226,SALARY,BR005,2019-10-26,ACTIVE,20178.44,INR,Y,CORE_BANKING
ACC0000217,CRM003315,SALARY,BR010,2021-04-11,ACTIVE,51932.92,INR,Y,CORE_BANKING
ACC0000218,CRM001973,CURRENT,BR005,2024-04-22,ACTIVE,133211.9,INR,N,CORE_BANKING
ACC0000219,CRM000197,SAVINGS,BR001,2019-11-02,DORMANT,3836.99,INR,Y,CORE_BANKING
ACC0000220,CRM002191,SAVINGS,BR010,2019-03-21,CLOSED,18119.83,INR,N,CORE_BANKING
ACC0000221,CRM003798,SAVINGS,BR003,2017-02-28,ACTIVE,98999.97,INR,Y,CORE_BANKING
ACC0000222,CRM002806,SALARY,BR010,2020-01-31,ACTIVE,8044.83,INR,N,CORE_BANKING
ACC0000223,CRM001906,SALARY,BR010,2026-04-10,ACTIVE,58780.72,INR,Y,CORE_BANKING
ACC0000224,CRM003704,CURRENT,BR008,2022-04-16,ACTIVE,38566.89,INR,N,CORE_BANKING
ACC0000225,CRM003568,SAVINGS,BR010,2019-10-19,CLOSED,4133.96,INR,Y,CORE_BANKING
ACC0000226,CRM001878,SAVINGS,BR009,2017-01-29,ACTIVE,8957.88,INR,N,CORE_BANKING
ACC0000227,CRM002032,SALARY,BR008,2022-01-29,ACTIVE,41226.62,INR,Y,CORE_BANKING
ACC0000228,CRM000455,SAVINGS,BR007,2024-08-08,ACTIVE,220208.67,INR,N,CORE_BANKING
ACC0000229,CRM001766,SAVINGS,BR008,2019-06-22,ACTIVE,11686.09,INR,N,CORE_BANKING
ACC0000230,CRM003421,SAVINGS,BR004,2020-05-10,ACTIVE,64527.67,INR,N,CORE_BANKING
ACC0000231,CRM002466,SAVINGS,BR009,2020-12-16,ACTIVE,28086.89,INR,N,CORE_BANKING
ACC0000232,CRM003650,SALARY,BR008,2020-05-26,ACTIVE,21153.06,INR,Y,CORE_BANKING
ACC0000233,CRM001622,SALARY,BR009,2017-06-24,ACTIVE,5260.28,INR,Y,CORE_BANKING
ACC0000234,CRM001275,SALARY,BR003,2017-02-13,ACTIVE,52052.79,INR,N,CORE_BANKING
ACC0000235,CRM000236,SALARY,BR001,2023-06-21,ACTIVE,17150.25,INR,Y,CORE_BANKING
ACC0000236,CRM001237,CURRENT,BR001,2017-08-24,ACTIVE,13968.62,INR,Y,CORE_BANKING
ACC0000237,CRM000043,CURRENT,BR009,2019-03-31,ACTIVE,30067.72,INR,Y,CORE_BANKING
ACC0000238,CRM000358,CURRENT,BR008,2025-12-18,ACTIVE,79825.02,INR,Y,CORE_BANKING
ACC0000239,CRM003500,SALARY,BR007,2020-03-13,ACTIVE,26541.71,INR,N,CORE_BANKING
ACC0000240,CRM000305,SALARY,BR003,2018-03-30,ACTIVE,15115.64,INR,N,CORE_BANKING
ACC0000241,CRM000844,SAVINGS,BR004,2020-03-04,ACTIVE,58740.93,INR,Y,CORE_BANKING
ACC0000242,CRM001073,CURRENT,BR002,2023-10-08,DORMANT,232764.37,INR,Y,CORE_BANKING
ACC0000243,CRM003609,SAVINGS,BR010,2019-03-18,ACTIVE,37507.25,INR,Y,CORE_BANKING
ACC0000244,CRM003226,SALARY,BR007,2021-12-06,ACTIVE,24363.09,INR,Y,CORE_BANKING
ACC0000245,CRM001848,SALARY,BR005,2025-08-31,ACTIVE,9564.3,INR,N,CORE_BANKING
ACC0000246,CRM000544,SALARY,BR002,2020-11-04,ACTIVE,9363.3,INR,Y,CORE_BANKING
ACC0000247,CRM000203,CURRENT,BR001,2019-11-09,ACTIVE,47928.54,INR,Y,CORE_BANKING
ACC0000248,CRM000505,SALARY,BR003,2021-06-29,CLOSED,63154.11,INR,Y,CORE_BANKING
ACC0000249,CRM003539,SALARY,BR007,2020-11-19,ACTIVE,11845.27,INR,N,CORE_BANKING
ACC0000250,CRM002917,CURRENT,BR004,2016-05-08,ACTIVE,34580.72,INR,N,CORE_BANKING
ACC0000251,CRM003829,CURRENT,BR001,2018-06-19,ACTIVE,54310.98,INR,N,CORE_BANKING
ACC0000252,CRM001252,SALARY,BR002,2020-04-07,ACTIVE,47939.78,INR,N,CORE_BANKING
ACC0000253,CRM002647,CURRENT,BR004,2018-07-20,ACTIVE,33545.26,INR,N,CORE_BANKING
ACC0000254,CRM002718,SALARY,BR005,2018-02-01,ACTIVE,135309.81,INR,N,CORE_BANKING
ACC0000255,CRM003864,SALARY,BR001,2024-12-12,ACTIVE,11339.74,INR,N,CORE_BANKING
ACC0000256,CRM001780,SALARY,BR006,2016-02-18,ACTIVE,14131.47,INR,N,CORE_BANKING
ACC0000257,CRM000873,SAVINGS,BR008,2016-10-10,ACTIVE,155108.12,INR,N,CORE_BANKING
ACC0000258,CRM000104,CURRENT,BR010,2024-02-12,DORMANT,35302.87,INR,Y,CORE_BANKING
ACC0000259,CRM000905,SAVINGS,BR001,2023-12-06,ACTIVE,40526.51,INR,N,CORE_BANKING
ACC0000260,CRM000220,SALARY,BR006,2025-09-11,DORMANT,96500.78,INR,Y,CORE_BANKING
ACC0000261,CRM000334,SALARY,BR003,2019-05-20,ACTIVE,10015.04,INR,N,CORE_BANKING
ACC0000262,CRM003975,SAVINGS,BR002,2021-02-15,ACTIVE,33012.77,INR,Y,CORE_BANKING
ACC0000263,CRM003759,SAVINGS,BR006,2023-01-13,ACTIVE,21785.22,INR,Y,CORE_BANKING
ACC0000264,CRM003589,SAVINGS,BR009,2025-07-20,ACTIVE,18923.41,INR,Y,CORE_BANKING
ACC0000265,CRM001074,CURRENT,BR005,2017-04-04,ACTIVE,34441.51,INR,N,CORE_BANKING
ACC0000266,CRM003182,SALARY,BR006,2020-07-31,ACTIVE,15850.47,INR,N,CORE_BANKING
ACC0000267,CRM002771,SALARY,BR008,2020-10-17,ACTIVE,30925.01,INR,Y,CORE_BANKING
ACC0000268,CRM000308,SALARY,BR003,2016-07-08,ACTIVE,16478.47,INR,N,CORE_BANKING
ACC0000269,CRM000999,SALARY,BR004,2019-04-01,ACTIVE,40435.26,INR,Y,CORE_BANKING
ACC0000270,CRM001918,CURRENT,BR010,2020-07-30,ACTIVE,3233.16,INR,N,CORE_BANKING
ACC0000271,CRM003500,SALARY,BR003,2019-09-23,ACTIVE,29167.21,INR,N,CORE_BANKING
ACC0000272,CRM002016,SAVINGS,BR009,2017-02-12,ACTIVE,237037.07,INR,Y,CORE_BANKING
ACC0000273,CRM002384,SAVINGS,BR008,2020-10-02,ACTIVE,32274.26,INR,Y,CORE_BANKING
ACC0000274,CRM001974,CURRENT,BR010,2016-07-03,CLOSED,137394.38,INR,N,CORE_BANKING
ACC0000275,CRM000915,CURRENT,BR002,2026-03-11,ACTIVE,12497.71,INR,Y,CORE_BANKING
ACC0000276,CRM000493,SAVINGS,BR008,2022-07-30,ACTIVE,4989.57,INR,N,CORE_BANKING
ACC0000277,CRM003121,SAVINGS,BR004,2025-02-06,ACTIVE,18040.79,INR,N,CORE_BANKING
ACC0000278,CRM003456,SALARY,BR004,2020-08-03,ACTIVE,54378.55,INR,Y,CORE_BANKING
ACC0000279,CRM000772,CURRENT,BR001,2021-06-12,ACTIVE,19904.17,INR,N,CORE_BANKING
ACC0000280,CRM002779,CURRENT,BR002,2017-08-01,ACTIVE,10780.96,INR,N,CORE_BANKING
ACC0000281,CRM002097,CURRENT,BR007,2018-10-18,ACTIVE,125207.48,INR,Y,CORE_BANKING
ACC0000282,CRM001311,CURRENT,BR007,2025-01-11,ACTIVE,145588.54,INR,N,CORE_BANKING
ACC0000283,CRM003194,SAVINGS,BR003,2016-12-13,ACTIVE,4510.6,INR,N,CORE_BANKING
ACC0000284,CRM002796,SAVINGS,BR004,2026-04-30,ACTIVE,31028.32,INR,Y,CORE_BANKING
ACC0000285,CRM001354,CURRENT,BR004,2024-12-26,ACTIVE,16691.86,INR,N,CORE_BANKING
ACC0000286,CRM002248,SAVINGS,BR002,2026-01-16,ACTIVE,21036.26,INR,Y,CORE_BANKING
ACC0000287,CRM003237,CURRENT,BR005,2018-12-20,ACTIVE,9863.17,INR,N,CORE_BANKING
ACC0000288,CRM001828,SAVINGS,BR002,2026-03-03,ACTIVE,10600.27,INR,Y,CORE_BANKING
ACC0000289,CRM000249,SAVINGS,BR009,2021-12-26,ACTIVE,81256.19,INR,N,CORE_BANKING
ACC0000290,CRM002971,SALARY,BR001,2023-02-13,ACTIVE,39077.07,INR,Y,CORE_BANKING
ACC0000291,CRM001101,CURRENT,BR004,2024-03-21,ACTIVE,29525.01,INR,N,CORE_BANKING
ACC0000292,CRM001812,CURRENT,BR001,2016-02-14,DORMANT,13211.11,INR,Y,CORE_BANKING
ACC0000293,CRM002375,SAVINGS,BR003,2020-10-22,ACTIVE,61070.57,INR,Y,CORE_BANKING
ACC0000294,CRM003313,SALARY,BR001,2016-04-16,ACTIVE,60842.35,INR,Y,CORE_BANKING
ACC0000295,CRM000590,SALARY,BR009,2025-12-24,CLOSED,127581.37,INR,Y,CORE_BANKING
ACC0000296,CRM002445,SALARY,BR003,2022-03-06,ACTIVE,7282.15,INR,Y,CORE_BANKING
ACC0000297,CRM001653,SAVINGS,BR001,2020-01-06,ACTIVE,9101.15,INR,N,CORE_BANKING
ACC0000298,CRM002743,CURRENT,BR010,2017-01-08,ACTIVE,106663.82,INR,N,CORE_BANKING
ACC0000299,CRM003198,SALARY,BR005,2020-03-28,ACTIVE,70565.55,INR,Y,CORE_BANKING
ACC0000300,CRM003837,SAVINGS,BR003,2017-08-31,ACTIVE,160148.5,INR,Y,CORE_BANKING
ACC0000301,CRM003558,SALARY,BR001,2023-07-30,ACTIVE,29063.09,INR,N,CORE_BANKING
ACC0000302,CRM001235,SAVINGS,BR002,2021-04-18,ACTIVE,29334.97,INR,Y,CORE_BANKING
ACC0000303,CRM001586,SAVINGS,BR003,2021-02-01,ACTIVE,229874.76,INR,Y,CORE_BANKING
ACC0000304,CRM002189,CURRENT,BR007,2017-06-09,ACTIVE,32471.61,INR,Y,CORE_BANKING
ACC0000305,CRM003687,SALARY,BR005,2019-03-22,ACTIVE,33265.19,INR,N,CORE_BANKING
ACC0000306,CRM003742,CURRENT,BR003,2024-05-23,ACTIVE,150512.68,INR,Y,CORE_BANKING
ACC0000307,CRM001970,SAVINGS,BR003,2020-06-30,DORMANT,9888.82,INR,Y,CORE_BANKING
ACC0000308,CRM000888,SAVINGS,BR004,2025-04-09,ACTIVE,35568.5,INR,N,CORE_BANKING
ACC0000309,CRM000955,CURRENT,BR010,2019-12-20,ACTIVE,142533.36,INR,N,CORE_BANKING
ACC0000310,CRM003425,SAVINGS,BR004,2018-04-21,DORMANT,63082.52,INR,N,CORE_BANKING
ACC0000311,CRM000854,SAVINGS,BR008,2022-01-02,ACTIVE,17490.64,INR,Y,CORE_BANKING
ACC0000312,CRM003473,SALARY,BR002,2018-12-04,CLOSED,7796.34,INR,Y,CORE_BANKING
ACC0000313,CRM003524,SAVINGS,BR003,2024-11-07,ACTIVE,7254.23,INR,Y,CORE_BANKING
ACC0000314,CRM000149,SALARY,BR009,2017-03-28,ACTIVE,11809.15,INR,Y,CORE_BANKING
ACC0000315,CRM003023,CURRENT,BR005,2023-12-02,ACTIVE,41990.29,INR,Y,CORE_BANKING
ACC0000316,CRM001983,CURRENT,BR003,2019-02-22,ACTIVE,55826.77,INR,N,CORE_BANKING
ACC0000317,CRM001559,SAVINGS,BR010,2023-02-01,CLOSED,18352.09,INR,N,CORE_BANKING
ACC0000318,CRM001536,CURRENT,BR002,2019-07-15,ACTIVE,20525.44,INR,Y,CORE_BANKING
ACC0000319,CRM001078,SAVINGS,BR001,2025-11-11,DORMANT,26603.52,INR,Y,CORE_BANKING
ACC0000320,CRM003705,SALARY,BR004,2019-07-04,ACTIVE,14907.62,INR,Y,CORE_BANKING
ACC0000321,CRM003890,SAVINGS,BR006,2018-01-21,ACTIVE,38306.95,INR,Y,CORE_BANKING
ACC0000322,CRM000126,SALARY,BR009,2018-08-21,ACTIVE,15913.41,INR,Y,CORE_BANKING
ACC0000323,CRM003922,CURRENT,BR006,2020-07-15,CLOSED,14302.09,INR,N,CORE_BANKING
ACC0000324,CRM000767,SAVINGS,BR004,2022-06-04,ACTIVE,39520.37,INR,N,CORE_BANKING
ACC0000325,CRM002633,CURRENT,BR003,2024-06-22,ACTIVE,44632.99,INR,Y,CORE_BANKING
ACC0000326,CRM001978,CURRENT,BR002,2026-01-22,ACTIVE,9635.17,INR,N,CORE_BANKING
ACC0000327,CRM002456,CURRENT,BR003,2024-07-31,ACTIVE,4535.45,INR,N,CORE_BANKING
ACC0000328,CRM002864,SALARY,BR002,2026-02-27,ACTIVE,40672.42,INR,Y,CORE_BANKING
ACC0000329,CRM001932,CURRENT,BR008,2025-12-03,ACTIVE,37618.61,INR,N,CORE_BANKING
ACC0000330,CRM000669,CURRENT,BR004,2021-07-02,ACTIVE,59675.66,INR,Y,CORE_BANKING
ACC0000331,CRM000936,SALARY,BR003,2019-07-31,ACTIVE,154835.94,INR,Y,CORE_BANKING
ACC0000332,CRM003954,SAVINGS,BR009,2024-11-28,ACTIVE,24286.82,INR,N,CORE_BANKING
ACC0000333,CRM000366,SAVINGS,BR007,2024-02-27,ACTIVE,17586.06,INR,Y,CORE_BANKING
ACC0000334,CRM002902,CURRENT,BR006,2024-09-27,ACTIVE,15059.73,INR,Y,CORE_BANKING
ACC0000335,CRM000239,SALARY,BR009,2024-09-28,ACTIVE,51296.29,INR,N,CORE_BANKING
ACC0000336,CRM003211,CURRENT,BR004,2018-09-16,ACTIVE,7562.7,INR,Y,CORE_BANKING
ACC0000337,CRM000203,SAVINGS,BR005,2017-12-30,ACTIVE,53710.04,INR,Y,CORE_BANKING
ACC0000338,CRM001038,SALARY,BR010,2020-10-18,ACTIVE,35740.99,INR,Y,CORE_BANKING
ACC0000339,CRM001582,CURRENT,BR005,2021-01-14,ACTIVE,12953.81,INR,Y,CORE_BANKING
ACC0000340,CRM000895,SAVINGS,BR006,2023-08-23,ACTIVE,75120.88,INR,N,CORE_BANKING
ACC0000341,CRM002236,SAVINGS,BR009,2017-06-21,ACTIVE,12870.05,INR,N,CORE_BANKING
ACC0000342,CRM002713,SALARY,BR004,2024-12-09,ACTIVE,38388.31,INR,Y,CORE_BANKING
ACC0000343,CRM002521,SALARY,BR010,2026-01-07,ACTIVE,21133.57,INR,N,CORE_BANKING
ACC0000344,CRM003987,SALARY,BR006,2016-06-13,DORMANT,4965.08,INR,Y,CORE_BANKING
ACC0000345,CRM001131,SALARY,BR001,2020-06-09,ACTIVE,18326.6,INR,Y,CORE_BANKING
ACC0000346,CRM001675,SAVINGS,BR008,2016-09-03,ACTIVE,26173.34,INR,N,CORE_BANKING
ACC0000347,CRM003828,SALARY,BR002,2016-04-28,ACTIVE,35037.34,INR,N,CORE_BANKING
ACC0000348,CRM001426,CURRENT,BR008,2022-12-01,CLOSED,51009.28,INR,N,CORE_BANKING
ACC0000349,CRM002326,SAVINGS,BR003,2024-11-10,ACTIVE,35070.43,INR,N,CORE_BANKING
ACC0000350,CRM000772,SAVINGS,BR009,2017-12-29,ACTIVE,20947.48,INR,Y,CORE_BANKING
ACC0000351,CRM001894,SALARY,BR004,2020-02-09,ACTIVE,4560.01,INR,N,CORE_BANKING
ACC0000352,CRM001228,SAVINGS,BR005,2024-09-15,DORMANT,13301.51,INR,Y,CORE_BANKING
ACC0000353,CRM002117,SALARY,BR003,2018-08-11,ACTIVE,62944.64,INR,N,CORE_BANKING
ACC0000354,CRM003076,CURRENT,BR007,2020-06-17,ACTIVE,76804.11,INR,N,CORE_BANKING
ACC0000355,CRM001672,SALARY,BR006,2022-03-16,ACTIVE,22217.2,INR,N,CORE_BANKING
ACC0000356,CRM001447,SAVINGS,BR003,2022-02-12,ACTIVE,22552.73,INR,Y,CORE_BANKING
ACC0000357,CRM003787,CURRENT,BR008,2024-12-21,ACTIVE,213515.81,INR,N,CORE_BANKING
ACC0000358,CRM003347,CURRENT,BR002,2020-03-05,ACTIVE,53163.3,INR,N,CORE_BANKING
ACC0000359,CRM002538,SAVINGS,BR006,2022-10-25,ACTIVE,42986.5,INR,N,CORE_BANKING
ACC0000360,CRM000137,CURRENT,BR002,2025-08-29,ACTIVE,106788.98,INR,N,CORE_BANKING
ACC0000361,CRM003563,SAVINGS,BR001,2019-05-06,ACTIVE,11740.07,INR,Y,CORE_BANKING
ACC0000362,CRM000061,SAVINGS,BR006,2026-02-08,ACTIVE,58700.08,INR,N,CORE_BANKING
ACC0000363,CRM001394,CURRENT,BR003,2020-10-10,ACTIVE,2774.93,INR,Y,CORE_BANKING
ACC0000364,CRM002820,CURRENT,BR007,2017-11-29,ACTIVE,29577.06,INR,N,CORE_BANKING
ACC0000365,CRM000170,SALARY,BR006,2022-05-29,ACTIVE,229554.27,INR,Y,CORE_BANKING
ACC0000366,CRM000955,SALARY,BR006,2020-05-27,ACTIVE,38822.33,INR,Y,CORE_BANKING
ACC0000367,CRM001673,SAVINGS,BR009,2019-08-12,ACTIVE,22972.38,INR,Y,CORE_BANKING
ACC0000368,CRM002194,SAVINGS,BR005,2019-12-11,DORMANT,5916.5,INR,Y,CORE_BANKING
ACC0000369,CRM001573,CURRENT,BR002,2022-09-14,ACTIVE,15487.6,INR,Y,CORE_BANKING
ACC0000370,CRM001851,CURRENT,BR007,2019-03-26,DORMANT,50583.92,INR,Y,CORE_BANKING
ACC0000371,CRM003694,SAVINGS,BR010,2016-01-24,ACTIVE,10610.02,INR,N,CORE_BANKING
ACC0000372,CRM001488,SALARY,BR003,2018-10-21,DORMANT,35921.65,INR,N,CORE_BANKING
ACC0000373,CRM000350,SALARY,BR009,2022-08-23,DORMANT,19332.99,INR,N,CORE_BANKING
ACC0000374,CRM001210,CURRENT,BR005,2022-05-13,DORMANT,26291.29,INR,N,CORE_BANKING
ACC0000375,CRM003225,CURRENT,BR009,2019-12-13,ACTIVE,14124.54,INR,N,CORE_BANKING
ACC0000376,CRM000258,SALARY,BR009,2024-11-28,ACTIVE,7159.93,INR,N,CORE_BANKING
ACC0000377,CRM002138,CURRENT,BR005,2025-05-25,ACTIVE,23387.67,INR,N,CORE_BANKING
ACC0000378,CRM003999,SALARY,BR006,2024-12-29,ACTIVE,9126.07,INR,Y,CORE_BANKING
ACC0000379,CRM003412,CURRENT,BR009,2023-04-06,ACTIVE,19941.35,INR,Y,CORE_BANKING
ACC0000380,CRM002585,SAVINGS,BR007,2016-12-06,CLOSED,39159.82,INR,Y,CORE_BANKING
ACC0000381,CRM002144,CURRENT,BR004,2018-08-08,CLOSED,17279.66,INR,N,CORE_BANKING
ACC0000382,CRM001004,CURRENT,BR002,2023-07-10,ACTIVE,14883.25,INR,Y,CORE_BANKING
ACC0000383,CRM000055,SAVINGS,BR008,2025-08-20,ACTIVE,26219.09,INR,Y,CORE_BANKING
ACC0000384,CRM000300,SALARY,BR005,2025-03-19,CLOSED,32867.58,INR,Y,CORE_BANKING
ACC0000385,CRM003342,CURRENT,BR002,2021-07-28,ACTIVE,67746.1,INR,N,CORE_BANKING
ACC0000386,CRM000767,SALARY,BR006,2018-01-27,ACTIVE,39388.09,INR,Y,CORE_BANKING
ACC0000387,CRM002983,CURRENT,BR007,2020-06-15,ACTIVE,91375.61,INR,N,CORE_BANKING
ACC0000388,CRM000330,SAVINGS,BR004,2024-06-17,ACTIVE,17139.56,INR,N,CORE_BANKING
ACC0000389,CRM001312,SAVINGS,BR001,2019-11-14,ACTIVE,73960.06,INR,Y,CORE_BANKING
ACC0000390,CRM001709,SAVINGS,BR008,2016-02-14,ACTIVE,15287.97,INR,Y,CORE_BANKING
ACC0000391,CRM002805,CURRENT,BR005,2020-06-28,ACTIVE,4480.99,INR,Y,CORE_BANKING
ACC0000392,CRM002955,SAVINGS,BR001,2022-01-28,ACTIVE,21205.16,INR,Y,CORE_BANKING
ACC0000393,CRM001087,CURRENT,BR009,2024-10-12,ACTIVE,2533.0,INR,N,CORE_BANKING
ACC0000394,CRM003396,SAVINGS,BR008,2017-01-08,ACTIVE,235254.14,INR,Y,CORE_BANKING
ACC0000395,CRM003685,SALARY,BR006,2022-09-23,ACTIVE,69187.46,INR,N,CORE_BANKING
ACC0000396,CRM003707,SAVINGS,BR004,2025-06-25,CLOSED,19923.52,INR,N,CORE_BANKING
ACC0000397,CRM002056,SALARY,BR007,2020-02-14,ACTIVE,23867.47,INR,Y,CORE_BANKING
ACC0000398,CRM001418,CURRENT,BR010,2016-12-21,ACTIVE,37582.67,INR,N,CORE_BANKING
ACC0000399,CRM002895,SAVINGS,BR008,2021-04-26,ACTIVE,6228.45,INR,N,CORE_BANKING
ACC0000400,CRM002018,SALARY,BR005,2016-06-03,ACTIVE,124685.01,INR,N,CORE_BANKING
ACC0000401,CRM003316,SALARY,BR001,2018-01-12,ACTIVE,22968.69,INR,Y,CORE_BANKING
ACC0000402,CRM003376,SAVINGS,BR002,2022-08-25,ACTIVE,16551.91,INR,Y,CORE_BANKING
ACC0000403,CRM002312,SAVINGS,BR006,2024-06-10,ACTIVE,17794.67,INR,Y,CORE_BANKING
ACC0000404,CRM003044,CURRENT,BR005,2016-07-05,ACTIVE,7177.32,INR,Y,CORE_BANKING
ACC0000405,CRM001054,SALARY,BR007,2018-04-24,ACTIVE,11065.3,INR,N,CORE_BANKING
ACC0000406,CRM001034,CURRENT,BR005,2021-04-25,ACTIVE,96248.07,INR,N,CORE_BANKING
ACC0000407,CRM002835,CURRENT,BR008,2016-07-23,ACTIVE,23052.35,INR,Y,CORE_BANKING
ACC0000408,CRM000070,SAVINGS,BR006,2017-05-03,ACTIVE,5037.74,INR,Y,CORE_BANKING
ACC0000409,CRM000377,CURRENT,BR008,2020-11-18,ACTIVE,24499.74,INR,Y,CORE_BANKING
ACC0000410,CRM002198,SALARY,BR007,2024-09-08,ACTIVE,43318.22,INR,Y,CORE_BANKING
ACC0000411,CRM001338,SALARY,BR009,2023-05-01,ACTIVE,36784.09,INR,Y,CORE_BANKING
ACC0000412,CRM001087,SALARY,BR006,2022-03-15,DORMANT,82774.15,INR,N,CORE_BANKING
ACC0000413,CRM000119,CURRENT,BR009,2023-12-01,ACTIVE,30637.32,INR,Y,CORE_BANKING
ACC0000414,CRM002915,SALARY,BR005,2022-01-04,DORMANT,87823.67,INR,N,CORE_BANKING
ACC0000415,CRM000179,SALARY,BR006,2016-05-15,DORMANT,43414.28,INR,N,CORE_BANKING
ACC0000416,CRM000430,SAVINGS,BR006,2025-08-04,ACTIVE,109670.9,INR,Y,CORE_BANKING
ACC0000417,CRM001712,SAVINGS,BR007,2020-12-14,ACTIVE,20014.04,INR,Y,CORE_BANKING
ACC0000418,CRM001892,SALARY,BR005,2016-10-25,ACTIVE,1100.65,INR,N,CORE_BANKING
ACC0000419,CRM002791,SAVINGS,BR005,2017-08-24,ACTIVE,55832.37,INR,N,CORE_BANKING
ACC0000420,CRM000348,CURRENT,BR002,2024-04-15,ACTIVE,78644.99,INR,N,CORE_BANKING
ACC0000421,CRM002856,SAVINGS,BR004,2022-05-15,ACTIVE,18969.99,INR,N,CORE_BANKING
ACC0000422,CRM001823,SAVINGS,BR001,2026-04-22,ACTIVE,7047.58,INR,N,CORE_BANKING
ACC0000423,CRM003043,SALARY,BR003,2024-05-19,ACTIVE,34311.62,INR,Y,CORE_BANKING
ACC0000424,CRM000476,SALARY,BR009,2017-08-04,ACTIVE,56372.15,INR,Y,CORE_BANKING
ACC0000425,CRM000486,SAVINGS,BR003,2021-11-02,ACTIVE,232096.23,INR,Y,CORE_BANKING
ACC0000426,CRM002581,SALARY,BR009,2017-11-06,DORMANT,19078.96,INR,Y,CORE_BANKING
ACC0000427,CRM000783,SAVINGS,BR003,2022-05-16,ACTIVE,50455.16,INR,Y,CORE_BANKING
ACC0000428,CRM000237,SALARY,BR005,2020-04-28,ACTIVE,59059.93,INR,Y,CORE_BANKING
ACC0000429,CRM000494,CURRENT,BR009,2023-04-25,ACTIVE,46305.79,INR,Y,CORE_BANKING
ACC0000430,CRM003309,CURRENT,BR008,2024-02-10,ACTIVE,20191.41,INR,Y,CORE_BANKING
ACC0000431,CRM000767,CURRENT,BR002,2017-03-20,ACTIVE,97637.59,INR,N,CORE_BANKING
ACC0000432,CRM003147,SAVINGS,BR008,2021-11-01,ACTIVE,147550.44,INR,Y,CORE_BANKING
ACC0000433,CRM000395,CURRENT,BR010,2017-11-22,ACTIVE,16395.15,INR,Y,CORE_BANKING
ACC0000434,CRM000360,SALARY,BR007,2020-08-04,ACTIVE,7724.13,INR,N,CORE_BANKING
ACC0000435,CRM003179,SALARY,BR003,2022-07-10,ACTIVE,58952.28,INR,Y,CORE_BANKING
ACC0000436,CRM000843,SAVINGS,BR008,2021-10-01,ACTIVE,52703.42,INR,Y,CORE_BANKING
ACC0000437,CRM001465,SALARY,BR009,2023-11-14,ACTIVE,14478.55,INR,Y,CORE_BANKING
ACC0000438,CRM003893,SALARY,BR004,2025-05-31,ACTIVE,24047.88,INR,Y,CORE_BANKING
ACC0000439,CRM000672,SALARY,BR001,2026-04-21,ACTIVE,2913.76,INR,Y,CORE_BANKING
ACC0000440,CRM001585,SAVINGS,BR009,2022-06-02,ACTIVE,33920.88,INR,N,CORE_BANKING
ACC0000441,CRM003199,SAVINGS,BR003,2023-02-28,ACTIVE,16631.28,INR,N,CORE_BANKING
ACC0000442,CRM000405,SAVINGS,BR008,2018-11-03,ACTIVE,14300.4,INR,N,CORE_BANKING
ACC0000443,CRM001482,SAVINGS,BR007,2020-09-09,ACTIVE,25019.9,INR,N,CORE_BANKING
ACC0000444,CRM000100,SALARY,BR001,2024-05-21,ACTIVE,39987.34,INR,Y,CORE_BANKING
ACC0000445,CRM000693,SALARY,BR008,2023-07-01,CLOSED,29682.22,INR,N,CORE_BANKING
ACC0000446,CRM000964,SAVINGS,BR002,2020-04-13,ACTIVE,45199.9,INR,N,CORE_BANKING
ACC0000447,CRM001543,SAVINGS,BR004,2020-02-01,ACTIVE,22758.62,INR,Y,CORE_BANKING
ACC0000448,CRM002458,CURRENT,BR001,2025-05-03,ACTIVE,1227.58,INR,N,CORE_BANKING
ACC0000449,CRM001038,SALARY,BR001,2025-08-10,DORMANT,11580.47,INR,Y,CORE_BANKING
ACC0000450,CRM003997,CURRENT,BR001,2023-08-25,DORMANT,26407.49,INR,N,CORE_BANKING
ACC0000451,CRM003266,SAVINGS,BR007,2018-01-30,ACTIVE,17713.27,INR,N,CORE_BANKING
ACC0000452,CRM002089,CURRENT,BR006,2019-06-29,ACTIVE,14017.98,INR,Y,CORE_BANKING
ACC0000453,CRM003521,SAVINGS,BR010,2017-01-12,ACTIVE,8756.37,INR,N,CORE_BANKING
ACC0000454,CRM001247,CURRENT,BR003,2020-07-29,CLOSED,12262.04,INR,N,CORE_BANKING
ACC0000455,CRM000421,SAVINGS,BR002,2025-05-13,ACTIVE,1166.52,INR,N,CORE_BANKING
ACC0000456,CRM002744,SAVINGS,BR003,2018-05-03,ACTIVE,39303.83,INR,N,CORE_BANKING
ACC0000457,CRM001493,SAVINGS,BR009,2024-12-04,ACTIVE,31049.87,INR,N,CORE_BANKING
ACC0000458,CRM000690,SAVINGS,BR001,2023-01-08,DORMANT,57747.51,INR,Y,CORE_BANKING
ACC0000459,CRM003258,SALARY,BR002,2026-02-09,ACTIVE,16366.83,INR,N,CORE_BANKING
ACC0000460,CRM002203,SALARY,BR001,2025-10-16,ACTIVE,16792.53,INR,Y,CORE_BANKING
ACC0000461,CRM002446,SALARY,BR009,2021-01-13,ACTIVE,166242.1,INR,Y,CORE_BANKING
ACC0000462,CRM001998,SALARY,BR002,2018-01-14,ACTIVE,81732.45,INR,N,CORE_BANKING
ACC0000463,CRM002527,CURRENT,BR002,2025-12-02,CLOSED,7088.26,INR,Y,CORE_BANKING
ACC0000464,CRM002431,SALARY,BR003,2021-11-14,ACTIVE,33543.48,INR,Y,CORE_BANKING
ACC0000465,CRM003626,SALARY,BR002,2016-03-03,ACTIVE,5029.46,INR,Y,CORE_BANKING
ACC0000466,CRM003039,SALARY,BR004,2022-09-11,ACTIVE,12127.33,INR,Y,CORE_BANKING
ACC0000467,CRM002295,SAVINGS,BR004,2019-08-06,CLOSED,32124.97,INR,N,CORE_BANKING
ACC0000468,CRM001695,SAVINGS,BR003,2018-05-27,ACTIVE,16240.83,INR,N,CORE_BANKING
ACC0000469,CRM003173,CURRENT,BR001,2021-06-18,ACTIVE,832358.55,INR,Y,CORE_BANKING
ACC0000470,CRM003011,SAVINGS,BR010,2018-01-19,ACTIVE,96377.87,INR,N,CORE_BANKING
ACC0000471,CRM000534,SALARY,BR003,2022-11-17,ACTIVE,12488.92,INR,Y,CORE_BANKING
ACC0000472,CRM003471,SALARY,BR001,2018-06-18,DORMANT,17517.97,INR,N,CORE_BANKING
ACC0000473,CRM000462,SAVINGS,BR001,2023-02-02,ACTIVE,14758.49,INR,N,CORE_BANKING
ACC0000474,CRM000409,SALARY,BR001,2021-08-15,ACTIVE,122007.81,INR,Y,CORE_BANKING
ACC0000475,CRM003063,SALARY,BR010,2023-01-12,ACTIVE,333110.59,INR,N,CORE_BANKING
ACC0000476,CRM000001,SALARY,BR006,2022-04-22,ACTIVE,47913.28,INR,N,CORE_BANKING
ACC0000477,CRM001542,CURRENT,BR010,2018-03-06,ACTIVE,287845.51,INR,Y,CORE_BANKING
ACC0000478,CRM002426,CURRENT,BR009,2022-01-13,ACTIVE,45436.83,INR,N,CORE_BANKING
ACC0000479,CRM002066,SALARY,BR002,2023-10-21,ACTIVE,79765.06,INR,Y,CORE_BANKING
ACC0000480,CRM001769,SAVINGS,BR010,2017-09-29,ACTIVE,13366.32,INR,Y,CORE_BANKING
ACC0000481,CRM001246,SALARY,BR009,2017-06-27,ACTIVE,72533.5,INR,Y,CORE_BANKING
ACC0000482,CRM003754,SAVINGS,BR004,2019-10-20,ACTIVE,44946.92,INR,N,CORE_BANKING
ACC0000483,CRM001861,SALARY,BR001,2025-10-15,ACTIVE,10328.88,INR,Y,CORE_BANKING
ACC0000484,CRM001401,SAVINGS,BR007,2017-02-02,ACTIVE,31710.07,INR,N,CORE_BANKING
ACC0000485,CRM003246,SAVINGS,BR004,2018-06-21,ACTIVE,38874.29,INR,N,CORE_BANKING
ACC0000486,CRM001497,SALARY,BR010,2023-09-11,ACTIVE,50734.32,INR,N,CORE_BANKING
ACC0000487,CRM002832,SALARY,BR009,2021-08-13,ACTIVE,18277.09,INR,N,CORE_BANKING
ACC0000488,CRM001954,CURRENT,BR006,2018-03-27,ACTIVE,16982.41,INR,Y,CORE_BANKING
ACC0000489,CRM003738,SAVINGS,BR005,2016-11-09,ACTIVE,51045.36,INR,N,CORE_BANKING
ACC0000490,CRM000297,CURRENT,BR001,2025-03-13,ACTIVE,53574.72,INR,N,CORE_BANKING
ACC0000491,CRM002521,SAVINGS,BR007,2022-04-30,ACTIVE,27233.09,INR,Y,CORE_BANKING
ACC0000492,CRM001605,SAVINGS,BR008,2024-07-19,ACTIVE,18879.29,INR,Y,CORE_BANKING
ACC0000493,CRM001320,SAVINGS,BR004,2017-12-09,ACTIVE,26763.24,INR,N,CORE_BANKING
ACC0000494,CRM000202,CURRENT,BR001,2025-09-03,ACTIVE,82127.87,INR,Y,CORE_BANKING
ACC0000495,CRM001508,CURRENT,BR005,2021-09-02,ACTIVE,35681.7,INR,Y,CORE_BANKING
ACC0000496,CRM002904,CURRENT,BR003,2017-08-28,ACTIVE,55340.09,INR,Y,CORE_BANKING
ACC0000497,CRM003681,SALARY,BR002,2025-05-02,ACTIVE,41068.4,INR,N,CORE_BANKING
ACC0000498,CRM001701,SALARY,BR001,2025-10-12,ACTIVE,73942.77,INR,N,CORE_BANKING
ACC0000499,CRM001483,SAVINGS,BR008,2020-09-30,ACTIVE,6886.37,INR,Y,CORE_BANKING
ACC0000500,CRM003505,SAVINGS,BR009,2017-03-01,ACTIVE,31953.56,INR,N,CORE_BANKING
ACC0000501,CRM000828,CURRENT,BR003,2023-12-28,ACTIVE,139890.98,INR,Y,CORE_BANKING
ACC0000502,CRM002902,SALARY,BR009,2016-01-18,ACTIVE,16557.15,INR,N,CORE_BANKING
ACC0000503,CRM000883,SALARY,BR003,2023-09-16,DORMANT,14186.95,INR,Y,CORE_BANKING
ACC0000504,CRM001100,CURRENT,BR008,2017-09-21,ACTIVE,70501.45,INR,N,CORE_BANKING
ACC0000505,CRM002172,SALARY,BR002,2018-07-03,ACTIVE,40773.3,INR,Y,CORE_BANKING
ACC0000506,CRM001515,SALARY,BR006,2023-02-02,ACTIVE,127156.8,INR,Y,CORE_BANKING
ACC0000507,CRM000337,CURRENT,BR010,2018-01-23,ACTIVE,25099.01,INR,N,CORE_BANKING
ACC0000508,CRM001502,CURRENT,BR010,2019-04-01,ACTIVE,23013.24,INR,N,CORE_BANKING
ACC0000509,CRM002905,SAVINGS,BR004,2016-09-20,ACTIVE,16232.13,INR,Y,CORE_BANKING
ACC0000510,CRM002476,SALARY,BR010,2022-01-13,ACTIVE,11579.9,INR,N,CORE_BANKING
ACC0000511,CRM002622,CURRENT,BR007,2017-04-15,ACTIVE,37178.03,INR,Y,CORE_BANKING
ACC0000512,CRM002977,SAVINGS,BR010,2017-07-06,ACTIVE,37225.19,INR,Y,CORE_BANKING
ACC0000513,CRM002048,SALARY,BR010,2017-05-14,ACTIVE,17316.8,INR,Y,CORE_BANKING
ACC0000514,CRM000053,SALARY,BR008,2025-08-09,ACTIVE,60521.11,INR,N,CORE_BANKING
ACC0000515,CRM000828,SAVINGS,BR007,2019-02-21,ACTIVE,48674.9,INR,N,CORE_BANKING
ACC0000516,CRM001295,SALARY,BR005,2020-02-20,ACTIVE,52030.88,INR,N,CORE_BANKING
ACC0000517,CRM001274,SAVINGS,BR005,2016-10-25,ACTIVE,168097.94,INR,N,CORE_BANKING
ACC0000518,CRM003458,CURRENT,BR004,2021-08-18,ACTIVE,17843.75,INR,Y,CORE_BANKING
ACC0000519,CRM001253,SALARY,BR006,2024-11-05,ACTIVE,28365.8,INR,N,CORE_BANKING
ACC0000520,CRM002105,CURRENT,BR002,2024-11-09,ACTIVE,20706.88,INR,Y,CORE_BANKING
ACC0000521,CRM001522,SAVINGS,BR003,2024-05-06,ACTIVE,1899.94,INR,N,CORE_BANKING
ACC0000522,CRM000136,CURRENT,BR004,2018-05-06,ACTIVE,20360.15,INR,Y,CORE_BANKING
ACC0000523,CRM003351,CURRENT,BR009,2018-04-30,ACTIVE,15459.4,INR,Y,CORE_BANKING
ACC0000524,CRM000178,CURRENT,BR006,2019-03-22,DORMANT,7228.22,INR,N,CORE_BANKING
ACC0000525,CRM003392,SAVINGS,BR008,2024-11-29,ACTIVE,4671.89,INR,Y,CORE_BANKING
ACC0000526,CRM003557,SALARY,BR004,2017-12-11,ACTIVE,19722.73,INR,Y,CORE_BANKING
ACC0000527,CRM001473,SAVINGS,BR004,2026-03-01,ACTIVE,44963.33,INR,Y,CORE_BANKING
ACC0000528,CRM003075,SAVINGS,BR004,2021-01-26,ACTIVE,7846.16,INR,Y,CORE_BANKING
ACC0000529,CRM002519,CURRENT,BR002,2022-08-03,ACTIVE,38905.47,INR,Y,CORE_BANKING
ACC0000530,CRM003643,CURRENT,BR004,2017-04-29,ACTIVE,40465.68,INR,Y,CORE_BANKING
ACC0000531,CRM001212,SALARY,BR008,2024-12-21,ACTIVE,96567.0,INR,Y,CORE_BANKING
ACC0000532,CRM000850,SAVINGS,BR006,2019-08-08,ACTIVE,37466.28,INR,Y,CORE_BANKING
ACC0000533,CRM001112,SALARY,BR006,2017-09-23,ACTIVE,11488.45,INR,N,CORE_BANKING
ACC0000534,CRM000414,CURRENT,BR004,2021-08-15,ACTIVE,8941.43,INR,Y,CORE_BANKING
ACC0000535,CRM003562,SAVINGS,BR008,2024-09-05,ACTIVE,100985.71,INR,N,CORE_BANKING
ACC0000536,CRM001504,SAVINGS,BR002,2018-07-23,ACTIVE,37600.68,INR,N,CORE_BANKING
ACC0000537,CRM001318,SALARY,BR009,2019-01-20,ACTIVE,35414.17,INR,Y,CORE_BANKING
ACC0000538,CRM003939,SALARY,BR005,2022-09-03,CLOSED,48005.75,INR,Y,CORE_BANKING
ACC0000539,CRM001859,CURRENT,BR001,2019-01-05,ACTIVE,5222.52,INR,Y,CORE_BANKING
ACC0000540,CRM003556,SAVINGS,BR004,2020-08-08,ACTIVE,27828.5,INR,N,CORE_BANKING
ACC0000541,CRM003156,SAVINGS,BR007,2024-01-04,ACTIVE,14712.47,INR,Y,CORE_BANKING
ACC0000542,CRM000243,CURRENT,BR002,2023-03-19,DORMANT,7855.45,INR,N,CORE_BANKING
ACC0000543,CRM002956,SAVINGS,BR004,2018-12-05,ACTIVE,42870.45,INR,Y,CORE_BANKING
ACC0000544,CRM002080,CURRENT,BR003,2021-12-11,DORMANT,53135.21,INR,N,CORE_BANKING
ACC0000545,CRM003018,CURRENT,BR002,2019-06-26,ACTIVE,34390.83,INR,Y,CORE_BANKING
ACC0000546,CRM002793,SALARY,BR007,2017-01-18,DORMANT,6960.57,INR,Y,CORE_BANKING
ACC0000547,CRM001623,SAVINGS,BR010,2024-12-13,ACTIVE,8931.83,INR,Y,CORE_BANKING
ACC0000548,CRM003688,SAVINGS,BR004,2017-02-06,ACTIVE,10233.91,INR,Y,CORE_BANKING
ACC0000549,CRM001428,CURRENT,BR004,2018-04-13,ACTIVE,3868.32,INR,Y,CORE_BANKING
ACC0000550,CRM000267,SALARY,BR001,2017-09-08,CLOSED,172962.38,INR,Y,CORE_BANKING
ACC0000551,CRM001432,SALARY,BR004,2018-04-05,ACTIVE,15256.11,INR,N,CORE_BANKING
ACC0000552,CRM002635,SALARY,BR005,2023-03-22,ACTIVE,59758.84,INR,Y,CORE_BANKING
ACC0000553,CRM003813,CURRENT,BR001,2025-07-25,ACTIVE,5851.57,INR,Y,CORE_BANKING
ACC0000554,CRM001146,SALARY,BR007,2018-07-08,ACTIVE,122776.44,INR,N,CORE_BANKING
ACC0000555,CRM003000,SALARY,BR010,2022-06-26,ACTIVE,12631.39,INR,N,CORE_BANKING
ACC0000556,CRM000755,SALARY,BR003,2018-12-17,ACTIVE,58753.68,INR,Y,CORE_BANKING
ACC0000557,CRM001943,SALARY,BR006,2024-08-20,ACTIVE,92862.05,INR,Y,CORE_BANKING
ACC0000558,CRM003500,SALARY,BR002,2025-09-25,ACTIVE,48558.02,INR,N,CORE_BANKING
ACC0000559,CRM001614,CURRENT,BR003,2016-04-16,ACTIVE,57189.39,INR,Y,CORE_BANKING
ACC0000560,CRM002233,SALARY,BR006,2020-04-21,ACTIVE,31261.13,INR,Y,CORE_BANKING
ACC0000561,CRM001646,SALARY,BR004,2016-01-03,ACTIVE,17525.45,INR,N,CORE_BANKING
ACC0000562,CRM002561,CURRENT,BR006,2017-03-10,ACTIVE,18303.71,INR,N,CORE_BANKING
ACC0000563,CRM001242,SAVINGS,BR007,2023-09-11,ACTIVE,5327.61,INR,Y,CORE_BANKING
ACC0000564,CRM002958,CURRENT,BR005,2017-11-22,ACTIVE,12688.13,INR,Y,CORE_BANKING
ACC0000565,CRM002748,SALARY,BR008,2024-08-07,ACTIVE,15518.38,INR,N,CORE_BANKING
ACC0000566,CRM001526,SALARY,BR002,2022-07-22,ACTIVE,5772.54,INR,Y,CORE_BANKING
ACC0000567,CRM003232,SAVINGS,BR004,2016-09-25,ACTIVE,25615.51,INR,Y,CORE_BANKING
ACC0000568,CRM002825,SALARY,BR001,2018-02-20,DORMANT,23942.91,INR,N,CORE_BANKING
ACC0000569,CRM001355,SALARY,BR002,2026-03-17,ACTIVE,6019.56,INR,N,CORE_BANKING
ACC0000570,CRM000766,CURRENT,BR007,2025-08-13,ACTIVE,45518.74,INR,Y,CORE_BANKING
ACC0000571,CRM000238,SAVINGS,BR010,2023-07-17,ACTIVE,17198.21,INR,Y,CORE_BANKING
ACC0000572,CRM002174,CURRENT,BR001,2018-05-16,ACTIVE,86571.6,INR,Y,CORE_BANKING
ACC0000573,CRM003228,SALARY,BR002,2016-02-27,ACTIVE,17982.97,INR,N,CORE_BANKING
ACC0000574,CRM003965,SALARY,BR002,2016-12-13,ACTIVE,91176.39,INR,Y,CORE_BANKING
ACC0000575,CRM000191,CURRENT,BR004,2021-04-12,ACTIVE,25097.06,INR,N,CORE_BANKING
ACC0000576,CRM001842,SALARY,BR002,2018-01-24,ACTIVE,43968.36,INR,Y,CORE_BANKING
ACC0000577,CRM002741,SAVINGS,BR009,2019-08-28,ACTIVE,75018.18,INR,N,CORE_BANKING
ACC0000578,CRM000710,CURRENT,BR006,2022-12-01,ACTIVE,41870.16,INR,N,CORE_BANKING
ACC0000579,CRM000831,SAVINGS,BR009,2016-12-28,ACTIVE,2354.09,INR,N,CORE_BANKING
ACC0000580,CRM003436,CURRENT,BR005,2024-11-13,ACTIVE,36118.76,INR,N,CORE_BANKING
ACC0000581,CRM000332,SALARY,BR001,2022-06-27,CLOSED,46019.56,INR,Y,CORE_BANKING
ACC0000582,CRM002606,CURRENT,BR009,2018-06-10,ACTIVE,6967.7,INR,Y,CORE_BANKING
ACC0000583,CRM001931,SAVINGS,BR010,2018-07-15,ACTIVE,50780.36,INR,Y,CORE_BANKING
ACC0000584,CRM002163,SAVINGS,BR004,2024-08-12,ACTIVE,16092.8,INR,Y,CORE_BANKING
ACC0000585,CRM002934,CURRENT,BR002,2025-10-18,ACTIVE,65310.71,INR,N,CORE_BANKING
ACC0000586,CRM002942,SALARY,BR001,2026-05-15,ACTIVE,15975.35,INR,Y,CORE_BANKING
ACC0000587,CRM002807,SAVINGS,BR003,2019-10-22,ACTIVE,17001.9,INR,Y,CORE_BANKING
ACC0000588,CRM002971,SALARY,BR001,2019-05-02,ACTIVE,19359.31,INR,Y,CORE_BANKING
ACC0000589,CRM002354,SAVINGS,BR001,2021-12-18,DORMANT,12523.38,INR,Y,CORE_BANKING
ACC0000590,CRM001801,CURRENT,BR006,2021-09-18,DORMANT,140368.76,INR,Y,CORE_BANKING
ACC0000591,CRM001937,SAVINGS,BR001,2023-07-11,ACTIVE,60092.17,INR,N,CORE_BANKING
ACC0000592,CRM002157,SAVINGS,BR007,2019-05-08,DORMANT,8746.53,INR,Y,CORE_BANKING
ACC0000593,CRM003566,CURRENT,BR008,2017-08-16,ACTIVE,41610.3,INR,N,CORE_BANKING
ACC0000594,CRM001319,CURRENT,BR003,2016-11-06,ACTIVE,13630.95,INR,Y,CORE_BANKING
ACC0000595,CRM003427,SAVINGS,BR008,2016-04-07,DORMANT,27777.34,INR,Y,CORE_BANKING
ACC0000596,CRM002443,SALARY,BR006,2023-06-12,ACTIVE,22588.52,INR,N,CORE_BANKING
ACC0000597,CRM002534,SALARY,BR003,2026-02-16,ACTIVE,42497.12,INR,N,CORE_BANKING
ACC0000598,CRM002506,CURRENT,BR010,2016-04-19,ACTIVE,34832.14,INR,N,CORE_BANKING
ACC0000599,CRM002516,SALARY,BR007,2024-12-25,ACTIVE,17774.39,INR,Y,CORE_BANKING
ACC0000600,CRM003502,SALARY,BR007,2021-09-02,ACTIVE,31137.67,INR,Y,CORE_BANKING
ACC0000601,CRM003172,SALARY,BR005,2025-07-22,ACTIVE,5914.73,INR,Y,CORE_BANKING
ACC0000602,CRM002702,CURRENT,BR003,2025-11-25,ACTIVE,15382.14,INR,N,CORE_BANKING
ACC0000603,CRM001437,CURRENT,BR006,2016-11-25,ACTIVE,27507.72,INR,Y,CORE_BANKING
ACC0000604,CRM000854,CURRENT,BR004,2023-10-03,ACTIVE,29479.23,INR,Y,CORE_BANKING
ACC0000605,CRM002463,SAVINGS,BR009,2017-09-30,ACTIVE,6510.45,INR,Y,CORE_BANKING
ACC0000606,CRM003692,SALARY,BR008,2016-10-15,ACTIVE,42117.58,INR,Y,CORE_BANKING
ACC0000607,CRM001341,SAVINGS,BR006,2019-10-30,ACTIVE,69993.49,INR,N,CORE_BANKING
ACC0000608,CRM001299,SAVINGS,BR004,2022-07-12,ACTIVE,125807.6,INR,N,CORE_BANKING
ACC0000609,CRM001711,SAVINGS,BR005,2024-12-29,ACTIVE,33714.2,INR,Y,CORE_BANKING
ACC0000610,CRM002917,SAVINGS,BR004,2022-10-30,ACTIVE,31119.19,INR,N,CORE_BANKING
ACC0000611,CRM001474,SAVINGS,BR005,2019-12-08,ACTIVE,22324.52,INR,Y,CORE_BANKING
ACC0000612,CRM000326,SAVINGS,BR008,2024-05-07,ACTIVE,5177.74,INR,N,CORE_BANKING
ACC0000613,CRM002753,SAVINGS,BR005,2018-03-21,CLOSED,39427.69,INR,Y,CORE_BANKING
ACC0000614,CRM003604,SAVINGS,BR008,2023-08-10,ACTIVE,13464.13,INR,Y,CORE_BANKING
ACC0000615,CRM000128,SAVINGS,BR003,2016-05-21,ACTIVE,13386.59,INR,Y,CORE_BANKING
ACC0000616,CRM000587,SALARY,BR009,2024-11-19,ACTIVE,68195.03,INR,N,CORE_BANKING
ACC0000617,CRM002681,SALARY,BR008,2017-10-22,CLOSED,98164.83,INR,N,CORE_BANKING
ACC0000618,CRM003187,SALARY,BR005,2022-07-25,ACTIVE,42649.27,INR,N,CORE_BANKING
ACC0000619,CRM001248,SALARY,BR003,2017-07-13,ACTIVE,16663.46,INR,Y,CORE_BANKING
ACC0000620,CRM000060,CURRENT,BR002,2019-02-20,ACTIVE,348452.22,INR,N,CORE_BANKING
ACC0000621,CRM003677,SAVINGS,BR005,2021-02-20,ACTIVE,20798.72,INR,N,CORE_BANKING
ACC0000622,CRM003725,CURRENT,BR001,2022-11-29,ACTIVE,20870.3,INR,Y,CORE_BANKING
ACC0000623,CRM000092,CURRENT,BR009,2020-04-15,ACTIVE,51274.69,INR,N,CORE_BANKING
ACC0000624,CRM003710,SALARY,BR008,2020-03-06,ACTIVE,26687.03,INR,N,CORE_BANKING
ACC0000625,CRM002397,SAVINGS,BR005,2020-05-08,ACTIVE,101643.65,INR,Y,CORE_BANKING
ACC0000626,CRM001269,CURRENT,BR003,2020-01-15,ACTIVE,39826.85,INR,N,CORE_BANKING
ACC0000627,CRM003626,SAVINGS,BR005,2024-10-16,ACTIVE,37416.43,INR,N,CORE_BANKING
ACC0000628,CRM000912,SALARY,BR005,2020-01-07,ACTIVE,9724.51,INR,N,CORE_BANKING
ACC0000629,CRM001668,SAVINGS,BR001,2024-07-12,ACTIVE,49043.28,INR,N,CORE_BANKING
ACC0000630,CRM003520,CURRENT,BR010,2022-04-29,ACTIVE,11781.54,INR,Y,CORE_BANKING
ACC0000631,CRM003969,SAVINGS,BR004,2024-06-05,ACTIVE,64147.78,INR,Y,CORE_BANKING
ACC0000632,CRM001123,CURRENT,BR001,2019-01-21,ACTIVE,26504.14,INR,N,CORE_BANKING
ACC0000633,CRM000613,SAVINGS,BR007,2023-07-15,ACTIVE,31864.56,INR,N,CORE_BANKING
ACC0000634,CRM000853,SAVINGS,BR003,2025-07-30,DORMANT,13053.36,INR,N,CORE_BANKING
ACC0000635,CRM000776,SALARY,BR003,2016-02-27,ACTIVE,69613.62,INR,N,CORE_BANKING
ACC0000636,CRM001193,CURRENT,BR002,2018-12-17,ACTIVE,72152.22,INR,Y,CORE_BANKING
ACC0000637,CRM000741,SAVINGS,BR007,2023-03-29,DORMANT,7653.36,INR,N,CORE_BANKING
ACC0000638,CRM001500,CURRENT,BR003,2024-12-11,ACTIVE,10140.69,INR,N,CORE_BANKING
ACC0000639,CRM003810,CURRENT,BR008,2021-01-01,ACTIVE,21126.48,INR,Y,CORE_BANKING
ACC0000640,CRM002464,SALARY,BR004,2024-10-19,ACTIVE,31831.0,INR,N,CORE_BANKING
ACC0000641,CRM001300,CURRENT,BR003,2021-07-13,ACTIVE,40212.44,INR,N,CORE_BANKING
ACC0000642,CRM000823,SALARY,BR008,2025-04-14,ACTIVE,8504.7,INR,Y,CORE_BANKING
ACC0000643,CRM002952,SALARY,BR003,2025-01-11,ACTIVE,49661.58,INR,N,CORE_BANKING
ACC0000644,CRM002750,CURRENT,BR004,2022-02-16,ACTIVE,154256.95,INR,N,CORE_BANKING
ACC0000645,CRM003957,SALARY,BR010,2020-03-26,ACTIVE,30626.23,INR,Y,CORE_BANKING
ACC0000646,CRM000715,CURRENT,BR005,2022-02-11,ACTIVE,4311.03,INR,N,CORE_BANKING
ACC0000647,CRM003014,SALARY,BR009,2024-08-11,ACTIVE,11555.28,INR,Y,CORE_BANKING
ACC0000648,CRM000896,SAVINGS,BR005,2022-12-19,ACTIVE,11643.39,INR,Y,CORE_BANKING
ACC0000649,CRM001545,SAVINGS,BR003,2018-01-13,ACTIVE,13251.38,INR,Y,CORE_BANKING
ACC0000650,CRM001676,CURRENT,BR009,2023-09-23,DORMANT,7604.23,INR,N,CORE_BANKING
ACC0000651,CRM003875,CURRENT,BR006,2017-03-03,ACTIVE,10236.84,INR,N,CORE_BANKING
ACC0000652,CRM002167,SAVINGS,BR007,2020-04-01,ACTIVE,39378.39,INR,Y,CORE_BANKING
ACC0000653,CRM001810,CURRENT,BR003,2020-01-17,ACTIVE,5544.45,INR,Y,CORE_BANKING
ACC0000654,CRM000550,SALARY,BR005,2016-10-21,ACTIVE,101603.07,INR,Y,CORE_BANKING
ACC0000655,CRM002770,CURRENT,BR003,2026-03-07,ACTIVE,25477.24,INR,Y,CORE_BANKING
ACC0000656,CRM003145,SAVINGS,BR002,2025-01-13,ACTIVE,343191.14,INR,N,CORE_BANKING
ACC0000657,CRM001333,SALARY,BR003,2016-10-01,ACTIVE,14762.72,INR,Y,CORE_BANKING
ACC0000658,CRM002428,SALARY,BR003,2016-03-16,ACTIVE,46622.2,INR,Y,CORE_BANKING
ACC0000659,CRM002429,SAVINGS,BR008,2018-06-06,ACTIVE,12176.18,INR,Y,CORE_BANKING
ACC0000660,CRM003203,SAVINGS,BR003,2017-08-05,ACTIVE,24657.19,INR,N,CORE_BANKING
ACC0000661,CRM000113,SALARY,BR003,2017-08-31,ACTIVE,3010.56,INR,Y,CORE_BANKING
ACC0000662,CRM002584,SALARY,BR001,2016-06-18,ACTIVE,50796.32,INR,Y,CORE_BANKING
ACC0000663,CRM002741,SALARY,BR002,2016-02-02,ACTIVE,98614.86,INR,Y,CORE_BANKING
ACC0000664,CRM002355,CURRENT,BR006,2019-03-11,ACTIVE,153038.91,INR,N,CORE_BANKING
ACC0000665,CRM003239,CURRENT,BR008,2025-04-25,DORMANT,8018.74,INR,N,CORE_BANKING
ACC0000666,CRM001146,SAVINGS,BR007,2023-05-11,ACTIVE,12289.09,INR,Y,CORE_BANKING
ACC0000667,CRM000519,SALARY,BR006,2018-10-10,ACTIVE,36189.66,INR,N,CORE_BANKING
ACC0000668,CRM000006,SAVINGS,BR007,2026-01-27,DORMANT,13016.87,INR,N,CORE_BANKING
ACC0000669,CRM000532,SAVINGS,BR001,2021-08-22,ACTIVE,40094.24,INR,N,CORE_BANKING
ACC0000670,CRM003626,SALARY,BR010,2016-11-30,ACTIVE,6767.32,INR,Y,CORE_BANKING
ACC0000671,CRM001823,SAVINGS,BR008,2020-02-05,ACTIVE,65080.32,INR,N,CORE_BANKING
ACC0000672,CRM001042,CURRENT,BR004,2026-02-27,ACTIVE,39648.72,INR,Y,CORE_BANKING
ACC0000673,CRM002362,SAVINGS,BR002,2016-03-18,ACTIVE,38011.02,INR,Y,CORE_BANKING
ACC0000674,CRM001122,SAVINGS,BR001,2022-05-13,ACTIVE,53436.45,INR,N,CORE_BANKING
ACC0000675,CRM001675,CURRENT,BR003,2017-11-04,DORMANT,101297.62,INR,Y,CORE_BANKING
ACC0000676,CRM000640,CURRENT,BR004,2023-07-06,ACTIVE,46183.59,INR,N,CORE_BANKING
ACC0000677,CRM000195,SALARY,BR001,2017-04-30,ACTIVE,83337.43,INR,Y,CORE_BANKING
ACC0000678,CRM002181,CURRENT,BR004,2024-09-26,ACTIVE,20443.66,INR,N,CORE_BANKING
ACC0000679,CRM000027,SALARY,BR008,2024-10-08,ACTIVE,52192.08,INR,Y,CORE_BANKING
ACC0000680,CRM002121,CURRENT,BR005,2024-09-13,ACTIVE,44507.26,INR,Y,CORE_BANKING
ACC0000681,CRM001318,SALARY,BR001,2023-03-19,ACTIVE,20231.42,INR,Y,CORE_BANKING
ACC0000682,CRM003657,SAVINGS,BR010,2024-01-24,ACTIVE,31461.72,INR,N,CORE_BANKING
ACC0000683,CRM000656,CURRENT,BR004,2024-03-22,ACTIVE,8232.17,INR,N,CORE_BANKING
ACC0000684,CRM000334,CURRENT,BR004,2023-08-09,ACTIVE,42649.25,INR,Y,CORE_BANKING
ACC0000685,CRM002719,SAVINGS,BR006,2024-07-13,DORMANT,8165.86,INR,Y,CORE_BANKING
ACC0000686,CRM002573,SALARY,BR005,2023-11-18,ACTIVE,37243.87,INR,N,CORE_BANKING
ACC0000687,CRM001967,SALARY,BR005,2019-06-03,ACTIVE,19557.5,INR,Y,CORE_BANKING
ACC0000688,CRM002611,SAVINGS,BR009,2020-09-01,ACTIVE,54132.71,INR,Y,CORE_BANKING
ACC0000689,CRM000896,SALARY,BR009,2019-12-05,ACTIVE,7926.58,INR,N,CORE_BANKING
ACC0000690,CRM000168,SAVINGS,BR003,2023-03-12,ACTIVE,58527.47,INR,Y,CORE_BANKING
ACC0000691,CRM001271,CURRENT,BR006,2016-07-09,ACTIVE,34094.49,INR,N,CORE_BANKING
ACC0000692,CRM000256,SALARY,BR010,2019-09-27,ACTIVE,12998.27,INR,Y,CORE_BANKING
ACC0000693,CRM000893,SALARY,BR009,2021-11-15,ACTIVE,77025.28,INR,Y,CORE_BANKING
ACC0000694,CRM001588,SALARY,BR006,2020-03-18,ACTIVE,10445.74,INR,Y,CORE_BANKING
ACC0000695,CRM003763,SALARY,BR005,2024-04-17,ACTIVE,47451.8,INR,N,CORE_BANKING
ACC0000696,CRM000621,CURRENT,BR007,2025-11-06,ACTIVE,20037.01,INR,N,CORE_BANKING
ACC0000697,CRM000749,SAVINGS,BR005,2018-08-06,CLOSED,18786.62,INR,Y,CORE_BANKING
ACC0000698,CRM000620,SALARY,BR006,2023-05-16,CLOSED,83430.9,INR,Y,CORE_BANKING
ACC0000699,CRM003026,SALARY,BR004,2021-01-04,ACTIVE,10085.18,INR,N,CORE_BANKING
ACC0000700,CRM001543,SALARY,BR001,2025-06-04,ACTIVE,9102.32,INR,Y,CORE_BANKING
ACC0000701,CRM000080,SALARY,BR005,2026-03-09,ACTIVE,22830.1,INR,Y,CORE_BANKING
ACC0000702,CRM001629,SALARY,BR004,2019-02-22,ACTIVE,15680.51,INR,Y,CORE_BANKING
ACC0000703,CRM001351,SAVINGS,BR004,2020-12-17,ACTIVE,8936.61,INR,N,CORE_BANKING
ACC0000704,CRM001327,SALARY,BR009,2024-06-24,ACTIVE,19449.59,INR,N,CORE_BANKING
ACC0000705,CRM002386,SALARY,BR005,2024-02-21,ACTIVE,20226.48,INR,Y,CORE_BANKING
ACC0000706,CRM001414,SALARY,BR004,2021-06-22,ACTIVE,21660.17,INR,N,CORE_BANKING
ACC0000707,CRM003652,SAVINGS,BR001,2017-06-02,ACTIVE,7925.13,INR,Y,CORE_BANKING
ACC0000708,CRM000762,SALARY,BR002,2025-09-13,ACTIVE,6517.19,INR,Y,CORE_BANKING
ACC0000709,CRM003302,SALARY,BR009,2026-01-26,ACTIVE,80085.72,INR,N,CORE_BANKING
ACC0000710,CRM001855,SAVINGS,BR009,2018-09-22,ACTIVE,28071.2,INR,Y,CORE_BANKING
ACC0000711,CRM002171,SALARY,BR004,2017-07-31,ACTIVE,19110.76,INR,Y,CORE_BANKING
ACC0000712,CRM001533,SALARY,BR002,2022-06-16,CLOSED,7387.85,INR,Y,CORE_BANKING
ACC0000713,CRM001401,SAVINGS,BR008,2020-01-25,ACTIVE,6219.48,INR,N,CORE_BANKING
ACC0000714,CRM001860,SALARY,BR010,2024-06-06,ACTIVE,22826.65,INR,Y,CORE_BANKING
ACC0000715,CRM003424,SALARY,BR009,2019-03-02,CLOSED,22939.82,INR,Y,CORE_BANKING
ACC0000716,CRM000185,SALARY,BR006,2026-05-26,ACTIVE,26927.58,INR,N,CORE_BANKING
ACC0000717,CRM002296,SALARY,BR006,2022-10-19,ACTIVE,8218.57,INR,Y,CORE_BANKING
ACC0000718,CRM000739,CURRENT,BR003,2020-09-19,ACTIVE,12191.33,INR,Y,CORE_BANKING
ACC0000719,CRM003565,SALARY,BR003,2017-02-08,ACTIVE,18141.05,INR,N,CORE_BANKING
ACC0000720,CRM003620,SALARY,BR002,2017-12-02,DORMANT,36658.53,INR,Y,CORE_BANKING
ACC0000721,CRM003187,SALARY,BR004,2017-05-11,ACTIVE,48559.03,INR,N,CORE_BANKING
ACC0000722,CRM001923,SALARY,BR005,2020-07-29,ACTIVE,50907.24,INR,N,CORE_BANKING
ACC0000723,CRM001882,CURRENT,BR002,2020-12-16,ACTIVE,9293.88,INR,Y,CORE_BANKING
ACC0000724,CRM003551,SAVINGS,BR003,2021-07-22,ACTIVE,171575.97,INR,Y,CORE_BANKING
ACC0000725,CRM001203,SALARY,BR008,2025-11-07,ACTIVE,15747.39,INR,N,CORE_BANKING
ACC0000726,CRM003254,SALARY,BR005,2016-12-08,ACTIVE,39065.74,INR,N,CORE_BANKING
ACC0000727,CRM003231,SAVINGS,BR002,2023-01-24,ACTIVE,29253.09,INR,N,CORE_BANKING
ACC0000728,CRM001185,CURRENT,BR001,2020-03-20,ACTIVE,7192.71,INR,N,CORE_BANKING
ACC0000729,CRM002421,SAVINGS,BR005,2022-06-03,ACTIVE,33844.03,INR,N,CORE_BANKING
ACC0000730,CRM000829,SALARY,BR009,2019-07-11,ACTIVE,100080.4,INR,N,CORE_BANKING
ACC0000731,CRM002422,SALARY,BR003,2017-04-10,ACTIVE,52544.39,INR,N,CORE_BANKING
ACC0000732,CRM000190,CURRENT,BR004,2019-11-18,ACTIVE,6846.34,INR,Y,CORE_BANKING
ACC0000733,CRM001274,CURRENT,BR003,2023-11-30,ACTIVE,15049.77,INR,N,CORE_BANKING
ACC0000734,CRM003576,CURRENT,BR009,2021-11-19,CLOSED,19146.13,INR,Y,CORE_BANKING
ACC0000735,CRM002459,SALARY,BR007,2016-04-22,ACTIVE,10382.67,INR,N,CORE_BANKING
ACC0000736,CRM002486,SALARY,BR001,2024-03-05,ACTIVE,154345.62,INR,N,CORE_BANKING
ACC0000737,CRM000284,CURRENT,BR006,2016-09-12,ACTIVE,4995.39,INR,Y,CORE_BANKING
ACC0000738,CRM000464,SALARY,BR006,2024-04-01,ACTIVE,103716.87,INR,Y,CORE_BANKING
ACC0000739,CRM001856,SALARY,BR007,2024-07-15,DORMANT,18562.49,INR,N,CORE_BANKING
ACC0000740,CRM003569,CURRENT,BR001,2022-03-07,ACTIVE,15377.02,INR,N,CORE_BANKING
ACC0000741,CRM001632,SAVINGS,BR009,2025-11-09,ACTIVE,84420.04,INR,Y,CORE_BANKING
ACC0000742,CRM000734,CURRENT,BR009,2018-09-07,ACTIVE,38991.88,INR,Y,CORE_BANKING
ACC0000743,CRM001535,CURRENT,BR004,2023-10-15,ACTIVE,7917.67,INR,Y,CORE_BANKING
ACC0000744,CRM000674,SAVINGS,BR006,2020-11-14,ACTIVE,12626.29,INR,N,CORE_BANKING
ACC0000745,CRM002683,SALARY,BR010,2022-06-23,ACTIVE,18589.78,INR,Y,CORE_BANKING
ACC0000746,CRM002113,CURRENT,BR004,2025-01-19,ACTIVE,29190.19,INR,Y,CORE_BANKING
ACC0000747,CRM000307,SAVINGS,BR010,2024-05-07,ACTIVE,117580.25,INR,N,CORE_BANKING
ACC0000748,CRM001757,CURRENT,BR009,2023-08-07,DORMANT,11542.48,INR,Y,CORE_BANKING
ACC0000749,CRM003768,SALARY,BR004,2020-08-22,ACTIVE,3306.54,INR,Y,CORE_BANKING
ACC0000750,CRM000542,CURRENT,BR006,2019-01-28,ACTIVE,7549.04,INR,N,CORE_BANKING
ACC0000751,CRM003460,SAVINGS,BR003,2020-11-18,ACTIVE,239818.0,INR,Y,CORE_BANKING
ACC0000752,CRM003599,CURRENT,BR002,2022-04-18,ACTIVE,24165.49,INR,Y,CORE_BANKING
ACC0000753,CRM003229,SAVINGS,BR002,2023-06-16,ACTIVE,12618.12,INR,Y,CORE_BANKING
ACC0000754,CRM002070,CURRENT,BR008,2019-02-03,ACTIVE,246266.27,INR,Y,CORE_BANKING
ACC0000755,CRM002058,SAVINGS,BR002,2020-09-08,ACTIVE,92958.7,INR,Y,CORE_BANKING
ACC0000756,CRM000643,SAVINGS,BR009,2023-05-31,DORMANT,75818.39,INR,N,CORE_BANKING
ACC0000757,CRM000293,SAVINGS,BR005,2025-02-13,ACTIVE,223129.68,INR,Y,CORE_BANKING
ACC0000758,CRM000611,SALARY,BR003,2019-05-29,ACTIVE,14780.1,INR,N,CORE_BANKING
ACC0000759,CRM001247,CURRENT,BR006,2021-07-12,ACTIVE,14666.71,INR,N,CORE_BANKING
ACC0000760,CRM001651,CURRENT,BR004,2022-02-26,ACTIVE,7004.85,INR,Y,CORE_BANKING
ACC0000761,CRM001030,SALARY,BR003,2020-01-01,ACTIVE,53543.62,INR,N,CORE_BANKING
ACC0000762,CRM003676,SAVINGS,BR009,2020-09-05,ACTIVE,24502.21,INR,Y,CORE_BANKING
ACC0000763,CRM002303,SALARY,BR008,2024-10-21,ACTIVE,9222.13,INR,N,CORE_BANKING
ACC0000764,CRM001783,CURRENT,BR006,2020-03-30,ACTIVE,9159.85,INR,N,CORE_BANKING
ACC0000765,CRM002436,SALARY,BR005,2017-07-20,ACTIVE,4618.57,INR,N,CORE_BANKING
ACC0000766,CRM003876,SALARY,BR001,2022-07-23,ACTIVE,25026.04,INR,N,CORE_BANKING
ACC0000767,CRM003511,SALARY,BR005,2023-03-25,ACTIVE,14020.45,INR,N,CORE_BANKING
ACC0000768,CRM002208,SAVINGS,BR006,2020-11-04,ACTIVE,7959.3,INR,N,CORE_BANKING
ACC0000769,CRM000018,SAVINGS,BR010,2021-07-13,DORMANT,43541.38,INR,Y,CORE_BANKING
ACC0000770,CRM000915,CURRENT,BR002,2022-01-13,DORMANT,168715.42,INR,Y,CORE_BANKING
ACC0000771,CRM001990,SAVINGS,BR002,2018-03-03,ACTIVE,3397.13,INR,Y,CORE_BANKING
ACC0000772,CRM003147,CURRENT,BR009,2025-09-18,ACTIVE,80146.44,INR,N,CORE_BANKING
ACC0000773,CRM001274,SALARY,BR003,2021-06-19,ACTIVE,16325.84,INR,N,CORE_BANKING
ACC0000774,CRM000606,SAVINGS,BR003,2017-05-27,ACTIVE,33198.77,INR,N,CORE_BANKING
ACC0000775,CRM000595,CURRENT,BR001,2026-01-25,ACTIVE,50787.68,INR,N,CORE_BANKING
ACC0000776,CRM001731,SAVINGS,BR004,2025-10-05,ACTIVE,74591.37,INR,Y,CORE_BANKING
ACC0000777,CRM002479,SALARY,BR003,2020-04-14,ACTIVE,7189.33,INR,Y,CORE_BANKING
ACC0000778,CRM000359,SALARY,BR002,2022-09-25,ACTIVE,142719.69,INR,Y,CORE_BANKING
ACC0000779,CRM000658,CURRENT,BR001,2023-04-24,ACTIVE,11158.17,INR,N,CORE_BANKING
ACC0000780,CRM001860,CURRENT,BR004,2022-03-19,ACTIVE,7657.27,INR,Y,CORE_BANKING
ACC0000781,CRM002626,CURRENT,BR005,2019-07-06,ACTIVE,3873.44,INR,N,CORE_BANKING
ACC0000782,CRM002828,CURRENT,BR010,2024-11-04,ACTIVE,6352.12,INR,N,CORE_BANKING
ACC0000783,CRM000381,CURRENT,BR002,2020-07-06,ACTIVE,73451.29,INR,Y,CORE_BANKING
ACC0000784,CRM002211,CURRENT,BR005,2021-04-22,ACTIVE,38942.01,INR,Y,CORE_BANKING
ACC0000785,CRM000511,CURRENT,BR003,2017-06-04,ACTIVE,28178.23,INR,Y,CORE_BANKING
ACC0000786,CRM001170,SAVINGS,BR002,2026-03-12,ACTIVE,27215.45,INR,N,CORE_BANKING
ACC0000787,CRM002380,CURRENT,BR001,2025-05-10,ACTIVE,51375.17,INR,Y,CORE_BANKING
ACC0000788,CRM000186,SAVINGS,BR004,2024-06-26,CLOSED,177092.04,INR,N,CORE_BANKING
ACC0000789,CRM001496,SALARY,BR006,2026-04-04,ACTIVE,13347.15,INR,N,CORE_BANKING
ACC0000790,CRM000535,SALARY,BR010,2017-04-05,ACTIVE,16111.37,INR,N,CORE_BANKING
ACC0000791,CRM002723,SAVINGS,BR007,2016-07-29,ACTIVE,105744.48,INR,N,CORE_BANKING
ACC0000792,CRM003911,CURRENT,BR004,2018-09-01,ACTIVE,7387.44,INR,N,CORE_BANKING
ACC0000793,CRM003423,SALARY,BR009,2026-03-03,ACTIVE,11588.86,INR,N,CORE_BANKING
ACC0000794,CRM000621,CURRENT,BR004,2017-10-28,ACTIVE,23617.09,INR,N,CORE_BANKING
ACC0000795,CRM003421,SALARY,BR001,2026-02-21,ACTIVE,32084.75,INR,N,CORE_BANKING
ACC0000796,CRM002504,SALARY,BR004,2020-03-23,ACTIVE,2920.57,INR,N,CORE_BANKING
ACC0000797,CRM000415,CURRENT,BR001,2019-04-28,ACTIVE,29813.46,INR,Y,CORE_BANKING
ACC0000798,CRM000377,CURRENT,BR004,2022-07-28,ACTIVE,119383.85,INR,Y,CORE_BANKING
ACC0000799,CRM000186,SAVINGS,BR009,2018-01-31,ACTIVE,61847.64,INR,N,CORE_BANKING
ACC0000800,CRM002938,CURRENT,BR005,2020-07-09,ACTIVE,25386.5,INR,Y,CORE_BANKING
ACC0000801,CRM000385,SALARY,BR010,2023-01-26,ACTIVE,44440.97,INR,N,CORE_BANKING
ACC0000802,CRM003489,CURRENT,BR006,2016-08-10,ACTIVE,27729.4,INR,N,CORE_BANKING
ACC0000803,CRM001195,SALARY,BR010,2024-12-22,DORMANT,47793.44,INR,Y,CORE_BANKING
ACC0000804,CRM001910,SALARY,BR010,2020-07-17,ACTIVE,29250.1,INR,Y,CORE_BANKING
ACC0000805,CRM003720,CURRENT,BR007,2016-11-26,ACTIVE,58338.25,INR,Y,CORE_BANKING
ACC0000806,CRM003053,CURRENT,BR004,2016-09-06,ACTIVE,14415.35,INR,Y,CORE_BANKING
ACC0000807,CRM002940,SALARY,BR004,2024-03-19,ACTIVE,45779.86,INR,N,CORE_BANKING
ACC0000808,CRM000959,SALARY,BR009,2020-08-16,ACTIVE,39530.64,INR,Y,CORE_BANKING
ACC0000809,CRM001988,SALARY,BR002,2017-06-26,ACTIVE,36654.95,INR,N,CORE_BANKING
ACC0000810,CRM000983,SALARY,BR005,2018-06-03,ACTIVE,61857.15,INR,Y,CORE_BANKING
ACC0000811,CRM002311,CURRENT,BR002,2019-01-30,DORMANT,4809.54,INR,Y,CORE_BANKING
ACC0000812,CRM001248,SAVINGS,BR007,2025-04-08,ACTIVE,33331.6,INR,N,CORE_BANKING
ACC0000813,CRM002888,SALARY,BR001,2023-05-20,ACTIVE,120599.36,INR,N,CORE_BANKING
ACC0000814,CRM003965,CURRENT,BR005,2025-02-22,ACTIVE,43169.03,INR,Y,CORE_BANKING
ACC0000815,CRM002170,SALARY,BR002,2020-07-16,ACTIVE,30123.94,INR,N,CORE_BANKING
ACC0000816,CRM001063,CURRENT,BR005,2017-10-28,ACTIVE,115016.58,INR,N,CORE_BANKING
ACC0000817,CRM002089,SALARY,BR006,2016-12-06,ACTIVE,4566.45,INR,N,CORE_BANKING
ACC0000818,CRM000131,SALARY,BR002,2017-09-22,ACTIVE,4386.33,INR,N,CORE_BANKING
ACC0000819,CRM003427,CURRENT,BR007,2019-12-25,ACTIVE,38842.89,INR,N,CORE_BANKING
ACC0000820,CRM002049,SALARY,BR003,2017-03-26,ACTIVE,31635.95,INR,Y,CORE_BANKING
ACC0000821,CRM001644,SAVINGS,BR006,2017-10-13,ACTIVE,44580.2,INR,N,CORE_BANKING
ACC0000822,CRM001638,CURRENT,BR003,2025-12-27,ACTIVE,45909.87,INR,Y,CORE_BANKING
ACC0000823,CRM001253,CURRENT,BR005,2018-04-01,ACTIVE,113771.54,INR,N,CORE_BANKING
ACC0000824,CRM002233,CURRENT,BR009,2024-04-27,ACTIVE,10168.27,INR,N,CORE_BANKING
ACC0000825,CRM001302,CURRENT,BR001,2023-10-08,ACTIVE,14725.7,INR,Y,CORE_BANKING
ACC0000826,CRM002238,SALARY,BR009,2019-01-23,ACTIVE,7204.81,INR,Y,CORE_BANKING
ACC0000827,CRM001762,CURRENT,BR006,2025-01-12,CLOSED,36941.09,INR,Y,CORE_BANKING
ACC0000828,CRM003908,CURRENT,BR010,2023-06-23,ACTIVE,37905.56,INR,N,CORE_BANKING
ACC0000829,CRM002673,SALARY,BR008,2020-12-24,ACTIVE,18377.45,INR,Y,CORE_BANKING
ACC0000830,CRM001631,SALARY,BR009,2019-04-22,ACTIVE,2345.82,INR,N,CORE_BANKING
ACC0000831,CRM002671,CURRENT,BR007,2024-06-24,ACTIVE,3820.57,INR,N,CORE_BANKING
ACC0000832,CRM000358,SAVINGS,BR009,2020-05-18,ACTIVE,199985.69,INR,Y,CORE_BANKING
ACC0000833,CRM002953,SALARY,BR010,2018-05-20,ACTIVE,37127.4,INR,Y,CORE_BANKING
ACC0000834,CRM003194,SAVINGS,BR005,2022-12-07,ACTIVE,180743.24,INR,N,CORE_BANKING
ACC0000835,CRM002473,SALARY,BR002,2024-11-01,ACTIVE,27900.65,INR,Y,CORE_BANKING
ACC0000836,CRM003739,CURRENT,BR002,2017-03-21,CLOSED,64499.86,INR,Y,CORE_BANKING
ACC0000837,CRM002512,SAVINGS,BR005,2019-10-25,CLOSED,22570.07,INR,N,CORE_BANKING
ACC0000838,CRM000283,CURRENT,BR007,2025-01-18,ACTIVE,24703.99,INR,N,CORE_BANKING
ACC0000839,CRM000945,SAVINGS,BR009,2022-03-29,ACTIVE,20796.61,INR,N,CORE_BANKING
ACC0000840,CRM003132,CURRENT,BR005,2022-10-19,ACTIVE,29149.85,INR,N,CORE_BANKING
ACC0000841,CRM000758,SALARY,BR006,2022-05-27,ACTIVE,6905.92,INR,Y,CORE_BANKING
ACC0000842,CRM000559,SAVINGS,BR007,2024-11-25,DORMANT,150170.16,INR,N,CORE_BANKING
ACC0000843,CRM003503,SALARY,BR009,2024-02-14,ACTIVE,29971.8,INR,Y,CORE_BANKING
ACC0000844,CRM001344,SAVINGS,BR009,2017-04-16,ACTIVE,22298.87,INR,Y,CORE_BANKING
ACC0000845,CRM000733,SALARY,BR005,2019-02-15,DORMANT,15852.37,INR,Y,CORE_BANKING
ACC0000846,CRM000587,SAVINGS,BR004,2020-10-21,ACTIVE,9124.0,INR,N,CORE_BANKING
ACC0000847,CRM001304,SALARY,BR001,2021-09-26,ACTIVE,12049.31,INR,N,CORE_BANKING
ACC0000848,CRM001477,SAVINGS,BR005,2017-04-26,ACTIVE,14404.37,INR,Y,CORE_BANKING
ACC0000849,CRM003877,CURRENT,BR008,2017-11-29,ACTIVE,85789.27,INR,N,CORE_BANKING
ACC0000850,CRM000790,SAVINGS,BR010,2018-03-16,ACTIVE,16686.31,INR,Y,CORE_BANKING
ACC0000851,CRM000370,CURRENT,BR006,2026-02-24,ACTIVE,12101.76,INR,N,CORE_BANKING
ACC0000852,CRM001748,SALARY,BR007,2017-08-21,ACTIVE,46742.37,INR,N,CORE_BANKING
ACC0000853,CRM001638,SAVINGS,BR008,2023-06-29,ACTIVE,20304.21,INR,Y,CORE_BANKING
ACC0000854,CRM003911,SAVINGS,BR007,2022-05-16,ACTIVE,8141.13,INR,Y,CORE_BANKING
ACC0000855,CRM001006,SALARY,BR005,2023-09-20,DORMANT,11417.08,INR,N,CORE_BANKING
ACC0000856,CRM000205,CURRENT,BR003,2022-01-21,DORMANT,8357.11,INR,N,CORE_BANKING
ACC0000857,CRM001550,CURRENT,BR001,2017-04-08,ACTIVE,5432.48,INR,N,CORE_BANKING
ACC0000858,CRM001863,SAVINGS,BR006,2018-10-12,ACTIVE,2463.42,INR,N,CORE_BANKING
ACC0000859,CRM003044,SAVINGS,BR006,2020-01-30,ACTIVE,58949.13,INR,Y,CORE_BANKING
ACC0000860,CRM003212,SALARY,BR003,2022-04-19,ACTIVE,63698.74,INR,Y,CORE_BANKING
ACC0000861,CRM000144,CURRENT,BR006,2016-12-05,ACTIVE,9620.46,INR,Y,CORE_BANKING
ACC0000862,CRM001095,CURRENT,BR009,2023-02-12,ACTIVE,74010.02,INR,N,CORE_BANKING
ACC0000863,CRM000834,SAVINGS,BR006,2018-12-30,ACTIVE,49067.78,INR,Y,CORE_BANKING
ACC0000864,CRM001128,CURRENT,BR005,2018-09-01,ACTIVE,26420.0,INR,Y,CORE_BANKING
ACC0000865,CRM002452,CURRENT,BR006,2023-04-01,ACTIVE,21659.81,INR,Y,CORE_BANKING
ACC0000866,CRM003762,SAVINGS,BR010,2018-04-05,ACTIVE,52986.48,INR,Y,CORE_BANKING
ACC0000867,CRM003288,SALARY,BR001,2016-09-29,ACTIVE,20282.51,INR,Y,CORE_BANKING
ACC0000868,CRM002317,SALARY,BR005,2016-12-02,ACTIVE,17715.7,INR,Y,CORE_BANKING
ACC0000869,CRM003110,CURRENT,BR001,2020-07-22,DORMANT,45083.35,INR,N,CORE_BANKING
ACC0000870,CRM003907,SALARY,BR010,2022-04-16,DORMANT,70404.29,INR,Y,CORE_BANKING
ACC0000871,CRM003663,CURRENT,BR010,2024-05-07,ACTIVE,14180.97,INR,Y,CORE_BANKING
ACC0000872,CRM002058,SALARY,BR005,2025-09-06,CLOSED,61310.14,INR,Y,CORE_BANKING
ACC0000873,CRM000018,SAVINGS,BR007,2020-09-01,ACTIVE,19639.25,INR,Y,CORE_BANKING
ACC0000874,CRM003879,SALARY,BR009,2020-07-09,ACTIVE,8852.32,INR,N,CORE_BANKING
ACC0000875,CRM001348,CURRENT,BR001,2019-09-18,ACTIVE,165641.61,INR,Y,CORE_BANKING
ACC0000876,CRM002113,SALARY,BR003,2020-08-04,ACTIVE,23674.68,INR,Y,CORE_BANKING
ACC0000877,CRM003247,SALARY,BR010,2018-08-29,CLOSED,22638.97,INR,N,CORE_BANKING
ACC0000878,CRM001424,SALARY,BR009,2017-08-14,ACTIVE,49739.37,INR,Y,CORE_BANKING
ACC0000879,CRM000836,SALARY,BR005,2020-07-19,ACTIVE,88895.56,INR,Y,CORE_BANKING
ACC0000880,CRM000628,CURRENT,BR003,2020-12-29,ACTIVE,41121.01,INR,N,CORE_BANKING
ACC0000881,CRM001488,CURRENT,BR005,2016-08-16,ACTIVE,23403.59,INR,Y,CORE_BANKING
ACC0000882,CRM002812,SALARY,BR002,2020-11-13,ACTIVE,42410.86,INR,N,CORE_BANKING
ACC0000883,CRM000954,SAVINGS,BR007,2019-11-03,ACTIVE,4520.72,INR,N,CORE_BANKING
ACC0000884,CRM002557,SAVINGS,BR007,2022-06-05,ACTIVE,20279.14,INR,N,CORE_BANKING
ACC0000885,CRM003901,SAVINGS,BR003,2016-10-31,ACTIVE,21843.14,INR,Y,CORE_BANKING
ACC0000886,CRM003297,SAVINGS,BR005,2016-09-18,CLOSED,19817.1,INR,N,CORE_BANKING
ACC0000887,CRM001247,SALARY,BR008,2016-04-15,ACTIVE,10295.47,INR,Y,CORE_BANKING
ACC0000888,CRM000044,SAVINGS,BR004,2023-02-15,DORMANT,142052.02,INR,N,CORE_BANKING
ACC0000889,CRM001511,SAVINGS,BR005,2020-01-17,ACTIVE,41345.77,INR,N,CORE_BANKING
ACC0000890,CRM000971,SALARY,BR007,2016-10-05,ACTIVE,54197.31,INR,N,CORE_BANKING
ACC0000891,CRM002418,SAVINGS,BR009,2021-07-12,ACTIVE,150098.81,INR,Y,CORE_BANKING
ACC0000892,CRM001346,SAVINGS,BR009,2021-11-17,ACTIVE,39192.11,INR,Y,CORE_BANKING
ACC0000893,CRM001339,CURRENT,BR005,2023-09-27,ACTIVE,20087.31,INR,Y,CORE_BANKING
ACC0000894,CRM002947,SALARY,BR010,2022-12-10,ACTIVE,42824.04,INR,Y,CORE_BANKING
ACC0000895,CRM002193,CURRENT,BR004,2020-04-26,DORMANT,19632.45,INR,Y,CORE_BANKING
ACC0000896,CRM002265,SALARY,BR007,2016-12-23,ACTIVE,11671.39,INR,Y,CORE_BANKING
ACC0000897,CRM001330,SAVINGS,BR003,2019-08-25,ACTIVE,6907.86,INR,N,CORE_BANKING
ACC0000898,CRM001304,SALARY,BR004,2020-06-24,ACTIVE,36211.79,INR,Y,CORE_BANKING
ACC0000899,CRM001139,CURRENT,BR002,2023-09-23,ACTIVE,36096.69,INR,Y,CORE_BANKING
ACC0000900,CRM002678,CURRENT,BR002,2017-05-31,ACTIVE,8990.57,INR,N,CORE_BANKING
ACC0000901,CRM002826,SAVINGS,BR001,2019-12-18,ACTIVE,38734.08,INR,Y,CORE_BANKING
ACC0000902,CRM001245,CURRENT,BR008,2024-12-09,ACTIVE,21860.72,INR,N,CORE_BANKING
ACC0000903,CRM001562,CURRENT,BR006,2017-08-06,ACTIVE,69647.13,INR,N,CORE_BANKING
ACC0000904,CRM001141,SAVINGS,BR006,2020-11-16,ACTIVE,36380.21,INR,N,CORE_BANKING
ACC0000905,CRM001537,SAVINGS,BR009,2017-09-09,ACTIVE,62263.11,INR,Y,CORE_BANKING
ACC0000906,CRM003704,SAVINGS,BR008,2018-06-18,ACTIVE,13747.1,INR,N,CORE_BANKING
ACC0000907,CRM002508,SAVINGS,BR004,2018-02-12,ACTIVE,17566.9,INR,Y,CORE_BANKING
ACC0000908,CRM000412,SAVINGS,BR003,2019-05-23,ACTIVE,35075.0,INR,Y,CORE_BANKING
ACC0000909,CRM002515,CURRENT,BR002,2024-06-12,ACTIVE,21357.79,INR,Y,CORE_BANKING
ACC0000910,CRM001604,SAVINGS,BR001,2025-09-15,CLOSED,40311.19,INR,N,CORE_BANKING
ACC0000911,CRM003384,SAVINGS,BR008,2022-08-08,ACTIVE,7820.58,INR,Y,CORE_BANKING
ACC0000912,CRM003889,CURRENT,BR010,2020-03-01,ACTIVE,20766.7,INR,Y,CORE_BANKING
ACC0000913,CRM000127,SALARY,BR007,2022-04-14,ACTIVE,28859.08,INR,Y,CORE_BANKING
ACC0000914,CRM000420,SAVINGS,BR009,2024-02-23,ACTIVE,90381.9,INR,N,CORE_BANKING
ACC0000915,CRM002026,CURRENT,BR008,2022-10-10,ACTIVE,41215.53,INR,N,CORE_BANKING
ACC0000916,CRM002606,CURRENT,BR006,2024-09-02,ACTIVE,186906.91,INR,N,CORE_BANKING
ACC0000917,CRM003736,CURRENT,BR008,2019-08-12,ACTIVE,3321.99,INR,N,CORE_BANKING
ACC0000918,CRM001245,SAVINGS,BR008,2019-03-31,ACTIVE,69242.49,INR,Y,CORE_BANKING
ACC0000919,CRM002729,CURRENT,BR004,2023-12-17,ACTIVE,8319.45,INR,Y,CORE_BANKING
ACC0000920,CRM003082,CURRENT,BR004,2022-04-12,ACTIVE,26675.48,INR,N,CORE_BANKING
ACC0000921,CRM003652,SAVINGS,BR002,2025-04-13,ACTIVE,61868.71,INR,Y,CORE_BANKING
ACC0000922,CRM001903,CURRENT,BR001,2025-11-16,ACTIVE,95851.09,INR,Y,CORE_BANKING
ACC0000923,CRM003093,SALARY,BR006,2018-10-25,DORMANT,24652.44,INR,Y,CORE_BANKING
ACC0000924,CRM001425,SAVINGS,BR005,2022-05-25,CLOSED,20861.54,INR,Y,CORE_BANKING
ACC0000925,CRM003028,CURRENT,BR008,2022-06-05,DORMANT,13401.73,INR,Y,CORE_BANKING
ACC0000926,CRM002375,SAVINGS,BR002,2018-01-11,ACTIVE,5591.11,INR,Y,CORE_BANKING
ACC0000927,CRM000579,SALARY,BR005,2017-05-01,DORMANT,20863.24,INR,N,CORE_BANKING
ACC0000928,CRM000464,SAVINGS,BR008,2020-07-23,ACTIVE,45601.34,INR,Y,CORE_BANKING
ACC0000929,CRM003777,SALARY,BR005,2018-03-19,CLOSED,134423.82,INR,Y,CORE_BANKING
ACC0000930,CRM003528,CURRENT,BR007,2024-09-24,ACTIVE,178505.11,INR,Y,CORE_BANKING
ACC0000931,CRM003432,CURRENT,BR008,2022-02-01,ACTIVE,51853.68,INR,Y,CORE_BANKING
ACC0000932,CRM002103,SAVINGS,BR002,2018-11-18,CLOSED,28286.01,INR,Y,CORE_BANKING
ACC0000933,CRM001048,SALARY,BR010,2016-12-24,ACTIVE,25908.01,INR,N,CORE_BANKING
ACC0000934,CRM000517,CURRENT,BR010,2020-04-04,ACTIVE,109027.36,INR,Y,CORE_BANKING
ACC0000935,CRM003385,SAVINGS,BR006,2026-02-19,DORMANT,138713.86,INR,N,CORE_BANKING
ACC0000936,CRM003519,SAVINGS,BR010,2017-08-19,ACTIVE,56394.69,INR,Y,CORE_BANKING
ACC0000937,CRM000199,SAVINGS,BR008,2016-09-20,ACTIVE,160054.56,INR,Y,CORE_BANKING
ACC0000938,CRM002779,CURRENT,BR001,2018-06-16,ACTIVE,29889.54,INR,N,CORE_BANKING
ACC0000939,CRM001344,SALARY,BR003,2025-10-14,ACTIVE,22154.01,INR,Y,CORE_BANKING
ACC0000940,CRM001322,SALARY,BR002,2021-11-03,ACTIVE,23967.25,INR,Y,CORE_BANKING
ACC0000941,CRM002441,SAVINGS,BR001,2022-09-29,ACTIVE,33298.54,INR,Y,CORE_BANKING
ACC0000942,CRM001887,SALARY,BR008,2016-11-26,CLOSED,9234.11,INR,N,CORE_BANKING
ACC0000943,CRM001622,SALARY,BR007,2020-09-27,ACTIVE,7100.06,INR,Y,CORE_BANKING
ACC0000944,CRM002816,SAVINGS,BR005,2023-12-01,ACTIVE,18945.11,INR,N,CORE_BANKING
ACC0000945,CRM000246,SALARY,BR008,2020-03-24,ACTIVE,16027.33,INR,N,CORE_BANKING
ACC0000946,CRM001740,CURRENT,BR005,2017-10-16,ACTIVE,14779.61,INR,Y,CORE_BANKING
ACC0000947,CRM003688,CURRENT,BR006,2018-11-20,ACTIVE,24237.41,INR,N,CORE_BANKING
ACC0000948,CRM000051,SAVINGS,BR010,2020-03-19,ACTIVE,24945.55,INR,N,CORE_BANKING
ACC0000949,CRM000663,SALARY,BR006,2017-10-01,ACTIVE,164911.16,INR,N,CORE_BANKING
ACC0000950,CRM003136,CURRENT,BR003,2016-11-02,ACTIVE,4140.05,INR,Y,CORE_BANKING
ACC0000951,CRM000896,SALARY,BR008,2021-09-12,CLOSED,11132.38,INR,N,CORE_BANKING
ACC0000952,CRM002421,SAVINGS,BR003,2019-07-14,ACTIVE,22039.35,INR,Y,CORE_BANKING
ACC0000953,CRM000472,SALARY,BR008,2017-04-21,ACTIVE,124465.31,INR,N,CORE_BANKING
ACC0000954,CRM002105,SAVINGS,BR009,2026-05-28,ACTIVE,30553.42,INR,N,CORE_BANKING
ACC0000955,CRM001171,SAVINGS,BR007,2017-08-24,DORMANT,17066.04,INR,Y,CORE_BANKING
ACC0000956,CRM003062,CURRENT,BR004,2023-08-18,DORMANT,39545.66,INR,Y,CORE_BANKING
ACC0000957,CRM000103,CURRENT,BR004,2021-09-18,ACTIVE,44231.83,INR,N,CORE_BANKING
ACC0000958,CRM001216,CURRENT,BR001,2021-05-10,ACTIVE,36493.91,INR,N,CORE_BANKING
ACC0000959,CRM002003,SAVINGS,BR010,2020-05-26,ACTIVE,60529.35,INR,N,CORE_BANKING
ACC0000960,CRM001663,SAVINGS,BR008,2025-12-21,CLOSED,177272.91,INR,N,CORE_BANKING
ACC0000961,CRM002218,SAVINGS,BR005,2018-08-11,ACTIVE,30562.35,INR,Y,CORE_BANKING
ACC0000962,CRM000304,SAVINGS,BR003,2025-02-06,ACTIVE,55439.25,INR,N,CORE_BANKING
ACC0000963,CRM000993,CURRENT,BR007,2025-04-29,ACTIVE,96312.0,INR,Y,CORE_BANKING
ACC0000964,CRM002772,CURRENT,BR010,2022-05-29,ACTIVE,15407.55,INR,N,CORE_BANKING
ACC0000965,CRM003376,CURRENT,BR006,2023-01-20,ACTIVE,67449.07,INR,N,CORE_BANKING
ACC0000966,CRM000860,SALARY,BR010,2024-08-13,ACTIVE,18336.37,INR,N,CORE_BANKING
ACC0000967,CRM002631,SAVINGS,BR002,2019-06-26,ACTIVE,86904.35,INR,Y,CORE_BANKING
ACC0000968,CRM003726,SAVINGS,BR005,2021-01-09,ACTIVE,23083.81,INR,N,CORE_BANKING
ACC0000969,CRM002868,CURRENT,BR010,2020-01-15,ACTIVE,44448.66,INR,N,CORE_BANKING
ACC0000970,CRM000272,SAVINGS,BR004,2021-05-10,ACTIVE,7538.54,INR,Y,CORE_BANKING
ACC0000971,CRM002479,CURRENT,BR002,2023-09-09,ACTIVE,23558.81,INR,Y,CORE_BANKING
ACC0000972,CRM000590,CURRENT,BR002,2021-10-08,ACTIVE,44757.55,INR,Y,CORE_BANKING
ACC0000973,CRM003450,CURRENT,BR004,2019-08-24,ACTIVE,20900.22,INR,Y,CORE_BANKING
ACC0000974,CRM002349,SALARY,BR009,2021-04-28,ACTIVE,7225.74,INR,N,CORE_BANKING
ACC0000975,CRM002320,SALARY,BR009,2020-11-28,ACTIVE,2408.47,INR,N,CORE_BANKING
ACC0000976,CRM002090,SALARY,BR010,2019-11-29,ACTIVE,13502.64,INR,N,CORE_BANKING
ACC0000977,CRM001015,CURRENT,BR006,2025-08-17,ACTIVE,72091.61,INR,N,CORE_BANKING
ACC0000978,CRM002000,SALARY,BR004,2018-03-14,ACTIVE,65856.01,INR,Y,CORE_BANKING
ACC0000979,CRM000744,SALARY,BR004,2020-09-05,ACTIVE,4828.55,INR,Y,CORE_BANKING
ACC0000980,CRM000690,CURRENT,BR009,2025-08-07,ACTIVE,73122.56,INR,N,CORE_BANKING
ACC0000981,CRM001348,SALARY,BR003,2022-11-28,ACTIVE,102972.97,INR,Y,CORE_BANKING
ACC0000982,CRM002414,SAVINGS,BR007,2023-09-02,ACTIVE,152799.53,INR,Y,CORE_BANKING
ACC0000983,CRM003496,CURRENT,BR007,2023-06-20,DORMANT,24428.67,INR,Y,CORE_BANKING
ACC0000984,CRM001803,CURRENT,BR003,2021-01-03,ACTIVE,19001.36,INR,Y,CORE_BANKING
ACC0000985,CRM001678,SALARY,BR004,2023-08-30,ACTIVE,182065.12,INR,Y,CORE_BANKING
ACC0000986,CRM003579,SALARY,BR001,2024-09-20,DORMANT,4602.11,INR,N,CORE_BANKING
ACC0000987,CRM000492,CURRENT,BR002,2026-05-01,ACTIVE,38696.37,INR,Y,CORE_BANKING
ACC0000988,CRM003776,CURRENT,BR004,2017-06-19,ACTIVE,60020.14,INR,Y,CORE_BANKING
ACC0000989,CRM001705,SALARY,BR005,2016-11-19,ACTIVE,27940.96,INR,Y,CORE_BANKING
ACC0000990,CRM000888,SAVINGS,BR007,2018-03-28,ACTIVE,33537.82,INR,Y,CORE_BANKING
ACC0000991,CRM000973,CURRENT,BR006,2024-10-27,ACTIVE,211276.37,INR,Y,CORE_BANKING
ACC0000992,CRM003258,SALARY,BR007,2017-09-26,ACTIVE,16358.81,INR,Y,CORE_BANKING
ACC0000993,CRM000513,SALARY,BR004,2020-07-01,ACTIVE,8861.29,INR,N,CORE_BANKING
ACC0000994,CRM003977,SAVINGS,BR004,2018-09-20,ACTIVE,18726.21,INR,Y,CORE_BANKING
ACC0000995,CRM003031,SALARY,BR007,2026-03-08,ACTIVE,10452.94,INR,Y,CORE_BANKING
ACC0000996,CRM003800,CURRENT,BR007,2018-01-24,CLOSED,29933.69,INR,Y,CORE_BANKING
ACC0000997,CRM000548,SALARY,BR004,2020-05-02,ACTIVE,44786.59,INR,Y,CORE_BANKING
ACC0000998,CRM002811,CURRENT,BR010,2019-12-02,ACTIVE,23071.21,INR,N,CORE_BANKING
ACC0000999,CRM002414,SALARY,BR007,2018-07-21,ACTIVE,4334.99,INR,Y,CORE_BANKING
ACC0001000,CRM001017,SALARY,BR004,2023-03-01,ACTIVE,4765.16,INR,N,CORE_BANKING
ACC0001001,CRM000434,SALARY,BR003,2020-08-06,ACTIVE,57491.55,INR,Y,CORE_BANKING
ACC0001002,CRM000556,CURRENT,BR001,2025-01-25,ACTIVE,75569.56,INR,N,CORE_BANKING
ACC0001003,CRM000180,SAVINGS,BR006,2021-06-30,ACTIVE,16772.12,INR,N,CORE_BANKING
ACC0001004,CRM001768,SALARY,BR006,2017-06-11,ACTIVE,26004.15,INR,N,CORE_BANKING
ACC0001005,CRM002419,SALARY,BR006,2016-09-17,DORMANT,88812.81,INR,Y,CORE_BANKING
ACC0001006,CRM001081,SALARY,BR008,2016-07-13,ACTIVE,117191.38,INR,Y,CORE_BANKING
ACC0001007,CRM003117,SALARY,BR004,2021-12-11,ACTIVE,393574.1,INR,N,CORE_BANKING
ACC0001008,CRM002294,SAVINGS,BR006,2022-03-23,ACTIVE,11163.82,INR,N,CORE_BANKING
ACC0001009,CRM002538,SALARY,BR008,2021-05-15,ACTIVE,17615.83,INR,N,CORE_BANKING
ACC0001010,CRM000737,CURRENT,BR007,2025-09-26,ACTIVE,356942.37,INR,Y,CORE_BANKING
ACC0001011,CRM002423,SALARY,BR009,2020-07-25,ACTIVE,16821.63,INR,N,CORE_BANKING
ACC0001012,CRM001095,SALARY,BR003,2023-08-09,ACTIVE,2157.2,INR,N,CORE_BANKING
ACC0001013,CRM002728,CURRENT,BR002,2020-03-08,ACTIVE,17051.26,INR,N,CORE_BANKING
ACC0001014,CRM000250,SALARY,BR010,2024-07-19,ACTIVE,196154.05,INR,Y,CORE_BANKING
ACC0001015,CRM003036,SALARY,BR004,2022-11-21,ACTIVE,11715.48,INR,Y,CORE_BANKING
ACC0001016,CRM002462,SAVINGS,BR005,2021-01-06,DORMANT,53943.97,INR,N,CORE_BANKING
ACC0001017,CRM002815,CURRENT,BR007,2021-10-15,ACTIVE,16002.43,INR,N,CORE_BANKING
ACC0001018,CRM000693,CURRENT,BR003,2021-07-16,ACTIVE,40531.93,INR,Y,CORE_BANKING
ACC0001019,CRM001169,SALARY,BR003,2016-12-03,ACTIVE,6387.17,INR,N,CORE_BANKING
ACC0001020,CRM002559,SALARY,BR004,2022-01-17,ACTIVE,5090.13,INR,N,CORE_BANKING
ACC0001021,CRM003438,CURRENT,BR006,2023-06-21,ACTIVE,53322.61,INR,N,CORE_BANKING
ACC0001022,CRM001752,SAVINGS,BR006,2019-06-04,ACTIVE,33841.23,INR,Y,CORE_BANKING
ACC0001023,CRM000247,SAVINGS,BR010,2024-07-11,ACTIVE,31693.15,INR,Y,CORE_BANKING
ACC0001024,CRM003151,SALARY,BR010,2022-04-27,ACTIVE,11210.03,INR,Y,CORE_BANKING
ACC0001025,CRM003003,CURRENT,BR010,2019-11-12,ACTIVE,4602.52,INR,Y,CORE_BANKING
ACC0001026,CRM001395,CURRENT,BR008,2017-02-19,ACTIVE,19152.99,INR,Y,CORE_BANKING
ACC0001027,CRM003756,SALARY,BR005,2017-05-25,ACTIVE,24704.5,INR,N,CORE_BANKING
ACC0001028,CRM002981,SAVINGS,BR006,2016-09-26,ACTIVE,5272.34,INR,Y,CORE_BANKING
ACC0001029,CRM001496,SAVINGS,BR007,2022-12-02,ACTIVE,43373.16,INR,Y,CORE_BANKING
ACC0001030,CRM000516,CURRENT,BR009,2019-11-04,ACTIVE,48708.08,INR,N,CORE_BANKING
ACC0001031,CRM003982,CURRENT,BR002,2024-12-09,ACTIVE,109698.4,INR,N,CORE_BANKING
ACC0001032,CRM002301,CURRENT,BR003,2025-05-06,ACTIVE,171633.86,INR,Y,CORE_BANKING
ACC0001033,CRM003495,SAVINGS,BR007,2020-11-10,ACTIVE,4175.66,INR,N,CORE_BANKING
ACC0001034,CRM003473,SALARY,BR007,2023-08-17,ACTIVE,7462.84,INR,N,CORE_BANKING
ACC0001035,CRM002046,CURRENT,BR009,2016-12-11,ACTIVE,78142.33,INR,N,CORE_BANKING
ACC0001036,CRM000347,SALARY,BR007,2020-06-16,ACTIVE,16049.95,INR,N,CORE_BANKING
ACC0001037,CRM001248,SALARY,BR003,2021-02-03,ACTIVE,19335.76,INR,N,CORE_BANKING
ACC0001038,CRM001486,CURRENT,BR003,2017-10-09,ACTIVE,8085.62,INR,N,CORE_BANKING
ACC0001039,CRM000952,CURRENT,BR001,2021-01-22,ACTIVE,17973.87,INR,N,CORE_BANKING
ACC0001040,CRM000812,SALARY,BR009,2018-08-15,ACTIVE,5070.72,INR,Y,CORE_BANKING
ACC0001041,CRM000638,CURRENT,BR008,2021-12-21,ACTIVE,29127.01,INR,N,CORE_BANKING
ACC0001042,CRM003395,CURRENT,BR003,2019-09-25,ACTIVE,19978.92,INR,N,CORE_BANKING
ACC0001043,CRM002901,SALARY,BR003,2025-05-05,ACTIVE,153607.29,INR,N,CORE_BANKING
ACC0001044,CRM000676,SAVINGS,BR001,2021-09-01,ACTIVE,13378.58,INR,N,CORE_BANKING
ACC0001045,CRM002439,SALARY,BR004,2019-05-30,ACTIVE,68786.71,INR,N,CORE_BANKING
ACC0001046,CRM002147,SALARY,BR003,2021-03-12,ACTIVE,29858.09,INR,Y,CORE_BANKING
ACC0001047,CRM000378,CURRENT,BR002,2022-12-02,ACTIVE,24395.35,INR,N,CORE_BANKING
ACC0001048,CRM003849,SALARY,BR003,2021-03-15,ACTIVE,76000.69,INR,Y,CORE_BANKING
ACC0001049,CRM001902,SALARY,BR002,2025-04-12,CLOSED,45838.59,INR,N,CORE_BANKING
ACC0001050,CRM002252,SALARY,BR002,2019-03-30,ACTIVE,109082.24,INR,N,CORE_BANKING
ACC0001051,CRM001238,CURRENT,BR008,2018-10-07,ACTIVE,27871.51,INR,N,CORE_BANKING
ACC0001052,CRM001925,SAVINGS,BR008,2019-12-13,ACTIVE,73137.13,INR,Y,CORE_BANKING
ACC0001053,CRM001898,SAVINGS,BR002,2024-11-13,ACTIVE,51484.07,INR,Y,CORE_BANKING
ACC0001054,CRM003284,SALARY,BR002,2016-08-13,ACTIVE,10073.48,INR,Y,CORE_BANKING
ACC0001055,CRM000163,CURRENT,BR004,2016-11-20,CLOSED,54014.37,INR,Y,CORE_BANKING
ACC0001056,CRM002412,SAVINGS,BR004,2019-11-27,CLOSED,22940.96,INR,N,CORE_BANKING
ACC0001057,CRM002185,CURRENT,BR008,2021-04-15,ACTIVE,36398.84,INR,Y,CORE_BANKING
ACC0001058,CRM000962,SAVINGS,BR003,2026-03-22,ACTIVE,77130.64,INR,Y,CORE_BANKING
ACC0001059,CRM002786,SALARY,BR008,2016-02-07,ACTIVE,5285.82,INR,N,CORE_BANKING
ACC0001060,CRM003643,SALARY,BR007,2018-10-12,ACTIVE,57195.13,INR,N,CORE_BANKING
ACC0001061,CRM000693,CURRENT,BR003,2016-03-15,ACTIVE,14058.39,INR,N,CORE_BANKING
ACC0001062,CRM002821,CURRENT,BR003,2017-06-04,CLOSED,32570.41,INR,N,CORE_BANKING
ACC0001063,CRM001814,CURRENT,BR002,2019-10-17,DORMANT,25197.42,INR,N,CORE_BANKING
ACC0001064,CRM003979,SAVINGS,BR009,2016-09-02,ACTIVE,103732.86,INR,Y,CORE_BANKING
ACC0001065,CRM000811,CURRENT,BR010,2024-05-23,ACTIVE,20361.99,INR,N,CORE_BANKING
ACC0001066,CRM002076,SALARY,BR007,2020-08-24,ACTIVE,3534.72,INR,Y,CORE_BANKING
ACC0001067,CRM001415,SALARY,BR006,2023-06-22,ACTIVE,25754.55,INR,Y,CORE_BANKING
ACC0001068,CRM003624,SAVINGS,BR010,2019-04-04,ACTIVE,115515.19,INR,Y,CORE_BANKING
ACC0001069,CRM001708,SALARY,BR009,2022-10-27,ACTIVE,95143.3,INR,Y,CORE_BANKING
ACC0001070,CRM000767,CURRENT,BR001,2024-11-20,CLOSED,35724.63,INR,Y,CORE_BANKING
ACC0001071,CRM003016,CURRENT,BR002,2019-06-08,ACTIVE,7638.42,INR,N,CORE_BANKING
ACC0001072,CRM003463,CURRENT,BR004,2024-07-06,ACTIVE,14084.17,INR,N,CORE_BANKING
ACC0001073,CRM001518,CURRENT,BR004,2019-09-06,ACTIVE,16620.86,INR,N,CORE_BANKING
ACC0001074,CRM000668,SALARY,BR006,2025-11-11,CLOSED,33722.29,INR,N,CORE_BANKING
ACC0001075,CRM003477,SAVINGS,BR006,2020-10-31,ACTIVE,180321.15,INR,N,CORE_BANKING
ACC0001076,CRM001190,CURRENT,BR001,2021-06-14,ACTIVE,63536.44,INR,Y,CORE_BANKING
ACC0001077,CRM002227,CURRENT,BR007,2018-05-02,ACTIVE,22346.48,INR,N,CORE_BANKING
ACC0001078,CRM000054,SALARY,BR007,2017-02-16,ACTIVE,30298.18,INR,Y,CORE_BANKING
ACC0001079,CRM000432,CURRENT,BR002,2019-10-09,ACTIVE,120323.6,INR,N,CORE_BANKING
ACC0001080,CRM003286,CURRENT,BR003,2022-02-22,ACTIVE,9208.95,INR,Y,CORE_BANKING
ACC0001081,CRM001802,SAVINGS,BR010,2026-03-28,ACTIVE,1212.57,INR,N,CORE_BANKING
ACC0001082,CRM001490,CURRENT,BR004,2016-03-22,ACTIVE,9411.04,INR,Y,CORE_BANKING
ACC0001083,CRM000227,CURRENT,BR004,2025-11-07,CLOSED,31560.76,INR,N,CORE_BANKING
ACC0001084,CRM003599,SAVINGS,BR001,2019-10-17,ACTIVE,12269.8,INR,N,CORE_BANKING
ACC0001085,CRM003039,CURRENT,BR006,2024-07-23,ACTIVE,8247.29,INR,Y,CORE_BANKING
ACC0001086,CRM002316,SALARY,BR002,2016-12-03,ACTIVE,12446.94,INR,N,CORE_BANKING
ACC0001087,CRM001678,SALARY,BR004,2021-11-14,ACTIVE,22105.97,INR,Y,CORE_BANKING
ACC0001088,CRM000416,SALARY,BR009,2021-01-28,CLOSED,19463.45,INR,Y,CORE_BANKING
ACC0001089,CRM002812,CURRENT,BR010,2024-03-29,ACTIVE,8424.26,INR,N,CORE_BANKING
ACC0001090,CRM003982,CURRENT,BR008,2017-04-06,ACTIVE,9370.48,INR,N,CORE_BANKING
ACC0001091,CRM002438,SALARY,BR008,2016-07-19,ACTIVE,31810.48,INR,N,CORE_BANKING
ACC0001092,CRM001482,SALARY,BR009,2017-03-04,ACTIVE,9518.79,INR,Y,CORE_BANKING
ACC0001093,CRM000874,SALARY,BR010,2016-02-20,ACTIVE,2328.51,INR,N,CORE_BANKING
ACC0001094,CRM002358,SAVINGS,BR004,2021-08-04,ACTIVE,3666.03,INR,N,CORE_BANKING
ACC0001095,CRM002361,SAVINGS,BR010,2025-10-18,DORMANT,20370.84,INR,N,CORE_BANKING
ACC0001096,CRM003251,SALARY,BR008,2018-01-25,ACTIVE,23725.72,INR,Y,CORE_BANKING
ACC0001097,CRM003644,SALARY,BR002,2021-02-12,ACTIVE,19020.54,INR,N,CORE_BANKING
ACC0001098,CRM002639,SALARY,BR004,2023-11-28,ACTIVE,14590.85,INR,N,CORE_BANKING
ACC0001099,CRM003806,CURRENT,BR002,2017-03-27,ACTIVE,2463.9,INR,N,CORE_BANKING
ACC0001100,CRM003233,SAVINGS,BR007,2023-11-30,ACTIVE,21471.62,INR,N,CORE_BANKING
ACC0001101,CRM002995,CURRENT,BR008,2023-09-27,ACTIVE,34082.82,INR,N,CORE_BANKING
ACC0001102,CRM002689,CURRENT,BR002,2025-01-13,CLOSED,61780.92,INR,N,CORE_BANKING
ACC0001103,CRM001928,SAVINGS,BR009,2024-11-09,ACTIVE,22331.19,INR,Y,CORE_BANKING
ACC0001104,CRM000662,CURRENT,BR009,2025-06-13,ACTIVE,40376.47,INR,Y,CORE_BANKING
ACC0001105,CRM003954,CURRENT,BR006,2022-02-22,ACTIVE,163573.46,INR,N,CORE_BANKING
ACC0001106,CRM000348,CURRENT,BR010,2020-03-17,ACTIVE,21173.8,INR,Y,CORE_BANKING
ACC0001107,CRM000136,SAVINGS,BR003,2021-07-19,DORMANT,11717.26,INR,Y,CORE_BANKING
ACC0001108,CRM003727,CURRENT,BR007,2021-04-17,CLOSED,35417.73,INR,N,CORE_BANKING
ACC0001109,CRM003852,SALARY,BR009,2019-08-31,ACTIVE,2095.59,INR,N,CORE_BANKING
ACC0001110,CRM003213,SAVINGS,BR004,2020-04-19,ACTIVE,15700.4,INR,Y,CORE_BANKING
ACC0001111,CRM003698,SAVINGS,BR004,2021-07-06,ACTIVE,60831.86,INR,Y,CORE_BANKING
ACC0001112,CRM001527,SAVINGS,BR002,2021-07-03,ACTIVE,4001.97,INR,Y,CORE_BANKING
ACC0001113,CRM001354,CURRENT,BR006,2019-11-21,ACTIVE,15667.9,INR,Y,CORE_BANKING
ACC0001114,CRM003362,CURRENT,BR010,2018-05-03,CLOSED,63156.04,INR,N,CORE_BANKING
ACC0001115,CRM000683,SALARY,BR010,2023-07-24,DORMANT,63976.04,INR,N,CORE_BANKING
ACC0001116,CRM002558,SAVINGS,BR004,2018-04-20,ACTIVE,18302.01,INR,N,CORE_BANKING
ACC0001117,CRM000413,SAVINGS,BR003,2020-04-25,ACTIVE,81776.04,INR,Y,CORE_BANKING
ACC0001118,CRM003572,CURRENT,BR007,2016-10-06,ACTIVE,38906.1,INR,Y,CORE_BANKING
ACC0001119,CRM001073,CURRENT,BR003,2018-02-11,ACTIVE,128294.53,INR,Y,CORE_BANKING
ACC0001120,CRM000221,SAVINGS,BR010,2016-02-13,ACTIVE,192947.96,INR,Y,CORE_BANKING
ACC0001121,CRM000435,SALARY,BR008,2016-01-03,ACTIVE,48286.17,INR,Y,CORE_BANKING
ACC0001122,CRM003830,SAVINGS,BR004,2025-08-27,DORMANT,16317.63,INR,N,CORE_BANKING
ACC0001123,CRM001140,SALARY,BR001,2018-09-02,ACTIVE,7299.86,INR,N,CORE_BANKING
ACC0001124,CRM000423,SAVINGS,BR001,2016-11-20,ACTIVE,8118.47,INR,Y,CORE_BANKING
ACC0001125,CRM003669,SALARY,BR007,2017-08-13,ACTIVE,113125.6,INR,Y,CORE_BANKING
ACC0001126,CRM001664,SALARY,BR009,2016-12-15,ACTIVE,9332.99,INR,N,CORE_BANKING
ACC0001127,CRM001233,SALARY,BR010,2024-04-21,ACTIVE,20488.01,INR,Y,CORE_BANKING
ACC0001128,CRM003332,SALARY,BR007,2024-11-10,ACTIVE,71289.14,INR,N,CORE_BANKING
ACC0001129,CRM002200,CURRENT,BR008,2019-05-16,ACTIVE,2399.49,INR,N,CORE_BANKING
ACC0001130,CRM000018,SAVINGS,BR004,2019-01-14,ACTIVE,40166.05,INR,N,CORE_BANKING
ACC0001131,CRM000922,SALARY,BR009,2025-07-21,ACTIVE,7294.82,INR,Y,CORE_BANKING
ACC0001132,CRM000361,SAVINGS,BR004,2021-02-19,ACTIVE,5624.66,INR,Y,CORE_BANKING
ACC0001133,CRM003478,SAVINGS,BR007,2022-01-09,ACTIVE,2242.82,INR,N,CORE_BANKING
ACC0001134,CRM003629,SAVINGS,BR002,2023-12-23,ACTIVE,71232.35,INR,N,CORE_BANKING
ACC0001135,CRM000064,CURRENT,BR002,2024-04-29,ACTIVE,6055.79,INR,N,CORE_BANKING
ACC0001136,CRM001347,SALARY,BR006,2016-02-09,ACTIVE,9825.05,INR,Y,CORE_BANKING
ACC0001137,CRM002881,CURRENT,BR008,2017-11-20,ACTIVE,64440.68,INR,N,CORE_BANKING
ACC0001138,CRM003289,CURRENT,BR008,2019-03-19,ACTIVE,30616.9,INR,N,CORE_BANKING
ACC0001139,CRM003608,SALARY,BR009,2024-10-21,ACTIVE,17641.11,INR,N,CORE_BANKING
ACC0001140,CRM001590,SAVINGS,BR004,2024-10-16,DORMANT,4380.25,INR,Y,CORE_BANKING
ACC0001141,CRM000458,CURRENT,BR007,2018-04-04,DORMANT,47326.21,INR,N,CORE_BANKING
ACC0001142,CRM000997,SALARY,BR004,2020-12-24,ACTIVE,6912.2,INR,N,CORE_BANKING
ACC0001143,CRM000845,SAVINGS,BR004,2018-03-01,ACTIVE,52525.05,INR,N,CORE_BANKING
ACC0001144,CRM002682,SALARY,BR002,2021-01-04,ACTIVE,40799.77,INR,N,CORE_BANKING
ACC0001145,CRM000544,SAVINGS,BR004,2018-06-29,ACTIVE,53452.26,INR,N,CORE_BANKING
ACC0001146,CRM001430,SALARY,BR002,2021-07-09,CLOSED,29180.85,INR,Y,CORE_BANKING
ACC0001147,CRM003262,CURRENT,BR007,2022-11-22,ACTIVE,50569.73,INR,N,CORE_BANKING
ACC0001148,CRM001237,CURRENT,BR003,2018-01-06,DORMANT,92823.77,INR,Y,CORE_BANKING
ACC0001149,CRM001887,CURRENT,BR007,2025-06-14,ACTIVE,8460.22,INR,Y,CORE_BANKING
ACC0001150,CRM000027,CURRENT,BR010,2022-08-01,ACTIVE,19210.2,INR,Y,CORE_BANKING
ACC0001151,CRM003394,SALARY,BR004,2021-07-10,ACTIVE,33396.83,INR,Y,CORE_BANKING
ACC0001152,CRM001138,SAVINGS,BR001,2023-12-28,ACTIVE,23274.92,INR,Y,CORE_BANKING
ACC0001153,CRM001308,SAVINGS,BR002,2016-04-13,ACTIVE,3126.65,INR,N,CORE_BANKING
ACC0001154,CRM001381,SAVINGS,BR002,2021-06-04,ACTIVE,64450.15,INR,N,CORE_BANKING
ACC0001155,CRM003442,SALARY,BR009,2024-10-23,ACTIVE,21224.41,INR,N,CORE_BANKING
ACC0001156,CRM000271,SAVINGS,BR003,2017-10-18,ACTIVE,20482.19,INR,Y,CORE_BANKING
ACC0001157,CRM000789,SALARY,BR002,2025-08-12,ACTIVE,26735.24,INR,N,CORE_BANKING
ACC0001158,CRM000082,SAVINGS,BR001,2025-01-18,ACTIVE,104895.44,INR,N,CORE_BANKING
ACC0001159,CRM003895,SAVINGS,BR001,2021-07-16,ACTIVE,23281.02,INR,Y,CORE_BANKING
ACC0001160,CRM000572,SALARY,BR005,2020-11-15,ACTIVE,73666.36,INR,Y,CORE_BANKING
ACC0001161,CRM000278,SALARY,BR007,2024-03-01,ACTIVE,38892.74,INR,N,CORE_BANKING
ACC0001162,CRM003157,SAVINGS,BR006,2020-06-16,CLOSED,26124.37,INR,N,CORE_BANKING
ACC0001163,CRM000440,SALARY,BR010,2022-08-07,ACTIVE,27861.34,INR,Y,CORE_BANKING
ACC0001164,CRM002098,SALARY,BR009,2016-03-26,ACTIVE,48242.41,INR,N,CORE_BANKING
ACC0001165,CRM002229,SAVINGS,BR009,2019-11-05,DORMANT,8398.82,INR,N,CORE_BANKING
ACC0001166,CRM000634,CURRENT,BR007,2022-01-18,ACTIVE,36146.55,INR,Y,CORE_BANKING
ACC0001167,CRM000610,SALARY,BR010,2016-03-19,CLOSED,4657.74,INR,N,CORE_BANKING
ACC0001168,CRM001925,CURRENT,BR003,2018-06-17,ACTIVE,36199.98,INR,Y,CORE_BANKING
ACC0001169,CRM002691,SALARY,BR009,2025-04-15,ACTIVE,19614.58,INR,N,CORE_BANKING
ACC0001170,CRM001326,CURRENT,BR010,2018-08-16,ACTIVE,13419.32,INR,Y,CORE_BANKING
ACC0001171,CRM002784,CURRENT,BR009,2017-07-02,ACTIVE,126202.73,INR,Y,CORE_BANKING
ACC0001172,CRM000267,CURRENT,BR006,2016-11-03,DORMANT,25054.42,INR,N,CORE_BANKING
ACC0001173,CRM002656,SAVINGS,BR010,2017-05-14,ACTIVE,37379.64,INR,Y,CORE_BANKING
ACC0001174,CRM002521,SAVINGS,BR007,2025-12-19,ACTIVE,4029.6,INR,Y,CORE_BANKING
ACC0001175,CRM003198,SALARY,BR008,2022-01-19,ACTIVE,5150.81,INR,N,CORE_BANKING
ACC0001176,CRM003904,SAVINGS,BR008,2022-09-28,DORMANT,101435.43,INR,Y,CORE_BANKING
ACC0001177,CRM002568,SALARY,BR010,2023-12-08,ACTIVE,108811.19,INR,Y,CORE_BANKING
ACC0001178,CRM002289,CURRENT,BR008,2018-01-24,DORMANT,26512.12,INR,Y,CORE_BANKING
ACC0001179,CRM001991,SALARY,BR007,2026-01-17,ACTIVE,16053.99,INR,Y,CORE_BANKING
ACC0001180,CRM001890,SALARY,BR001,2017-11-20,ACTIVE,7278.66,INR,Y,CORE_BANKING
ACC0001181,CRM000619,CURRENT,BR002,2021-11-07,ACTIVE,39499.12,INR,Y,CORE_BANKING
ACC0001182,CRM002842,SALARY,BR004,2021-05-05,ACTIVE,64600.44,INR,N,CORE_BANKING
ACC0001183,CRM002680,SALARY,BR005,2020-10-28,ACTIVE,41678.82,INR,N,CORE_BANKING
ACC0001184,CRM003547,SAVINGS,BR008,2017-10-13,ACTIVE,10880.74,INR,N,CORE_BANKING
ACC0001185,CRM000677,SALARY,BR010,2021-09-08,ACTIVE,30298.3,INR,N,CORE_BANKING
ACC0001186,CRM001863,SAVINGS,BR008,2019-09-19,DORMANT,23092.78,INR,Y,CORE_BANKING
ACC0001187,CRM003457,SAVINGS,BR009,2016-11-17,ACTIVE,30515.39,INR,Y,CORE_BANKING
ACC0001188,CRM002359,SALARY,BR008,2018-05-01,ACTIVE,37000.89,INR,Y,CORE_BANKING
ACC0001189,CRM002072,SALARY,BR004,2024-02-09,ACTIVE,17516.33,INR,N,CORE_BANKING
ACC0001190,CRM003886,CURRENT,BR005,2023-04-03,ACTIVE,124072.2,INR,Y,CORE_BANKING
ACC0001191,CRM001280,CURRENT,BR006,2017-10-15,ACTIVE,28850.28,INR,N,CORE_BANKING
ACC0001192,CRM000006,SALARY,BR004,2022-05-25,ACTIVE,90820.44,INR,Y,CORE_BANKING
ACC0001193,CRM000066,CURRENT,BR006,2021-09-04,ACTIVE,6083.86,INR,N,CORE_BANKING
ACC0001194,CRM000796,SAVINGS,BR010,2017-10-15,DORMANT,18421.01,INR,Y,CORE_BANKING
ACC0001195,CRM000855,SAVINGS,BR006,2022-07-20,CLOSED,18535.5,INR,N,CORE_BANKING
ACC0001196,CRM000672,CURRENT,BR006,2022-08-13,ACTIVE,26294.63,INR,Y,CORE_BANKING
ACC0001197,CRM000693,SAVINGS,BR002,2024-09-06,ACTIVE,14552.07,INR,N,CORE_BANKING
ACC0001198,CRM003319,SALARY,BR010,2022-02-13,ACTIVE,192105.98,INR,Y,CORE_BANKING
ACC0001199,CRM003964,SAVINGS,BR006,2019-04-07,ACTIVE,28761.55,INR,Y,CORE_BANKING
ACC0001200,CRM001706,SAVINGS,BR002,2019-10-25,ACTIVE,16093.53,INR,Y,CORE_BANKING
ACC0001201,CRM001859,SAVINGS,BR006,2020-06-16,ACTIVE,93262.18,INR,N,CORE_BANKING
ACC0001202,CRM001397,SALARY,BR002,2018-04-22,ACTIVE,136975.47,INR,N,CORE_BANKING
ACC0001203,CRM003113,SALARY,BR001,2018-03-31,ACTIVE,17761.35,INR,Y,CORE_BANKING
ACC0001204,CRM000988,SAVINGS,BR005,2024-12-15,DORMANT,29147.87,INR,N,CORE_BANKING
ACC0001205,CRM003340,CURRENT,BR009,2016-11-20,ACTIVE,27002.99,INR,N,CORE_BANKING
ACC0001206,CRM001710,CURRENT,BR009,2026-01-12,ACTIVE,62642.49,INR,Y,CORE_BANKING
ACC0001207,CRM003507,CURRENT,BR002,2026-03-23,ACTIVE,5282.8,INR,Y,CORE_BANKING
ACC0001208,CRM003688,SALARY,BR002,2016-03-17,DORMANT,29220.37,INR,N,CORE_BANKING
ACC0001209,CRM001877,CURRENT,BR006,2020-04-14,ACTIVE,59313.19,INR,Y,CORE_BANKING
ACC0001210,CRM000500,SAVINGS,BR003,2019-06-22,ACTIVE,70705.63,INR,N,CORE_BANKING
ACC0001211,CRM000645,CURRENT,BR006,2025-07-30,ACTIVE,24120.65,INR,Y,CORE_BANKING
ACC0001212,CRM002403,SAVINGS,BR006,2024-10-11,ACTIVE,62851.05,INR,N,CORE_BANKING
ACC0001213,CRM000429,SAVINGS,BR003,2020-12-20,ACTIVE,59205.66,INR,Y,CORE_BANKING
ACC0001214,CRM000988,SALARY,BR004,2017-08-06,ACTIVE,26565.55,INR,Y,CORE_BANKING
ACC0001215,CRM001393,CURRENT,BR010,2022-07-21,ACTIVE,9179.99,INR,N,CORE_BANKING
ACC0001216,CRM000026,SAVINGS,BR001,2024-07-18,ACTIVE,9365.56,INR,N,CORE_BANKING
ACC0001217,CRM000297,SAVINGS,BR002,2019-02-13,ACTIVE,59759.3,INR,Y,CORE_BANKING
ACC0001218,CRM003414,CURRENT,BR006,2024-03-02,ACTIVE,8460.14,INR,Y,CORE_BANKING
ACC0001219,CRM001825,CURRENT,BR003,2023-12-23,ACTIVE,184035.39,INR,N,CORE_BANKING
ACC0001220,CRM003836,SALARY,BR008,2023-04-24,ACTIVE,29354.92,INR,N,CORE_BANKING
ACC0001221,CRM003786,SALARY,BR001,2021-09-07,ACTIVE,26461.98,INR,Y,CORE_BANKING
ACC0001222,CRM002911,CURRENT,BR005,2020-11-06,ACTIVE,6269.44,INR,N,CORE_BANKING
ACC0001223,CRM000906,SAVINGS,BR002,2021-05-17,ACTIVE,73236.76,INR,Y,CORE_BANKING
ACC0001224,CRM003608,SALARY,BR007,2025-04-05,ACTIVE,195833.05,INR,Y,CORE_BANKING
ACC0001225,CRM002731,SAVINGS,BR004,2019-01-08,CLOSED,12511.3,INR,Y,CORE_BANKING
ACC0001226,CRM003540,SALARY,BR008,2022-09-05,ACTIVE,350808.98,INR,Y,CORE_BANKING
ACC0001227,CRM001050,SALARY,BR005,2018-02-28,ACTIVE,37550.57,INR,Y,CORE_BANKING
ACC0001228,CRM001204,CURRENT,BR008,2026-02-10,ACTIVE,120773.18,INR,N,CORE_BANKING
ACC0001229,CRM001144,SALARY,BR001,2016-01-28,ACTIVE,27805.28,INR,Y,CORE_BANKING
ACC0001230,CRM000658,SALARY,BR007,2017-05-17,ACTIVE,20261.37,INR,N,CORE_BANKING
ACC0001231,CRM003552,SAVINGS,BR001,2020-09-05,ACTIVE,160702.72,INR,N,CORE_BANKING
ACC0001232,CRM003913,CURRENT,BR005,2016-12-04,ACTIVE,73211.51,INR,Y,CORE_BANKING
ACC0001233,CRM002525,SAVINGS,BR009,2016-10-02,DORMANT,22097.8,INR,Y,CORE_BANKING
ACC0001234,CRM002437,SALARY,BR001,2018-12-14,ACTIVE,18091.75,INR,Y,CORE_BANKING
ACC0001235,CRM000196,CURRENT,BR001,2021-11-15,ACTIVE,15021.88,INR,N,CORE_BANKING
ACC0001236,CRM001321,CURRENT,BR009,2025-03-30,ACTIVE,18147.55,INR,Y,CORE_BANKING
ACC0001237,CRM000123,CURRENT,BR002,2017-09-26,ACTIVE,61819.06,INR,Y,CORE_BANKING
ACC0001238,CRM000594,SAVINGS,BR003,2021-02-27,ACTIVE,33136.71,INR,Y,CORE_BANKING
ACC0001239,CRM002975,CURRENT,BR004,2024-05-02,ACTIVE,44342.74,INR,N,CORE_BANKING
ACC0001240,CRM000475,CURRENT,BR004,2021-05-17,ACTIVE,267949.27,INR,N,CORE_BANKING
ACC0001241,CRM000057,SAVINGS,BR005,2023-07-14,ACTIVE,12430.94,INR,N,CORE_BANKING
ACC0001242,CRM002950,CURRENT,BR001,2020-02-29,ACTIVE,110754.06,INR,Y,CORE_BANKING
ACC0001243,CRM001138,CURRENT,BR001,2018-04-18,ACTIVE,7910.87,INR,N,CORE_BANKING
ACC0001244,CRM000278,SALARY,BR004,2024-09-10,ACTIVE,19524.16,INR,N,CORE_BANKING
ACC0001245,CRM002964,SAVINGS,BR010,2019-05-19,ACTIVE,4026.38,INR,N,CORE_BANKING
ACC0001246,CRM002742,CURRENT,BR004,2024-06-13,ACTIVE,30422.98,INR,Y,CORE_BANKING
ACC0001247,CRM001730,CURRENT,BR005,2025-01-07,ACTIVE,10867.69,INR,N,CORE_BANKING
ACC0001248,CRM003565,SALARY,BR010,2022-04-18,ACTIVE,30021.83,INR,N,CORE_BANKING
ACC0001249,CRM003026,SALARY,BR008,2018-08-05,ACTIVE,50917.04,INR,N,CORE_BANKING
ACC0001250,CRM001585,SALARY,BR010,2022-01-24,ACTIVE,21717.15,INR,N,CORE_BANKING
ACC0001251,CRM000391,SAVINGS,BR005,2020-11-30,ACTIVE,23697.58,INR,Y,CORE_BANKING
ACC0001252,CRM003928,SAVINGS,BR003,2022-04-02,CLOSED,36998.15,INR,N,CORE_BANKING
ACC0001253,CRM000505,CURRENT,BR002,2020-11-05,ACTIVE,8946.13,INR,N,CORE_BANKING
ACC0001254,CRM002746,SAVINGS,BR002,2025-07-22,ACTIVE,19105.89,INR,Y,CORE_BANKING
ACC0001255,CRM000995,SAVINGS,BR007,2018-08-22,ACTIVE,3589.9,INR,Y,CORE_BANKING
ACC0001256,CRM001847,SAVINGS,BR005,2021-11-17,ACTIVE,19101.63,INR,Y,CORE_BANKING
ACC0001257,CRM003819,SAVINGS,BR004,2020-04-13,ACTIVE,5274.06,INR,Y,CORE_BANKING
ACC0001258,CRM002898,SALARY,BR010,2017-11-15,ACTIVE,22912.48,INR,N,CORE_BANKING
ACC0001259,CRM001492,CURRENT,BR008,2022-08-26,ACTIVE,147751.54,INR,N,CORE_BANKING
ACC0001260,CRM002945,SAVINGS,BR004,2024-02-17,ACTIVE,13270.55,INR,Y,CORE_BANKING
ACC0001261,CRM003679,CURRENT,BR003,2016-11-21,ACTIVE,5883.76,INR,N,CORE_BANKING
ACC0001262,CRM001980,CURRENT,BR005,2020-04-04,CLOSED,50382.72,INR,Y,CORE_BANKING
ACC0001263,CRM002144,SAVINGS,BR009,2019-07-04,ACTIVE,12693.07,INR,Y,CORE_BANKING
ACC0001264,CRM001470,SAVINGS,BR009,2023-09-13,ACTIVE,152931.63,INR,Y,CORE_BANKING
ACC0001265,CRM000925,SAVINGS,BR009,2020-04-12,ACTIVE,25728.35,INR,Y,CORE_BANKING
ACC0001266,CRM001452,CURRENT,BR002,2022-03-15,ACTIVE,72312.21,INR,N,CORE_BANKING
ACC0001267,CRM002651,CURRENT,BR007,2022-06-11,ACTIVE,4423.6,INR,Y,CORE_BANKING
ACC0001268,CRM003765,SALARY,BR005,2017-03-22,ACTIVE,17098.64,INR,Y,CORE_BANKING
ACC0001269,CRM003818,CURRENT,BR001,2020-04-01,ACTIVE,19863.61,INR,Y,CORE_BANKING
ACC0001270,CRM002492,SALARY,BR001,2022-09-09,ACTIVE,108762.61,INR,Y,CORE_BANKING
ACC0001271,CRM003734,CURRENT,BR005,2018-05-04,ACTIVE,106429.37,INR,Y,CORE_BANKING
ACC0001272,CRM001192,CURRENT,BR001,2016-02-05,DORMANT,19390.84,INR,Y,CORE_BANKING
ACC0001273,CRM003041,SAVINGS,BR009,2018-10-13,ACTIVE,57831.89,INR,Y,CORE_BANKING
ACC0001274,CRM002410,CURRENT,BR001,2022-10-05,ACTIVE,60944.14,INR,N,CORE_BANKING
ACC0001275,CRM003009,CURRENT,BR003,2019-09-28,ACTIVE,21590.86,INR,N,CORE_BANKING
ACC0001276,CRM002073,CURRENT,BR005,2023-10-26,ACTIVE,16391.9,INR,N,CORE_BANKING
ACC0001277,CRM001757,SAVINGS,BR002,2022-12-17,ACTIVE,10942.43,INR,N,CORE_BANKING
ACC0001278,CRM002457,SALARY,BR010,2022-01-05,ACTIVE,3407.61,INR,N,CORE_BANKING
ACC0001279,CRM000755,SAVINGS,BR005,2018-11-06,ACTIVE,6478.4,INR,N,CORE_BANKING
ACC0001280,CRM003270,SALARY,BR006,2024-09-15,DORMANT,20988.63,INR,Y,CORE_BANKING
ACC0001281,CRM002854,SAVINGS,BR008,2017-06-03,ACTIVE,16291.53,INR,N,CORE_BANKING
ACC0001282,CRM002673,SALARY,BR006,2022-05-15,ACTIVE,10236.5,INR,N,CORE_BANKING
ACC0001283,CRM000180,SAVINGS,BR009,2019-06-16,ACTIVE,15917.8,INR,Y,CORE_BANKING
ACC0001284,CRM002564,CURRENT,BR005,2023-05-07,ACTIVE,15481.47,INR,N,CORE_BANKING
ACC0001285,CRM000700,CURRENT,BR001,2019-09-20,ACTIVE,6504.59,INR,Y,CORE_BANKING
ACC0001286,CRM003763,CURRENT,BR008,2025-10-18,ACTIVE,51354.73,INR,Y,CORE_BANKING
ACC0001287,CRM002274,SALARY,BR004,2024-10-08,ACTIVE,24792.9,INR,Y,CORE_BANKING
ACC0001288,CRM000111,SAVINGS,BR004,2023-05-18,ACTIVE,40398.9,INR,N,CORE_BANKING
ACC0001289,CRM003379,SAVINGS,BR010,2022-10-01,ACTIVE,14153.58,INR,N,CORE_BANKING
ACC0001290,CRM002584,CURRENT,BR009,2017-08-30,ACTIVE,44535.13,INR,Y,CORE_BANKING
ACC0001291,CRM002899,SAVINGS,BR007,2024-08-28,ACTIVE,18514.08,INR,N,CORE_BANKING
ACC0001292,CRM000369,SALARY,BR002,2018-01-21,ACTIVE,29373.88,INR,N,CORE_BANKING
ACC0001293,CRM002050,SAVINGS,BR010,2024-04-07,ACTIVE,34869.36,INR,Y,CORE_BANKING
ACC0001294,CRM001399,CURRENT,BR010,2020-01-08,ACTIVE,19721.02,INR,N,CORE_BANKING
ACC0001295,CRM001961,SAVINGS,BR007,2024-10-04,ACTIVE,13857.14,INR,N,CORE_BANKING
ACC0001296,CRM000451,CURRENT,BR010,2020-03-10,ACTIVE,24157.53,INR,N,CORE_BANKING
ACC0001297,CRM001485,SAVINGS,BR006,2016-11-21,ACTIVE,14831.88,INR,Y,CORE_BANKING
ACC0001298,CRM000452,SAVINGS,BR001,2017-08-23,ACTIVE,44510.91,INR,N,CORE_BANKING
ACC0001299,CRM001733,SALARY,BR008,2024-12-01,CLOSED,21989.07,INR,Y,CORE_BANKING
ACC0001300,CRM003939,SAVINGS,BR008,2019-02-04,ACTIVE,3370.23,INR,Y,CORE_BANKING
ACC0001301,CRM000059,CURRENT,BR008,2020-04-20,ACTIVE,5899.42,INR,Y,CORE_BANKING
ACC0001302,CRM000120,SAVINGS,BR004,2018-02-05,DORMANT,71713.53,INR,N,CORE_BANKING
ACC0001303,CRM001851,CURRENT,BR002,2021-01-22,ACTIVE,23579.81,INR,N,CORE_BANKING
ACC0001304,CRM000998,CURRENT,BR006,2022-01-02,ACTIVE,186184.79,INR,Y,CORE_BANKING
ACC0001305,CRM003928,SALARY,BR009,2018-01-20,ACTIVE,257679.45,INR,N,CORE_BANKING
ACC0001306,CRM000140,SAVINGS,BR007,2021-07-09,CLOSED,13803.85,INR,Y,CORE_BANKING
ACC0001307,CRM003692,CURRENT,BR008,2020-12-24,ACTIVE,22364.52,INR,Y,CORE_BANKING
ACC0001308,CRM000828,CURRENT,BR008,2019-07-30,DORMANT,41488.25,INR,Y,CORE_BANKING
ACC0001309,CRM000223,CURRENT,BR002,2024-03-22,CLOSED,17979.34,INR,N,CORE_BANKING
ACC0001310,CRM002456,SAVINGS,BR004,2026-01-26,ACTIVE,14168.98,INR,Y,CORE_BANKING
ACC0001311,CRM000573,SALARY,BR004,2024-11-08,ACTIVE,41950.0,INR,Y,CORE_BANKING
ACC0001312,CRM000825,SALARY,BR001,2022-05-24,ACTIVE,9353.36,INR,N,CORE_BANKING
ACC0001313,CRM000258,SALARY,BR002,2020-12-04,ACTIVE,14518.06,INR,N,CORE_BANKING
ACC0001314,CRM001892,SAVINGS,BR007,2020-02-18,ACTIVE,58110.04,INR,N,CORE_BANKING
ACC0001315,CRM003218,SALARY,BR007,2017-03-06,ACTIVE,58144.04,INR,Y,CORE_BANKING
ACC0001316,CRM001820,SAVINGS,BR001,2018-03-20,ACTIVE,56394.2,INR,Y,CORE_BANKING
ACC0001317,CRM002311,SAVINGS,BR001,2017-02-12,ACTIVE,39901.45,INR,Y,CORE_BANKING
ACC0001318,CRM003701,CURRENT,BR009,2024-05-31,DORMANT,100948.92,INR,Y,CORE_BANKING
ACC0001319,CRM001588,CURRENT,BR007,2026-01-04,ACTIVE,9113.24,INR,N,CORE_BANKING
ACC0001320,CRM000588,SALARY,BR003,2021-07-20,ACTIVE,14508.17,INR,Y,CORE_BANKING
ACC0001321,CRM002828,SAVINGS,BR010,2020-09-23,ACTIVE,41161.05,INR,Y,CORE_BANKING
ACC0001322,CRM000949,CURRENT,BR001,2017-03-13,ACTIVE,301089.2,INR,N,CORE_BANKING
ACC0001323,CRM000136,CURRENT,BR009,2017-01-27,ACTIVE,6064.0,INR,N,CORE_BANKING
ACC0001324,CRM000271,SALARY,BR003,2017-06-08,ACTIVE,65311.35,INR,Y,CORE_BANKING
ACC0001325,CRM001832,CURRENT,BR001,2020-09-30,ACTIVE,69771.45,INR,Y,CORE_BANKING
ACC0001326,CRM002019,SALARY,BR004,2023-01-26,ACTIVE,4648.06,INR,Y,CORE_BANKING
ACC0001327,CRM001158,CURRENT,BR002,2025-07-26,ACTIVE,53609.04,INR,Y,CORE_BANKING
ACC0001328,CRM000468,SAVINGS,BR009,2022-07-06,ACTIVE,37278.56,INR,Y,CORE_BANKING
ACC0001329,CRM002007,SAVINGS,BR003,2020-04-28,ACTIVE,24507.74,INR,Y,CORE_BANKING
ACC0001330,CRM001033,CURRENT,BR006,2019-04-20,ACTIVE,66408.96,INR,Y,CORE_BANKING
ACC0001331,CRM002295,SAVINGS,BR003,2024-11-24,ACTIVE,17783.02,INR,N,CORE_BANKING
ACC0001332,CRM001022,SALARY,BR006,2025-01-24,ACTIVE,26312.32,INR,N,CORE_BANKING
ACC0001333,CRM002874,SAVINGS,BR007,2018-05-28,ACTIVE,7473.98,INR,Y,CORE_BANKING
ACC0001334,CRM002374,SALARY,BR008,2017-07-21,ACTIVE,68608.89,INR,N,CORE_BANKING
ACC0001335,CRM000348,SALARY,BR006,2025-04-05,ACTIVE,30200.89,INR,N,CORE_BANKING
ACC0001336,CRM003462,SALARY,BR008,2018-05-09,ACTIVE,5399.75,INR,Y,CORE_BANKING
ACC0001337,CRM001880,CURRENT,BR003,2023-12-01,ACTIVE,75524.53,INR,N,CORE_BANKING
ACC0001338,CRM002545,SAVINGS,BR004,2025-03-04,ACTIVE,11015.14,INR,N,CORE_BANKING
ACC0001339,CRM002594,CURRENT,BR003,2026-04-21,ACTIVE,14809.69,INR,Y,CORE_BANKING
ACC0001340,CRM003645,SAVINGS,BR009,2020-12-24,ACTIVE,14181.28,INR,Y,CORE_BANKING
ACC0001341,CRM002952,SALARY,BR005,2020-03-01,ACTIVE,137794.23,INR,Y,CORE_BANKING
ACC0001342,CRM001437,CURRENT,BR005,2024-09-06,DORMANT,10140.55,INR,Y,CORE_BANKING
ACC0001343,CRM000166,CURRENT,BR008,2020-03-29,ACTIVE,17713.33,INR,N,CORE_BANKING
ACC0001344,CRM000634,CURRENT,BR006,2023-11-23,CLOSED,17149.83,INR,N,CORE_BANKING
ACC0001345,CRM000304,SALARY,BR010,2018-05-01,ACTIVE,4326.59,INR,Y,CORE_BANKING
ACC0001346,CRM003767,CURRENT,BR010,2020-08-04,ACTIVE,70427.63,INR,Y,CORE_BANKING
ACC0001347,CRM003836,SALARY,BR003,2023-05-28,ACTIVE,22707.15,INR,Y,CORE_BANKING
ACC0001348,CRM003906,CURRENT,BR001,2016-02-06,DORMANT,100234.34,INR,Y,CORE_BANKING
ACC0001349,CRM002861,SALARY,BR007,2021-03-13,ACTIVE,139263.61,INR,N,CORE_BANKING
ACC0001350,CRM000383,SAVINGS,BR007,2022-12-22,CLOSED,5833.58,INR,N,CORE_BANKING
ACC0001351,CRM000040,SALARY,BR009,2024-07-23,ACTIVE,9769.04,INR,Y,CORE_BANKING
ACC0001352,CRM003220,CURRENT,BR010,2026-02-03,DORMANT,15490.31,INR,Y,CORE_BANKING
ACC0001353,CRM002641,SALARY,BR002,2023-09-07,ACTIVE,14357.86,INR,N,CORE_BANKING
ACC0001354,CRM000887,SALARY,BR010,2024-01-29,ACTIVE,52655.96,INR,Y,CORE_BANKING
ACC0001355,CRM001593,SALARY,BR006,2022-06-04,ACTIVE,7192.76,INR,Y,CORE_BANKING
ACC0001356,CRM002297,CURRENT,BR009,2024-11-13,ACTIVE,54366.94,INR,Y,CORE_BANKING
ACC0001357,CRM002804,SAVINGS,BR007,2017-12-17,ACTIVE,25083.83,INR,N,CORE_BANKING
ACC0001358,CRM001527,SALARY,BR008,2021-05-19,ACTIVE,33720.05,INR,Y,CORE_BANKING
ACC0001359,CRM002322,SAVINGS,BR008,2019-12-15,ACTIVE,16627.85,INR,N,CORE_BANKING
ACC0001360,CRM001767,SALARY,BR005,2023-05-31,ACTIVE,178198.75,INR,N,CORE_BANKING
ACC0001361,CRM000069,SALARY,BR003,2024-03-04,ACTIVE,38373.67,INR,Y,CORE_BANKING
ACC0001362,CRM002969,SALARY,BR008,2016-03-14,ACTIVE,71288.76,INR,Y,CORE_BANKING
ACC0001363,CRM002549,CURRENT,BR002,2024-05-24,DORMANT,47685.12,INR,N,CORE_BANKING
ACC0001364,CRM001198,SAVINGS,BR010,2025-10-19,ACTIVE,20272.15,INR,N,CORE_BANKING
ACC0001365,CRM002987,SAVINGS,BR003,2018-05-27,ACTIVE,56198.87,INR,Y,CORE_BANKING
ACC0001366,CRM002266,CURRENT,BR001,2022-12-11,ACTIVE,28014.46,INR,N,CORE_BANKING
ACC0001367,CRM001836,CURRENT,BR002,2016-11-03,ACTIVE,18421.92,INR,Y,CORE_BANKING
ACC0001368,CRM003071,SAVINGS,BR005,2020-01-16,ACTIVE,128812.0,INR,Y,CORE_BANKING
ACC0001369,CRM000395,CURRENT,BR008,2023-03-10,ACTIVE,67572.12,INR,Y,CORE_BANKING
ACC0001370,CRM001960,SAVINGS,BR004,2025-11-04,DORMANT,32430.37,INR,Y,CORE_BANKING
ACC0001371,CRM000672,SAVINGS,BR005,2020-07-04,ACTIVE,88635.31,INR,N,CORE_BANKING
ACC0001372,CRM000881,CURRENT,BR008,2022-03-10,DORMANT,6699.73,INR,N,CORE_BANKING
ACC0001373,CRM001822,CURRENT,BR005,2020-06-08,ACTIVE,55425.27,INR,Y,CORE_BANKING
ACC0001374,CRM001302,SALARY,BR001,2025-08-06,ACTIVE,25035.49,INR,N,CORE_BANKING
ACC0001375,CRM003156,SALARY,BR003,2020-11-28,ACTIVE,12222.39,INR,N,CORE_BANKING
ACC0001376,CRM000421,SAVINGS,BR010,2021-01-16,DORMANT,41415.59,INR,N,CORE_BANKING
ACC0001377,CRM000532,SAVINGS,BR003,2023-09-11,ACTIVE,9837.13,INR,N,CORE_BANKING
ACC0001378,CRM003028,SALARY,BR010,2019-03-23,ACTIVE,3135.39,INR,Y,CORE_BANKING
ACC0001379,CRM001900,SALARY,BR005,2025-07-27,ACTIVE,37260.45,INR,N,CORE_BANKING
ACC0001380,CRM001016,SALARY,BR008,2021-03-09,ACTIVE,27727.92,INR,N,CORE_BANKING
ACC0001381,CRM003508,SALARY,BR006,2024-10-09,ACTIVE,25972.5,INR,Y,CORE_BANKING
ACC0001382,CRM002997,SAVINGS,BR003,2016-12-30,ACTIVE,23603.99,INR,Y,CORE_BANKING
ACC0001383,CRM000974,CURRENT,BR010,2016-10-20,CLOSED,197312.88,INR,N,CORE_BANKING
ACC0001384,CRM001062,SALARY,BR009,2024-08-25,ACTIVE,44120.33,INR,N,CORE_BANKING
ACC0001385,CRM002738,CURRENT,BR010,2017-11-12,ACTIVE,31052.25,INR,Y,CORE_BANKING
ACC0001386,CRM002962,SAVINGS,BR009,2018-12-13,ACTIVE,69082.13,INR,Y,CORE_BANKING
ACC0001387,CRM002676,CURRENT,BR009,2023-10-18,DORMANT,29593.8,INR,N,CORE_BANKING
ACC0001388,CRM003328,CURRENT,BR008,2025-11-30,ACTIVE,34017.13,INR,N,CORE_BANKING
ACC0001389,CRM003785,CURRENT,BR008,2017-10-23,ACTIVE,83571.38,INR,Y,CORE_BANKING
ACC0001390,CRM001438,CURRENT,BR006,2019-02-21,ACTIVE,47783.74,INR,Y,CORE_BANKING
ACC0001391,CRM001491,SALARY,BR009,2022-10-27,DORMANT,4340.74,INR,N,CORE_BANKING
ACC0001392,CRM002138,SALARY,BR007,2021-05-30,ACTIVE,128224.59,INR,N,CORE_BANKING
ACC0001393,CRM000706,CURRENT,BR007,2021-02-10,ACTIVE,21516.25,INR,N,CORE_BANKING
ACC0001394,CRM000350,CURRENT,BR006,2016-04-07,ACTIVE,78432.66,INR,Y,CORE_BANKING
ACC0001395,CRM001977,CURRENT,BR007,2018-02-05,ACTIVE,54496.38,INR,N,CORE_BANKING
ACC0001396,CRM000805,SALARY,BR008,2016-05-13,ACTIVE,102379.68,INR,Y,CORE_BANKING
ACC0001397,CRM002908,SAVINGS,BR002,2022-02-23,CLOSED,21778.97,INR,Y,CORE_BANKING
ACC0001398,CRM000866,SAVINGS,BR008,2017-12-02,ACTIVE,17880.4,INR,Y,CORE_BANKING
ACC0001399,CRM001235,SALARY,BR008,2019-10-01,ACTIVE,26053.45,INR,Y,CORE_BANKING
ACC0001400,CRM002200,SAVINGS,BR005,2022-03-21,ACTIVE,14652.04,INR,N,CORE_BANKING
ACC0001401,CRM000551,SALARY,BR008,2023-05-28,DORMANT,7463.29,INR,N,CORE_BANKING
ACC0001402,CRM002104,SAVINGS,BR008,2016-02-02,ACTIVE,29235.76,INR,Y,CORE_BANKING
ACC0001403,CRM003002,SALARY,BR007,2018-06-03,ACTIVE,154105.77,INR,N,CORE_BANKING
ACC0001404,CRM003948,CURRENT,BR005,2016-02-05,ACTIVE,9099.8,INR,Y,CORE_BANKING
ACC0001405,CRM001943,SALARY,BR010,2022-08-26,ACTIVE,7243.75,INR,N,CORE_BANKING
ACC0001406,CRM003214,CURRENT,BR008,2025-09-02,ACTIVE,28874.57,INR,N,CORE_BANKING
ACC0001407,CRM001909,SAVINGS,BR010,2025-05-07,ACTIVE,32884.86,INR,Y,CORE_BANKING
ACC0001408,CRM003904,CURRENT,BR005,2023-09-01,ACTIVE,21727.82,INR,N,CORE_BANKING
ACC0001409,CRM002288,SAVINGS,BR004,2021-12-25,CLOSED,23418.99,INR,N,CORE_BANKING
ACC0001410,CRM003015,SALARY,BR010,2024-12-05,ACTIVE,20947.92,INR,N,CORE_BANKING
ACC0001411,CRM003493,SAVINGS,BR006,2022-09-22,DORMANT,133451.04,INR,Y,CORE_BANKING
ACC0001412,CRM000325,CURRENT,BR005,2017-11-21,ACTIVE,14118.97,INR,Y,CORE_BANKING
ACC0001413,CRM002836,SAVINGS,BR009,2016-07-30,ACTIVE,16258.86,INR,Y,CORE_BANKING
ACC0001414,CRM000639,CURRENT,BR007,2024-12-27,ACTIVE,47203.55,INR,Y,CORE_BANKING
ACC0001415,CRM001388,SALARY,BR007,2023-04-03,ACTIVE,42227.86,INR,N,CORE_BANKING
ACC0001416,CRM000715,SAVINGS,BR004,2024-06-01,ACTIVE,82214.4,INR,Y,CORE_BANKING
ACC0001417,CRM001615,SAVINGS,BR003,2018-03-05,ACTIVE,33050.81,INR,N,CORE_BANKING
ACC0001418,CRM003591,SALARY,BR003,2021-01-19,DORMANT,15257.26,INR,Y,CORE_BANKING
ACC0001419,CRM002819,SALARY,BR004,2018-10-31,ACTIVE,184578.85,INR,N,CORE_BANKING
ACC0001420,CRM000310,SAVINGS,BR009,2016-02-05,DORMANT,40713.88,INR,N,CORE_BANKING
ACC0001421,CRM002741,SAVINGS,BR010,2022-01-21,ACTIVE,33627.87,INR,Y,CORE_BANKING
ACC0001422,CRM001363,SAVINGS,BR001,2025-05-21,ACTIVE,31821.18,INR,N,CORE_BANKING
ACC0001423,CRM000510,SALARY,BR004,2019-04-04,ACTIVE,5192.97,INR,Y,CORE_BANKING
ACC0001424,CRM003483,SAVINGS,BR006,2024-05-18,ACTIVE,201242.42,INR,Y,CORE_BANKING
ACC0001425,CRM002230,SAVINGS,BR002,2016-08-27,DORMANT,30390.22,INR,Y,CORE_BANKING
ACC0001426,CRM003885,SAVINGS,BR002,2016-06-03,ACTIVE,75871.94,INR,Y,CORE_BANKING
ACC0001427,CRM002590,SALARY,BR009,2026-02-03,ACTIVE,25133.41,INR,N,CORE_BANKING
ACC0001428,CRM003649,SALARY,BR002,2022-10-28,ACTIVE,3979.8,INR,N,CORE_BANKING
ACC0001429,CRM001657,SALARY,BR002,2018-07-23,CLOSED,13711.85,INR,Y,CORE_BANKING
ACC0001430,CRM003940,SALARY,BR007,2025-07-22,ACTIVE,11449.71,INR,Y,CORE_BANKING
ACC0001431,CRM003628,SAVINGS,BR001,2021-09-05,ACTIVE,74806.22,INR,N,CORE_BANKING
ACC0001432,CRM003898,SALARY,BR002,2016-06-30,ACTIVE,24958.58,INR,Y,CORE_BANKING
ACC0001433,CRM002532,CURRENT,BR003,2024-02-16,ACTIVE,90438.77,INR,Y,CORE_BANKING
ACC0001434,CRM001217,SAVINGS,BR007,2021-07-13,ACTIVE,8671.59,INR,N,CORE_BANKING
ACC0001435,CRM001127,SALARY,BR004,2020-07-13,ACTIVE,24184.72,INR,N,CORE_BANKING
ACC0001436,CRM002329,SALARY,BR005,2021-09-11,ACTIVE,58035.79,INR,Y,CORE_BANKING
ACC0001437,CRM003825,SAVINGS,BR009,2020-12-18,DORMANT,161625.55,INR,Y,CORE_BANKING
ACC0001438,CRM001260,CURRENT,BR007,2025-11-27,ACTIVE,21542.4,INR,N,CORE_BANKING
ACC0001439,CRM002590,SAVINGS,BR006,2024-10-07,ACTIVE,7506.96,INR,Y,CORE_BANKING
ACC0001440,CRM002067,SAVINGS,BR002,2017-04-09,ACTIVE,3027.91,INR,Y,CORE_BANKING
ACC0001441,CRM000506,SALARY,BR010,2022-10-24,ACTIVE,33731.13,INR,N,CORE_BANKING
ACC0001442,CRM002233,CURRENT,BR002,2016-12-21,ACTIVE,25674.27,INR,Y,CORE_BANKING
ACC0001443,CRM000632,SALARY,BR002,2026-04-21,DORMANT,13275.14,INR,N,CORE_BANKING
ACC0001444,CRM003585,SAVINGS,BR004,2017-04-27,ACTIVE,29597.26,INR,Y,CORE_BANKING
ACC0001445,CRM002618,CURRENT,BR002,2016-01-10,ACTIVE,126295.19,INR,Y,CORE_BANKING
ACC0001446,CRM002934,SAVINGS,BR004,2024-04-30,ACTIVE,10764.63,INR,Y,CORE_BANKING
ACC0001447,CRM000774,SALARY,BR003,2016-07-29,ACTIVE,98735.25,INR,N,CORE_BANKING
ACC0001448,CRM002790,SAVINGS,BR006,2019-04-04,ACTIVE,47505.88,INR,N,CORE_BANKING
ACC0001449,CRM000976,SAVINGS,BR006,2022-11-28,ACTIVE,194320.23,INR,N,CORE_BANKING
ACC0001450,CRM003851,SAVINGS,BR002,2023-10-05,ACTIVE,24925.77,INR,N,CORE_BANKING
ACC0001451,CRM000313,SALARY,BR002,2019-04-28,ACTIVE,14392.24,INR,N,CORE_BANKING
ACC0001452,CRM003557,CURRENT,BR003,2021-08-14,ACTIVE,17251.44,INR,Y,CORE_BANKING
ACC0001453,CRM001653,CURRENT,BR005,2016-03-19,ACTIVE,11040.08,INR,N,CORE_BANKING
ACC0001454,CRM002662,CURRENT,BR004,2016-06-25,ACTIVE,58932.46,INR,N,CORE_BANKING
ACC0001455,CRM001625,SALARY,BR006,2017-02-21,ACTIVE,111513.64,INR,N,CORE_BANKING
ACC0001456,CRM001868,CURRENT,BR008,2018-12-25,ACTIVE,21717.44,INR,N,CORE_BANKING
ACC0001457,CRM001580,CURRENT,BR010,2022-12-02,ACTIVE,141645.92,INR,Y,CORE_BANKING
ACC0001458,CRM003162,CURRENT,BR002,2019-04-07,ACTIVE,8911.74,INR,Y,CORE_BANKING
ACC0001459,CRM002908,SALARY,BR001,2023-01-02,ACTIVE,47534.32,INR,N,CORE_BANKING
ACC0001460,CRM003623,SALARY,BR009,2021-10-11,ACTIVE,14346.36,INR,Y,CORE_BANKING
ACC0001461,CRM000955,SAVINGS,BR002,2024-04-13,ACTIVE,8295.34,INR,Y,CORE_BANKING
ACC0001462,CRM002645,SAVINGS,BR009,2021-11-10,ACTIVE,55347.53,INR,Y,CORE_BANKING
ACC0001463,CRM002991,SALARY,BR010,2019-07-25,ACTIVE,20483.58,INR,Y,CORE_BANKING
ACC0001464,CRM003952,SAVINGS,BR007,2018-12-27,ACTIVE,13118.73,INR,N,CORE_BANKING
ACC0001465,CRM001439,SALARY,BR006,2026-02-01,ACTIVE,3881.1,INR,Y,CORE_BANKING
ACC0001466,CRM003598,CURRENT,BR004,2017-02-19,ACTIVE,41566.95,INR,Y,CORE_BANKING
ACC0001467,CRM003818,SALARY,BR007,2018-11-26,ACTIVE,69994.91,INR,Y,CORE_BANKING
ACC0001468,CRM001296,SALARY,BR007,2018-02-02,ACTIVE,11789.95,INR,Y,CORE_BANKING
ACC0001469,CRM003639,CURRENT,BR002,2017-10-10,ACTIVE,8889.01,INR,N,CORE_BANKING
ACC0001470,CRM001371,CURRENT,BR002,2019-05-25,ACTIVE,38491.88,INR,Y,CORE_BANKING
ACC0001471,CRM003726,SAVINGS,BR003,2017-04-21,ACTIVE,92990.88,INR,Y,CORE_BANKING
ACC0001472,CRM000649,SALARY,BR002,2017-04-30,ACTIVE,9276.62,INR,Y,CORE_BANKING
ACC0001473,CRM003412,SALARY,BR002,2020-01-23,ACTIVE,107190.23,INR,Y,CORE_BANKING
ACC0001474,CRM002028,SAVINGS,BR010,2026-03-21,ACTIVE,60480.91,INR,N,CORE_BANKING
ACC0001475,CRM003010,CURRENT,BR007,2023-12-21,ACTIVE,61064.24,INR,N,CORE_BANKING
ACC0001476,CRM002197,CURRENT,BR009,2018-03-25,ACTIVE,39151.29,INR,N,CORE_BANKING
ACC0001477,CRM000100,SALARY,BR010,2021-04-16,ACTIVE,45954.54,INR,N,CORE_BANKING
ACC0001478,CRM000448,CURRENT,BR007,2021-03-28,ACTIVE,32322.84,INR,Y,CORE_BANKING
ACC0001479,CRM001978,SALARY,BR001,2023-01-10,ACTIVE,6853.75,INR,N,CORE_BANKING
ACC0001480,CRM000564,SAVINGS,BR008,2020-08-22,ACTIVE,19742.36,INR,N,CORE_BANKING
ACC0001481,CRM000204,SAVINGS,BR007,2021-11-24,ACTIVE,85952.08,INR,N,CORE_BANKING
ACC0001482,CRM002999,SAVINGS,BR003,2016-06-27,ACTIVE,15017.49,INR,N,CORE_BANKING
ACC0001483,CRM002764,SALARY,BR004,2024-01-28,DORMANT,75114.77,INR,N,CORE_BANKING
ACC0001484,CRM000648,CURRENT,BR005,2019-07-31,CLOSED,19034.84,INR,Y,CORE_BANKING
ACC0001485,CRM001636,SALARY,BR001,2022-08-24,ACTIVE,3895.94,INR,N,CORE_BANKING
ACC0001486,CRM003646,SAVINGS,BR004,2023-06-14,ACTIVE,30831.84,INR,N,CORE_BANKING
ACC0001487,CRM001003,SALARY,BR008,2022-01-30,ACTIVE,289090.57,INR,N,CORE_BANKING
ACC0001488,CRM000860,SALARY,BR007,2024-01-31,ACTIVE,23556.03,INR,Y,CORE_BANKING
ACC0001489,CRM003610,CURRENT,BR001,2022-01-29,ACTIVE,43485.65,INR,Y,CORE_BANKING
ACC0001490,CRM002222,SAVINGS,BR005,2017-01-31,ACTIVE,5288.58,INR,Y,CORE_BANKING
ACC0001491,CRM002440,SAVINGS,BR002,2016-11-15,ACTIVE,6868.51,INR,N,CORE_BANKING
ACC0001492,CRM000221,SALARY,BR001,2016-08-26,ACTIVE,35316.33,INR,N,CORE_BANKING
ACC0001493,CRM002066,SALARY,BR009,2018-08-18,ACTIVE,148284.36,INR,N,CORE_BANKING
ACC0001494,CRM003314,SAVINGS,BR003,2020-12-12,ACTIVE,13605.04,INR,Y,CORE_BANKING
ACC0001495,CRM001451,SALARY,BR005,2016-02-20,ACTIVE,101842.46,INR,Y,CORE_BANKING
ACC0001496,CRM001775,SAVINGS,BR005,2021-07-02,ACTIVE,38608.09,INR,N,CORE_BANKING
ACC0001497,CRM002301,SALARY,BR006,2024-12-22,DORMANT,123800.14,INR,Y,CORE_BANKING
ACC0001498,CRM002008,SALARY,BR009,2024-05-16,ACTIVE,95174.9,INR,Y,CORE_BANKING
ACC0001499,CRM003905,CURRENT,BR001,2020-11-08,ACTIVE,67496.97,INR,N,CORE_BANKING
ACC0001500,CRM001166,CURRENT,BR007,2025-07-04,ACTIVE,84979.03,INR,Y,CORE_BANKING
ACC0001501,CRM000168,CURRENT,BR009,2016-09-06,ACTIVE,11233.92,INR,N,CORE_BANKING
ACC0001502,CRM000117,SALARY,BR010,2019-02-10,ACTIVE,12090.74,INR,Y,CORE_BANKING
ACC0001503,CRM003462,CURRENT,BR005,2025-03-28,ACTIVE,221598.38,INR,Y,CORE_BANKING
ACC0001504,CRM002946,SALARY,BR004,2023-09-24,ACTIVE,25977.17,INR,Y,CORE_BANKING
ACC0001505,CRM003481,CURRENT,BR004,2018-06-07,ACTIVE,50416.66,INR,N,CORE_BANKING
ACC0001506,CRM002413,SAVINGS,BR006,2023-03-16,ACTIVE,34185.06,INR,Y,CORE_BANKING
ACC0001507,CRM002752,SAVINGS,BR003,2020-08-03,ACTIVE,122579.95,INR,N,CORE_BANKING
ACC0001508,CRM000379,CURRENT,BR009,2026-02-13,ACTIVE,36159.28,INR,Y,CORE_BANKING
ACC0001509,CRM001828,SAVINGS,BR010,2018-12-03,ACTIVE,67591.14,INR,Y,CORE_BANKING
ACC0001510,CRM003256,SALARY,BR005,2021-06-27,DORMANT,90626.72,INR,Y,CORE_BANKING
ACC0001511,CRM001198,SALARY,BR009,2022-04-21,ACTIVE,21425.29,INR,N,CORE_BANKING
ACC0001512,CRM002259,SAVINGS,BR002,2016-01-08,ACTIVE,39737.42,INR,Y,CORE_BANKING
ACC0001513,CRM002785,CURRENT,BR004,2024-07-26,ACTIVE,18611.05,INR,N,CORE_BANKING
ACC0001514,CRM001635,SAVINGS,BR005,2026-01-01,ACTIVE,47731.31,INR,N,CORE_BANKING
ACC0001515,CRM001846,CURRENT,BR010,2017-09-13,ACTIVE,17047.65,INR,N,CORE_BANKING
ACC0001516,CRM002745,CURRENT,BR010,2018-12-13,ACTIVE,115909.51,INR,Y,CORE_BANKING
ACC0001517,CRM000918,SAVINGS,BR010,2021-08-08,ACTIVE,32473.68,INR,Y,CORE_BANKING
ACC0001518,CRM003066,SAVINGS,BR002,2020-09-05,ACTIVE,27350.35,INR,Y,CORE_BANKING
ACC0001519,CRM001763,CURRENT,BR009,2022-03-06,ACTIVE,20876.08,INR,N,CORE_BANKING
ACC0001520,CRM000673,CURRENT,BR006,2022-12-27,ACTIVE,14257.44,INR,N,CORE_BANKING
ACC0001521,CRM001340,CURRENT,BR001,2021-07-08,CLOSED,11271.61,INR,Y,CORE_BANKING
ACC0001522,CRM000757,SAVINGS,BR009,2020-02-17,ACTIVE,66427.16,INR,N,CORE_BANKING
ACC0001523,CRM001374,SAVINGS,BR008,2019-01-20,ACTIVE,18967.89,INR,N,CORE_BANKING
ACC0001524,CRM001321,SALARY,BR007,2021-02-27,ACTIVE,66573.26,INR,Y,CORE_BANKING
ACC0001525,CRM002721,SALARY,BR007,2018-10-17,ACTIVE,60575.21,INR,N,CORE_BANKING
ACC0001526,CRM000540,SAVINGS,BR007,2017-09-06,ACTIVE,55079.01,INR,N,CORE_BANKING
ACC0001527,CRM003963,SAVINGS,BR003,2020-05-05,ACTIVE,14680.74,INR,Y,CORE_BANKING
ACC0001528,CRM002604,SAVINGS,BR007,2025-04-21,CLOSED,20611.94,INR,Y,CORE_BANKING
ACC0001529,CRM001580,SALARY,BR010,2022-01-21,ACTIVE,24476.72,INR,Y,CORE_BANKING
ACC0001530,CRM002251,SAVINGS,BR008,2023-02-28,ACTIVE,7904.42,INR,Y,CORE_BANKING
ACC0001531,CRM001977,SALARY,BR005,2025-10-31,ACTIVE,45524.84,INR,Y,CORE_BANKING
ACC0001532,CRM001075,CURRENT,BR001,2021-08-27,ACTIVE,43672.88,INR,Y,CORE_BANKING
ACC0001533,CRM002191,CURRENT,BR008,2022-01-29,ACTIVE,53407.23,INR,N,CORE_BANKING
ACC0001534,CRM001543,SAVINGS,BR010,2016-04-09,ACTIVE,27713.98,INR,Y,CORE_BANKING
ACC0001535,CRM000975,SALARY,BR002,2025-07-10,ACTIVE,13384.53,INR,Y,CORE_BANKING
ACC0001536,CRM000895,CURRENT,BR001,2025-06-25,DORMANT,69238.96,INR,N,CORE_BANKING
ACC0001537,CRM003293,SAVINGS,BR005,2023-01-30,ACTIVE,40980.77,INR,Y,CORE_BANKING
ACC0001538,CRM000463,SALARY,BR004,2020-01-13,DORMANT,6615.29,INR,Y,CORE_BANKING
ACC0001539,CRM003502,SAVINGS,BR009,2017-11-28,ACTIVE,21684.76,INR,N,CORE_BANKING
ACC0001540,CRM000552,SALARY,BR007,2017-11-26,ACTIVE,71734.75,INR,Y,CORE_BANKING
ACC0001541,CRM003103,SAVINGS,BR002,2026-04-15,DORMANT,61367.19,INR,Y,CORE_BANKING
ACC0001542,CRM001464,SAVINGS,BR002,2025-12-16,DORMANT,10314.9,INR,N,CORE_BANKING
ACC0001543,CRM001869,CURRENT,BR008,2025-01-11,ACTIVE,9200.67,INR,Y,CORE_BANKING
ACC0001544,CRM003028,SAVINGS,BR008,2022-09-27,ACTIVE,32083.39,INR,N,CORE_BANKING
ACC0001545,CRM002701,SAVINGS,BR008,2017-01-25,ACTIVE,11891.54,INR,N,CORE_BANKING
ACC0001546,CRM000214,SALARY,BR009,2024-08-21,ACTIVE,43556.62,INR,Y,CORE_BANKING
ACC0001547,CRM002805,SAVINGS,BR008,2016-06-18,ACTIVE,11030.59,INR,Y,CORE_BANKING
ACC0001548,CRM003167,SALARY,BR006,2016-09-03,ACTIVE,46620.17,INR,Y,CORE_BANKING
ACC0001549,CRM002138,SALARY,BR008,2025-02-24,ACTIVE,23942.32,INR,Y,CORE_BANKING
ACC0001550,CRM001255,SAVINGS,BR006,2022-10-26,ACTIVE,14492.39,INR,Y,CORE_BANKING
ACC0001551,CRM001856,SALARY,BR009,2024-08-06,DORMANT,45039.85,INR,N,CORE_BANKING
ACC0001552,CRM003314,SAVINGS,BR004,2021-04-02,ACTIVE,22535.08,INR,N,CORE_BANKING
ACC0001553,CRM001627,SAVINGS,BR009,2025-05-18,ACTIVE,75220.89,INR,N,CORE_BANKING
ACC0001554,CRM000234,SALARY,BR010,2019-03-12,CLOSED,25152.9,INR,Y,CORE_BANKING
ACC0001555,CRM002689,CURRENT,BR005,2026-04-20,ACTIVE,44401.71,INR,Y,CORE_BANKING
ACC0001556,CRM000244,SAVINGS,BR008,2024-05-13,ACTIVE,82645.93,INR,Y,CORE_BANKING
ACC0001557,CRM003267,SAVINGS,BR006,2020-03-05,ACTIVE,18308.01,INR,Y,CORE_BANKING
ACC0001558,CRM002392,CURRENT,BR008,2017-04-02,ACTIVE,8382.88,INR,N,CORE_BANKING
ACC0001559,CRM000380,SAVINGS,BR010,2025-04-06,ACTIVE,27012.75,INR,N,CORE_BANKING
ACC0001560,CRM003497,SALARY,BR006,2016-10-24,ACTIVE,35637.97,INR,N,CORE_BANKING
ACC0001561,CRM002755,SAVINGS,BR004,2016-05-08,ACTIVE,36884.63,INR,Y,CORE_BANKING
ACC0001562,CRM001404,CURRENT,BR009,2021-08-23,DORMANT,5652.23,INR,Y,CORE_BANKING
ACC0001563,CRM000525,SALARY,BR007,2023-06-21,ACTIVE,28199.35,INR,Y,CORE_BANKING
ACC0001564,CRM003551,CURRENT,BR005,2023-10-17,ACTIVE,91886.61,INR,N,CORE_BANKING
ACC0001565,CRM002683,CURRENT,BR007,2018-06-01,ACTIVE,114100.21,INR,Y,CORE_BANKING
ACC0001566,CRM003045,SAVINGS,BR008,2021-08-07,ACTIVE,28017.77,INR,N,CORE_BANKING
ACC0001567,CRM000086,SAVINGS,BR009,2026-04-16,ACTIVE,5104.01,INR,N,CORE_BANKING
ACC0001568,CRM002448,SAVINGS,BR009,2024-10-04,ACTIVE,87068.6,INR,N,CORE_BANKING
ACC0001569,CRM003680,SAVINGS,BR009,2019-02-09,ACTIVE,35021.96,INR,N,CORE_BANKING
ACC0001570,CRM002163,CURRENT,BR002,2024-03-08,DORMANT,24902.84,INR,N,CORE_BANKING
ACC0001571,CRM002931,CURRENT,BR001,2019-10-17,ACTIVE,3078.8,INR,Y,CORE_BANKING
ACC0001572,CRM003528,CURRENT,BR001,2024-11-29,CLOSED,32237.03,INR,Y,CORE_BANKING
ACC0001573,CRM002827,CURRENT,BR002,2017-12-01,ACTIVE,26944.02,INR,Y,CORE_BANKING
ACC0001574,CRM001852,CURRENT,BR007,2020-01-15,ACTIVE,2729.17,INR,Y,CORE_BANKING
ACC0001575,CRM003958,SALARY,BR001,2024-12-15,ACTIVE,51705.38,INR,N,CORE_BANKING
ACC0001576,CRM003047,SAVINGS,BR002,2017-10-01,ACTIVE,90054.69,INR,Y,CORE_BANKING
ACC0001577,CRM001269,CURRENT,BR007,2019-01-26,ACTIVE,14093.12,INR,Y,CORE_BANKING
ACC0001578,CRM000365,SAVINGS,BR005,2017-08-25,ACTIVE,156632.13,INR,Y,CORE_BANKING
ACC0001579,CRM002145,SALARY,BR001,2023-08-29,ACTIVE,14803.05,INR,Y,CORE_BANKING
ACC0001580,CRM002003,SAVINGS,BR002,2017-12-25,ACTIVE,43818.02,INR,N,CORE_BANKING
ACC0001581,CRM003059,CURRENT,BR002,2021-04-04,ACTIVE,7577.02,INR,N,CORE_BANKING
ACC0001582,CRM002489,SALARY,BR010,2025-11-04,ACTIVE,35816.15,INR,N,CORE_BANKING
ACC0001583,CRM002755,CURRENT,BR002,2025-02-23,ACTIVE,13741.78,INR,Y,CORE_BANKING
ACC0001584,CRM001847,SAVINGS,BR006,2020-10-15,ACTIVE,5017.77,INR,N,CORE_BANKING
ACC0001585,CRM002709,SAVINGS,BR006,2019-04-03,ACTIVE,84383.68,INR,Y,CORE_BANKING
ACC0001586,CRM003169,SALARY,BR009,2019-10-14,ACTIVE,49112.43,INR,Y,CORE_BANKING
ACC0001587,CRM001755,CURRENT,BR002,2025-10-27,ACTIVE,75910.37,INR,Y,CORE_BANKING
ACC0001588,CRM000357,CURRENT,BR006,2020-04-08,ACTIVE,4324.89,INR,Y,CORE_BANKING
ACC0001589,CRM000990,SAVINGS,BR010,2025-03-04,ACTIVE,149784.55,INR,N,CORE_BANKING
ACC0001590,CRM003133,SALARY,BR008,2023-06-27,ACTIVE,19411.3,INR,Y,CORE_BANKING
ACC0001591,CRM002560,SAVINGS,BR004,2023-01-31,ACTIVE,21723.47,INR,Y,CORE_BANKING
ACC0001592,CRM003879,CURRENT,BR008,2021-08-25,ACTIVE,47974.08,INR,N,CORE_BANKING
ACC0001593,CRM000876,SALARY,BR003,2018-03-01,ACTIVE,17424.32,INR,N,CORE_BANKING
ACC0001594,CRM001452,SALARY,BR002,2018-04-05,ACTIVE,16286.94,INR,N,CORE_BANKING
ACC0001595,CRM001692,CURRENT,BR009,2021-04-20,DORMANT,71797.29,INR,N,CORE_BANKING
ACC0001596,CRM002248,SAVINGS,BR005,2017-06-08,ACTIVE,13362.28,INR,N,CORE_BANKING
ACC0001597,CRM003872,SAVINGS,BR001,2021-05-13,ACTIVE,52420.84,INR,N,CORE_BANKING
ACC0001598,CRM002519,CURRENT,BR003,2020-09-16,ACTIVE,82819.39,INR,N,CORE_BANKING
ACC0001599,CRM003263,SALARY,BR004,2018-12-01,ACTIVE,32346.59,INR,Y,CORE_BANKING
ACC0001600,CRM000506,CURRENT,BR002,2025-09-29,ACTIVE,23663.07,INR,Y,CORE_BANKING
ACC0001601,CRM001799,SAVINGS,BR009,2016-12-03,ACTIVE,14164.86,INR,N,CORE_BANKING
ACC0001602,CRM003331,SALARY,BR006,2025-11-24,ACTIVE,39200.0,INR,Y,CORE_BANKING
ACC0001603,CRM001673,CURRENT,BR002,2023-01-24,ACTIVE,12833.82,INR,N,CORE_BANKING
ACC0001604,CRM003080,SAVINGS,BR003,2018-03-29,ACTIVE,15241.29,INR,Y,CORE_BANKING
ACC0001605,CRM001574,SAVINGS,BR010,2024-11-16,ACTIVE,31375.9,INR,N,CORE_BANKING
ACC0001606,CRM003827,CURRENT,BR003,2022-01-22,ACTIVE,16468.43,INR,Y,CORE_BANKING
ACC0001607,CRM000328,CURRENT,BR006,2016-10-06,ACTIVE,86060.73,INR,N,CORE_BANKING
ACC0001608,CRM002580,SAVINGS,BR006,2016-01-23,ACTIVE,9240.46,INR,N,CORE_BANKING
ACC0001609,CRM001873,SAVINGS,BR006,2016-01-17,ACTIVE,19145.24,INR,Y,CORE_BANKING
ACC0001610,CRM003256,SAVINGS,BR009,2023-05-04,DORMANT,6337.44,INR,N,CORE_BANKING
ACC0001611,CRM001438,CURRENT,BR003,2022-02-08,ACTIVE,27040.16,INR,Y,CORE_BANKING
ACC0001612,CRM000634,SALARY,BR004,2024-04-06,ACTIVE,8156.77,INR,N,CORE_BANKING
ACC0001613,CRM003095,SALARY,BR003,2024-08-03,ACTIVE,43671.96,INR,N,CORE_BANKING
ACC0001614,CRM001497,SALARY,BR002,2016-02-19,ACTIVE,15876.05,INR,N,CORE_BANKING
ACC0001615,CRM000660,SAVINGS,BR002,2026-04-27,ACTIVE,9489.24,INR,N,CORE_BANKING
ACC0001616,CRM003933,SAVINGS,BR010,2016-05-13,ACTIVE,17482.9,INR,Y,CORE_BANKING
ACC0001617,CRM001850,CURRENT,BR010,2019-09-09,ACTIVE,29693.01,INR,Y,CORE_BANKING
ACC0001618,CRM000325,SALARY,BR004,2024-07-24,ACTIVE,19983.06,INR,N,CORE_BANKING
ACC0001619,CRM002131,CURRENT,BR008,2023-05-31,ACTIVE,77513.88,INR,N,CORE_BANKING
ACC0001620,CRM001385,CURRENT,BR009,2023-06-02,ACTIVE,47116.3,INR,Y,CORE_BANKING
ACC0001621,CRM000781,SALARY,BR006,2016-10-31,ACTIVE,65619.93,INR,N,CORE_BANKING
ACC0001622,CRM001719,SAVINGS,BR001,2019-03-16,CLOSED,7657.89,INR,N,CORE_BANKING
ACC0001623,CRM001538,CURRENT,BR002,2020-04-03,DORMANT,17732.67,INR,N,CORE_BANKING
ACC0001624,CRM003307,CURRENT,BR009,2021-02-28,ACTIVE,30249.55,INR,N,CORE_BANKING
ACC0001625,CRM001294,SALARY,BR004,2017-07-09,ACTIVE,31758.0,INR,N,CORE_BANKING
ACC0001626,CRM000362,SALARY,BR003,2024-01-12,ACTIVE,16095.63,INR,Y,CORE_BANKING
ACC0001627,CRM000824,CURRENT,BR001,2024-05-03,ACTIVE,9408.33,INR,Y,CORE_BANKING
ACC0001628,CRM000741,SAVINGS,BR005,2020-08-02,ACTIVE,26514.58,INR,N,CORE_BANKING
ACC0001629,CRM003149,SAVINGS,BR005,2019-10-17,ACTIVE,12703.78,INR,N,CORE_BANKING
ACC0001630,CRM001459,SALARY,BR010,2020-06-15,ACTIVE,71715.88,INR,Y,CORE_BANKING
ACC0001631,CRM002506,CURRENT,BR008,2021-05-15,ACTIVE,30447.6,INR,Y,CORE_BANKING
ACC0001632,CRM001563,CURRENT,BR002,2020-09-06,ACTIVE,23279.28,INR,N,CORE_BANKING
ACC0001633,CRM000055,SALARY,BR003,2026-03-02,ACTIVE,68936.76,INR,N,CORE_BANKING
ACC0001634,CRM001720,CURRENT,BR004,2024-12-22,ACTIVE,14043.1,INR,Y,CORE_BANKING
ACC0001635,CRM000045,SAVINGS,BR006,2016-02-02,CLOSED,256027.48,INR,N,CORE_BANKING
ACC0001636,CRM000909,SALARY,BR008,2023-11-26,DORMANT,14138.02,INR,N,CORE_BANKING
ACC0001637,CRM000982,SAVINGS,BR002,2017-10-27,ACTIVE,85844.93,INR,Y,CORE_BANKING
ACC0001638,CRM000180,CURRENT,BR003,2025-06-07,ACTIVE,12260.29,INR,N,CORE_BANKING
ACC0001639,CRM001610,SAVINGS,BR008,2019-07-25,CLOSED,70139.93,INR,N,CORE_BANKING
ACC0001640,CRM000363,SALARY,BR005,2020-08-05,ACTIVE,16594.46,INR,N,CORE_BANKING
ACC0001641,CRM002824,SAVINGS,BR006,2016-12-08,ACTIVE,22402.91,INR,Y,CORE_BANKING
ACC0001642,CRM002874,SALARY,BR001,2017-08-19,ACTIVE,39640.89,INR,N,CORE_BANKING
ACC0001643,CRM001116,SALARY,BR002,2020-09-25,DORMANT,114177.86,INR,N,CORE_BANKING
ACC0001644,CRM003366,SAVINGS,BR003,2021-03-05,ACTIVE,14587.99,INR,N,CORE_BANKING
ACC0001645,CRM000419,SALARY,BR004,2017-05-29,ACTIVE,15746.79,INR,Y,CORE_BANKING
ACC0001646,CRM000678,CURRENT,BR007,2020-08-12,ACTIVE,50968.74,INR,Y,CORE_BANKING
ACC0001647,CRM003948,SALARY,BR009,2023-12-16,ACTIVE,30755.21,INR,Y,CORE_BANKING
ACC0001648,CRM003321,SAVINGS,BR004,2017-05-15,ACTIVE,27948.9,INR,N,CORE_BANKING
ACC0001649,CRM002163,SAVINGS,BR008,2021-05-01,ACTIVE,14165.29,INR,N,CORE_BANKING
ACC0001650,CRM002720,CURRENT,BR008,2024-01-15,CLOSED,54823.24,INR,Y,CORE_BANKING
ACC0001651,CRM000811,SAVINGS,BR002,2020-06-15,ACTIVE,21619.93,INR,Y,CORE_BANKING
ACC0001652,CRM002917,SALARY,BR003,2022-12-23,ACTIVE,129358.41,INR,Y,CORE_BANKING
ACC0001653,CRM003879,SAVINGS,BR003,2025-07-05,ACTIVE,46068.33,INR,N,CORE_BANKING
ACC0001654,CRM001059,SAVINGS,BR001,2025-09-06,ACTIVE,7305.3,INR,Y,CORE_BANKING
ACC0001655,CRM000624,SAVINGS,BR010,2021-03-05,ACTIVE,31462.18,INR,N,CORE_BANKING
ACC0001656,CRM003810,SAVINGS,BR008,2024-08-02,ACTIVE,45918.87,INR,Y,CORE_BANKING
ACC0001657,CRM002124,SALARY,BR006,2022-10-12,ACTIVE,26534.75,INR,N,CORE_BANKING
ACC0001658,CRM001993,SAVINGS,BR006,2025-04-04,CLOSED,4937.1,INR,Y,CORE_BANKING
ACC0001659,CRM003544,SALARY,BR005,2023-03-07,ACTIVE,156718.33,INR,Y,CORE_BANKING
ACC0001660,CRM000219,CURRENT,BR008,2024-05-13,ACTIVE,45498.26,INR,Y,CORE_BANKING
ACC0001661,CRM001868,SAVINGS,BR010,2019-01-07,ACTIVE,239796.12,INR,N,CORE_BANKING
ACC0001662,CRM002252,SAVINGS,BR006,2026-05-28,CLOSED,2825.33,INR,Y,CORE_BANKING
ACC0001663,CRM000798,SAVINGS,BR006,2021-01-12,ACTIVE,31357.7,INR,Y,CORE_BANKING
ACC0001664,CRM003118,SAVINGS,BR007,2020-12-25,ACTIVE,19240.98,INR,Y,CORE_BANKING
ACC0001665,CRM003561,CURRENT,BR006,2025-11-24,ACTIVE,24954.65,INR,N,CORE_BANKING
ACC0001666,CRM000472,SALARY,BR002,2025-02-07,ACTIVE,285852.86,INR,N,CORE_BANKING
ACC0001667,CRM003953,SALARY,BR008,2019-07-21,DORMANT,26883.28,INR,N,CORE_BANKING
ACC0001668,CRM000386,SAVINGS,BR002,2016-10-31,ACTIVE,10175.98,INR,N,CORE_BANKING
ACC0001669,CRM003637,SAVINGS,BR009,2016-10-08,ACTIVE,14790.69,INR,N,CORE_BANKING
ACC0001670,CRM003918,CURRENT,BR006,2022-09-29,ACTIVE,15291.16,INR,Y,CORE_BANKING
ACC0001671,CRM000745,SALARY,BR002,2024-11-04,ACTIVE,8957.12,INR,Y,CORE_BANKING
ACC0001672,CRM002741,CURRENT,BR004,2025-03-20,DORMANT,21954.86,INR,N,CORE_BANKING
ACC0001673,CRM001520,SAVINGS,BR010,2017-02-09,CLOSED,19241.8,INR,N,CORE_BANKING
ACC0001674,CRM002629,CURRENT,BR010,2023-04-15,ACTIVE,25844.71,INR,N,CORE_BANKING
ACC0001675,CRM001947,SALARY,BR007,2018-05-22,ACTIVE,43231.69,INR,N,CORE_BANKING
ACC0001676,CRM001387,CURRENT,BR002,2024-11-05,ACTIVE,60122.2,INR,N,CORE_BANKING
ACC0001677,CRM002409,SAVINGS,BR005,2021-10-26,DORMANT,18312.26,INR,Y,CORE_BANKING
ACC0001678,CRM003956,CURRENT,BR008,2025-05-29,ACTIVE,9019.33,INR,N,CORE_BANKING
ACC0001679,CRM003946,SALARY,BR003,2020-09-02,ACTIVE,39763.57,INR,N,CORE_BANKING
ACC0001680,CRM000174,CURRENT,BR005,2022-10-30,ACTIVE,12221.2,INR,Y,CORE_BANKING
ACC0001681,CRM001212,SALARY,BR010,2017-04-05,ACTIVE,26065.16,INR,N,CORE_BANKING
ACC0001682,CRM002160,CURRENT,BR007,2021-01-03,ACTIVE,32365.99,INR,N,CORE_BANKING
ACC0001683,CRM000063,SALARY,BR010,2020-11-21,CLOSED,19695.39,INR,Y,CORE_BANKING
ACC0001684,CRM000165,CURRENT,BR008,2026-05-09,ACTIVE,18404.16,INR,Y,CORE_BANKING
ACC0001685,CRM000153,SALARY,BR005,2025-07-03,ACTIVE,109870.0,INR,Y,CORE_BANKING
ACC0001686,CRM000658,SAVINGS,BR004,2018-10-12,ACTIVE,109752.41,INR,N,CORE_BANKING
ACC0001687,CRM003169,SAVINGS,BR002,2021-05-31,ACTIVE,6305.49,INR,N,CORE_BANKING
ACC0001688,CRM001334,SALARY,BR009,2018-04-28,DORMANT,19113.04,INR,Y,CORE_BANKING
ACC0001689,CRM000459,SAVINGS,BR001,2021-03-24,ACTIVE,9063.15,INR,N,CORE_BANKING
ACC0001690,CRM000439,CURRENT,BR005,2024-07-11,ACTIVE,38141.76,INR,Y,CORE_BANKING
ACC0001691,CRM000406,SAVINGS,BR003,2020-03-13,ACTIVE,37096.04,INR,Y,CORE_BANKING
ACC0001692,CRM001063,SAVINGS,BR007,2025-09-27,ACTIVE,4108.61,INR,Y,CORE_BANKING
ACC0001693,CRM002510,SALARY,BR002,2021-01-31,ACTIVE,26907.1,INR,N,CORE_BANKING
ACC0001694,CRM000534,SAVINGS,BR009,2026-02-16,ACTIVE,9569.72,INR,N,CORE_BANKING
ACC0001695,CRM002359,SAVINGS,BR010,2022-01-22,ACTIVE,24088.08,INR,N,CORE_BANKING
ACC0001696,CRM002249,CURRENT,BR010,2017-06-30,ACTIVE,120683.94,INR,N,CORE_BANKING
ACC0001697,CRM003547,SALARY,BR002,2022-10-26,ACTIVE,18338.6,INR,N,CORE_BANKING
ACC0001698,CRM003500,SALARY,BR003,2022-09-15,DORMANT,21639.37,INR,Y,CORE_BANKING
ACC0001699,CRM002320,SALARY,BR002,2025-03-11,ACTIVE,19974.46,INR,Y,CORE_BANKING
ACC0001700,CRM003316,CURRENT,BR007,2018-05-26,ACTIVE,88831.49,INR,N,CORE_BANKING
ACC0001701,CRM000929,CURRENT,BR006,2022-09-13,ACTIVE,18915.65,INR,Y,CORE_BANKING
ACC0001702,CRM002588,CURRENT,BR004,2021-09-14,ACTIVE,35849.22,INR,N,CORE_BANKING
ACC0001703,CRM000770,SALARY,BR002,2020-12-31,ACTIVE,5802.17,INR,Y,CORE_BANKING
ACC0001704,CRM001170,SAVINGS,BR010,2021-10-10,ACTIVE,41881.93,INR,Y,CORE_BANKING
ACC0001705,CRM003432,SAVINGS,BR003,2019-05-27,ACTIVE,32848.78,INR,Y,CORE_BANKING
ACC0001706,CRM001671,SAVINGS,BR007,2024-06-14,ACTIVE,49733.51,INR,Y,CORE_BANKING
ACC0001707,CRM002201,SAVINGS,BR003,2021-09-11,ACTIVE,36764.22,INR,Y,CORE_BANKING
ACC0001708,CRM002028,SALARY,BR003,2016-02-20,ACTIVE,63394.06,INR,Y,CORE_BANKING
ACC0001709,CRM002163,SALARY,BR004,2025-07-23,ACTIVE,31225.92,INR,N,CORE_BANKING
ACC0001710,CRM000997,CURRENT,BR005,2021-12-17,ACTIVE,28834.83,INR,N,CORE_BANKING
ACC0001711,CRM002621,SALARY,BR004,2025-08-26,ACTIVE,129196.29,INR,Y,CORE_BANKING
ACC0001712,CRM002820,SALARY,BR003,2020-05-16,ACTIVE,29713.54,INR,N,CORE_BANKING
ACC0001713,CRM003098,SAVINGS,BR004,2025-04-13,DORMANT,67440.84,INR,N,CORE_BANKING
ACC0001714,CRM000111,SALARY,BR009,2017-02-23,ACTIVE,55688.32,INR,N,CORE_BANKING
ACC0001715,CRM002200,SALARY,BR005,2019-01-28,ACTIVE,120925.08,INR,Y,CORE_BANKING
ACC0001716,CRM000356,CURRENT,BR003,2017-08-27,DORMANT,14799.2,INR,Y,CORE_BANKING
ACC0001717,CRM000450,SALARY,BR010,2018-04-07,ACTIVE,16351.95,INR,N,CORE_BANKING
ACC0001718,CRM002745,SAVINGS,BR001,2018-03-10,ACTIVE,9443.03,INR,Y,CORE_BANKING
ACC0001719,CRM000674,CURRENT,BR003,2020-04-01,ACTIVE,7078.0,INR,Y,CORE_BANKING
ACC0001720,CRM002052,CURRENT,BR008,2017-11-09,ACTIVE,172828.94,INR,N,CORE_BANKING
ACC0001721,CRM003191,SALARY,BR005,2018-11-23,ACTIVE,7570.35,INR,Y,CORE_BANKING
ACC0001722,CRM003754,SAVINGS,BR005,2025-11-14,ACTIVE,4431.45,INR,Y,CORE_BANKING
ACC0001723,CRM001021,CURRENT,BR008,2024-09-29,ACTIVE,103674.57,INR,N,CORE_BANKING
ACC0001724,CRM001816,CURRENT,BR007,2018-09-24,ACTIVE,26358.61,INR,Y,CORE_BANKING
ACC0001725,CRM000071,SAVINGS,BR008,2019-04-16,DORMANT,47250.73,INR,N,CORE_BANKING
ACC0001726,CRM003575,SAVINGS,BR001,2023-09-15,ACTIVE,28331.57,INR,Y,CORE_BANKING
ACC0001727,CRM003438,CURRENT,BR008,2022-08-17,ACTIVE,171550.19,INR,Y,CORE_BANKING
ACC0001728,CRM002897,CURRENT,BR009,2024-07-09,ACTIVE,5398.34,INR,Y,CORE_BANKING
ACC0001729,CRM003592,SALARY,BR003,2023-08-15,ACTIVE,54705.94,INR,Y,CORE_BANKING
ACC0001730,CRM001374,SAVINGS,BR008,2016-11-28,ACTIVE,18897.06,INR,N,CORE_BANKING
ACC0001731,CRM000708,CURRENT,BR003,2017-07-09,ACTIVE,17388.84,INR,Y,CORE_BANKING
ACC0001732,CRM003354,CURRENT,BR010,2017-11-25,ACTIVE,14402.3,INR,Y,CORE_BANKING
ACC0001733,CRM000440,CURRENT,BR001,2016-07-28,ACTIVE,16942.22,INR,Y,CORE_BANKING
ACC0001734,CRM002457,SAVINGS,BR001,2024-04-20,ACTIVE,27278.23,INR,N,CORE_BANKING
ACC0001735,CRM001961,SALARY,BR007,2018-08-16,ACTIVE,45817.66,INR,Y,CORE_BANKING
ACC0001736,CRM000370,SAVINGS,BR009,2024-08-09,ACTIVE,31222.39,INR,N,CORE_BANKING
ACC0001737,CRM000268,SALARY,BR001,2022-07-31,ACTIVE,56979.9,INR,Y,CORE_BANKING
ACC0001738,CRM000604,SAVINGS,BR001,2023-11-16,ACTIVE,87858.46,INR,N,CORE_BANKING
ACC0001739,CRM000682,SALARY,BR008,2022-01-01,ACTIVE,10271.7,INR,N,CORE_BANKING
ACC0001740,CRM003426,SAVINGS,BR006,2025-10-19,ACTIVE,19691.32,INR,Y,CORE_BANKING
ACC0001741,CRM001147,SALARY,BR008,2023-10-26,ACTIVE,34147.53,INR,N,CORE_BANKING
ACC0001742,CRM002834,SAVINGS,BR003,2024-12-30,ACTIVE,22239.48,INR,N,CORE_BANKING
ACC0001743,CRM000749,CURRENT,BR001,2018-10-16,ACTIVE,5346.7,INR,N,CORE_BANKING
ACC0001744,CRM002634,SAVINGS,BR008,2025-08-07,ACTIVE,5445.38,INR,N,CORE_BANKING
ACC0001745,CRM002772,SALARY,BR007,2020-12-13,DORMANT,28108.22,INR,N,CORE_BANKING
ACC0001746,CRM001873,CURRENT,BR010,2020-02-14,ACTIVE,6952.18,INR,Y,CORE_BANKING
ACC0001747,CRM003289,CURRENT,BR009,2023-06-21,ACTIVE,9207.9,INR,Y,CORE_BANKING
ACC0001748,CRM001792,SAVINGS,BR006,2023-02-02,ACTIVE,66401.52,INR,Y,CORE_BANKING
ACC0001749,CRM003449,SALARY,BR004,2020-12-28,ACTIVE,29185.1,INR,Y,CORE_BANKING
ACC0001750,CRM000769,SAVINGS,BR007,2026-01-12,ACTIVE,21867.71,INR,N,CORE_BANKING
ACC0001751,CRM001180,SALARY,BR010,2016-06-11,ACTIVE,47219.62,INR,Y,CORE_BANKING
ACC0001752,CRM001953,CURRENT,BR004,2025-07-22,DORMANT,11463.82,INR,Y,CORE_BANKING
ACC0001753,CRM003213,SALARY,BR007,2021-08-17,ACTIVE,4141.8,INR,N,CORE_BANKING
ACC0001754,CRM002032,SALARY,BR005,2025-04-24,ACTIVE,4311.21,INR,N,CORE_BANKING
ACC0001755,CRM000561,SALARY,BR005,2024-04-03,CLOSED,224325.45,INR,N,CORE_BANKING
ACC0001756,CRM003167,SALARY,BR003,2026-03-28,ACTIVE,84599.9,INR,Y,CORE_BANKING
ACC0001757,CRM000974,CURRENT,BR007,2025-12-27,ACTIVE,142378.32,INR,N,CORE_BANKING
ACC0001758,CRM002149,SALARY,BR004,2017-03-12,ACTIVE,93916.44,INR,N,CORE_BANKING
ACC0001759,CRM003200,SAVINGS,BR003,2019-12-02,ACTIVE,54911.64,INR,N,CORE_BANKING
ACC0001760,CRM003590,CURRENT,BR007,2019-11-27,ACTIVE,204779.66,INR,N,CORE_BANKING
ACC0001761,CRM003514,CURRENT,BR001,2022-07-15,ACTIVE,106522.02,INR,Y,CORE_BANKING
ACC0001762,CRM001942,SAVINGS,BR002,2024-09-10,ACTIVE,107232.46,INR,Y,CORE_BANKING
ACC0001763,CRM003671,SALARY,BR008,2016-02-22,ACTIVE,31780.33,INR,Y,CORE_BANKING
ACC0001764,CRM003864,SAVINGS,BR001,2021-01-03,ACTIVE,149588.64,INR,Y,CORE_BANKING
ACC0001765,CRM000710,CURRENT,BR005,2024-09-15,DORMANT,11529.65,INR,N,CORE_BANKING
ACC0001766,CRM001390,CURRENT,BR002,2021-02-18,DORMANT,13281.4,INR,Y,CORE_BANKING
ACC0001767,CRM003904,SALARY,BR005,2019-08-02,ACTIVE,13865.13,INR,N,CORE_BANKING
ACC0001768,CRM002711,CURRENT,BR010,2023-02-16,ACTIVE,3892.85,INR,N,CORE_BANKING
ACC0001769,CRM002388,SALARY,BR005,2025-08-16,ACTIVE,19931.28,INR,Y,CORE_BANKING
ACC0001770,CRM001263,CURRENT,BR001,2022-08-07,ACTIVE,108695.97,INR,Y,CORE_BANKING
ACC0001771,CRM001659,SAVINGS,BR005,2021-11-27,DORMANT,133653.94,INR,Y,CORE_BANKING
ACC0001772,CRM003963,SAVINGS,BR004,2018-10-23,ACTIVE,7427.53,INR,N,CORE_BANKING
ACC0001773,CRM001295,CURRENT,BR005,2022-04-12,ACTIVE,54891.42,INR,N,CORE_BANKING
ACC0001774,CRM003320,SALARY,BR002,2021-09-15,ACTIVE,4978.88,INR,N,CORE_BANKING
ACC0001775,CRM001051,SALARY,BR008,2019-02-03,ACTIVE,37347.04,INR,N,CORE_BANKING
ACC0001776,CRM003599,SALARY,BR003,2020-11-18,ACTIVE,10464.6,INR,Y,CORE_BANKING
ACC0001777,CRM002516,SALARY,BR004,2018-01-04,ACTIVE,124124.89,INR,N,CORE_BANKING
ACC0001778,CRM001842,SAVINGS,BR006,2021-05-07,ACTIVE,25590.13,INR,Y,CORE_BANKING
ACC0001779,CRM000520,CURRENT,BR003,2019-06-03,ACTIVE,20712.93,INR,Y,CORE_BANKING
ACC0001780,CRM001117,CURRENT,BR009,2021-12-15,ACTIVE,232890.8,INR,Y,CORE_BANKING
ACC0001781,CRM002933,SALARY,BR009,2024-10-19,ACTIVE,6016.96,INR,N,CORE_BANKING
ACC0001782,CRM003328,SALARY,BR001,2025-04-02,ACTIVE,41920.27,INR,N,CORE_BANKING
ACC0001783,CRM001498,CURRENT,BR007,2021-06-20,ACTIVE,190659.61,INR,N,CORE_BANKING
ACC0001784,CRM003145,SALARY,BR001,2022-05-19,ACTIVE,43902.93,INR,Y,CORE_BANKING
ACC0001785,CRM002630,SAVINGS,BR003,2020-11-07,ACTIVE,1877.12,INR,Y,CORE_BANKING
ACC0001786,CRM002416,SALARY,BR009,2018-05-15,ACTIVE,68052.11,INR,N,CORE_BANKING
ACC0001787,CRM003537,SAVINGS,BR010,2026-03-30,ACTIVE,39196.52,INR,Y,CORE_BANKING
ACC0001788,CRM003452,CURRENT,BR002,2019-03-08,ACTIVE,55844.53,INR,Y,CORE_BANKING
ACC0001789,CRM003600,SAVINGS,BR001,2022-09-25,ACTIVE,10768.52,INR,N,CORE_BANKING
ACC0001790,CRM000370,CURRENT,BR003,2018-11-04,ACTIVE,28523.15,INR,Y,CORE_BANKING
ACC0001791,CRM002102,CURRENT,BR001,2017-03-07,ACTIVE,26053.94,INR,Y,CORE_BANKING
ACC0001792,CRM000895,SAVINGS,BR008,2021-09-03,ACTIVE,77192.21,INR,N,CORE_BANKING
ACC0001793,CRM003461,SAVINGS,BR009,2017-02-15,ACTIVE,48183.42,INR,Y,CORE_BANKING
ACC0001794,CRM000496,CURRENT,BR003,2016-01-09,ACTIVE,17274.34,INR,Y,CORE_BANKING
ACC0001795,CRM001427,CURRENT,BR004,2016-07-25,CLOSED,55350.92,INR,Y,CORE_BANKING
ACC0001796,CRM000254,CURRENT,BR005,2018-09-25,ACTIVE,74372.57,INR,Y,CORE_BANKING
ACC0001797,CRM003859,SALARY,BR010,2016-06-23,CLOSED,11265.52,INR,N,CORE_BANKING
ACC0001798,CRM000660,SALARY,BR002,2017-02-02,ACTIVE,23999.93,INR,Y,CORE_BANKING
ACC0001799,CRM001474,SALARY,BR008,2025-07-07,ACTIVE,10442.28,INR,Y,CORE_BANKING
ACC0001800,CRM000362,CURRENT,BR003,2025-10-19,ACTIVE,63230.03,INR,N,CORE_BANKING
ACC0001801,CRM002089,SAVINGS,BR006,2021-12-30,ACTIVE,3048.72,INR,Y,CORE_BANKING
ACC0001802,CRM001983,SAVINGS,BR006,2019-03-20,ACTIVE,75962.82,INR,N,CORE_BANKING
ACC0001803,CRM003378,CURRENT,BR007,2026-04-15,ACTIVE,3990.24,INR,Y,CORE_BANKING
ACC0001804,CRM001430,SAVINGS,BR001,2017-02-24,ACTIVE,94333.23,INR,Y,CORE_BANKING
ACC0001805,CRM000972,SAVINGS,BR009,2020-09-15,ACTIVE,114749.1,INR,Y,CORE_BANKING
ACC0001806,CRM000386,SAVINGS,BR007,2018-04-14,ACTIVE,357626.25,INR,N,CORE_BANKING
ACC0001807,CRM000653,SAVINGS,BR004,2024-06-17,ACTIVE,45788.81,INR,N,CORE_BANKING
ACC0001808,CRM000614,SAVINGS,BR007,2017-09-23,ACTIVE,40396.06,INR,N,CORE_BANKING
ACC0001809,CRM003205,SALARY,BR004,2020-11-09,ACTIVE,12024.96,INR,N,CORE_BANKING
ACC0001810,CRM003907,SAVINGS,BR010,2018-04-28,ACTIVE,143571.73,INR,N,CORE_BANKING
ACC0001811,CRM000793,CURRENT,BR001,2023-02-20,DORMANT,2914.2,INR,Y,CORE_BANKING
ACC0001812,CRM003592,SAVINGS,BR001,2021-09-13,ACTIVE,22699.39,INR,Y,CORE_BANKING
ACC0001813,CRM000931,CURRENT,BR005,2019-07-14,ACTIVE,13481.27,INR,N,CORE_BANKING
ACC0001814,CRM002614,CURRENT,BR010,2022-09-25,DORMANT,19848.99,INR,N,CORE_BANKING
ACC0001815,CRM002667,SAVINGS,BR008,2026-01-01,ACTIVE,26422.78,INR,Y,CORE_BANKING
ACC0001816,CRM002747,SAVINGS,BR008,2025-01-09,ACTIVE,115800.51,INR,Y,CORE_BANKING
ACC0001817,CRM003292,SALARY,BR009,2025-08-01,CLOSED,6595.06,INR,N,CORE_BANKING
ACC0001818,CRM000442,CURRENT,BR007,2017-08-13,ACTIVE,244893.44,INR,N,CORE_BANKING
ACC0001819,CRM003132,CURRENT,BR008,2025-04-20,ACTIVE,10077.88,INR,Y,CORE_BANKING
ACC0001820,CRM003828,SAVINGS,BR005,2017-09-29,DORMANT,119115.55,INR,N,CORE_BANKING
ACC0001821,CRM001609,CURRENT,BR005,2023-12-01,ACTIVE,5056.72,INR,N,CORE_BANKING
ACC0001822,CRM002005,SAVINGS,BR002,2023-06-07,ACTIVE,9016.66,INR,N,CORE_BANKING
ACC0001823,CRM001949,CURRENT,BR004,2016-03-18,ACTIVE,87965.92,INR,N,CORE_BANKING
ACC0001824,CRM000717,SALARY,BR003,2019-01-03,ACTIVE,29315.62,INR,Y,CORE_BANKING
ACC0001825,CRM000359,CURRENT,BR006,2023-08-21,CLOSED,23562.69,INR,Y,CORE_BANKING
ACC0001826,CRM001738,SALARY,BR007,2018-02-28,ACTIVE,9121.09,INR,N,CORE_BANKING
ACC0001827,CRM002189,CURRENT,BR004,2020-06-07,DORMANT,9154.1,INR,N,CORE_BANKING
ACC0001828,CRM002370,CURRENT,BR002,2016-01-21,ACTIVE,16392.56,INR,N,CORE_BANKING
ACC0001829,CRM002248,SAVINGS,BR007,2022-11-12,ACTIVE,11826.28,INR,N,CORE_BANKING
ACC0001830,CRM001424,SALARY,BR005,2017-09-24,ACTIVE,60779.1,INR,Y,CORE_BANKING
ACC0001831,CRM001275,SAVINGS,BR002,2018-07-26,ACTIVE,73887.44,INR,N,CORE_BANKING
ACC0001832,CRM002081,CURRENT,BR010,2021-02-03,ACTIVE,121928.64,INR,Y,CORE_BANKING
ACC0001833,CRM002349,CURRENT,BR001,2017-06-22,ACTIVE,64786.58,INR,Y,CORE_BANKING
ACC0001834,CRM000428,SALARY,BR006,2018-03-13,ACTIVE,32207.08,INR,Y,CORE_BANKING
ACC0001835,CRM001044,SALARY,BR003,2017-08-10,ACTIVE,22451.58,INR,N,CORE_BANKING
ACC0001836,CRM000903,CURRENT,BR007,2018-06-22,ACTIVE,69185.52,INR,N,CORE_BANKING
ACC0001837,CRM001611,CURRENT,BR008,2017-09-03,ACTIVE,21452.51,INR,Y,CORE_BANKING
ACC0001838,CRM000811,CURRENT,BR002,2021-09-10,ACTIVE,19311.51,INR,N,CORE_BANKING
ACC0001839,CRM002082,CURRENT,BR010,2017-11-28,ACTIVE,20093.9,INR,N,CORE_BANKING
ACC0001840,CRM000003,SALARY,BR010,2025-07-27,ACTIVE,87364.57,INR,N,CORE_BANKING
ACC0001841,CRM001081,SAVINGS,BR002,2021-08-09,ACTIVE,2074.67,INR,N,CORE_BANKING
ACC0001842,CRM001701,CURRENT,BR003,2017-10-26,ACTIVE,17229.52,INR,N,CORE_BANKING
ACC0001843,CRM001629,SAVINGS,BR005,2020-10-04,ACTIVE,4615.72,INR,Y,CORE_BANKING
ACC0001844,CRM003627,SALARY,BR009,2016-04-05,ACTIVE,21489.42,INR,N,CORE_BANKING
ACC0001845,CRM002520,SALARY,BR004,2026-05-13,ACTIVE,64709.2,INR,Y,CORE_BANKING
ACC0001846,CRM002962,CURRENT,BR007,2017-10-10,ACTIVE,8222.42,INR,N,CORE_BANKING
ACC0001847,CRM002247,SAVINGS,BR008,2022-05-13,ACTIVE,4589.42,INR,N,CORE_BANKING
ACC0001848,CRM003388,SALARY,BR002,2023-03-05,ACTIVE,192488.78,INR,N,CORE_BANKING
ACC0001849,CRM001753,SAVINGS,BR007,2022-10-06,ACTIVE,29497.92,INR,Y,CORE_BANKING
ACC0001850,CRM002891,CURRENT,BR007,2020-08-03,ACTIVE,104125.33,INR,Y,CORE_BANKING
ACC0001851,CRM003234,SALARY,BR007,2017-03-28,ACTIVE,11320.82,INR,Y,CORE_BANKING
ACC0001852,CRM003285,SAVINGS,BR008,2017-02-18,ACTIVE,10749.09,INR,Y,CORE_BANKING
ACC0001853,CRM002872,SALARY,BR002,2022-01-23,DORMANT,36556.02,INR,N,CORE_BANKING
ACC0001854,CRM000131,SAVINGS,BR003,2025-01-14,ACTIVE,11778.26,INR,N,CORE_BANKING
ACC0001855,CRM001875,CURRENT,BR005,2020-09-05,DORMANT,133560.06,INR,N,CORE_BANKING
ACC0001856,CRM000677,SALARY,BR001,2021-03-24,ACTIVE,97923.65,INR,N,CORE_BANKING
ACC0001857,CRM003941,SALARY,BR010,2016-04-11,ACTIVE,44762.31,INR,N,CORE_BANKING
ACC0001858,CRM001542,SALARY,BR002,2021-10-19,ACTIVE,40354.01,INR,N,CORE_BANKING
ACC0001859,CRM002073,SALARY,BR010,2021-07-21,ACTIVE,17571.11,INR,Y,CORE_BANKING
ACC0001860,CRM000213,CURRENT,BR006,2026-03-29,CLOSED,49678.16,INR,N,CORE_BANKING
ACC0001861,CRM002158,SALARY,BR003,2017-05-17,ACTIVE,16922.52,INR,N,CORE_BANKING
ACC0001862,CRM000257,SALARY,BR010,2021-05-02,ACTIVE,11878.11,INR,N,CORE_BANKING
ACC0001863,CRM003492,SALARY,BR010,2025-03-25,ACTIVE,22506.06,INR,Y,CORE_BANKING
ACC0001864,CRM000068,SALARY,BR005,2022-04-26,DORMANT,13179.56,INR,Y,CORE_BANKING
ACC0001865,CRM002057,SAVINGS,BR006,2019-09-04,ACTIVE,69931.17,INR,Y,CORE_BANKING
ACC0001866,CRM000310,SAVINGS,BR002,2023-10-24,ACTIVE,73360.56,INR,Y,CORE_BANKING
ACC0001867,CRM003196,SALARY,BR003,2025-02-20,DORMANT,27246.96,INR,N,CORE_BANKING
ACC0001868,CRM001943,SALARY,BR002,2026-05-25,ACTIVE,13617.46,INR,Y,CORE_BANKING
ACC0001869,CRM001542,CURRENT,BR010,2025-09-15,ACTIVE,33175.04,INR,Y,CORE_BANKING
ACC0001870,CRM000921,SALARY,BR010,2017-02-27,ACTIVE,51439.77,INR,Y,CORE_BANKING
ACC0001871,CRM001356,SALARY,BR004,2017-10-03,DORMANT,4386.33,INR,Y,CORE_BANKING
ACC0001872,CRM000546,SAVINGS,BR004,2023-07-25,ACTIVE,209244.07,INR,Y,CORE_BANKING
ACC0001873,CRM002504,SALARY,BR007,2023-02-17,ACTIVE,8634.52,INR,Y,CORE_BANKING
ACC0001874,CRM001015,SAVINGS,BR008,2025-10-27,ACTIVE,15160.42,INR,N,CORE_BANKING
ACC0001875,CRM003308,CURRENT,BR004,2022-11-18,ACTIVE,31049.41,INR,Y,CORE_BANKING
ACC0001876,CRM001480,SAVINGS,BR007,2017-05-14,ACTIVE,5821.19,INR,Y,CORE_BANKING
ACC0001877,CRM002676,CURRENT,BR009,2020-07-19,ACTIVE,5859.52,INR,Y,CORE_BANKING
ACC0001878,CRM003100,SALARY,BR006,2021-02-12,ACTIVE,30453.33,INR,N,CORE_BANKING
ACC0001879,CRM003969,CURRENT,BR006,2019-08-29,ACTIVE,8544.14,INR,Y,CORE_BANKING
ACC0001880,CRM003400,SALARY,BR002,2023-08-02,ACTIVE,14123.63,INR,N,CORE_BANKING
ACC0001881,CRM002348,CURRENT,BR001,2022-01-30,ACTIVE,18807.21,INR,Y,CORE_BANKING
ACC0001882,CRM003015,SAVINGS,BR004,2019-04-06,ACTIVE,30969.67,INR,N,CORE_BANKING
ACC0001883,CRM000591,SAVINGS,BR008,2025-03-13,ACTIVE,22699.69,INR,N,CORE_BANKING
ACC0001884,CRM002384,CURRENT,BR007,2021-01-29,ACTIVE,18406.7,INR,Y,CORE_BANKING
ACC0001885,CRM001433,CURRENT,BR001,2022-07-30,ACTIVE,30496.51,INR,N,CORE_BANKING
ACC0001886,CRM000943,SAVINGS,BR008,2016-06-17,DORMANT,27551.71,INR,N,CORE_BANKING
ACC0001887,CRM001932,CURRENT,BR001,2022-10-27,ACTIVE,106921.48,INR,N,CORE_BANKING
ACC0001888,CRM000775,CURRENT,BR008,2020-02-03,ACTIVE,30399.06,INR,N,CORE_BANKING
ACC0001889,CRM003879,SALARY,BR004,2023-09-02,ACTIVE,29354.17,INR,Y,CORE_BANKING
ACC0001890,CRM002594,SAVINGS,BR004,2022-09-15,ACTIVE,38094.77,INR,Y,CORE_BANKING
ACC0001891,CRM000456,CURRENT,BR006,2019-04-27,CLOSED,13392.52,INR,Y,CORE_BANKING
ACC0001892,CRM002196,SAVINGS,BR009,2024-09-06,ACTIVE,30613.28,INR,N,CORE_BANKING
ACC0001893,CRM001466,SAVINGS,BR001,2023-12-11,ACTIVE,33844.37,INR,N,CORE_BANKING
ACC0001894,CRM000130,CURRENT,BR005,2016-02-11,ACTIVE,20698.53,INR,N,CORE_BANKING
ACC0001895,CRM003260,SALARY,BR009,2025-03-03,ACTIVE,32775.57,INR,Y,CORE_BANKING
ACC0001896,CRM001759,SALARY,BR005,2026-05-24,ACTIVE,13825.92,INR,Y,CORE_BANKING
ACC0001897,CRM001802,SALARY,BR003,2020-01-23,ACTIVE,6721.13,INR,Y,CORE_BANKING
ACC0001898,CRM001536,SAVINGS,BR005,2019-02-14,ACTIVE,78315.21,INR,Y,CORE_BANKING
ACC0001899,CRM001866,SAVINGS,BR007,2023-12-01,ACTIVE,30662.47,INR,N,CORE_BANKING
ACC0001900,CRM002989,SAVINGS,BR007,2021-11-14,ACTIVE,21968.0,INR,N,CORE_BANKING
ACC0001901,CRM002069,CURRENT,BR003,2025-09-30,ACTIVE,29226.47,INR,N,CORE_BANKING
ACC0001902,CRM001589,SALARY,BR009,2024-11-23,ACTIVE,15793.15,INR,Y,CORE_BANKING
ACC0001903,CRM001437,CURRENT,BR009,2018-06-11,ACTIVE,2323.13,INR,Y,CORE_BANKING
ACC0001904,CRM001692,SAVINGS,BR007,2024-02-14,ACTIVE,25087.87,INR,Y,CORE_BANKING
ACC0001905,CRM000025,CURRENT,BR004,2018-08-11,ACTIVE,10615.76,INR,N,CORE_BANKING
ACC0001906,CRM002175,SALARY,BR002,2022-05-01,ACTIVE,85366.69,INR,Y,CORE_BANKING
ACC0001907,CRM003049,SALARY,BR008,2022-03-05,ACTIVE,35637.03,INR,Y,CORE_BANKING
ACC0001908,CRM002323,CURRENT,BR009,2021-04-30,ACTIVE,47634.45,INR,N,CORE_BANKING
ACC0001909,CRM000719,SAVINGS,BR008,2021-03-21,ACTIVE,5197.01,INR,N,CORE_BANKING
ACC0001910,CRM001513,SAVINGS,BR004,2020-06-11,CLOSED,62005.27,INR,Y,CORE_BANKING
ACC0001911,CRM002413,CURRENT,BR010,2017-06-27,ACTIVE,11383.99,INR,Y,CORE_BANKING
ACC0001912,CRM001421,SALARY,BR005,2021-01-01,ACTIVE,56676.14,INR,Y,CORE_BANKING
ACC0001913,CRM000841,SAVINGS,BR008,2023-12-08,ACTIVE,85908.96,INR,Y,CORE_BANKING
ACC0001914,CRM003250,SAVINGS,BR010,2019-11-16,ACTIVE,24892.15,INR,N,CORE_BANKING
ACC0001915,CRM001715,CURRENT,BR010,2026-04-20,ACTIVE,12492.24,INR,Y,CORE_BANKING
ACC0001916,CRM002238,CURRENT,BR009,2016-06-23,ACTIVE,17650.6,INR,N,CORE_BANKING
ACC0001917,CRM002829,SAVINGS,BR008,2024-09-06,ACTIVE,19862.51,INR,Y,CORE_BANKING
ACC0001918,CRM002840,SALARY,BR002,2024-07-23,ACTIVE,22577.44,INR,Y,CORE_BANKING
ACC0001919,CRM000522,CURRENT,BR006,2018-01-19,ACTIVE,141579.23,INR,N,CORE_BANKING
ACC0001920,CRM000302,CURRENT,BR007,2021-03-19,ACTIVE,97394.3,INR,N,CORE_BANKING
ACC0001921,CRM002514,SAVINGS,BR002,2016-03-02,ACTIVE,35255.53,INR,Y,CORE_BANKING
ACC0001922,CRM000034,SALARY,BR002,2026-02-19,CLOSED,12041.89,INR,Y,CORE_BANKING
ACC0001923,CRM000118,SALARY,BR009,2023-03-10,ACTIVE,15305.76,INR,Y,CORE_BANKING
ACC0001924,CRM000373,SALARY,BR010,2024-08-14,ACTIVE,42178.77,INR,Y,CORE_BANKING
ACC0001925,CRM002579,SALARY,BR002,2024-08-28,ACTIVE,33342.51,INR,Y,CORE_BANKING
ACC0001926,CRM003012,CURRENT,BR001,2026-02-05,ACTIVE,10866.1,INR,Y,CORE_BANKING
ACC0001927,CRM003017,CURRENT,BR009,2022-06-13,ACTIVE,33657.71,INR,N,CORE_BANKING
ACC0001928,CRM000796,SAVINGS,BR010,2024-03-20,ACTIVE,14170.08,INR,N,CORE_BANKING
ACC0001929,CRM000901,SAVINGS,BR003,2025-07-08,DORMANT,21516.4,INR,Y,CORE_BANKING
ACC0001930,CRM002320,CURRENT,BR001,2024-03-01,ACTIVE,7938.47,INR,N,CORE_BANKING
ACC0001931,CRM001746,SALARY,BR003,2021-03-30,ACTIVE,103785.24,INR,Y,CORE_BANKING
ACC0001932,CRM001008,SALARY,BR004,2020-08-22,ACTIVE,11917.21,INR,N,CORE_BANKING
ACC0001933,CRM003687,SAVINGS,BR010,2019-05-17,ACTIVE,24244.38,INR,Y,CORE_BANKING
ACC0001934,CRM001821,SALARY,BR010,2022-12-31,ACTIVE,30170.92,INR,N,CORE_BANKING
ACC0001935,CRM002631,SALARY,BR009,2017-05-15,ACTIVE,9978.42,INR,Y,CORE_BANKING
ACC0001936,CRM003992,SALARY,BR006,2022-10-04,DORMANT,6367.42,INR,N,CORE_BANKING
ACC0001937,CRM003847,SALARY,BR002,2024-02-15,ACTIVE,7253.38,INR,N,CORE_BANKING
ACC0001938,CRM001945,SALARY,BR010,2021-02-15,ACTIVE,16917.57,INR,N,CORE_BANKING
ACC0001939,CRM003874,CURRENT,BR001,2021-02-20,ACTIVE,27773.65,INR,Y,CORE_BANKING
ACC0001940,CRM003314,CURRENT,BR009,2017-12-11,ACTIVE,23407.26,INR,N,CORE_BANKING
ACC0001941,CRM000951,CURRENT,BR010,2022-07-19,ACTIVE,26303.2,INR,Y,CORE_BANKING
ACC0001942,CRM000920,SALARY,BR001,2018-10-21,ACTIVE,7972.91,INR,N,CORE_BANKING
ACC0001943,CRM002037,SAVINGS,BR010,2018-10-10,ACTIVE,22377.11,INR,N,CORE_BANKING
ACC0001944,CRM000421,SALARY,BR008,2023-06-07,ACTIVE,22732.95,INR,N,CORE_BANKING
ACC0001945,CRM000970,SALARY,BR003,2016-05-23,ACTIVE,8252.41,INR,Y,CORE_BANKING
ACC0001946,CRM000197,SALARY,BR005,2021-03-12,ACTIVE,29655.54,INR,N,CORE_BANKING
ACC0001947,CRM000311,SAVINGS,BR002,2023-05-01,ACTIVE,36922.65,INR,N,CORE_BANKING
ACC0001948,CRM003519,CURRENT,BR008,2025-03-13,ACTIVE,4207.61,INR,N,CORE_BANKING
ACC0001949,CRM002206,SALARY,BR009,2016-01-24,ACTIVE,108979.62,INR,Y,CORE_BANKING
ACC0001950,CRM001676,CURRENT,BR002,2021-10-28,ACTIVE,37001.75,INR,Y,CORE_BANKING
ACC0001951,CRM003808,CURRENT,BR010,2016-06-01,ACTIVE,62877.23,INR,N,CORE_BANKING
ACC0001952,CRM002193,CURRENT,BR005,2021-10-24,ACTIVE,40495.74,INR,Y,CORE_BANKING
ACC0001953,CRM001319,SAVINGS,BR008,2023-08-14,DORMANT,111123.99,INR,Y,CORE_BANKING
ACC0001954,CRM003951,CURRENT,BR008,2020-04-19,ACTIVE,5639.11,INR,Y,CORE_BANKING
ACC0001955,CRM002672,CURRENT,BR003,2025-08-22,DORMANT,38118.73,INR,Y,CORE_BANKING
ACC0001956,CRM000174,SAVINGS,BR006,2022-06-04,ACTIVE,147711.71,INR,Y,CORE_BANKING
ACC0001957,CRM003199,SAVINGS,BR005,2016-12-30,ACTIVE,63834.19,INR,Y,CORE_BANKING
ACC0001958,CRM002275,SAVINGS,BR009,2021-08-27,ACTIVE,75593.65,INR,Y,CORE_BANKING
ACC0001959,CRM001523,CURRENT,BR006,2020-12-18,ACTIVE,26228.59,INR,N,CORE_BANKING
ACC0001960,CRM003095,SAVINGS,BR002,2018-05-26,ACTIVE,16332.61,INR,N,CORE_BANKING
ACC0001961,CRM001573,SAVINGS,BR005,2021-10-10,ACTIVE,27742.31,INR,N,CORE_BANKING
ACC0001962,CRM002478,CURRENT,BR007,2022-09-03,ACTIVE,47173.79,INR,Y,CORE_BANKING
ACC0001963,CRM003020,SALARY,BR006,2022-08-13,ACTIVE,40830.94,INR,Y,CORE_BANKING
ACC0001964,CRM003524,SAVINGS,BR008,2020-08-11,ACTIVE,5489.25,INR,Y,CORE_BANKING
ACC0001965,CRM002627,CURRENT,BR001,2019-08-26,ACTIVE,4174.55,INR,N,CORE_BANKING
ACC0001966,CRM001609,CURRENT,BR006,2025-04-07,ACTIVE,16475.99,INR,Y,CORE_BANKING
ACC0001967,CRM001066,SAVINGS,BR006,2019-01-08,DORMANT,26177.39,INR,Y,CORE_BANKING
ACC0001968,CRM003354,CURRENT,BR005,2020-06-26,DORMANT,30327.45,INR,Y,CORE_BANKING
ACC0001969,CRM002389,CURRENT,BR005,2021-07-29,ACTIVE,22978.05,INR,N,CORE_BANKING
ACC0001970,CRM002671,SAVINGS,BR006,2022-12-01,ACTIVE,39652.62,INR,N,CORE_BANKING
ACC0001971,CRM003712,CURRENT,BR001,2023-11-14,ACTIVE,7267.57,INR,Y,CORE_BANKING
ACC0001972,CRM000960,SAVINGS,BR007,2022-07-23,CLOSED,6459.42,INR,Y,CORE_BANKING
ACC0001973,CRM003007,CURRENT,BR003,2020-08-02,ACTIVE,48361.15,INR,N,CORE_BANKING
ACC0001974,CRM003510,CURRENT,BR005,2023-07-11,ACTIVE,11728.07,INR,Y,CORE_BANKING
ACC0001975,CRM001184,SAVINGS,BR001,2018-03-05,ACTIVE,100350.95,INR,N,CORE_BANKING
ACC0001976,CRM002485,SAVINGS,BR009,2026-05-12,DORMANT,52991.58,INR,N,CORE_BANKING
ACC0001977,CRM002460,CURRENT,BR008,2021-01-04,ACTIVE,42964.96,INR,N,CORE_BANKING
ACC0001978,CRM003000,SAVINGS,BR005,2021-11-28,ACTIVE,41582.86,INR,N,CORE_BANKING
ACC0001979,CRM001574,SAVINGS,BR006,2022-02-07,ACTIVE,19821.2,INR,N,CORE_BANKING
ACC0001980,CRM002429,CURRENT,BR005,2022-03-28,ACTIVE,63756.02,INR,N,CORE_BANKING
ACC0001981,CRM002071,CURRENT,BR002,2023-07-12,ACTIVE,11930.6,INR,N,CORE_BANKING
ACC0001982,CRM001439,CURRENT,BR001,2022-07-24,ACTIVE,48328.01,INR,N,CORE_BANKING
ACC0001983,CRM002273,SAVINGS,BR010,2016-01-29,ACTIVE,35701.29,INR,Y,CORE_BANKING
ACC0001984,CRM002871,SALARY,BR001,2018-05-14,ACTIVE,80046.19,INR,Y,CORE_BANKING
ACC0001985,CRM000990,SAVINGS,BR006,2020-02-02,ACTIVE,8065.97,INR,Y,CORE_BANKING
ACC0001986,CRM003913,SAVINGS,BR004,2024-08-10,ACTIVE,44878.11,INR,Y,CORE_BANKING
ACC0001987,CRM002179,SALARY,BR004,2017-11-30,ACTIVE,21415.99,INR,N,CORE_BANKING
ACC0001988,CRM001414,CURRENT,BR003,2021-08-29,ACTIVE,4812.0,INR,N,CORE_BANKING
ACC0001989,CRM003930,SALARY,BR005,2018-11-13,DORMANT,34927.67,INR,N,CORE_BANKING
ACC0001990,CRM002212,CURRENT,BR007,2023-05-31,DORMANT,22303.35,INR,N,CORE_BANKING
ACC0001991,CRM002094,SALARY,BR002,2026-01-03,DORMANT,187378.09,INR,Y,CORE_BANKING
ACC0001992,CRM001511,CURRENT,BR009,2019-09-21,ACTIVE,31732.32,INR,Y,CORE_BANKING
ACC0001993,CRM000701,CURRENT,BR008,2016-08-04,ACTIVE,13022.38,INR,N,CORE_BANKING
ACC0001994,CRM000072,SAVINGS,BR003,2018-11-12,ACTIVE,61947.99,INR,N,CORE_BANKING
ACC0001995,CRM002716,SALARY,BR005,2017-12-26,ACTIVE,11259.62,INR,N,CORE_BANKING
ACC0001996,CRM000091,SAVINGS,BR010,2017-07-24,ACTIVE,18455.96,INR,Y,CORE_BANKING
ACC0001997,CRM000908,SAVINGS,BR010,2019-12-06,ACTIVE,30768.55,INR,Y,CORE_BANKING
ACC0001998,CRM001485,SALARY,BR006,2016-01-03,ACTIVE,18228.72,INR,Y,CORE_BANKING
ACC0001999,CRM002973,CURRENT,BR008,2017-02-16,ACTIVE,139341.53,INR,N,CORE_BANKING
ACC0002000,CRM000480,CURRENT,BR004,2023-12-12,ACTIVE,48133.88,INR,N,CORE_BANKING
ACC0002001,CRM003414,SAVINGS,BR010,2022-03-13,ACTIVE,79336.75,INR,N,CORE_BANKING
ACC0002002,CRM002786,CURRENT,BR001,2022-01-22,ACTIVE,84570.08,INR,N,CORE_BANKING
ACC0002003,CRM000387,CURRENT,BR003,2025-03-14,ACTIVE,271628.55,INR,N,CORE_BANKING
ACC0002004,CRM001456,SALARY,BR006,2026-01-23,ACTIVE,34920.28,INR,Y,CORE_BANKING
ACC0002005,CRM001271,CURRENT,BR009,2024-10-30,ACTIVE,8887.7,INR,Y,CORE_BANKING
ACC0002006,CRM003058,SAVINGS,BR009,2022-05-25,ACTIVE,62262.81,INR,N,CORE_BANKING
ACC0002007,CRM003312,SALARY,BR004,2024-10-18,ACTIVE,36957.2,INR,N,CORE_BANKING
ACC0002008,CRM001533,SALARY,BR008,2016-06-29,ACTIVE,10914.48,INR,N,CORE_BANKING
ACC0002009,CRM003459,CURRENT,BR006,2023-03-24,ACTIVE,865421.77,INR,Y,CORE_BANKING
ACC0002010,CRM003013,SAVINGS,BR006,2017-12-07,ACTIVE,16224.63,INR,N,CORE_BANKING
ACC0002011,CRM000609,SALARY,BR001,2026-05-15,ACTIVE,7195.95,INR,N,CORE_BANKING
ACC0002012,CRM000900,SALARY,BR006,2019-07-22,CLOSED,12551.72,INR,Y,CORE_BANKING
ACC0002013,CRM001930,SAVINGS,BR010,2019-12-19,ACTIVE,10119.79,INR,N,CORE_BANKING
ACC0002014,CRM000175,SALARY,BR010,2024-12-26,ACTIVE,21901.03,INR,N,CORE_BANKING
ACC0002015,CRM000139,CURRENT,BR001,2024-01-07,ACTIVE,64546.05,INR,N,CORE_BANKING
ACC0002016,CRM003598,SAVINGS,BR006,2017-07-04,ACTIVE,96307.15,INR,N,CORE_BANKING
ACC0002017,CRM000295,SAVINGS,BR010,2017-03-31,ACTIVE,8596.6,INR,N,CORE_BANKING
ACC0002018,CRM001543,CURRENT,BR009,2025-01-15,ACTIVE,24995.9,INR,N,CORE_BANKING
ACC0002019,CRM002410,SAVINGS,BR009,2025-06-25,ACTIVE,37833.19,INR,Y,CORE_BANKING
ACC0002020,CRM003044,CURRENT,BR009,2016-05-22,ACTIVE,33775.77,INR,N,CORE_BANKING
ACC0002021,CRM001029,SAVINGS,BR007,2020-10-15,ACTIVE,7776.35,INR,Y,CORE_BANKING
ACC0002022,CRM002844,SAVINGS,BR002,2018-08-01,ACTIVE,25883.48,INR,Y,CORE_BANKING
ACC0002023,CRM000249,SALARY,BR007,2022-09-02,ACTIVE,42394.36,INR,Y,CORE_BANKING
ACC0002024,CRM000322,CURRENT,BR007,2023-09-11,ACTIVE,86587.97,INR,N,CORE_BANKING
ACC0002025,CRM002494,CURRENT,BR010,2021-12-28,ACTIVE,13939.92,INR,N,CORE_BANKING
ACC0002026,CRM002250,SALARY,BR003,2020-08-03,ACTIVE,66162.75,INR,Y,CORE_BANKING
ACC0002027,CRM001018,SALARY,BR001,2016-10-11,ACTIVE,42018.55,INR,N,CORE_BANKING
ACC0002028,CRM001520,CURRENT,BR005,2021-08-25,ACTIVE,25519.86,INR,Y,CORE_BANKING
ACC0002029,CRM002295,SALARY,BR010,2019-03-14,ACTIVE,24305.57,INR,N,CORE_BANKING
ACC0002030,CRM001494,CURRENT,BR007,2026-02-12,ACTIVE,37867.44,INR,Y,CORE_BANKING
ACC0002031,CRM003423,SALARY,BR008,2022-08-07,ACTIVE,26003.86,INR,Y,CORE_BANKING
ACC0002032,CRM003477,SAVINGS,BR004,2019-11-21,ACTIVE,646355.22,INR,Y,CORE_BANKING
ACC0002033,CRM001956,SALARY,BR001,2021-02-05,ACTIVE,19800.65,INR,N,CORE_BANKING
ACC0002034,CRM003881,SAVINGS,BR007,2018-10-31,ACTIVE,30959.6,INR,Y,CORE_BANKING
ACC0002035,CRM003833,SALARY,BR003,2024-06-23,DORMANT,31775.37,INR,Y,CORE_BANKING
ACC0002036,CRM003777,SAVINGS,BR002,2016-08-24,ACTIVE,249236.86,INR,N,CORE_BANKING
ACC0002037,CRM002666,SAVINGS,BR008,2022-11-15,DORMANT,17824.35,INR,N,CORE_BANKING
ACC0002038,CRM001967,SAVINGS,BR008,2016-07-31,ACTIVE,48924.19,INR,N,CORE_BANKING
ACC0002039,CRM000547,SALARY,BR008,2021-10-16,ACTIVE,10094.0,INR,N,CORE_BANKING
ACC0002040,CRM000643,SALARY,BR009,2020-12-30,ACTIVE,11706.21,INR,N,CORE_BANKING
ACC0002041,CRM003468,CURRENT,BR009,2018-01-08,ACTIVE,16089.97,INR,N,CORE_BANKING
ACC0002042,CRM003430,SAVINGS,BR001,2026-05-10,DORMANT,33327.13,INR,Y,CORE_BANKING
ACC0002043,CRM001190,CURRENT,BR008,2021-01-31,ACTIVE,27377.8,INR,Y,CORE_BANKING
ACC0002044,CRM001009,SALARY,BR004,2022-04-21,ACTIVE,54866.16,INR,Y,CORE_BANKING
ACC0002045,CRM000101,SALARY,BR009,2025-10-05,ACTIVE,22707.82,INR,Y,CORE_BANKING
ACC0002046,CRM001787,SAVINGS,BR002,2024-03-16,ACTIVE,132439.28,INR,N,CORE_BANKING
ACC0002047,CRM002277,CURRENT,BR010,2020-02-15,ACTIVE,30032.17,INR,Y,CORE_BANKING
ACC0002048,CRM000258,CURRENT,BR008,2022-05-01,ACTIVE,79718.01,INR,Y,CORE_BANKING
ACC0002049,CRM001013,CURRENT,BR010,2016-10-22,ACTIVE,59539.01,INR,N,CORE_BANKING
ACC0002050,CRM001458,CURRENT,BR010,2019-04-08,ACTIVE,77277.66,INR,Y,CORE_BANKING
ACC0002051,CRM000095,SAVINGS,BR003,2019-08-20,ACTIVE,43939.11,INR,N,CORE_BANKING
ACC0002052,CRM000735,SAVINGS,BR009,2020-03-19,ACTIVE,16705.53,INR,N,CORE_BANKING
ACC0002053,CRM003854,CURRENT,BR004,2019-12-02,ACTIVE,30108.68,INR,N,CORE_BANKING
ACC0002054,CRM001168,CURRENT,BR010,2018-06-25,ACTIVE,60313.45,INR,N,CORE_BANKING
ACC0002055,CRM002230,SAVINGS,BR002,2025-08-30,ACTIVE,13419.94,INR,N,CORE_BANKING
ACC0002056,CRM001945,SALARY,BR003,2024-04-18,ACTIVE,32961.74,INR,Y,CORE_BANKING
ACC0002057,CRM003369,CURRENT,BR002,2020-04-30,ACTIVE,4719.8,INR,Y,CORE_BANKING
ACC0002058,CRM002021,CURRENT,BR007,2021-11-04,ACTIVE,13823.81,INR,Y,CORE_BANKING
ACC0002059,CRM001643,SAVINGS,BR010,2017-12-11,DORMANT,134432.16,INR,N,CORE_BANKING
ACC0002060,CRM001360,CURRENT,BR007,2019-05-06,ACTIVE,67508.83,INR,Y,CORE_BANKING
ACC0002061,CRM001700,SALARY,BR003,2022-10-21,ACTIVE,18733.59,INR,N,CORE_BANKING
ACC0002062,CRM003403,CURRENT,BR010,2025-03-25,ACTIVE,72533.65,INR,Y,CORE_BANKING
ACC0002063,CRM001115,SALARY,BR006,2021-08-02,ACTIVE,68463.1,INR,N,CORE_BANKING
ACC0002064,CRM003713,SAVINGS,BR006,2018-06-27,ACTIVE,37493.83,INR,N,CORE_BANKING
ACC0002065,CRM000740,CURRENT,BR006,2019-10-12,ACTIVE,167025.45,INR,Y,CORE_BANKING
ACC0002066,CRM000249,CURRENT,BR002,2016-10-24,ACTIVE,25865.91,INR,N,CORE_BANKING
ACC0002067,CRM003614,SALARY,BR005,2022-06-26,ACTIVE,7352.36,INR,N,CORE_BANKING
ACC0002068,CRM001368,SAVINGS,BR004,2023-04-17,ACTIVE,37747.43,INR,Y,CORE_BANKING
ACC0002069,CRM002033,CURRENT,BR010,2026-03-28,ACTIVE,26447.51,INR,Y,CORE_BANKING
ACC0002070,CRM002772,CURRENT,BR002,2018-02-01,ACTIVE,28194.05,INR,Y,CORE_BANKING
ACC0002071,CRM000669,SAVINGS,BR008,2024-10-10,ACTIVE,10916.9,INR,Y,CORE_BANKING
ACC0002072,CRM003614,SALARY,BR007,2023-12-02,ACTIVE,4872.14,INR,Y,CORE_BANKING
ACC0002073,CRM002147,SAVINGS,BR001,2024-11-05,ACTIVE,78483.06,INR,Y,CORE_BANKING
ACC0002074,CRM003146,SALARY,BR008,2020-06-17,ACTIVE,74122.86,INR,N,CORE_BANKING
ACC0002075,CRM002398,SALARY,BR008,2017-06-28,DORMANT,35898.93,INR,Y,CORE_BANKING
ACC0002076,CRM002528,CURRENT,BR006,2019-05-07,ACTIVE,134145.14,INR,N,CORE_BANKING
ACC0002077,CRM002592,CURRENT,BR004,2016-03-29,ACTIVE,10065.51,INR,Y,CORE_BANKING
ACC0002078,CRM000657,SAVINGS,BR002,2018-03-15,ACTIVE,23390.53,INR,N,CORE_BANKING
ACC0002079,CRM000741,SAVINGS,BR004,2018-08-27,ACTIVE,67409.11,INR,N,CORE_BANKING
ACC0002080,CRM000294,SALARY,BR004,2023-10-25,ACTIVE,20700.33,INR,N,CORE_BANKING
ACC0002081,CRM002228,SAVINGS,BR003,2024-01-20,CLOSED,21091.45,INR,Y,CORE_BANKING
ACC0002082,CRM002405,SAVINGS,BR003,2018-12-22,DORMANT,33829.82,INR,Y,CORE_BANKING
ACC0002083,CRM001174,SAVINGS,BR004,2017-08-28,ACTIVE,51216.6,INR,Y,CORE_BANKING
ACC0002084,CRM003811,CURRENT,BR006,2021-04-12,ACTIVE,29068.56,INR,Y,CORE_BANKING
ACC0002085,CRM000241,SAVINGS,BR008,2022-08-21,ACTIVE,37909.36,INR,Y,CORE_BANKING
ACC0002086,CRM003337,SALARY,BR007,2018-03-21,ACTIVE,43274.24,INR,Y,CORE_BANKING
ACC0002087,CRM002034,SALARY,BR009,2022-02-12,CLOSED,29389.92,INR,Y,CORE_BANKING
ACC0002088,CRM002623,CURRENT,BR010,2025-12-09,ACTIVE,33069.42,INR,N,CORE_BANKING
ACC0002089,CRM002351,SALARY,BR003,2016-12-27,ACTIVE,39308.32,INR,Y,CORE_BANKING
ACC0002090,CRM002321,SAVINGS,BR001,2022-03-04,ACTIVE,19785.06,INR,N,CORE_BANKING
ACC0002091,CRM002801,CURRENT,BR003,2020-06-30,ACTIVE,33990.44,INR,N,CORE_BANKING
ACC0002092,CRM003640,SAVINGS,BR001,2025-05-12,ACTIVE,13181.0,INR,N,CORE_BANKING
ACC0002093,CRM002058,SALARY,BR005,2025-09-06,ACTIVE,22218.14,INR,N,CORE_BANKING
ACC0002094,CRM003627,SAVINGS,BR008,2024-06-03,ACTIVE,12419.27,INR,Y,CORE_BANKING
ACC0002095,CRM002848,CURRENT,BR009,2024-06-09,ACTIVE,60209.38,INR,Y,CORE_BANKING
ACC0002096,CRM000004,SALARY,BR008,2023-05-02,ACTIVE,30377.8,INR,N,CORE_BANKING
ACC0002097,CRM001712,CURRENT,BR001,2017-05-20,ACTIVE,32607.7,INR,Y,CORE_BANKING
ACC0002098,CRM003905,CURRENT,BR003,2026-01-23,ACTIVE,23849.85,INR,Y,CORE_BANKING
ACC0002099,CRM002868,SAVINGS,BR007,2018-08-13,ACTIVE,14372.37,INR,Y,CORE_BANKING
ACC0002100,CRM001245,SALARY,BR003,2020-10-31,ACTIVE,15868.01,INR,Y,CORE_BANKING
ACC0002101,CRM000229,SAVINGS,BR007,2022-02-20,ACTIVE,23553.08,INR,N,CORE_BANKING
ACC0002102,CRM002854,CURRENT,BR007,2018-08-24,ACTIVE,7280.18,INR,Y,CORE_BANKING
ACC0002103,CRM002428,SAVINGS,BR008,2017-04-26,ACTIVE,171314.06,INR,N,CORE_BANKING
ACC0002104,CRM000080,SAVINGS,BR009,2024-02-14,ACTIVE,8011.94,INR,N,CORE_BANKING
ACC0002105,CRM003064,CURRENT,BR001,2023-09-03,ACTIVE,63058.06,INR,Y,CORE_BANKING
ACC0002106,CRM002036,SALARY,BR007,2016-03-08,ACTIVE,21845.9,INR,Y,CORE_BANKING
ACC0002107,CRM002776,SALARY,BR008,2020-07-07,ACTIVE,107187.83,INR,Y,CORE_BANKING
ACC0002108,CRM000953,CURRENT,BR007,2017-02-16,ACTIVE,309146.03,INR,N,CORE_BANKING
ACC0002109,CRM000090,SAVINGS,BR009,2020-07-01,ACTIVE,7664.78,INR,N,CORE_BANKING
ACC0002110,CRM000550,CURRENT,BR007,2026-01-06,CLOSED,121961.65,INR,Y,CORE_BANKING
ACC0002111,CRM001511,CURRENT,BR006,2025-07-24,ACTIVE,57860.44,INR,Y,CORE_BANKING
ACC0002112,CRM000569,SAVINGS,BR005,2016-11-13,ACTIVE,9479.23,INR,N,CORE_BANKING
ACC0002113,CRM001248,SAVINGS,BR001,2025-02-16,ACTIVE,148639.09,INR,N,CORE_BANKING
ACC0002114,CRM003562,CURRENT,BR003,2021-09-14,ACTIVE,43535.85,INR,N,CORE_BANKING
ACC0002115,CRM002762,SAVINGS,BR005,2024-12-18,DORMANT,6085.17,INR,Y,CORE_BANKING
ACC0002116,CRM001851,CURRENT,BR002,2016-10-14,ACTIVE,20765.9,INR,Y,CORE_BANKING
ACC0002117,CRM000909,SALARY,BR007,2018-08-26,ACTIVE,24315.72,INR,N,CORE_BANKING
ACC0002118,CRM002985,SALARY,BR002,2019-06-20,ACTIVE,67508.8,INR,N,CORE_BANKING
ACC0002119,CRM003950,SAVINGS,BR006,2024-04-04,CLOSED,7143.91,INR,N,CORE_BANKING
ACC0002120,CRM003801,SALARY,BR006,2025-05-22,ACTIVE,118671.49,INR,Y,CORE_BANKING
ACC0002121,CRM000345,SALARY,BR005,2019-03-19,ACTIVE,63279.9,INR,Y,CORE_BANKING
ACC0002122,CRM003739,SALARY,BR004,2018-10-23,ACTIVE,55786.37,INR,N,CORE_BANKING
ACC0002123,CRM001679,CURRENT,BR007,2017-10-31,CLOSED,2154.04,INR,N,CORE_BANKING
ACC0002124,CRM003160,SALARY,BR007,2020-02-29,CLOSED,17659.24,INR,N,CORE_BANKING
ACC0002125,CRM000928,CURRENT,BR005,2016-02-16,ACTIVE,195897.72,INR,Y,CORE_BANKING
ACC0002126,CRM003678,SAVINGS,BR010,2019-06-20,ACTIVE,37969.57,INR,Y,CORE_BANKING
ACC0002127,CRM003544,SAVINGS,BR003,2025-04-24,ACTIVE,80489.65,INR,N,CORE_BANKING
ACC0002128,CRM000350,SALARY,BR005,2026-02-14,ACTIVE,28939.96,INR,Y,CORE_BANKING
ACC0002129,CRM003886,CURRENT,BR002,2016-02-13,ACTIVE,17412.78,INR,N,CORE_BANKING
ACC0002130,CRM000629,SAVINGS,BR004,2017-07-07,ACTIVE,61710.28,INR,Y,CORE_BANKING
ACC0002131,CRM002443,SAVINGS,BR001,2024-10-03,ACTIVE,9624.62,INR,N,CORE_BANKING
ACC0002132,CRM003411,SALARY,BR006,2017-09-24,ACTIVE,147956.39,INR,Y,CORE_BANKING
ACC0002133,CRM000118,SAVINGS,BR002,2018-07-27,ACTIVE,66772.22,INR,Y,CORE_BANKING
ACC0002134,CRM001062,CURRENT,BR003,2019-06-07,ACTIVE,10537.45,INR,Y,CORE_BANKING
ACC0002135,CRM002374,CURRENT,BR010,2017-02-24,ACTIVE,14111.19,INR,N,CORE_BANKING
ACC0002136,CRM003784,SALARY,BR003,2023-01-30,ACTIVE,218296.9,INR,Y,CORE_BANKING
ACC0002137,CRM003657,SALARY,BR010,2017-06-22,ACTIVE,41373.41,INR,N,CORE_BANKING
ACC0002138,CRM000444,SAVINGS,BR006,2024-06-26,ACTIVE,20794.64,INR,N,CORE_BANKING
ACC0002139,CRM000619,SAVINGS,BR010,2024-08-11,ACTIVE,31260.76,INR,Y,CORE_BANKING
ACC0002140,CRM000287,SAVINGS,BR007,2020-01-17,ACTIVE,20227.09,INR,N,CORE_BANKING
ACC0002141,CRM000647,SAVINGS,BR001,2026-04-04,ACTIVE,8929.49,INR,Y,CORE_BANKING
ACC0002142,CRM000824,SALARY,BR010,2016-12-06,ACTIVE,13261.66,INR,Y,CORE_BANKING
ACC0002143,CRM000769,SALARY,BR007,2024-09-21,DORMANT,108692.08,INR,Y,CORE_BANKING
ACC0002144,CRM001593,CURRENT,BR002,2025-02-17,ACTIVE,16527.84,INR,Y,CORE_BANKING
ACC0002145,CRM001366,SALARY,BR004,2017-07-27,DORMANT,14343.37,INR,Y,CORE_BANKING
ACC0002146,CRM000480,SAVINGS,BR002,2020-10-11,ACTIVE,15737.22,INR,N,CORE_BANKING
ACC0002147,CRM001371,SAVINGS,BR002,2020-07-02,ACTIVE,21998.17,INR,N,CORE_BANKING
ACC0002148,CRM001507,SAVINGS,BR006,2019-05-26,ACTIVE,19833.02,INR,Y,CORE_BANKING
ACC0002149,CRM000374,CURRENT,BR007,2023-01-06,ACTIVE,19146.98,INR,N,CORE_BANKING
ACC0002150,CRM002150,SAVINGS,BR004,2020-01-02,ACTIVE,15106.57,INR,N,CORE_BANKING
ACC0002151,CRM002882,SALARY,BR008,2019-06-05,ACTIVE,9776.79,INR,Y,CORE_BANKING
ACC0002152,CRM003442,CURRENT,BR007,2019-08-29,ACTIVE,89714.11,INR,Y,CORE_BANKING
ACC0002153,CRM002502,SAVINGS,BR009,2019-02-23,CLOSED,29137.15,INR,Y,CORE_BANKING
ACC0002154,CRM001535,SALARY,BR006,2019-01-01,ACTIVE,13675.21,INR,N,CORE_BANKING
ACC0002155,CRM002205,CURRENT,BR004,2019-03-10,ACTIVE,47157.97,INR,N,CORE_BANKING
ACC0002156,CRM002683,SALARY,BR009,2024-05-20,ACTIVE,57706.47,INR,Y,CORE_BANKING
ACC0002157,CRM002989,SAVINGS,BR008,2016-10-13,DORMANT,51509.63,INR,Y,CORE_BANKING
ACC0002158,CRM002173,SAVINGS,BR001,2025-06-19,CLOSED,19512.76,INR,Y,CORE_BANKING
ACC0002159,CRM000026,CURRENT,BR010,2016-11-08,ACTIVE,8128.37,INR,Y,CORE_BANKING
ACC0002160,CRM003579,SALARY,BR004,2026-04-19,ACTIVE,15420.4,INR,Y,CORE_BANKING
ACC0002161,CRM000669,SALARY,BR005,2017-09-27,ACTIVE,33479.06,INR,Y,CORE_BANKING
ACC0002162,CRM001334,SALARY,BR010,2016-08-06,DORMANT,191025.54,INR,N,CORE_BANKING
ACC0002163,CRM000587,SALARY,BR006,2024-05-19,DORMANT,6452.72,INR,N,CORE_BANKING
ACC0002164,CRM002356,SAVINGS,BR010,2019-06-08,CLOSED,3587.47,INR,Y,CORE_BANKING
ACC0002165,CRM001969,CURRENT,BR002,2020-11-12,ACTIVE,7505.4,INR,Y,CORE_BANKING
ACC0002166,CRM003048,SALARY,BR009,2022-07-20,ACTIVE,32474.66,INR,N,CORE_BANKING
ACC0002167,CRM001999,CURRENT,BR004,2017-02-26,ACTIVE,14799.58,INR,N,CORE_BANKING
ACC0002168,CRM002413,SALARY,BR003,2018-04-11,ACTIVE,31529.19,INR,Y,CORE_BANKING
ACC0002169,CRM003400,SAVINGS,BR004,2017-12-21,ACTIVE,9286.69,INR,Y,CORE_BANKING
ACC0002170,CRM001350,CURRENT,BR007,2022-11-21,ACTIVE,60584.8,INR,N,CORE_BANKING
ACC0002171,CRM000249,CURRENT,BR010,2018-09-27,ACTIVE,24832.4,INR,N,CORE_BANKING
ACC0002172,CRM003093,CURRENT,BR008,2019-11-22,ACTIVE,7833.05,INR,Y,CORE_BANKING
ACC0002173,CRM003399,CURRENT,BR010,2020-05-04,ACTIVE,8368.53,INR,Y,CORE_BANKING
ACC0002174,CRM002933,SALARY,BR001,2025-11-08,ACTIVE,49371.96,INR,N,CORE_BANKING
ACC0002175,CRM002685,SAVINGS,BR007,2023-07-29,ACTIVE,66118.21,INR,N,CORE_BANKING
ACC0002176,CRM000348,SAVINGS,BR007,2024-02-09,ACTIVE,7221.38,INR,Y,CORE_BANKING
ACC0002177,CRM003602,CURRENT,BR009,2017-10-22,ACTIVE,138296.58,INR,Y,CORE_BANKING
ACC0002178,CRM003699,SAVINGS,BR006,2021-11-12,CLOSED,57377.13,INR,Y,CORE_BANKING
ACC0002179,CRM003974,SAVINGS,BR009,2017-06-08,ACTIVE,60802.26,INR,Y,CORE_BANKING
ACC0002180,CRM001152,SAVINGS,BR006,2019-12-06,ACTIVE,12893.68,INR,Y,CORE_BANKING
ACC0002181,CRM000223,SAVINGS,BR006,2023-10-27,ACTIVE,17292.14,INR,N,CORE_BANKING
ACC0002182,CRM001578,SAVINGS,BR009,2019-07-07,ACTIVE,281275.26,INR,Y,CORE_BANKING
ACC0002183,CRM000894,CURRENT,BR009,2020-03-24,ACTIVE,30614.38,INR,N,CORE_BANKING
ACC0002184,CRM002506,SALARY,BR008,2023-06-27,ACTIVE,23898.2,INR,N,CORE_BANKING
ACC0002185,CRM003790,SALARY,BR004,2025-05-20,CLOSED,16052.05,INR,Y,CORE_BANKING
ACC0002186,CRM001323,CURRENT,BR003,2017-03-15,ACTIVE,36860.67,INR,N,CORE_BANKING
ACC0002187,CRM002373,SALARY,BR008,2023-11-11,ACTIVE,20412.33,INR,Y,CORE_BANKING
ACC0002188,CRM003337,SAVINGS,BR009,2025-03-17,ACTIVE,144228.09,INR,N,CORE_BANKING
ACC0002189,CRM001552,SAVINGS,BR007,2018-10-27,ACTIVE,44401.01,INR,N,CORE_BANKING
ACC0002190,CRM001614,SAVINGS,BR010,2021-02-27,ACTIVE,57829.94,INR,Y,CORE_BANKING
ACC0002191,CRM001036,CURRENT,BR003,2021-01-27,ACTIVE,27750.42,INR,Y,CORE_BANKING
ACC0002192,CRM002093,SAVINGS,BR002,2018-09-02,DORMANT,3121.05,INR,Y,CORE_BANKING
ACC0002193,CRM000133,CURRENT,BR006,2022-09-20,ACTIVE,38812.69,INR,Y,CORE_BANKING
ACC0002194,CRM000225,SAVINGS,BR003,2021-02-21,ACTIVE,151290.94,INR,N,CORE_BANKING
ACC0002195,CRM002713,SALARY,BR005,2016-10-30,ACTIVE,64448.83,INR,Y,CORE_BANKING
ACC0002196,CRM001953,SAVINGS,BR002,2023-12-06,ACTIVE,6545.79,INR,N,CORE_BANKING
ACC0002197,CRM001166,SALARY,BR002,2016-06-27,ACTIVE,23567.89,INR,N,CORE_BANKING
ACC0002198,CRM003326,SAVINGS,BR002,2022-12-06,DORMANT,8350.99,INR,N,CORE_BANKING
ACC0002199,CRM000499,SALARY,BR007,2026-03-30,ACTIVE,47043.68,INR,N,CORE_BANKING
ACC0002200,CRM000645,SALARY,BR007,2021-05-14,ACTIVE,12632.77,INR,Y,CORE_BANKING
ACC0002201,CRM001014,SALARY,BR007,2016-11-01,ACTIVE,9431.54,INR,Y,CORE_BANKING
ACC0002202,CRM000119,CURRENT,BR006,2025-11-09,ACTIVE,21090.45,INR,Y,CORE_BANKING
ACC0002203,CRM000655,CURRENT,BR008,2023-03-04,ACTIVE,10738.29,INR,Y,CORE_BANKING
ACC0002204,CRM002375,SALARY,BR007,2021-02-03,CLOSED,55753.11,INR,Y,CORE_BANKING
ACC0002205,CRM002982,CURRENT,BR003,2021-10-19,ACTIVE,52490.03,INR,Y,CORE_BANKING
ACC0002206,CRM003489,CURRENT,BR005,2024-01-16,ACTIVE,30862.0,INR,Y,CORE_BANKING
ACC0002207,CRM001312,SAVINGS,BR007,2025-12-31,ACTIVE,28704.47,INR,Y,CORE_BANKING
ACC0002208,CRM001476,SAVINGS,BR010,2016-10-14,ACTIVE,19632.51,INR,Y,CORE_BANKING
ACC0002209,CRM000939,CURRENT,BR007,2017-12-17,ACTIVE,25974.64,INR,Y,CORE_BANKING
ACC0002210,CRM001952,SAVINGS,BR001,2017-01-09,ACTIVE,8164.34,INR,Y,CORE_BANKING
ACC0002211,CRM003574,SALARY,BR001,2022-08-29,ACTIVE,17504.41,INR,N,CORE_BANKING
ACC0002212,CRM002125,CURRENT,BR010,2020-04-02,ACTIVE,5272.86,INR,N,CORE_BANKING
ACC0002213,CRM002834,SALARY,BR003,2022-11-20,ACTIVE,16534.16,INR,N,CORE_BANKING
ACC0002214,CRM003198,CURRENT,BR002,2019-01-11,CLOSED,98888.81,INR,N,CORE_BANKING
ACC0002215,CRM003035,SAVINGS,BR010,2020-12-12,ACTIVE,204116.57,INR,N,CORE_BANKING
ACC0002216,CRM001762,CURRENT,BR008,2019-03-10,ACTIVE,11094.67,INR,N,CORE_BANKING
ACC0002217,CRM003191,SAVINGS,BR003,2023-11-05,ACTIVE,15431.44,INR,N,CORE_BANKING
ACC0002218,CRM003716,SAVINGS,BR001,2025-11-05,ACTIVE,60399.71,INR,Y,CORE_BANKING
ACC0002219,CRM002609,CURRENT,BR009,2023-10-06,ACTIVE,16118.07,INR,N,CORE_BANKING
ACC0002220,CRM000270,SAVINGS,BR006,2023-02-14,ACTIVE,95840.18,INR,Y,CORE_BANKING
ACC0002221,CRM000017,SAVINGS,BR010,2021-09-01,ACTIVE,25723.35,INR,Y,CORE_BANKING
ACC0002222,CRM002561,SAVINGS,BR003,2024-08-05,ACTIVE,62145.41,INR,N,CORE_BANKING
ACC0002223,CRM003619,SAVINGS,BR002,2022-02-21,ACTIVE,70079.35,INR,Y,CORE_BANKING
ACC0002224,CRM001450,CURRENT,BR006,2022-04-09,ACTIVE,63553.89,INR,N,CORE_BANKING
ACC0002225,CRM000893,SALARY,BR007,2018-06-17,ACTIVE,141392.73,INR,N,CORE_BANKING
ACC0002226,CRM001469,CURRENT,BR004,2021-11-23,ACTIVE,22434.74,INR,Y,CORE_BANKING
ACC0002227,CRM001525,SAVINGS,BR005,2021-02-04,ACTIVE,15604.37,INR,Y,CORE_BANKING
ACC0002228,CRM001957,SAVINGS,BR009,2017-07-04,ACTIVE,19978.4,INR,N,CORE_BANKING
ACC0002229,CRM001641,SAVINGS,BR010,2016-02-18,ACTIVE,16816.24,INR,Y,CORE_BANKING
ACC0002230,CRM001823,CURRENT,BR007,2018-11-05,ACTIVE,4383.43,INR,N,CORE_BANKING
ACC0002231,CRM000535,SALARY,BR003,2016-11-10,ACTIVE,17037.5,INR,Y,CORE_BANKING
ACC0002232,CRM003932,CURRENT,BR010,2023-10-21,ACTIVE,29015.88,INR,N,CORE_BANKING
ACC0002233,CRM002700,SALARY,BR004,2016-06-09,ACTIVE,10558.25,INR,N,CORE_BANKING
ACC0002234,CRM001624,SAVINGS,BR001,2023-08-28,ACTIVE,55079.75,INR,Y,CORE_BANKING
ACC0002235,CRM003923,CURRENT,BR006,2024-02-17,ACTIVE,39990.04,INR,N,CORE_BANKING
ACC0002236,CRM001873,CURRENT,BR003,2024-01-08,ACTIVE,33818.73,INR,Y,CORE_BANKING
ACC0002237,CRM001404,SAVINGS,BR009,2024-09-05,ACTIVE,6080.85,INR,N,CORE_BANKING
ACC0002238,CRM003321,CURRENT,BR002,2018-07-15,ACTIVE,65058.94,INR,Y,CORE_BANKING
ACC0002239,CRM001826,SALARY,BR007,2020-02-24,ACTIVE,41393.28,INR,N,CORE_BANKING
ACC0002240,CRM000892,SAVINGS,BR001,2019-01-27,DORMANT,7007.18,INR,N,CORE_BANKING
ACC0002241,CRM003086,SALARY,BR008,2017-02-28,ACTIVE,5403.95,INR,Y,CORE_BANKING
ACC0002242,CRM000268,SAVINGS,BR010,2023-11-10,ACTIVE,10750.08,INR,N,CORE_BANKING
ACC0002243,CRM001109,SAVINGS,BR009,2020-10-05,ACTIVE,28064.09,INR,N,CORE_BANKING
ACC0002244,CRM002466,CURRENT,BR003,2018-11-15,ACTIVE,19426.92,INR,Y,CORE_BANKING
ACC0002245,CRM002716,CURRENT,BR007,2024-11-17,ACTIVE,39408.5,INR,Y,CORE_BANKING
ACC0002246,CRM000359,CURRENT,BR006,2016-08-13,ACTIVE,13348.74,INR,N,CORE_BANKING
ACC0002247,CRM003897,SAVINGS,BR005,2018-07-01,ACTIVE,69789.93,INR,N,CORE_BANKING
ACC0002248,CRM003269,SALARY,BR004,2017-12-24,ACTIVE,77170.79,INR,N,CORE_BANKING
ACC0002249,CRM002562,CURRENT,BR006,2018-07-18,ACTIVE,53401.92,INR,Y,CORE_BANKING
ACC0002250,CRM000168,SAVINGS,BR007,2022-12-05,ACTIVE,30531.42,INR,N,CORE_BANKING
ACC0002251,CRM002551,CURRENT,BR008,2023-07-04,ACTIVE,20270.05,INR,Y,CORE_BANKING
ACC0002252,CRM003127,CURRENT,BR008,2016-12-18,ACTIVE,44922.28,INR,N,CORE_BANKING
ACC0002253,CRM000261,CURRENT,BR009,2022-09-15,DORMANT,42911.78,INR,Y,CORE_BANKING
ACC0002254,CRM002297,SALARY,BR007,2019-11-10,DORMANT,10774.52,INR,N,CORE_BANKING
ACC0002255,CRM003192,SAVINGS,BR008,2024-04-24,ACTIVE,27668.76,INR,N,CORE_BANKING
ACC0002256,CRM000881,SAVINGS,BR001,2018-01-25,ACTIVE,33931.7,INR,N,CORE_BANKING
ACC0002257,CRM003280,SAVINGS,BR010,2017-02-15,ACTIVE,5200.32,INR,Y,CORE_BANKING
ACC0002258,CRM001932,SALARY,BR007,2026-02-20,ACTIVE,110626.61,INR,Y,CORE_BANKING
ACC0002259,CRM001796,CURRENT,BR005,2018-03-04,ACTIVE,44317.94,INR,Y,CORE_BANKING
ACC0002260,CRM003868,SALARY,BR003,2025-11-22,ACTIVE,6684.11,INR,Y,CORE_BANKING
ACC0002261,CRM003597,SAVINGS,BR008,2025-10-18,CLOSED,31206.44,INR,Y,CORE_BANKING
ACC0002262,CRM001627,SAVINGS,BR008,2018-09-09,ACTIVE,12325.63,INR,N,CORE_BANKING
ACC0002263,CRM000686,CURRENT,BR003,2017-09-06,ACTIVE,21186.7,INR,Y,CORE_BANKING
ACC0002264,CRM002236,SAVINGS,BR010,2017-10-12,ACTIVE,55483.91,INR,Y,CORE_BANKING
ACC0002265,CRM000685,SALARY,BR009,2018-04-15,ACTIVE,132044.68,INR,N,CORE_BANKING
ACC0002266,CRM002851,SALARY,BR004,2022-02-10,ACTIVE,51704.49,INR,Y,CORE_BANKING
ACC0002267,CRM000308,SAVINGS,BR003,2025-09-04,DORMANT,75798.4,INR,Y,CORE_BANKING
ACC0002268,CRM000940,CURRENT,BR009,2022-09-08,ACTIVE,11757.2,INR,N,CORE_BANKING
ACC0002269,CRM000839,SAVINGS,BR004,2024-04-22,ACTIVE,10872.01,INR,N,CORE_BANKING
ACC0002270,CRM002396,SAVINGS,BR009,2022-07-22,ACTIVE,57793.29,INR,N,CORE_BANKING
ACC0002271,CRM002364,SALARY,BR006,2021-11-22,CLOSED,6293.71,INR,Y,CORE_BANKING
ACC0002272,CRM000103,SAVINGS,BR003,2019-01-10,ACTIVE,5671.95,INR,Y,CORE_BANKING
ACC0002273,CRM003698,SAVINGS,BR007,2025-08-02,ACTIVE,23894.3,INR,Y,CORE_BANKING
ACC0002274,CRM002778,CURRENT,BR008,2018-05-20,ACTIVE,144253.04,INR,Y,CORE_BANKING
ACC0002275,CRM002424,SAVINGS,BR008,2018-07-26,ACTIVE,6550.67,INR,N,CORE_BANKING
ACC0002276,CRM000787,SALARY,BR005,2024-04-24,ACTIVE,1949.46,INR,Y,CORE_BANKING
ACC0002277,CRM001188,CURRENT,BR001,2019-05-06,ACTIVE,6324.74,INR,N,CORE_BANKING
ACC0002278,CRM000910,SALARY,BR002,2023-09-09,CLOSED,17519.31,INR,Y,CORE_BANKING
ACC0002279,CRM003064,SAVINGS,BR004,2016-07-06,ACTIVE,6293.1,INR,N,CORE_BANKING
ACC0002280,CRM003122,CURRENT,BR006,2022-09-25,ACTIVE,54710.53,INR,N,CORE_BANKING
ACC0002281,CRM000473,CURRENT,BR010,2017-05-22,ACTIVE,130688.37,INR,Y,CORE_BANKING
ACC0002282,CRM000580,SAVINGS,BR004,2025-09-13,ACTIVE,47006.62,INR,N,CORE_BANKING
ACC0002283,CRM003007,SAVINGS,BR001,2026-05-06,DORMANT,11103.46,INR,N,CORE_BANKING
ACC0002284,CRM003542,CURRENT,BR008,2025-12-26,ACTIVE,65603.78,INR,N,CORE_BANKING
ACC0002285,CRM000663,CURRENT,BR005,2018-11-22,ACTIVE,37914.8,INR,N,CORE_BANKING
ACC0002286,CRM001387,SALARY,BR009,2022-11-20,ACTIVE,48630.14,INR,N,CORE_BANKING
ACC0002287,CRM002806,SALARY,BR009,2020-09-03,ACTIVE,47018.91,INR,N,CORE_BANKING
ACC0002288,CRM002396,SALARY,BR001,2020-11-19,ACTIVE,26811.7,INR,N,CORE_BANKING
ACC0002289,CRM000968,SALARY,BR006,2023-04-27,ACTIVE,8888.8,INR,N,CORE_BANKING
ACC0002290,CRM002343,CURRENT,BR001,2024-12-11,ACTIVE,27241.55,INR,N,CORE_BANKING
ACC0002291,CRM003423,SALARY,BR005,2025-03-16,ACTIVE,16155.59,INR,N,CORE_BANKING
ACC0002292,CRM000876,CURRENT,BR002,2020-03-15,ACTIVE,21916.75,INR,Y,CORE_BANKING
ACC0002293,CRM000460,SALARY,BR001,2022-08-14,ACTIVE,6111.33,INR,N,CORE_BANKING
ACC0002294,CRM001454,CURRENT,BR004,2021-02-28,ACTIVE,59453.47,INR,Y,CORE_BANKING
ACC0002295,CRM001330,CURRENT,BR001,2023-10-28,ACTIVE,14501.15,INR,N,CORE_BANKING
ACC0002296,CRM000935,CURRENT,BR009,2020-03-19,ACTIVE,17599.07,INR,Y,CORE_BANKING
ACC0002297,CRM001271,SAVINGS,BR008,2018-05-01,ACTIVE,82222.51,INR,N,CORE_BANKING
ACC0002298,CRM000323,SAVINGS,BR009,2020-04-10,DORMANT,40690.9,INR,Y,CORE_BANKING
ACC0002299,CRM001910,SAVINGS,BR001,2019-11-03,DORMANT,46189.59,INR,N,CORE_BANKING
ACC0002300,CRM001491,CURRENT,BR009,2018-07-30,ACTIVE,46818.24,INR,N,CORE_BANKING
ACC0002301,CRM001695,SAVINGS,BR002,2024-05-30,ACTIVE,3575.36,INR,Y,CORE_BANKING
ACC0002302,CRM003153,SAVINGS,BR008,2020-11-26,ACTIVE,29191.45,INR,Y,CORE_BANKING
ACC0002303,CRM001778,CURRENT,BR008,2017-07-02,ACTIVE,26459.65,INR,N,CORE_BANKING
ACC0002304,CRM002112,SAVINGS,BR010,2021-05-28,ACTIVE,19765.42,INR,Y,CORE_BANKING
ACC0002305,CRM003723,SALARY,BR008,2022-04-02,ACTIVE,14994.83,INR,Y,CORE_BANKING
ACC0002306,CRM003616,SALARY,BR002,2025-04-15,ACTIVE,6213.85,INR,Y,CORE_BANKING
ACC0002307,CRM001269,SAVINGS,BR004,2021-11-05,CLOSED,48467.71,INR,N,CORE_BANKING
ACC0002308,CRM001884,CURRENT,BR007,2021-01-20,DORMANT,7286.73,INR,Y,CORE_BANKING
ACC0002309,CRM001900,SAVINGS,BR005,2024-11-28,ACTIVE,86348.12,INR,N,CORE_BANKING
ACC0002310,CRM000744,SAVINGS,BR002,2025-08-05,ACTIVE,6494.74,INR,N,CORE_BANKING
ACC0002311,CRM001421,SAVINGS,BR008,2024-07-17,ACTIVE,12776.25,INR,N,CORE_BANKING
ACC0002312,CRM003879,SALARY,BR002,2019-01-05,ACTIVE,85263.72,INR,Y,CORE_BANKING
ACC0002313,CRM001183,SALARY,BR005,2025-01-16,DORMANT,103570.46,INR,Y,CORE_BANKING
ACC0002314,CRM002836,SALARY,BR009,2023-09-05,ACTIVE,28931.46,INR,Y,CORE_BANKING
ACC0002315,CRM000140,CURRENT,BR009,2023-12-19,ACTIVE,8153.34,INR,Y,CORE_BANKING
ACC0002316,CRM003115,CURRENT,BR002,2018-08-31,DORMANT,23014.36,INR,Y,CORE_BANKING
ACC0002317,CRM002665,CURRENT,BR009,2016-07-26,ACTIVE,11052.33,INR,Y,CORE_BANKING
ACC0002318,CRM003056,SALARY,BR006,2019-09-16,ACTIVE,75850.66,INR,N,CORE_BANKING
ACC0002319,CRM000636,CURRENT,BR005,2019-10-19,ACTIVE,29168.25,INR,N,CORE_BANKING
ACC0002320,CRM003558,SAVINGS,BR006,2022-06-29,ACTIVE,56908.31,INR,N,CORE_BANKING
ACC0002321,CRM003618,SALARY,BR010,2023-11-08,ACTIVE,93911.72,INR,N,CORE_BANKING
ACC0002322,CRM000658,CURRENT,BR010,2022-03-24,ACTIVE,12824.58,INR,Y,CORE_BANKING
ACC0002323,CRM000702,SALARY,BR003,2024-08-04,ACTIVE,20137.51,INR,Y,CORE_BANKING
ACC0002324,CRM001203,CURRENT,BR005,2026-02-24,ACTIVE,21321.64,INR,N,CORE_BANKING
ACC0002325,CRM003906,CURRENT,BR009,2024-02-14,CLOSED,28901.08,INR,N,CORE_BANKING
ACC0002326,CRM001561,CURRENT,BR001,2018-03-19,ACTIVE,18689.71,INR,N,CORE_BANKING
ACC0002327,CRM000148,SALARY,BR005,2017-04-06,ACTIVE,23724.48,INR,Y,CORE_BANKING
ACC0002328,CRM003554,CURRENT,BR008,2019-11-30,ACTIVE,21511.51,INR,N,CORE_BANKING
ACC0002329,CRM002294,SALARY,BR006,2022-08-31,ACTIVE,24586.51,INR,N,CORE_BANKING
ACC0002330,CRM003346,SAVINGS,BR004,2017-05-25,ACTIVE,11539.18,INR,Y,CORE_BANKING
ACC0002331,CRM000252,SAVINGS,BR006,2024-02-15,ACTIVE,48813.44,INR,N,CORE_BANKING
ACC0002332,CRM003962,SAVINGS,BR009,2020-01-30,ACTIVE,8471.0,INR,N,CORE_BANKING
ACC0002333,CRM003758,SAVINGS,BR004,2022-02-01,ACTIVE,50444.08,INR,N,CORE_BANKING
ACC0002334,CRM003287,CURRENT,BR008,2019-02-03,ACTIVE,28205.57,INR,Y,CORE_BANKING
ACC0002335,CRM002638,SALARY,BR003,2018-12-11,ACTIVE,25915.17,INR,N,CORE_BANKING
ACC0002336,CRM002376,SALARY,BR005,2016-09-14,ACTIVE,4842.56,INR,Y,CORE_BANKING
ACC0002337,CRM003310,SAVINGS,BR003,2023-11-25,ACTIVE,96096.66,INR,Y,CORE_BANKING
ACC0002338,CRM000251,SALARY,BR010,2016-09-09,ACTIVE,11459.32,INR,N,CORE_BANKING
ACC0002339,CRM003327,CURRENT,BR001,2017-11-21,ACTIVE,129324.08,INR,N,CORE_BANKING
ACC0002340,CRM003225,SAVINGS,BR010,2024-09-14,ACTIVE,25538.86,INR,N,CORE_BANKING
ACC0002341,CRM001015,CURRENT,BR001,2022-12-21,ACTIVE,79042.66,INR,N,CORE_BANKING
ACC0002342,CRM002818,CURRENT,BR004,2017-12-13,ACTIVE,4871.81,INR,N,CORE_BANKING
ACC0002343,CRM000506,CURRENT,BR009,2023-02-01,CLOSED,48495.17,INR,Y,CORE_BANKING
ACC0002344,CRM003464,SALARY,BR008,2024-06-12,ACTIVE,16953.94,INR,Y,CORE_BANKING
ACC0002345,CRM000205,SALARY,BR005,2016-03-23,ACTIVE,12764.03,INR,N,CORE_BANKING
ACC0002346,CRM001463,CURRENT,BR005,2026-05-15,ACTIVE,42789.94,INR,Y,CORE_BANKING
ACC0002347,CRM002725,SALARY,BR008,2017-10-03,DORMANT,13434.3,INR,N,CORE_BANKING
ACC0002348,CRM000396,SAVINGS,BR003,2021-04-17,ACTIVE,21608.12,INR,N,CORE_BANKING
ACC0002349,CRM003578,CURRENT,BR010,2017-04-08,ACTIVE,218891.53,INR,Y,CORE_BANKING
ACC0002350,CRM001580,SAVINGS,BR007,2024-12-07,CLOSED,25541.44,INR,N,CORE_BANKING
ACC0002351,CRM002166,CURRENT,BR004,2024-01-24,ACTIVE,42037.61,INR,N,CORE_BANKING
ACC0002352,CRM000859,CURRENT,BR008,2017-03-27,ACTIVE,52484.5,INR,Y,CORE_BANKING
ACC0002353,CRM003625,CURRENT,BR005,2025-11-19,ACTIVE,40632.92,INR,N,CORE_BANKING
ACC0002354,CRM001594,CURRENT,BR003,2021-02-26,ACTIVE,3259.5,INR,Y,CORE_BANKING
ACC0002355,CRM000344,SALARY,BR007,2018-12-16,DORMANT,26768.42,INR,N,CORE_BANKING
ACC0002356,CRM003558,CURRENT,BR004,2024-06-18,ACTIVE,10294.05,INR,Y,CORE_BANKING
ACC0002357,CRM000326,SAVINGS,BR007,2021-12-01,ACTIVE,37899.06,INR,Y,CORE_BANKING
ACC0002358,CRM002539,SAVINGS,BR005,2016-01-03,ACTIVE,134061.31,INR,Y,CORE_BANKING
ACC0002359,CRM002807,CURRENT,BR002,2018-08-29,ACTIVE,16019.64,INR,N,CORE_BANKING
ACC0002360,CRM003157,CURRENT,BR010,2025-01-26,ACTIVE,5309.67,INR,N,CORE_BANKING
ACC0002361,CRM001509,SALARY,BR009,2021-09-18,ACTIVE,43803.82,INR,Y,CORE_BANKING
ACC0002362,CRM003704,SALARY,BR005,2017-03-26,CLOSED,16404.55,INR,Y,CORE_BANKING
ACC0002363,CRM002257,SALARY,BR002,2024-06-06,ACTIVE,16561.44,INR,Y,CORE_BANKING
ACC0002364,CRM001721,CURRENT,BR002,2020-06-30,ACTIVE,2614.55,INR,Y,CORE_BANKING
ACC0002365,CRM002579,CURRENT,BR001,2021-08-02,ACTIVE,37010.12,INR,Y,CORE_BANKING
ACC0002366,CRM000919,SALARY,BR007,2016-09-10,ACTIVE,60460.94,INR,N,CORE_BANKING
ACC0002367,CRM001316,SAVINGS,BR005,2019-04-08,ACTIVE,118068.36,INR,Y,CORE_BANKING
ACC0002368,CRM000720,SAVINGS,BR001,2017-09-20,CLOSED,87835.26,INR,N,CORE_BANKING
ACC0002369,CRM001567,CURRENT,BR005,2018-12-29,ACTIVE,8176.58,INR,Y,CORE_BANKING
ACC0002370,CRM001190,SALARY,BR010,2018-09-10,DORMANT,99076.81,INR,N,CORE_BANKING
ACC0002371,CRM003121,SALARY,BR006,2017-09-23,ACTIVE,19195.72,INR,N,CORE_BANKING
ACC0002372,CRM001796,SAVINGS,BR007,2018-10-28,ACTIVE,5775.79,INR,Y,CORE_BANKING
ACC0002373,CRM003506,SALARY,BR010,2017-12-23,ACTIVE,31377.34,INR,Y,CORE_BANKING
ACC0002374,CRM000118,SALARY,BR009,2023-07-25,CLOSED,11272.92,INR,N,CORE_BANKING
ACC0002375,CRM003906,CURRENT,BR002,2020-04-27,DORMANT,6081.29,INR,Y,CORE_BANKING
ACC0002376,CRM002724,SAVINGS,BR004,2016-03-20,ACTIVE,33185.94,INR,Y,CORE_BANKING
ACC0002377,CRM002933,SAVINGS,BR010,2025-07-08,ACTIVE,10337.42,INR,N,CORE_BANKING
ACC0002378,CRM000600,SAVINGS,BR004,2026-03-23,ACTIVE,24492.63,INR,Y,CORE_BANKING
ACC0002379,CRM003308,CURRENT,BR006,2021-06-09,ACTIVE,18442.34,INR,N,CORE_BANKING
ACC0002380,CRM003651,SAVINGS,BR007,2018-12-14,ACTIVE,21378.14,INR,Y,CORE_BANKING
ACC0002381,CRM000276,SALARY,BR004,2023-08-12,ACTIVE,90407.4,INR,Y,CORE_BANKING
ACC0002382,CRM000973,SAVINGS,BR006,2020-05-12,CLOSED,1745.03,INR,N,CORE_BANKING
ACC0002383,CRM000065,SAVINGS,BR006,2016-05-21,DORMANT,28392.51,INR,N,CORE_BANKING
ACC0002384,CRM001200,SAVINGS,BR008,2020-07-23,ACTIVE,6249.99,INR,N,CORE_BANKING
ACC0002385,CRM001061,SALARY,BR002,2026-05-04,CLOSED,27355.06,INR,N,CORE_BANKING
ACC0002386,CRM002662,SALARY,BR004,2020-11-28,ACTIVE,54062.45,INR,N,CORE_BANKING
ACC0002387,CRM000408,SAVINGS,BR009,2024-03-07,ACTIVE,52229.8,INR,Y,CORE_BANKING
ACC0002388,CRM003282,SAVINGS,BR007,2023-01-28,ACTIVE,298730.33,INR,Y,CORE_BANKING
ACC0002389,CRM003162,SAVINGS,BR001,2016-06-12,DORMANT,32936.98,INR,Y,CORE_BANKING
ACC0002390,CRM002758,CURRENT,BR005,2020-03-20,DORMANT,40716.1,INR,Y,CORE_BANKING
ACC0002391,CRM000938,CURRENT,BR001,2017-01-28,ACTIVE,37790.37,INR,Y,CORE_BANKING
ACC0002392,CRM003567,CURRENT,BR003,2018-01-17,ACTIVE,2425.56,INR,N,CORE_BANKING
ACC0002393,CRM003765,SALARY,BR010,2021-04-02,ACTIVE,12377.19,INR,N,CORE_BANKING
ACC0002394,CRM002323,SALARY,BR005,2021-12-17,DORMANT,76812.47,INR,Y,CORE_BANKING
ACC0002395,CRM000462,SAVINGS,BR009,2025-10-04,ACTIVE,18197.57,INR,N,CORE_BANKING
ACC0002396,CRM000196,CURRENT,BR008,2020-01-01,ACTIVE,18525.38,INR,Y,CORE_BANKING
ACC0002397,CRM003748,CURRENT,BR006,2019-03-08,ACTIVE,25735.32,INR,Y,CORE_BANKING
ACC0002398,CRM000650,SAVINGS,BR005,2017-12-07,ACTIVE,128198.06,INR,N,CORE_BANKING
ACC0002399,CRM003451,SALARY,BR010,2021-12-07,ACTIVE,108593.59,INR,N,CORE_BANKING
ACC0002400,CRM001053,SALARY,BR010,2023-11-14,DORMANT,85795.53,INR,Y,CORE_BANKING
ACC0002401,CRM002559,SALARY,BR004,2019-01-10,ACTIVE,228090.02,INR,Y,CORE_BANKING
ACC0002402,CRM001507,SAVINGS,BR010,2017-04-08,ACTIVE,25999.94,INR,N,CORE_BANKING
ACC0002403,CRM000777,CURRENT,BR006,2020-11-02,ACTIVE,177008.17,INR,Y,CORE_BANKING
ACC0002404,CRM003056,SALARY,BR006,2022-12-11,ACTIVE,127126.4,INR,Y,CORE_BANKING
ACC0002405,CRM000769,SAVINGS,BR009,2022-10-25,ACTIVE,37291.7,INR,Y,CORE_BANKING
ACC0002406,CRM001998,CURRENT,BR004,2021-09-27,ACTIVE,14680.51,INR,Y,CORE_BANKING
ACC0002407,CRM002734,SALARY,BR008,2017-07-06,ACTIVE,34191.7,INR,Y,CORE_BANKING
ACC0002408,CRM003705,SAVINGS,BR009,2019-09-06,ACTIVE,83013.48,INR,N,CORE_BANKING
ACC0002409,CRM000429,CURRENT,BR010,2026-01-09,ACTIVE,76161.13,INR,Y,CORE_BANKING
ACC0002410,CRM003182,SALARY,BR005,2016-12-22,ACTIVE,54958.62,INR,N,CORE_BANKING
ACC0002411,CRM000770,SAVINGS,BR004,2023-05-19,DORMANT,3587.89,INR,Y,CORE_BANKING
ACC0002412,CRM002724,SAVINGS,BR001,2019-05-17,ACTIVE,19603.35,INR,Y,CORE_BANKING
ACC0002413,CRM002719,SALARY,BR003,2025-04-11,ACTIVE,41399.42,INR,N,CORE_BANKING
ACC0002414,CRM000331,SALARY,BR006,2016-02-20,ACTIVE,4520.12,INR,N,CORE_BANKING
ACC0002415,CRM000501,CURRENT,BR005,2018-01-19,ACTIVE,188152.51,INR,N,CORE_BANKING
ACC0002416,CRM002029,SAVINGS,BR007,2022-03-17,ACTIVE,81742.07,INR,Y,CORE_BANKING
ACC0002417,CRM001615,SAVINGS,BR009,2017-02-13,ACTIVE,29592.66,INR,N,CORE_BANKING
ACC0002418,CRM003435,CURRENT,BR001,2025-08-30,ACTIVE,15564.97,INR,Y,CORE_BANKING
ACC0002419,CRM000476,SALARY,BR010,2017-12-28,ACTIVE,41272.14,INR,N,CORE_BANKING
ACC0002420,CRM001416,SAVINGS,BR008,2025-04-26,ACTIVE,38660.0,INR,N,CORE_BANKING
ACC0002421,CRM003296,SAVINGS,BR003,2021-01-14,ACTIVE,26451.88,INR,Y,CORE_BANKING
ACC0002422,CRM000412,SALARY,BR006,2020-03-23,ACTIVE,6172.57,INR,N,CORE_BANKING
ACC0002423,CRM001250,SAVINGS,BR010,2018-09-30,ACTIVE,11242.51,INR,Y,CORE_BANKING
ACC0002424,CRM003182,SAVINGS,BR003,2016-07-22,ACTIVE,45967.59,INR,Y,CORE_BANKING
ACC0002425,CRM001016,SAVINGS,BR006,2022-02-19,ACTIVE,42003.62,INR,N,CORE_BANKING
ACC0002426,CRM002861,CURRENT,BR010,2018-08-17,ACTIVE,17971.54,INR,Y,CORE_BANKING
ACC0002427,CRM000386,CURRENT,BR001,2023-03-27,ACTIVE,2374.29,INR,Y,CORE_BANKING
ACC0002428,CRM002828,SALARY,BR007,2017-04-10,ACTIVE,12415.88,INR,N,CORE_BANKING
ACC0002429,CRM002166,CURRENT,BR007,2017-09-25,ACTIVE,76311.68,INR,Y,CORE_BANKING
ACC0002430,CRM003802,SALARY,BR008,2023-10-12,ACTIVE,7914.28,INR,Y,CORE_BANKING
ACC0002431,CRM000349,SALARY,BR001,2021-10-25,ACTIVE,14530.59,INR,N,CORE_BANKING
ACC0002432,CRM003183,CURRENT,BR009,2019-10-29,ACTIVE,218047.81,INR,Y,CORE_BANKING
ACC0002433,CRM003862,SALARY,BR001,2018-05-01,ACTIVE,506911.14,INR,Y,CORE_BANKING
ACC0002434,CRM003397,CURRENT,BR008,2018-09-30,ACTIVE,69055.03,INR,N,CORE_BANKING
ACC0002435,CRM002509,SAVINGS,BR010,2025-09-09,ACTIVE,8913.87,INR,N,CORE_BANKING
ACC0002436,CRM003106,CURRENT,BR004,2019-05-01,DORMANT,15261.07,INR,Y,CORE_BANKING
ACC0002437,CRM003492,SAVINGS,BR004,2019-03-06,ACTIVE,42284.45,INR,N,CORE_BANKING
ACC0002438,CRM001771,SALARY,BR009,2019-05-18,ACTIVE,27204.47,INR,N,CORE_BANKING
ACC0002439,CRM002631,SALARY,BR008,2018-07-14,ACTIVE,24524.13,INR,N,CORE_BANKING
ACC0002440,CRM000616,SALARY,BR009,2025-04-09,ACTIVE,9055.25,INR,N,CORE_BANKING
ACC0002441,CRM002427,SAVINGS,BR004,2022-04-29,ACTIVE,125805.54,INR,Y,CORE_BANKING
ACC0002442,CRM002580,SAVINGS,BR008,2016-11-03,ACTIVE,21662.84,INR,N,CORE_BANKING
ACC0002443,CRM001765,CURRENT,BR008,2020-05-27,ACTIVE,29764.09,INR,N,CORE_BANKING
ACC0002444,CRM002624,SAVINGS,BR003,2024-03-22,ACTIVE,33516.18,INR,N,CORE_BANKING
ACC0002445,CRM000648,SALARY,BR002,2018-05-29,ACTIVE,27021.96,INR,Y,CORE_BANKING
ACC0002446,CRM001359,CURRENT,BR005,2024-03-23,ACTIVE,41974.62,INR,N,CORE_BANKING
ACC0002447,CRM001280,CURRENT,BR010,2022-05-27,ACTIVE,42552.2,INR,N,CORE_BANKING
ACC0002448,CRM002449,SALARY,BR006,2020-09-10,ACTIVE,10490.55,INR,N,CORE_BANKING
ACC0002449,CRM000970,CURRENT,BR002,2018-12-11,ACTIVE,15147.15,INR,Y,CORE_BANKING
ACC0002450,CRM002767,SALARY,BR007,2024-03-08,ACTIVE,104124.81,INR,Y,CORE_BANKING
ACC0002451,CRM001812,SALARY,BR003,2023-11-13,DORMANT,43358.42,INR,Y,CORE_BANKING
ACC0002452,CRM001624,SAVINGS,BR003,2025-01-10,ACTIVE,14054.46,INR,N,CORE_BANKING
ACC0002453,CRM000556,CURRENT,BR003,2017-08-27,ACTIVE,8487.37,INR,N,CORE_BANKING
ACC0002454,CRM000001,CURRENT,BR004,2026-05-19,ACTIVE,18513.35,INR,N,CORE_BANKING
ACC0002455,CRM003900,SALARY,BR001,2023-04-24,ACTIVE,79576.6,INR,Y,CORE_BANKING
ACC0002456,CRM000888,CURRENT,BR010,2026-03-25,ACTIVE,141898.61,INR,N,CORE_BANKING
ACC0002457,CRM000678,CURRENT,BR001,2025-11-24,ACTIVE,16601.52,INR,Y,CORE_BANKING
ACC0002458,CRM000536,SALARY,BR003,2026-01-20,ACTIVE,8352.8,INR,Y,CORE_BANKING
ACC0002459,CRM003421,SALARY,BR006,2019-05-07,ACTIVE,46626.01,INR,N,CORE_BANKING
ACC0002460,CRM002721,SALARY,BR002,2022-03-05,ACTIVE,62186.3,INR,Y,CORE_BANKING
ACC0002461,CRM002404,CURRENT,BR008,2026-03-26,ACTIVE,37609.53,INR,Y,CORE_BANKING
ACC0002462,CRM000646,SALARY,BR003,2017-05-08,ACTIVE,20453.34,INR,Y,CORE_BANKING
ACC0002463,CRM003886,SALARY,BR001,2022-05-07,ACTIVE,17595.96,INR,Y,CORE_BANKING
ACC0002464,CRM002338,SAVINGS,BR004,2021-03-22,ACTIVE,11014.22,INR,Y,CORE_BANKING
ACC0002465,CRM002819,SALARY,BR008,2016-09-30,ACTIVE,12170.65,INR,Y,CORE_BANKING
ACC0002466,CRM002689,SAVINGS,BR006,2023-04-30,ACTIVE,21161.14,INR,Y,CORE_BANKING
ACC0002467,CRM001068,SALARY,BR008,2019-02-22,ACTIVE,14558.08,INR,N,CORE_BANKING
ACC0002468,CRM003350,SALARY,BR007,2017-06-02,ACTIVE,21108.78,INR,N,CORE_BANKING
ACC0002469,CRM001336,CURRENT,BR009,2026-01-24,ACTIVE,41300.16,INR,Y,CORE_BANKING
ACC0002470,CRM000873,SAVINGS,BR005,2018-02-12,ACTIVE,112664.24,INR,N,CORE_BANKING
ACC0002471,CRM000804,CURRENT,BR009,2018-07-01,ACTIVE,60561.55,INR,Y,CORE_BANKING
ACC0002472,CRM003092,CURRENT,BR004,2022-10-30,ACTIVE,33410.2,INR,Y,CORE_BANKING
ACC0002473,CRM003105,SAVINGS,BR006,2024-07-01,ACTIVE,9700.56,INR,Y,CORE_BANKING
ACC0002474,CRM000940,SALARY,BR008,2026-03-12,ACTIVE,240679.24,INR,N,CORE_BANKING
ACC0002475,CRM000643,SALARY,BR002,2021-08-13,ACTIVE,95561.58,INR,Y,CORE_BANKING
ACC0002476,CRM000014,SAVINGS,BR005,2024-02-24,DORMANT,88070.35,INR,N,CORE_BANKING
ACC0002477,CRM003349,SALARY,BR004,2021-06-15,CLOSED,17037.11,INR,N,CORE_BANKING
ACC0002478,CRM000063,SALARY,BR008,2019-02-09,ACTIVE,35007.06,INR,Y,CORE_BANKING
ACC0002479,CRM003379,SALARY,BR005,2019-01-13,ACTIVE,75577.54,INR,Y,CORE_BANKING
ACC0002480,CRM001085,SALARY,BR004,2021-02-08,ACTIVE,9005.82,INR,Y,CORE_BANKING
ACC0002481,CRM002578,CURRENT,BR010,2026-03-28,ACTIVE,2958.65,INR,N,CORE_BANKING
ACC0002482,CRM001728,SAVINGS,BR003,2022-01-19,ACTIVE,20481.53,INR,N,CORE_BANKING
ACC0002483,CRM002048,SAVINGS,BR006,2018-02-09,ACTIVE,131926.13,INR,N,CORE_BANKING
ACC0002484,CRM000790,SALARY,BR002,2016-10-05,ACTIVE,9650.36,INR,N,CORE_BANKING
ACC0002485,CRM001667,CURRENT,BR008,2022-12-10,DORMANT,9346.39,INR,N,CORE_BANKING
ACC0002486,CRM000316,SAVINGS,BR009,2017-05-02,ACTIVE,91342.68,INR,N,CORE_BANKING
ACC0002487,CRM002074,SAVINGS,BR010,2019-07-17,ACTIVE,20357.12,INR,N,CORE_BANKING
ACC0002488,CRM003074,SAVINGS,BR003,2024-01-10,ACTIVE,10064.41,INR,N,CORE_BANKING
ACC0002489,CRM001505,SALARY,BR003,2018-08-01,ACTIVE,15922.02,INR,Y,CORE_BANKING
ACC0002490,CRM000406,CURRENT,BR001,2024-04-17,ACTIVE,141041.15,INR,N,CORE_BANKING
ACC0002491,CRM001874,CURRENT,BR008,2019-10-27,ACTIVE,17903.64,INR,Y,CORE_BANKING
ACC0002492,CRM000085,CURRENT,BR009,2023-04-25,ACTIVE,56495.65,INR,N,CORE_BANKING
ACC0002493,CRM002099,SAVINGS,BR001,2025-04-20,ACTIVE,24015.96,INR,Y,CORE_BANKING
ACC0002494,CRM003784,CURRENT,BR002,2021-02-27,ACTIVE,57204.36,INR,Y,CORE_BANKING
ACC0002495,CRM000115,SAVINGS,BR007,2022-02-12,ACTIVE,94657.13,INR,Y,CORE_BANKING
ACC0002496,CRM000011,SAVINGS,BR004,2023-08-08,ACTIVE,13576.87,INR,N,CORE_BANKING
ACC0002497,CRM001319,SAVINGS,BR003,2023-12-26,ACTIVE,53142.94,INR,Y,CORE_BANKING
ACC0002498,CRM003781,CURRENT,BR004,2016-12-03,ACTIVE,35249.59,INR,N,CORE_BANKING
ACC0002499,CRM002200,CURRENT,BR008,2020-01-31,ACTIVE,17417.04,INR,N,CORE_BANKING
ACC0002500,CRM001361,CURRENT,BR008,2018-04-20,ACTIVE,15748.22,INR,Y,CORE_BANKING
ACC0002501,CRM000178,CURRENT,BR009,2019-01-16,ACTIVE,10185.54,INR,Y,CORE_BANKING
ACC0002502,CRM000656,CURRENT,BR003,2018-07-26,ACTIVE,27799.85,INR,Y,CORE_BANKING
ACC0002503,CRM003001,SALARY,BR008,2019-11-19,ACTIVE,31165.52,INR,Y,CORE_BANKING
ACC0002504,CRM000992,SALARY,BR002,2025-10-22,ACTIVE,27744.56,INR,Y,CORE_BANKING
ACC0002505,CRM002281,SALARY,BR001,2022-12-05,ACTIVE,31817.97,INR,Y,CORE_BANKING
ACC0002506,CRM002390,SALARY,BR005,2025-07-13,ACTIVE,32523.59,INR,Y,CORE_BANKING
ACC0002507,CRM000794,CURRENT,BR002,2023-04-04,ACTIVE,21465.38,INR,N,CORE_BANKING
ACC0002508,CRM001354,SAVINGS,BR007,2018-04-05,ACTIVE,37345.56,INR,Y,CORE_BANKING
ACC0002509,CRM000565,SAVINGS,BR004,2019-09-24,ACTIVE,24764.87,INR,Y,CORE_BANKING
ACC0002510,CRM000928,SAVINGS,BR008,2017-07-03,ACTIVE,12304.54,INR,N,CORE_BANKING
ACC0002511,CRM002808,CURRENT,BR001,2018-01-26,ACTIVE,14662.77,INR,N,CORE_BANKING
ACC0002512,CRM002236,SAVINGS,BR006,2024-08-30,ACTIVE,22284.86,INR,Y,CORE_BANKING
ACC0002513,CRM002172,SALARY,BR003,2020-08-04,ACTIVE,67800.12,INR,Y,CORE_BANKING
ACC0002514,CRM001771,SAVINGS,BR008,2018-08-13,ACTIVE,6604.93,INR,Y,CORE_BANKING
ACC0002515,CRM003792,SAVINGS,BR002,2020-11-24,ACTIVE,49886.49,INR,N,CORE_BANKING
ACC0002516,CRM000998,SAVINGS,BR005,2026-05-16,ACTIVE,18822.37,INR,N,CORE_BANKING
ACC0002517,CRM003676,CURRENT,BR006,2025-06-22,ACTIVE,34403.68,INR,N,CORE_BANKING
ACC0002518,CRM001247,CURRENT,BR003,2018-04-15,ACTIVE,114946.06,INR,Y,CORE_BANKING
ACC0002519,CRM000632,SAVINGS,BR003,2020-05-08,ACTIVE,55721.8,INR,Y,CORE_BANKING
ACC0002520,CRM000539,SALARY,BR002,2020-12-19,ACTIVE,24210.64,INR,Y,CORE_BANKING
ACC0002521,CRM003896,SAVINGS,BR009,2016-07-12,ACTIVE,50159.28,INR,N,CORE_BANKING
ACC0002522,CRM003772,SAVINGS,BR003,2020-03-13,ACTIVE,7066.92,INR,Y,CORE_BANKING
ACC0002523,CRM003114,SALARY,BR008,2023-04-02,ACTIVE,29717.53,INR,Y,CORE_BANKING
ACC0002524,CRM003127,CURRENT,BR006,2025-10-08,ACTIVE,25313.6,INR,Y,CORE_BANKING
ACC0002525,CRM002300,CURRENT,BR005,2026-01-06,ACTIVE,11995.03,INR,Y,CORE_BANKING
ACC0002526,CRM002277,SAVINGS,BR002,2024-02-21,ACTIVE,28194.42,INR,Y,CORE_BANKING
ACC0002527,CRM002635,SALARY,BR004,2019-07-24,ACTIVE,37066.49,INR,Y,CORE_BANKING
ACC0002528,CRM001116,SAVINGS,BR008,2023-02-05,ACTIVE,23168.62,INR,N,CORE_BANKING
ACC0002529,CRM000373,CURRENT,BR007,2022-10-24,ACTIVE,186128.17,INR,Y,CORE_BANKING
ACC0002530,CRM000235,SALARY,BR006,2019-03-08,ACTIVE,2286.34,INR,Y,CORE_BANKING
ACC0002531,CRM003922,SAVINGS,BR007,2018-01-31,ACTIVE,79631.3,INR,N,CORE_BANKING
ACC0002532,CRM001137,SALARY,BR003,2018-07-28,ACTIVE,27658.59,INR,N,CORE_BANKING
ACC0002533,CRM003998,SAVINGS,BR005,2018-09-24,ACTIVE,100166.74,INR,Y,CORE_BANKING
ACC0002534,CRM001760,SALARY,BR003,2024-11-16,DORMANT,58865.75,INR,N,CORE_BANKING
ACC0002535,CRM000050,CURRENT,BR001,2017-12-05,ACTIVE,8783.93,INR,Y,CORE_BANKING
ACC0002536,CRM001691,SAVINGS,BR010,2021-10-23,ACTIVE,64221.37,INR,Y,CORE_BANKING
ACC0002537,CRM000541,SALARY,BR005,2019-04-17,ACTIVE,28363.52,INR,N,CORE_BANKING
ACC0002538,CRM003829,SALARY,BR004,2017-03-04,ACTIVE,14193.59,INR,N,CORE_BANKING
ACC0002539,CRM002495,CURRENT,BR002,2020-04-26,ACTIVE,14956.95,INR,N,CORE_BANKING
ACC0002540,CRM002685,SAVINGS,BR003,2019-06-15,ACTIVE,22163.23,INR,Y,CORE_BANKING
ACC0002541,CRM003063,SAVINGS,BR009,2017-06-30,ACTIVE,7775.83,INR,N,CORE_BANKING
ACC0002542,CRM003447,CURRENT,BR006,2022-02-19,ACTIVE,67905.63,INR,N,CORE_BANKING
ACC0002543,CRM003932,SAVINGS,BR008,2016-11-01,ACTIVE,26419.35,INR,Y,CORE_BANKING
ACC0002544,CRM001544,SALARY,BR010,2023-09-09,ACTIVE,4303.04,INR,Y,CORE_BANKING
ACC0002545,CRM000196,SALARY,BR006,2016-04-08,ACTIVE,44673.19,INR,N,CORE_BANKING
ACC0002546,CRM002774,CURRENT,BR001,2023-11-05,ACTIVE,237288.05,INR,Y,CORE_BANKING
ACC0002547,CRM002390,SAVINGS,BR006,2018-12-30,ACTIVE,11824.65,INR,N,CORE_BANKING
ACC0002548,CRM000058,SALARY,BR010,2019-03-17,ACTIVE,28967.68,INR,N,CORE_BANKING
ACC0002549,CRM000397,CURRENT,BR002,2017-07-27,ACTIVE,9492.05,INR,Y,CORE_BANKING
ACC0002550,CRM001268,SALARY,BR005,2019-03-01,ACTIVE,49407.87,INR,Y,CORE_BANKING
ACC0002551,CRM003853,SAVINGS,BR001,2018-10-09,ACTIVE,70686.05,INR,Y,CORE_BANKING
ACC0002552,CRM003327,SALARY,BR005,2016-01-04,ACTIVE,386439.6,INR,Y,CORE_BANKING
ACC0002553,CRM000389,CURRENT,BR010,2022-11-01,ACTIVE,32060.62,INR,Y,CORE_BANKING
ACC0002554,CRM002034,SAVINGS,BR005,2019-11-29,DORMANT,71680.11,INR,N,CORE_BANKING
ACC0002555,CRM002841,SALARY,BR008,2021-09-27,ACTIVE,4876.66,INR,Y,CORE_BANKING
ACC0002556,CRM001543,SALARY,BR001,2019-07-30,ACTIVE,36807.53,INR,Y,CORE_BANKING
ACC0002557,CRM003933,CURRENT,BR008,2021-08-14,ACTIVE,7356.17,INR,Y,CORE_BANKING
ACC0002558,CRM002489,SALARY,BR003,2021-08-13,ACTIVE,31902.93,INR,Y,CORE_BANKING
ACC0002559,CRM000231,SALARY,BR006,2025-05-04,DORMANT,22199.96,INR,Y,CORE_BANKING
ACC0002560,CRM000849,SALARY,BR008,2025-11-04,DORMANT,15494.64,INR,Y,CORE_BANKING
ACC0002561,CRM000520,SAVINGS,BR008,2019-07-14,ACTIVE,8828.33,INR,N,CORE_BANKING
ACC0002562,CRM002313,CURRENT,BR003,2021-06-26,DORMANT,52611.08,INR,Y,CORE_BANKING
ACC0002563,CRM003057,SALARY,BR009,2023-05-29,ACTIVE,44455.67,INR,Y,CORE_BANKING
ACC0002564,CRM003448,SAVINGS,BR008,2025-07-15,ACTIVE,21628.14,INR,N,CORE_BANKING
ACC0002565,CRM002220,SALARY,BR004,2024-02-04,ACTIVE,8898.66,INR,Y,CORE_BANKING
ACC0002566,CRM000285,SALARY,BR001,2016-06-12,ACTIVE,84357.2,INR,Y,CORE_BANKING
ACC0002567,CRM002211,SALARY,BR002,2022-06-26,ACTIVE,44908.84,INR,Y,CORE_BANKING
ACC0002568,CRM002473,SALARY,BR007,2024-09-07,ACTIVE,16992.24,INR,N,CORE_BANKING
ACC0002569,CRM003401,SAVINGS,BR004,2019-02-25,ACTIVE,57245.32,INR,Y,CORE_BANKING
ACC0002570,CRM003378,CURRENT,BR004,2019-01-20,ACTIVE,7310.55,INR,N,CORE_BANKING
ACC0002571,CRM003182,CURRENT,BR007,2024-12-20,ACTIVE,33831.22,INR,Y,CORE_BANKING
ACC0002572,CRM001077,SALARY,BR010,2022-08-31,ACTIVE,10816.84,INR,N,CORE_BANKING
ACC0002573,CRM002922,SALARY,BR001,2025-02-17,ACTIVE,31845.49,INR,Y,CORE_BANKING
ACC0002574,CRM001844,SAVINGS,BR010,2026-02-04,ACTIVE,21742.74,INR,N,CORE_BANKING
ACC0002575,CRM003418,CURRENT,BR006,2019-05-04,ACTIVE,24674.89,INR,N,CORE_BANKING
ACC0002576,CRM002066,CURRENT,BR002,2025-09-26,ACTIVE,32961.87,INR,N,CORE_BANKING
ACC0002577,CRM001154,CURRENT,BR005,2026-02-01,ACTIVE,4965.2,INR,N,CORE_BANKING
ACC0002578,CRM003685,SALARY,BR004,2020-09-12,CLOSED,20979.92,INR,N,CORE_BANKING
ACC0002579,CRM000216,SAVINGS,BR001,2026-01-01,ACTIVE,28701.81,INR,Y,CORE_BANKING
ACC0002580,CRM001523,SAVINGS,BR008,2021-01-07,ACTIVE,96368.89,INR,Y,CORE_BANKING
ACC0002581,CRM003108,SALARY,BR003,2018-07-13,ACTIVE,16470.23,INR,N,CORE_BANKING
ACC0002582,CRM000103,SALARY,BR007,2020-04-14,ACTIVE,16499.74,INR,Y,CORE_BANKING
ACC0002583,CRM002357,SAVINGS,BR004,2023-03-30,ACTIVE,27722.93,INR,Y,CORE_BANKING
ACC0002584,CRM000511,SALARY,BR008,2018-02-05,ACTIVE,9059.84,INR,N,CORE_BANKING
ACC0002585,CRM001243,CURRENT,BR008,2024-07-19,ACTIVE,14768.17,INR,N,CORE_BANKING
ACC0002586,CRM002996,SAVINGS,BR003,2024-12-08,ACTIVE,87989.17,INR,N,CORE_BANKING
ACC0002587,CRM003439,CURRENT,BR002,2016-10-05,ACTIVE,62999.85,INR,Y,CORE_BANKING
ACC0002588,CRM001588,SAVINGS,BR005,2021-12-29,ACTIVE,11391.55,INR,Y,CORE_BANKING
ACC0002589,CRM000815,CURRENT,BR001,2026-05-01,ACTIVE,30218.54,INR,N,CORE_BANKING
ACC0002590,CRM003898,SALARY,BR005,2023-11-21,ACTIVE,26013.06,INR,Y,CORE_BANKING
ACC0002591,CRM003812,SALARY,BR009,2025-08-19,CLOSED,9396.62,INR,Y,CORE_BANKING
ACC0002592,CRM000639,SALARY,BR002,2025-11-02,ACTIVE,6654.99,INR,N,CORE_BANKING
ACC0002593,CRM000941,CURRENT,BR004,2025-03-28,ACTIVE,6635.06,INR,Y,CORE_BANKING
ACC0002594,CRM000729,SAVINGS,BR002,2022-08-02,ACTIVE,36478.29,INR,Y,CORE_BANKING
ACC0002595,CRM003828,SAVINGS,BR001,2022-12-02,ACTIVE,27172.55,INR,Y,CORE_BANKING
ACC0002596,CRM000714,CURRENT,BR008,2020-12-19,ACTIVE,47665.69,INR,Y,CORE_BANKING
ACC0002597,CRM002905,SAVINGS,BR010,2016-01-03,ACTIVE,20437.2,INR,N,CORE_BANKING
ACC0002598,CRM002758,CURRENT,BR002,2017-01-09,ACTIVE,5697.66,INR,Y,CORE_BANKING
ACC0002599,CRM001805,SALARY,BR005,2024-03-29,DORMANT,77506.49,INR,N,CORE_BANKING
ACC0002600,CRM000720,SAVINGS,BR007,2021-06-22,DORMANT,27363.36,INR,Y,CORE_BANKING
ACC0002601,CRM000674,CURRENT,BR005,2023-10-08,ACTIVE,10128.03,INR,N,CORE_BANKING
ACC0002602,CRM003684,CURRENT,BR007,2021-10-08,ACTIVE,23680.63,INR,N,CORE_BANKING
ACC0002603,CRM000059,SALARY,BR006,2020-12-10,DORMANT,48672.43,INR,N,CORE_BANKING
ACC0002604,CRM001175,SAVINGS,BR006,2021-09-29,ACTIVE,38438.61,INR,N,CORE_BANKING
ACC0002605,CRM002828,SAVINGS,BR001,2018-10-28,ACTIVE,134780.63,INR,N,CORE_BANKING
ACC0002606,CRM000195,SALARY,BR007,2024-02-07,ACTIVE,5146.66,INR,Y,CORE_BANKING
ACC0002607,CRM002875,SAVINGS,BR003,2026-05-13,ACTIVE,28969.51,INR,N,CORE_BANKING
ACC0002608,CRM002682,SAVINGS,BR001,2020-04-20,DORMANT,15172.33,INR,Y,CORE_BANKING
ACC0002609,CRM001292,SALARY,BR006,2021-09-01,ACTIVE,7398.35,INR,N,CORE_BANKING
ACC0002610,CRM003058,SALARY,BR005,2026-01-25,ACTIVE,988.01,INR,N,CORE_BANKING
ACC0002611,CRM002137,SALARY,BR001,2016-04-30,ACTIVE,23415.86,INR,Y,CORE_BANKING
ACC0002612,CRM001122,SAVINGS,BR005,2022-03-12,ACTIVE,40949.83,INR,N,CORE_BANKING
ACC0002613,CRM002165,CURRENT,BR005,2025-06-13,ACTIVE,45151.73,INR,Y,CORE_BANKING
ACC0002614,CRM001096,SAVINGS,BR003,2022-05-25,ACTIVE,49621.97,INR,Y,CORE_BANKING
ACC0002615,CRM001718,SAVINGS,BR004,2020-10-13,DORMANT,76271.03,INR,N,CORE_BANKING
ACC0002616,CRM001889,CURRENT,BR010,2016-08-28,ACTIVE,4782.25,INR,N,CORE_BANKING
ACC0002617,CRM003997,SALARY,BR002,2026-05-06,ACTIVE,26121.57,INR,N,CORE_BANKING
ACC0002618,CRM000069,CURRENT,BR006,2025-04-08,ACTIVE,3523.92,INR,Y,CORE_BANKING
ACC0002619,CRM003815,SALARY,BR002,2022-01-01,DORMANT,86785.0,INR,Y,CORE_BANKING
ACC0002620,CRM002539,CURRENT,BR003,2023-06-12,CLOSED,2670.93,INR,Y,CORE_BANKING
ACC0002621,CRM002472,SAVINGS,BR009,2016-02-18,ACTIVE,139672.09,INR,N,CORE_BANKING
ACC0002622,CRM002746,SAVINGS,BR004,2017-01-05,DORMANT,16165.54,INR,Y,CORE_BANKING
ACC0002623,CRM002666,SAVINGS,BR008,2024-11-08,ACTIVE,28285.65,INR,Y,CORE_BANKING
ACC0002624,CRM002833,SAVINGS,BR002,2016-05-17,ACTIVE,25531.0,INR,Y,CORE_BANKING
ACC0002625,CRM001769,SAVINGS,BR003,2025-11-19,ACTIVE,85898.77,INR,Y,CORE_BANKING
ACC0002626,CRM002674,CURRENT,BR008,2016-05-08,ACTIVE,20094.7,INR,N,CORE_BANKING
ACC0002627,CRM001616,CURRENT,BR004,2016-11-27,DORMANT,110114.36,INR,N,CORE_BANKING
ACC0002628,CRM001170,CURRENT,BR002,2018-03-19,ACTIVE,22958.32,INR,Y,CORE_BANKING
ACC0002629,CRM001556,SALARY,BR007,2016-03-22,ACTIVE,60668.33,INR,N,CORE_BANKING
ACC0002630,CRM002470,SAVINGS,BR010,2016-06-14,CLOSED,8838.24,INR,N,CORE_BANKING
ACC0002631,CRM003693,SAVINGS,BR010,2021-12-28,ACTIVE,29404.11,INR,N,CORE_BANKING
ACC0002632,CRM000143,SAVINGS,BR001,2019-07-26,ACTIVE,12818.29,INR,Y,CORE_BANKING
ACC0002633,CRM003518,CURRENT,BR005,2023-06-08,ACTIVE,59250.96,INR,Y,CORE_BANKING
ACC0002634,CRM001526,SALARY,BR008,2022-03-30,ACTIVE,21687.52,INR,N,CORE_BANKING
ACC0002635,CRM003638,SALARY,BR009,2018-12-10,CLOSED,20657.26,INR,Y,CORE_BANKING
ACC0002636,CRM003171,SAVINGS,BR005,2016-08-04,ACTIVE,4903.6,INR,Y,CORE_BANKING
ACC0002637,CRM002425,SAVINGS,BR006,2016-02-20,ACTIVE,30813.39,INR,N,CORE_BANKING
ACC0002638,CRM002667,CURRENT,BR006,2016-08-15,ACTIVE,81306.44,INR,Y,CORE_BANKING
ACC0002639,CRM000304,SALARY,BR009,2016-08-23,ACTIVE,43441.99,INR,N,CORE_BANKING
ACC0002640,CRM001346,SALARY,BR006,2019-11-05,ACTIVE,9440.63,INR,N,CORE_BANKING
ACC0002641,CRM002155,SALARY,BR001,2023-02-16,ACTIVE,3660.22,INR,N,CORE_BANKING
ACC0002642,CRM002102,SALARY,BR005,2021-04-30,ACTIVE,202854.43,INR,N,CORE_BANKING
ACC0002643,CRM001453,CURRENT,BR004,2021-07-19,ACTIVE,49704.17,INR,Y,CORE_BANKING
ACC0002644,CRM003573,SAVINGS,BR008,2025-12-24,ACTIVE,25856.39,INR,Y,CORE_BANKING
ACC0002645,CRM002937,SALARY,BR008,2021-01-29,ACTIVE,15263.26,INR,Y,CORE_BANKING
ACC0002646,CRM000049,CURRENT,BR010,2018-08-30,ACTIVE,43597.68,INR,N,CORE_BANKING
ACC0002647,CRM000406,SAVINGS,BR002,2016-12-14,ACTIVE,7026.89,INR,Y,CORE_BANKING
ACC0002648,CRM001690,SALARY,BR004,2026-01-30,ACTIVE,51721.58,INR,N,CORE_BANKING
ACC0002649,CRM001392,SALARY,BR004,2021-12-27,ACTIVE,25852.06,INR,N,CORE_BANKING
ACC0002650,CRM001903,SALARY,BR005,2025-08-07,CLOSED,18412.53,INR,Y,CORE_BANKING
ACC0002651,CRM001263,SALARY,BR009,2024-11-30,ACTIVE,2508.34,INR,N,CORE_BANKING
ACC0002652,CRM003105,SAVINGS,BR006,2018-07-06,ACTIVE,14475.44,INR,Y,CORE_BANKING
ACC0002653,CRM001291,CURRENT,BR004,2018-03-04,ACTIVE,7472.94,INR,N,CORE_BANKING
ACC0002654,CRM000540,CURRENT,BR004,2025-08-27,ACTIVE,28748.5,INR,Y,CORE_BANKING
ACC0002655,CRM002106,SALARY,BR004,2023-07-17,ACTIVE,95655.87,INR,Y,CORE_BANKING
ACC0002656,CRM000615,SALARY,BR002,2025-11-04,ACTIVE,13860.13,INR,N,CORE_BANKING
ACC0002657,CRM000947,SAVINGS,BR004,2022-04-16,ACTIVE,15927.69,INR,N,CORE_BANKING
ACC0002658,CRM002115,CURRENT,BR003,2019-12-23,ACTIVE,19721.56,INR,Y,CORE_BANKING
ACC0002659,CRM000396,CURRENT,BR010,2016-02-17,DORMANT,20881.85,INR,N,CORE_BANKING
ACC0002660,CRM002700,CURRENT,BR008,2021-03-04,ACTIVE,10987.2,INR,N,CORE_BANKING
ACC0002661,CRM000289,SALARY,BR008,2019-05-10,ACTIVE,21944.27,INR,Y,CORE_BANKING
ACC0002662,CRM002757,SALARY,BR001,2020-04-24,ACTIVE,22265.18,INR,Y,CORE_BANKING
ACC0002663,CRM001981,SAVINGS,BR001,2025-08-31,ACTIVE,17394.34,INR,N,CORE_BANKING
ACC0002664,CRM001627,SALARY,BR006,2016-01-21,ACTIVE,59835.12,INR,Y,CORE_BANKING
ACC0002665,CRM002648,CURRENT,BR004,2017-09-11,ACTIVE,107719.66,INR,N,CORE_BANKING
ACC0002666,CRM003114,CURRENT,BR001,2018-05-04,ACTIVE,18635.03,INR,N,CORE_BANKING
ACC0002667,CRM000623,CURRENT,BR009,2024-07-27,ACTIVE,27086.16,INR,Y,CORE_BANKING
ACC0002668,CRM002613,SAVINGS,BR005,2021-02-26,ACTIVE,9527.83,INR,N,CORE_BANKING
ACC0002669,CRM000904,CURRENT,BR008,2016-10-18,ACTIVE,45277.95,INR,N,CORE_BANKING
ACC0002670,CRM003022,CURRENT,BR008,2017-11-26,ACTIVE,170358.99,INR,N,CORE_BANKING
ACC0002671,CRM000450,SALARY,BR003,2016-08-01,ACTIVE,10515.72,INR,Y,CORE_BANKING
ACC0002672,CRM003747,SAVINGS,BR006,2019-02-24,ACTIVE,10261.63,INR,Y,CORE_BANKING
ACC0002673,CRM000950,CURRENT,BR010,2021-01-31,DORMANT,12491.82,INR,N,CORE_BANKING
ACC0002674,CRM001185,SAVINGS,BR006,2019-07-16,ACTIVE,10263.27,INR,N,CORE_BANKING
ACC0002675,CRM002914,SAVINGS,BR002,2020-07-08,ACTIVE,28860.53,INR,N,CORE_BANKING
ACC0002676,CRM001575,CURRENT,BR009,2016-06-24,ACTIVE,19827.88,INR,N,CORE_BANKING
ACC0002677,CRM000879,CURRENT,BR003,2025-11-16,ACTIVE,373322.11,INR,N,CORE_BANKING
ACC0002678,CRM001947,SALARY,BR010,2021-08-07,ACTIVE,6368.71,INR,Y,CORE_BANKING
ACC0002679,CRM003641,SALARY,BR007,2023-01-21,ACTIVE,59598.57,INR,Y,CORE_BANKING
ACC0002680,CRM002802,CURRENT,BR006,2021-06-21,ACTIVE,10253.87,INR,N,CORE_BANKING
ACC0002681,CRM000792,SAVINGS,BR007,2020-04-01,ACTIVE,28918.51,INR,N,CORE_BANKING
ACC0002682,CRM003504,SALARY,BR004,2023-08-24,ACTIVE,120539.58,INR,N,CORE_BANKING
ACC0002683,CRM003319,SALARY,BR004,2022-08-09,ACTIVE,20386.68,INR,Y,CORE_BANKING
ACC0002684,CRM003841,CURRENT,BR002,2021-05-16,ACTIVE,27653.5,INR,Y,CORE_BANKING
ACC0002685,CRM002568,SALARY,BR008,2026-04-26,ACTIVE,37621.7,INR,Y,CORE_BANKING
ACC0002686,CRM001291,CURRENT,BR008,2024-09-11,ACTIVE,101851.15,INR,Y,CORE_BANKING
ACC0002687,CRM002896,CURRENT,BR005,2017-10-06,ACTIVE,278308.14,INR,Y,CORE_BANKING
ACC0002688,CRM003177,CURRENT,BR007,2024-12-26,ACTIVE,18984.69,INR,N,CORE_BANKING
ACC0002689,CRM000840,SAVINGS,BR004,2025-07-05,ACTIVE,4178.4,INR,N,CORE_BANKING
ACC0002690,CRM000424,SAVINGS,BR008,2025-03-17,ACTIVE,20185.7,INR,N,CORE_BANKING
ACC0002691,CRM002060,SALARY,BR002,2018-10-24,ACTIVE,31727.17,INR,N,CORE_BANKING
ACC0002692,CRM003665,CURRENT,BR007,2024-10-24,DORMANT,145203.4,INR,N,CORE_BANKING
ACC0002693,CRM002094,CURRENT,BR006,2018-03-17,CLOSED,31231.18,INR,N,CORE_BANKING
ACC0002694,CRM003419,SAVINGS,BR008,2020-02-20,ACTIVE,3981.23,INR,Y,CORE_BANKING
ACC0002695,CRM003801,SALARY,BR006,2016-06-10,ACTIVE,8799.33,INR,Y,CORE_BANKING
ACC0002696,CRM000880,SAVINGS,BR007,2019-09-26,ACTIVE,10149.93,INR,Y,CORE_BANKING
ACC0002697,CRM003652,SALARY,BR003,2021-07-28,ACTIVE,17695.93,INR,N,CORE_BANKING
ACC0002698,CRM002016,CURRENT,BR002,2018-12-02,ACTIVE,7156.62,INR,Y,CORE_BANKING
ACC0002699,CRM002879,SAVINGS,BR010,2016-12-30,ACTIVE,11226.56,INR,Y,CORE_BANKING
ACC0002700,CRM003798,SALARY,BR009,2021-09-24,ACTIVE,255392.76,INR,Y,CORE_BANKING
ACC0002701,CRM001018,CURRENT,BR008,2023-11-21,DORMANT,91264.22,INR,N,CORE_BANKING
ACC0002702,CRM001290,CURRENT,BR003,2021-07-19,ACTIVE,87258.11,INR,N,CORE_BANKING
ACC0002703,CRM003659,SAVINGS,BR002,2022-07-23,ACTIVE,29231.59,INR,Y,CORE_BANKING
ACC0002704,CRM002164,CURRENT,BR002,2016-06-29,ACTIVE,9252.43,INR,Y,CORE_BANKING
ACC0002705,CRM003351,CURRENT,BR006,2023-01-12,DORMANT,68209.79,INR,Y,CORE_BANKING
ACC0002706,CRM003653,CURRENT,BR002,2024-06-14,ACTIVE,19018.15,INR,Y,CORE_BANKING
ACC0002707,CRM003709,SAVINGS,BR009,2022-05-07,CLOSED,8574.78,INR,Y,CORE_BANKING
ACC0002708,CRM002014,SAVINGS,BR005,2016-12-10,ACTIVE,12469.48,INR,N,CORE_BANKING
ACC0002709,CRM003050,SALARY,BR002,2024-10-23,ACTIVE,4722.23,INR,Y,CORE_BANKING
ACC0002710,CRM003474,SALARY,BR008,2019-01-23,DORMANT,40213.83,INR,Y,CORE_BANKING
ACC0002711,CRM003069,SALARY,BR006,2025-08-27,CLOSED,34994.02,INR,Y,CORE_BANKING
ACC0002712,CRM001997,SALARY,BR006,2025-09-14,ACTIVE,9335.04,INR,N,CORE_BANKING
ACC0002713,CRM001087,SAVINGS,BR008,2019-11-12,DORMANT,35101.06,INR,N,CORE_BANKING
ACC0002714,CRM000824,CURRENT,BR006,2025-09-05,ACTIVE,18699.63,INR,N,CORE_BANKING
ACC0002715,CRM003653,CURRENT,BR002,2019-06-05,CLOSED,9381.65,INR,Y,CORE_BANKING
ACC0002716,CRM001486,SAVINGS,BR003,2017-02-15,DORMANT,30111.35,INR,Y,CORE_BANKING
ACC0002717,CRM000040,SALARY,BR010,2022-06-02,ACTIVE,25099.77,INR,N,CORE_BANKING
ACC0002718,CRM000641,SALARY,BR006,2024-08-10,ACTIVE,5429.05,INR,N,CORE_BANKING
ACC0002719,CRM001654,SAVINGS,BR007,2020-01-15,ACTIVE,14103.86,INR,N,CORE_BANKING
ACC0002720,CRM000679,SAVINGS,BR003,2025-06-18,ACTIVE,37525.73,INR,Y,CORE_BANKING
ACC0002721,CRM000683,SALARY,BR008,2026-04-06,ACTIVE,21698.22,INR,Y,CORE_BANKING
ACC0002722,CRM000353,SAVINGS,BR009,2025-11-26,ACTIVE,18989.48,INR,N,CORE_BANKING
ACC0002723,CRM001218,SALARY,BR009,2017-07-01,ACTIVE,119911.53,INR,Y,CORE_BANKING
ACC0002724,CRM000877,SAVINGS,BR009,2019-10-20,DORMANT,6243.82,INR,N,CORE_BANKING
ACC0002725,CRM002396,SAVINGS,BR002,2022-06-23,DORMANT,55384.99,INR,Y,CORE_BANKING
ACC0002726,CRM000627,SAVINGS,BR003,2023-11-18,ACTIVE,26064.49,INR,N,CORE_BANKING
ACC0002727,CRM000676,CURRENT,BR007,2020-04-08,ACTIVE,94338.71,INR,Y,CORE_BANKING
ACC0002728,CRM003828,CURRENT,BR004,2019-05-15,ACTIVE,22492.42,INR,Y,CORE_BANKING
ACC0002729,CRM003353,SAVINGS,BR010,2021-01-15,ACTIVE,14591.96,INR,Y,CORE_BANKING
ACC0002730,CRM002243,SALARY,BR005,2020-01-04,ACTIVE,54003.97,INR,N,CORE_BANKING
ACC0002731,CRM003018,SALARY,BR009,2016-06-18,ACTIVE,13353.91,INR,N,CORE_BANKING
ACC0002732,CRM000294,SAVINGS,BR007,2016-09-28,ACTIVE,22093.96,INR,N,CORE_BANKING
ACC0002733,CRM003416,SAVINGS,BR003,2024-02-06,ACTIVE,40832.56,INR,Y,CORE_BANKING
ACC0002734,CRM000832,SALARY,BR009,2018-02-25,ACTIVE,19854.0,INR,Y,CORE_BANKING
ACC0002735,CRM000823,CURRENT,BR010,2018-06-23,ACTIVE,50627.23,INR,N,CORE_BANKING
ACC0002736,CRM002936,CURRENT,BR007,2018-05-15,CLOSED,22692.45,INR,N,CORE_BANKING
ACC0002737,CRM002093,CURRENT,BR003,2020-11-23,ACTIVE,43704.29,INR,Y,CORE_BANKING
ACC0002738,CRM003286,CURRENT,BR007,2016-10-09,ACTIVE,52022.81,INR,Y,CORE_BANKING
ACC0002739,CRM002883,SAVINGS,BR005,2016-09-24,ACTIVE,11466.79,INR,Y,CORE_BANKING
ACC0002740,CRM003430,SAVINGS,BR010,2024-08-06,ACTIVE,27743.35,INR,Y,CORE_BANKING
ACC0002741,CRM000676,SALARY,BR010,2017-11-14,ACTIVE,50642.65,INR,N,CORE_BANKING
ACC0002742,CRM003412,SAVINGS,BR006,2016-07-20,ACTIVE,30486.31,INR,N,CORE_BANKING
ACC0002743,CRM001142,CURRENT,BR004,2022-10-07,ACTIVE,28457.88,INR,Y,CORE_BANKING
ACC0002744,CRM001633,SALARY,BR002,2016-05-14,ACTIVE,5155.73,INR,Y,CORE_BANKING
ACC0002745,CRM003815,SALARY,BR010,2017-10-27,ACTIVE,111458.5,INR,Y,CORE_BANKING
ACC0002746,CRM003793,CURRENT,BR010,2021-09-18,ACTIVE,39430.08,INR,Y,CORE_BANKING
ACC0002747,CRM000986,SALARY,BR008,2016-11-22,ACTIVE,48431.23,INR,Y,CORE_BANKING
ACC0002748,CRM001771,SALARY,BR005,2025-08-17,ACTIVE,132255.55,INR,N,CORE_BANKING
ACC0002749,CRM000331,SAVINGS,BR010,2022-07-02,ACTIVE,3018.48,INR,Y,CORE_BANKING
ACC0002750,CRM003213,SALARY,BR004,2016-10-08,ACTIVE,7652.7,INR,N,CORE_BANKING
ACC0002751,CRM003135,SALARY,BR005,2023-05-13,ACTIVE,43042.55,INR,Y,CORE_BANKING
ACC0002752,CRM001827,CURRENT,BR010,2022-03-08,DORMANT,35081.53,INR,N,CORE_BANKING
ACC0002753,CRM002773,CURRENT,BR010,2016-05-27,DORMANT,8736.1,INR,Y,CORE_BANKING
ACC0002754,CRM001267,SALARY,BR009,2024-02-24,ACTIVE,205990.04,INR,N,CORE_BANKING
ACC0002755,CRM001804,SALARY,BR010,2023-01-08,ACTIVE,27070.04,INR,N,CORE_BANKING
ACC0002756,CRM001451,CURRENT,BR006,2018-04-24,ACTIVE,3036.68,INR,N,CORE_BANKING
ACC0002757,CRM003369,SAVINGS,BR004,2025-08-30,ACTIVE,24593.85,INR,N,CORE_BANKING
ACC0002758,CRM000417,CURRENT,BR008,2018-01-07,ACTIVE,64140.77,INR,N,CORE_BANKING
ACC0002759,CRM003989,SALARY,BR008,2019-02-19,ACTIVE,11081.03,INR,N,CORE_BANKING
ACC0002760,CRM002012,SALARY,BR009,2020-02-03,ACTIVE,10004.68,INR,Y,CORE_BANKING
ACC0002761,CRM000569,CURRENT,BR003,2023-04-26,ACTIVE,68926.96,INR,N,CORE_BANKING
ACC0002762,CRM002390,SALARY,BR002,2019-07-06,ACTIVE,83189.35,INR,Y,CORE_BANKING
ACC0002763,CRM000940,SAVINGS,BR009,2016-07-26,ACTIVE,593399.59,INR,N,CORE_BANKING
ACC0002764,CRM003725,SALARY,BR002,2021-06-07,ACTIVE,26240.62,INR,Y,CORE_BANKING
ACC0002765,CRM000517,SALARY,BR005,2018-01-02,ACTIVE,25306.23,INR,N,CORE_BANKING
ACC0002766,CRM002206,SAVINGS,BR006,2025-12-10,ACTIVE,10005.63,INR,N,CORE_BANKING
ACC0002767,CRM003660,CURRENT,BR006,2019-09-06,ACTIVE,29520.76,INR,Y,CORE_BANKING
ACC0002768,CRM001003,SALARY,BR009,2020-03-26,ACTIVE,44938.57,INR,Y,CORE_BANKING
ACC0002769,CRM001490,SALARY,BR009,2016-06-06,DORMANT,31968.16,INR,Y,CORE_BANKING
ACC0002770,CRM002767,CURRENT,BR005,2026-03-14,ACTIVE,81784.69,INR,N,CORE_BANKING
ACC0002771,CRM000627,CURRENT,BR008,2026-03-17,ACTIVE,127821.82,INR,Y,CORE_BANKING
ACC0002772,CRM003031,CURRENT,BR006,2019-07-02,ACTIVE,61146.35,INR,Y,CORE_BANKING
ACC0002773,CRM002783,SAVINGS,BR006,2019-07-13,ACTIVE,75820.06,INR,Y,CORE_BANKING
ACC0002774,CRM002545,CURRENT,BR001,2019-12-27,ACTIVE,2486.84,INR,N,CORE_BANKING
ACC0002775,CRM000442,CURRENT,BR004,2018-07-26,DORMANT,47465.03,INR,N,CORE_BANKING
ACC0002776,CRM000892,SALARY,BR007,2019-07-26,ACTIVE,43614.32,INR,N,CORE_BANKING
ACC0002777,CRM000778,SALARY,BR005,2023-03-27,ACTIVE,32771.51,INR,N,CORE_BANKING
ACC0002778,CRM000354,CURRENT,BR006,2019-09-20,ACTIVE,24870.18,INR,N,CORE_BANKING
ACC0002779,CRM003100,SAVINGS,BR004,2024-01-25,ACTIVE,12861.31,INR,N,CORE_BANKING
ACC0002780,CRM001922,SAVINGS,BR005,2025-03-29,ACTIVE,28509.25,INR,N,CORE_BANKING
ACC0002781,CRM001898,SAVINGS,BR006,2017-09-22,ACTIVE,37917.52,INR,Y,CORE_BANKING
ACC0002782,CRM002375,SAVINGS,BR006,2020-07-17,ACTIVE,12549.67,INR,Y,CORE_BANKING
ACC0002783,CRM002824,CURRENT,BR003,2021-06-21,ACTIVE,48073.95,INR,N,CORE_BANKING
ACC0002784,CRM003522,SAVINGS,BR009,2017-12-10,DORMANT,10187.8,INR,Y,CORE_BANKING
ACC0002785,CRM000995,SALARY,BR007,2025-07-01,ACTIVE,43708.95,INR,N,CORE_BANKING
ACC0002786,CRM002334,CURRENT,BR006,2024-03-23,ACTIVE,137755.65,INR,Y,CORE_BANKING
ACC0002787,CRM002252,SAVINGS,BR010,2021-12-01,ACTIVE,14061.7,INR,N,CORE_BANKING
ACC0002788,CRM002906,SAVINGS,BR001,2026-02-07,ACTIVE,106184.65,INR,Y,CORE_BANKING
ACC0002789,CRM003601,SAVINGS,BR004,2024-07-21,ACTIVE,21675.91,INR,N,CORE_BANKING
ACC0002790,CRM001572,SAVINGS,BR005,2018-04-21,ACTIVE,145991.22,INR,N,CORE_BANKING
ACC0002791,CRM000920,SAVINGS,BR006,2019-12-15,ACTIVE,64144.52,INR,N,CORE_BANKING
ACC0002792,CRM003624,CURRENT,BR002,2026-01-10,ACTIVE,112177.4,INR,Y,CORE_BANKING
ACC0002793,CRM002142,SALARY,BR001,2024-10-09,ACTIVE,11509.82,INR,Y,CORE_BANKING
ACC0002794,CRM000876,SAVINGS,BR008,2022-09-15,ACTIVE,42473.75,INR,N,CORE_BANKING
ACC0002795,CRM002714,CURRENT,BR001,2022-07-25,ACTIVE,24181.46,INR,Y,CORE_BANKING
ACC0002796,CRM002925,SALARY,BR007,2024-05-21,ACTIVE,74885.76,INR,N,CORE_BANKING
ACC0002797,CRM002917,SALARY,BR009,2023-08-13,DORMANT,5600.18,INR,N,CORE_BANKING
ACC0002798,CRM001339,SALARY,BR008,2025-08-21,ACTIVE,3011.01,INR,N,CORE_BANKING
ACC0002799,CRM002990,SALARY,BR005,2016-11-28,ACTIVE,15224.73,INR,N,CORE_BANKING
ACC0002800,CRM002463,SALARY,BR007,2025-08-21,ACTIVE,9752.78,INR,N,CORE_BANKING
ACC0002801,CRM001869,CURRENT,BR002,2017-02-17,ACTIVE,38179.53,INR,N,CORE_BANKING
ACC0002802,CRM003158,SAVINGS,BR002,2022-02-25,ACTIVE,44377.9,INR,Y,CORE_BANKING
ACC0002803,CRM003386,SALARY,BR009,2021-08-03,ACTIVE,92803.95,INR,N,CORE_BANKING
ACC0002804,CRM001461,CURRENT,BR006,2020-01-16,ACTIVE,4290.08,INR,N,CORE_BANKING
ACC0002805,CRM001158,SALARY,BR002,2026-01-31,ACTIVE,98577.41,INR,N,CORE_BANKING
ACC0002806,CRM000904,CURRENT,BR004,2017-07-29,ACTIVE,7752.86,INR,Y,CORE_BANKING
ACC0002807,CRM002186,SALARY,BR009,2021-06-16,ACTIVE,25679.53,INR,N,CORE_BANKING
ACC0002808,CRM002092,CURRENT,BR007,2023-06-17,ACTIVE,58347.78,INR,N,CORE_BANKING
ACC0002809,CRM003073,SALARY,BR004,2025-03-05,ACTIVE,12648.93,INR,Y,CORE_BANKING
ACC0002810,CRM000971,SAVINGS,BR006,2024-10-27,ACTIVE,54984.89,INR,N,CORE_BANKING
ACC0002811,CRM001871,SAVINGS,BR002,2018-11-05,ACTIVE,169837.55,INR,Y,CORE_BANKING
ACC0002812,CRM003445,SAVINGS,BR010,2021-06-30,ACTIVE,7474.54,INR,Y,CORE_BANKING
ACC0002813,CRM000594,CURRENT,BR003,2016-02-29,ACTIVE,17954.04,INR,N,CORE_BANKING
ACC0002814,CRM001611,SAVINGS,BR004,2018-09-23,ACTIVE,10494.66,INR,N,CORE_BANKING
ACC0002815,CRM001108,SAVINGS,BR001,2025-03-27,DORMANT,62633.63,INR,N,CORE_BANKING
ACC0002816,CRM002616,SALARY,BR001,2016-12-09,ACTIVE,16016.44,INR,Y,CORE_BANKING
ACC0002817,CRM002041,SAVINGS,BR010,2025-07-31,ACTIVE,16737.0,INR,Y,CORE_BANKING
ACC0002818,CRM001866,CURRENT,BR006,2017-07-24,ACTIVE,12001.47,INR,N,CORE_BANKING
ACC0002819,CRM000494,SALARY,BR007,2017-02-05,ACTIVE,7801.28,INR,N,CORE_BANKING
ACC0002820,CRM003567,SAVINGS,BR009,2019-12-22,ACTIVE,192219.96,INR,N,CORE_BANKING
ACC0002821,CRM000080,CURRENT,BR008,2019-06-14,ACTIVE,39133.25,INR,N,CORE_BANKING
ACC0002822,CRM003697,CURRENT,BR004,2025-02-08,DORMANT,152151.96,INR,Y,CORE_BANKING
ACC0002823,CRM002134,CURRENT,BR006,2016-04-27,DORMANT,20481.36,INR,N,CORE_BANKING
ACC0002824,CRM002666,SALARY,BR002,2016-08-23,ACTIVE,5474.51,INR,Y,CORE_BANKING
ACC0002825,CRM000287,SAVINGS,BR003,2017-12-06,ACTIVE,25854.95,INR,N,CORE_BANKING
ACC0002826,CRM002577,CURRENT,BR008,2026-05-03,ACTIVE,8680.19,INR,Y,CORE_BANKING
ACC0002827,CRM001677,SALARY,BR004,2018-07-02,ACTIVE,32896.33,INR,Y,CORE_BANKING
ACC0002828,CRM003173,SALARY,BR010,2022-12-17,ACTIVE,7375.84,INR,Y,CORE_BANKING
ACC0002829,CRM002409,CURRENT,BR007,2022-12-30,CLOSED,25640.49,INR,Y,CORE_BANKING
ACC0002830,CRM000839,SAVINGS,BR005,2024-01-12,ACTIVE,38771.23,INR,Y,CORE_BANKING
ACC0002831,CRM003277,SAVINGS,BR010,2018-10-15,ACTIVE,120436.39,INR,N,CORE_BANKING
ACC0002832,CRM002946,CURRENT,BR008,2023-11-14,ACTIVE,259246.07,INR,N,CORE_BANKING
ACC0002833,CRM003853,CURRENT,BR003,2024-08-27,ACTIVE,149394.12,INR,N,CORE_BANKING
ACC0002834,CRM001462,SAVINGS,BR007,2025-03-02,ACTIVE,134864.38,INR,N,CORE_BANKING
ACC0002835,CRM003674,CURRENT,BR007,2025-04-05,ACTIVE,8793.89,INR,Y,CORE_BANKING
ACC0002836,CRM003776,SALARY,BR004,2024-02-15,ACTIVE,6152.91,INR,Y,CORE_BANKING
ACC0002837,CRM001253,SAVINGS,BR002,2020-03-08,ACTIVE,29323.18,INR,Y,CORE_BANKING
ACC0002838,CRM001865,CURRENT,BR008,2016-01-17,ACTIVE,35256.55,INR,N,CORE_BANKING
ACC0002839,CRM002883,SAVINGS,BR005,2019-09-21,DORMANT,284131.09,INR,Y,CORE_BANKING
ACC0002840,CRM002272,SALARY,BR010,2017-11-09,ACTIVE,9208.61,INR,N,CORE_BANKING
ACC0002841,CRM003363,SAVINGS,BR003,2016-09-19,ACTIVE,28942.43,INR,N,CORE_BANKING
ACC0002842,CRM003874,SAVINGS,BR004,2023-03-23,ACTIVE,20997.61,INR,Y,CORE_BANKING
ACC0002843,CRM003045,SALARY,BR009,2018-02-24,ACTIVE,43997.61,INR,Y,CORE_BANKING
ACC0002844,CRM002162,SALARY,BR008,2021-10-17,CLOSED,12232.1,INR,N,CORE_BANKING
ACC0002845,CRM003606,CURRENT,BR004,2021-05-29,ACTIVE,42067.71,INR,Y,CORE_BANKING
ACC0002846,CRM001788,CURRENT,BR005,2021-09-02,ACTIVE,24149.09,INR,N,CORE_BANKING
ACC0002847,CRM003350,SALARY,BR010,2022-07-31,ACTIVE,21075.99,INR,Y,CORE_BANKING
ACC0002848,CRM001082,SALARY,BR005,2024-02-10,CLOSED,15385.6,INR,Y,CORE_BANKING
ACC0002849,CRM003752,SALARY,BR008,2024-04-24,ACTIVE,19273.4,INR,Y,CORE_BANKING
ACC0002850,CRM003933,CURRENT,BR003,2017-02-26,ACTIVE,154217.37,INR,N,CORE_BANKING
ACC0002851,CRM003584,SALARY,BR009,2022-10-20,ACTIVE,54376.98,INR,N,CORE_BANKING
ACC0002852,CRM003153,SAVINGS,BR007,2021-05-04,ACTIVE,159592.49,INR,N,CORE_BANKING
ACC0002853,CRM000184,SALARY,BR001,2019-09-13,DORMANT,17861.47,INR,N,CORE_BANKING
ACC0002854,CRM002327,SALARY,BR006,2018-09-24,ACTIVE,47922.94,INR,N,CORE_BANKING
ACC0002855,CRM003245,SAVINGS,BR005,2020-05-13,ACTIVE,46282.76,INR,Y,CORE_BANKING
ACC0002856,CRM002731,SAVINGS,BR003,2017-09-18,ACTIVE,19702.44,INR,N,CORE_BANKING
ACC0002857,CRM002533,SALARY,BR003,2019-10-11,CLOSED,89963.26,INR,Y,CORE_BANKING
ACC0002858,CRM000283,CURRENT,BR008,2020-06-01,ACTIVE,37834.58,INR,N,CORE_BANKING
ACC0002859,CRM000954,SALARY,BR003,2018-11-12,ACTIVE,38851.29,INR,Y,CORE_BANKING
ACC0002860,CRM001588,CURRENT,BR008,2021-06-05,ACTIVE,83022.87,INR,Y,CORE_BANKING
ACC0002861,CRM001356,SALARY,BR004,2016-02-29,ACTIVE,8908.1,INR,Y,CORE_BANKING
ACC0002862,CRM000306,SALARY,BR005,2025-10-27,ACTIVE,10863.34,INR,N,CORE_BANKING
ACC0002863,CRM000953,CURRENT,BR010,2017-04-12,ACTIVE,93772.39,INR,N,CORE_BANKING
ACC0002864,CRM001616,SAVINGS,BR005,2023-07-22,ACTIVE,2836.17,INR,N,CORE_BANKING
ACC0002865,CRM002176,SALARY,BR005,2016-06-03,ACTIVE,7746.63,INR,Y,CORE_BANKING
ACC0002866,CRM001210,CURRENT,BR007,2017-02-17,ACTIVE,20537.53,INR,N,CORE_BANKING
ACC0002867,CRM002130,CURRENT,BR005,2025-04-23,ACTIVE,37613.62,INR,Y,CORE_BANKING
ACC0002868,CRM001328,SALARY,BR008,2023-01-16,ACTIVE,45902.71,INR,N,CORE_BANKING
ACC0002869,CRM003635,SAVINGS,BR009,2020-03-10,ACTIVE,69451.81,INR,Y,CORE_BANKING
ACC0002870,CRM000160,SAVINGS,BR004,2017-06-02,ACTIVE,20684.52,INR,N,CORE_BANKING
ACC0002871,CRM000390,SALARY,BR003,2023-02-07,ACTIVE,13368.11,INR,Y,CORE_BANKING
ACC0002872,CRM003630,SALARY,BR010,2017-04-04,ACTIVE,290892.89,INR,N,CORE_BANKING
ACC0002873,CRM003130,SAVINGS,BR004,2022-01-07,DORMANT,5532.02,INR,N,CORE_BANKING
ACC0002874,CRM003184,SALARY,BR001,2020-04-19,ACTIVE,66682.51,INR,Y,CORE_BANKING
ACC0002875,CRM000609,SALARY,BR005,2018-08-22,ACTIVE,13170.26,INR,N,CORE_BANKING
ACC0002876,CRM001098,SALARY,BR001,2019-02-01,ACTIVE,45308.38,INR,Y,CORE_BANKING
ACC0002877,CRM003578,CURRENT,BR008,2018-01-11,ACTIVE,8330.83,INR,N,CORE_BANKING
ACC0002878,CRM003339,CURRENT,BR010,2023-05-19,ACTIVE,56363.32,INR,N,CORE_BANKING
ACC0002879,CRM001723,CURRENT,BR010,2025-04-26,ACTIVE,73621.24,INR,Y,CORE_BANKING
ACC0002880,CRM001020,SALARY,BR005,2021-08-08,ACTIVE,26991.7,INR,Y,CORE_BANKING
ACC0002881,CRM000577,SAVINGS,BR004,2025-10-17,ACTIVE,34981.47,INR,N,CORE_BANKING
ACC0002882,CRM001237,CURRENT,BR003,2020-08-03,ACTIVE,5056.55,INR,Y,CORE_BANKING
ACC0002883,CRM000159,SALARY,BR004,2018-05-31,ACTIVE,91504.38,INR,Y,CORE_BANKING
ACC0002884,CRM001395,CURRENT,BR002,2025-01-23,ACTIVE,6980.92,INR,Y,CORE_BANKING
ACC0002885,CRM001687,CURRENT,BR008,2021-09-12,ACTIVE,23660.54,INR,N,CORE_BANKING
ACC0002886,CRM000711,SALARY,BR002,2023-02-01,ACTIVE,16621.31,INR,N,CORE_BANKING
ACC0002887,CRM002717,SAVINGS,BR003,2023-02-26,ACTIVE,18916.79,INR,N,CORE_BANKING
ACC0002888,CRM002078,SALARY,BR006,2022-03-22,DORMANT,38720.67,INR,Y,CORE_BANKING
ACC0002889,CRM001633,SALARY,BR004,2021-11-12,ACTIVE,6396.03,INR,Y,CORE_BANKING
ACC0002890,CRM000496,CURRENT,BR006,2020-07-16,ACTIVE,226306.94,INR,N,CORE_BANKING
ACC0002891,CRM003399,CURRENT,BR004,2016-01-20,DORMANT,17577.69,INR,N,CORE_BANKING
ACC0002892,CRM001155,SALARY,BR004,2020-04-15,ACTIVE,8630.07,INR,N,CORE_BANKING
ACC0002893,CRM002056,CURRENT,BR002,2018-01-22,DORMANT,8486.73,INR,N,CORE_BANKING
ACC0002894,CRM001352,CURRENT,BR003,2019-04-14,ACTIVE,122780.72,INR,Y,CORE_BANKING
ACC0002895,CRM000284,SAVINGS,BR008,2019-10-15,ACTIVE,17160.57,INR,N,CORE_BANKING
ACC0002896,CRM003693,CURRENT,BR006,2018-05-22,ACTIVE,41808.48,INR,Y,CORE_BANKING
ACC0002897,CRM000704,SAVINGS,BR002,2018-02-28,ACTIVE,109413.21,INR,Y,CORE_BANKING
ACC0002898,CRM002099,CURRENT,BR001,2018-05-20,ACTIVE,37787.26,INR,Y,CORE_BANKING
ACC0002899,CRM003055,SALARY,BR002,2023-11-05,ACTIVE,34836.57,INR,N,CORE_BANKING
ACC0002900,CRM001064,SAVINGS,BR006,2020-10-26,ACTIVE,43085.12,INR,N,CORE_BANKING
ACC0002901,CRM002404,CURRENT,BR004,2019-02-22,ACTIVE,55600.35,INR,Y,CORE_BANKING
ACC0002902,CRM002544,SALARY,BR003,2021-11-22,ACTIVE,29962.47,INR,Y,CORE_BANKING
ACC0002903,CRM000215,SALARY,BR002,2018-08-15,ACTIVE,16045.15,INR,Y,CORE_BANKING
ACC0002904,CRM000935,SAVINGS,BR007,2025-05-05,ACTIVE,15103.59,INR,Y,CORE_BANKING
ACC0002905,CRM003653,SALARY,BR005,2021-06-07,DORMANT,73566.91,INR,N,CORE_BANKING
ACC0002906,CRM003526,CURRENT,BR001,2016-12-29,CLOSED,35403.91,INR,Y,CORE_BANKING
ACC0002907,CRM002991,CURRENT,BR004,2021-01-25,ACTIVE,4040.35,INR,Y,CORE_BANKING
ACC0002908,CRM001261,CURRENT,BR004,2025-10-11,ACTIVE,12496.07,INR,Y,CORE_BANKING
ACC0002909,CRM001806,SAVINGS,BR008,2019-06-11,ACTIVE,13597.06,INR,N,CORE_BANKING
ACC0002910,CRM000007,CURRENT,BR003,2024-10-14,ACTIVE,34979.35,INR,Y,CORE_BANKING
ACC0002911,CRM001221,SALARY,BR005,2019-06-02,ACTIVE,12527.97,INR,N,CORE_BANKING
ACC0002912,CRM000908,SALARY,BR007,2025-02-08,ACTIVE,14277.81,INR,N,CORE_BANKING
ACC0002913,CRM002941,SALARY,BR007,2017-03-31,ACTIVE,139211.06,INR,N,CORE_BANKING
ACC0002914,CRM002282,SAVINGS,BR006,2016-08-06,ACTIVE,20596.6,INR,Y,CORE_BANKING
ACC0002915,CRM002694,SALARY,BR006,2023-12-13,ACTIVE,10851.29,INR,Y,CORE_BANKING
ACC0002916,CRM003292,SALARY,BR008,2017-08-06,ACTIVE,49653.66,INR,N,CORE_BANKING
ACC0002917,CRM002035,CURRENT,BR008,2023-03-06,ACTIVE,45547.91,INR,Y,CORE_BANKING
ACC0002918,CRM002185,CURRENT,BR009,2017-02-16,CLOSED,11170.61,INR,Y,CORE_BANKING
ACC0002919,CRM001681,SALARY,BR010,2017-07-24,ACTIVE,6636.59,INR,N,CORE_BANKING
ACC0002920,CRM002646,SALARY,BR010,2016-03-14,ACTIVE,134933.74,INR,Y,CORE_BANKING
ACC0002921,CRM001885,CURRENT,BR001,2018-10-31,ACTIVE,63462.03,INR,N,CORE_BANKING
ACC0002922,CRM002014,CURRENT,BR008,2018-10-23,ACTIVE,36440.43,INR,Y,CORE_BANKING
ACC0002923,CRM003420,SALARY,BR003,2021-12-14,CLOSED,12410.43,INR,Y,CORE_BANKING
ACC0002924,CRM000083,SALARY,BR002,2016-04-27,ACTIVE,1216.72,INR,Y,CORE_BANKING
ACC0002925,CRM003701,SALARY,BR007,2024-02-02,ACTIVE,17086.78,INR,Y,CORE_BANKING
ACC0002926,CRM003994,SALARY,BR006,2016-04-15,ACTIVE,28212.02,INR,Y,CORE_BANKING
ACC0002927,CRM000888,SALARY,BR009,2024-08-07,ACTIVE,16278.75,INR,Y,CORE_BANKING
ACC0002928,CRM002022,SAVINGS,BR009,2019-06-30,ACTIVE,15956.69,INR,Y,CORE_BANKING
ACC0002929,CRM000264,SALARY,BR004,2024-05-06,ACTIVE,36594.78,INR,N,CORE_BANKING
ACC0002930,CRM000681,CURRENT,BR002,2018-03-29,ACTIVE,23213.86,INR,Y,CORE_BANKING
ACC0002931,CRM002474,CURRENT,BR004,2022-09-26,ACTIVE,224222.5,INR,N,CORE_BANKING
ACC0002932,CRM000870,SAVINGS,BR007,2019-05-22,ACTIVE,12625.93,INR,Y,CORE_BANKING
ACC0002933,CRM003198,CURRENT,BR001,2024-06-01,ACTIVE,127945.61,INR,N,CORE_BANKING
ACC0002934,CRM002505,SALARY,BR003,2023-03-18,ACTIVE,8901.11,INR,Y,CORE_BANKING
ACC0002935,CRM000252,SAVINGS,BR001,2019-01-24,DORMANT,43092.0,INR,Y,CORE_BANKING
ACC0002936,CRM000309,CURRENT,BR007,2022-08-09,ACTIVE,24098.27,INR,Y,CORE_BANKING
ACC0002937,CRM000792,SAVINGS,BR004,2024-06-03,ACTIVE,11676.84,INR,N,CORE_BANKING
ACC0002938,CRM000698,CURRENT,BR006,2019-05-13,ACTIVE,117259.68,INR,Y,CORE_BANKING
ACC0002939,CRM000835,CURRENT,BR003,2023-06-30,ACTIVE,12365.73,INR,N,CORE_BANKING
ACC0002940,CRM000330,SAVINGS,BR009,2017-06-04,ACTIVE,85455.04,INR,Y,CORE_BANKING
ACC0002941,CRM002004,SAVINGS,BR010,2018-11-21,ACTIVE,17512.15,INR,N,CORE_BANKING
ACC0002942,CRM002286,SALARY,BR003,2020-10-31,CLOSED,135969.63,INR,Y,CORE_BANKING
ACC0002943,CRM003087,SALARY,BR006,2025-03-17,ACTIVE,5159.93,INR,Y,CORE_BANKING
ACC0002944,CRM003299,SAVINGS,BR005,2023-04-04,ACTIVE,8827.72,INR,N,CORE_BANKING
ACC0002945,CRM000620,CURRENT,BR004,2021-08-10,ACTIVE,131712.55,INR,Y,CORE_BANKING
ACC0002946,CRM001058,CURRENT,BR009,2018-11-18,ACTIVE,220437.96,INR,N,CORE_BANKING
ACC0002947,CRM001753,CURRENT,BR009,2024-11-01,ACTIVE,8987.85,INR,N,CORE_BANKING
ACC0002948,CRM001731,SAVINGS,BR001,2020-06-10,ACTIVE,32279.88,INR,Y,CORE_BANKING
ACC0002949,CRM002906,CURRENT,BR007,2026-04-05,CLOSED,38308.36,INR,Y,CORE_BANKING
ACC0002950,CRM003602,SALARY,BR010,2017-01-01,CLOSED,12017.33,INR,Y,CORE_BANKING
ACC0002951,CRM003564,SALARY,BR001,2022-01-20,ACTIVE,15616.53,INR,Y,CORE_BANKING
ACC0002952,CRM001750,SALARY,BR004,2020-12-09,DORMANT,190475.81,INR,Y,CORE_BANKING
ACC0002953,CRM003181,CURRENT,BR001,2022-06-02,ACTIVE,53461.68,INR,Y,CORE_BANKING
ACC0002954,CRM003601,SALARY,BR001,2020-02-23,ACTIVE,12014.61,INR,N,CORE_BANKING
ACC0002955,CRM001066,SALARY,BR007,2026-03-16,ACTIVE,8331.81,INR,N,CORE_BANKING
ACC0002956,CRM002110,SALARY,BR004,2020-09-01,ACTIVE,23385.88,INR,N,CORE_BANKING
ACC0002957,CRM003906,SALARY,BR006,2022-05-07,DORMANT,13313.06,INR,Y,CORE_BANKING
ACC0002958,CRM001382,SAVINGS,BR005,2025-02-20,ACTIVE,4867.07,INR,N,CORE_BANKING
ACC0002959,CRM003917,CURRENT,BR010,2017-09-09,ACTIVE,139440.56,INR,N,CORE_BANKING
ACC0002960,CRM003437,SAVINGS,BR005,2021-12-30,ACTIVE,57860.75,INR,Y,CORE_BANKING
ACC0002961,CRM002286,SAVINGS,BR006,2025-03-09,ACTIVE,45062.65,INR,Y,CORE_BANKING
ACC0002962,CRM000327,SALARY,BR005,2025-07-13,DORMANT,37611.91,INR,N,CORE_BANKING
ACC0002963,CRM000273,SALARY,BR007,2020-07-02,CLOSED,16264.79,INR,N,CORE_BANKING
ACC0002964,CRM002458,SAVINGS,BR010,2019-07-03,ACTIVE,32343.58,INR,N,CORE_BANKING
ACC0002965,CRM000950,CURRENT,BR001,2018-07-17,ACTIVE,10930.15,INR,N,CORE_BANKING
ACC0002966,CRM001867,SAVINGS,BR008,2017-01-16,ACTIVE,72005.4,INR,N,CORE_BANKING
ACC0002967,CRM003342,CURRENT,BR010,2024-11-24,ACTIVE,31690.26,INR,N,CORE_BANKING
ACC0002968,CRM003492,SALARY,BR008,2017-05-19,CLOSED,30430.55,INR,Y,CORE_BANKING
ACC0002969,CRM003865,CURRENT,BR009,2026-03-18,ACTIVE,51095.56,INR,Y,CORE_BANKING
ACC0002970,CRM000138,SAVINGS,BR008,2022-05-24,ACTIVE,103264.14,INR,N,CORE_BANKING
ACC0002971,CRM001893,CURRENT,BR007,2020-04-08,ACTIVE,29398.4,INR,N,CORE_BANKING
ACC0002972,CRM000711,SALARY,BR005,2024-06-10,ACTIVE,10327.78,INR,Y,CORE_BANKING
ACC0002973,CRM001976,SALARY,BR002,2017-03-02,ACTIVE,31403.38,INR,N,CORE_BANKING
ACC0002974,CRM003030,SALARY,BR008,2024-08-13,ACTIVE,40980.44,INR,N,CORE_BANKING
ACC0002975,CRM002629,SAVINGS,BR002,2016-07-03,ACTIVE,45354.42,INR,N,CORE_BANKING
ACC0002976,CRM000794,SAVINGS,BR001,2023-08-26,CLOSED,43672.72,INR,N,CORE_BANKING
ACC0002977,CRM003728,SAVINGS,BR010,2022-01-02,DORMANT,32463.13,INR,Y,CORE_BANKING
ACC0002978,CRM001300,SAVINGS,BR009,2021-08-16,ACTIVE,80098.22,INR,N,CORE_BANKING
ACC0002979,CRM002050,SALARY,BR007,2018-11-27,ACTIVE,48600.16,INR,N,CORE_BANKING
ACC0002980,CRM002095,SAVINGS,BR002,2019-12-11,ACTIVE,42876.16,INR,N,CORE_BANKING
ACC0002981,CRM000889,SALARY,BR010,2019-04-21,ACTIVE,9196.42,INR,N,CORE_BANKING
ACC0002982,CRM001174,SALARY,BR010,2016-12-13,ACTIVE,15112.79,INR,Y,CORE_BANKING
ACC0002983,CRM002744,SAVINGS,BR007,2018-09-27,ACTIVE,22810.24,INR,N,CORE_BANKING
ACC0002984,CRM001972,SAVINGS,BR008,2019-05-30,ACTIVE,48134.57,INR,Y,CORE_BANKING
ACC0002985,CRM002551,SAVINGS,BR010,2017-08-24,ACTIVE,2687.83,INR,Y,CORE_BANKING
ACC0002986,CRM002457,SAVINGS,BR005,2019-12-12,ACTIVE,48739.43,INR,N,CORE_BANKING
ACC0002987,CRM003677,CURRENT,BR006,2025-06-20,ACTIVE,25425.97,INR,Y,CORE_BANKING
ACC0002988,CRM000749,SAVINGS,BR006,2019-05-21,ACTIVE,83186.78,INR,N,CORE_BANKING
ACC0002989,CRM000229,CURRENT,BR005,2022-03-09,ACTIVE,72106.67,INR,Y,CORE_BANKING
ACC0002990,CRM002907,SAVINGS,BR005,2021-01-21,ACTIVE,14401.53,INR,Y,CORE_BANKING
ACC0002991,CRM001445,SAVINGS,BR003,2016-02-10,ACTIVE,88006.78,INR,Y,CORE_BANKING
ACC0002992,CRM002289,CURRENT,BR005,2018-11-17,ACTIVE,73726.75,INR,N,CORE_BANKING
ACC0002993,CRM002715,SAVINGS,BR002,2017-02-21,ACTIVE,62664.49,INR,N,CORE_BANKING
ACC0002994,CRM003143,CURRENT,BR008,2024-11-17,ACTIVE,35973.7,INR,Y,CORE_BANKING
ACC0002995,CRM001026,SAVINGS,BR001,2021-06-04,ACTIVE,19943.77,INR,N,CORE_BANKING
ACC0002996,CRM001532,SALARY,BR002,2018-12-02,ACTIVE,41039.21,INR,N,CORE_BANKING
ACC0002997,CRM000885,SAVINGS,BR003,2025-12-16,ACTIVE,6057.69,INR,Y,CORE_BANKING
ACC0002998,CRM003857,SALARY,BR002,2023-11-17,ACTIVE,16619.92,INR,N,CORE_BANKING
ACC0002999,CRM002257,CURRENT,BR003,2016-08-26,ACTIVE,27727.62,INR,Y,CORE_BANKING
ACC0003000,CRM002114,CURRENT,BR010,2026-03-29,ACTIVE,165853.66,INR,N,CORE_BANKING
ACC0003001,CRM000223,SALARY,BR007,2024-03-10,ACTIVE,5797.19,INR,Y,CORE_BANKING
ACC0003002,CRM003622,CURRENT,BR003,2020-05-03,ACTIVE,35612.65,INR,N,CORE_BANKING
ACC0003003,CRM003510,SAVINGS,BR006,2020-09-27,ACTIVE,281632.32,INR,N,CORE_BANKING
ACC0003004,CRM000821,CURRENT,BR005,2023-01-12,ACTIVE,43432.97,INR,Y,CORE_BANKING
ACC0003005,CRM001100,SALARY,BR002,2026-04-20,ACTIVE,69487.55,INR,N,CORE_BANKING
ACC0003006,CRM000332,CURRENT,BR003,2018-05-16,ACTIVE,416768.95,INR,N,CORE_BANKING
ACC0003007,CRM002876,CURRENT,BR007,2017-09-26,DORMANT,25552.73,INR,N,CORE_BANKING
ACC0003008,CRM003284,SAVINGS,BR003,2020-06-05,ACTIVE,16720.29,INR,Y,CORE_BANKING
ACC0003009,CRM002060,CURRENT,BR004,2016-06-03,ACTIVE,159715.68,INR,Y,CORE_BANKING
ACC0003010,CRM002131,CURRENT,BR008,2026-05-23,CLOSED,21167.51,INR,Y,CORE_BANKING
ACC0003011,CRM001319,SALARY,BR005,2022-07-12,DORMANT,46838.73,INR,N,CORE_BANKING
ACC0003012,CRM002058,SAVINGS,BR006,2023-03-16,ACTIVE,23631.73,INR,N,CORE_BANKING
ACC0003013,CRM003775,CURRENT,BR002,2016-05-13,ACTIVE,14971.05,INR,Y,CORE_BANKING
ACC0003014,CRM003311,CURRENT,BR010,2017-02-10,CLOSED,42462.25,INR,N,CORE_BANKING
ACC0003015,CRM001940,SALARY,BR003,2021-09-28,ACTIVE,631689.79,INR,N,CORE_BANKING
ACC0003016,CRM002634,CURRENT,BR001,2023-06-05,ACTIVE,37491.2,INR,N,CORE_BANKING
ACC0003017,CRM002362,CURRENT,BR001,2020-08-16,ACTIVE,14546.63,INR,N,CORE_BANKING
ACC0003018,CRM001218,SALARY,BR010,2017-07-26,ACTIVE,60799.62,INR,Y,CORE_BANKING
ACC0003019,CRM001319,SALARY,BR010,2021-06-25,ACTIVE,102285.9,INR,Y,CORE_BANKING
ACC0003020,CRM000776,SAVINGS,BR010,2023-01-12,ACTIVE,9465.43,INR,Y,CORE_BANKING
ACC0003021,CRM002419,CURRENT,BR010,2021-06-20,ACTIVE,15111.48,INR,N,CORE_BANKING
ACC0003022,CRM000700,CURRENT,BR010,2020-05-09,ACTIVE,11447.84,INR,Y,CORE_BANKING
ACC0003023,CRM000929,SAVINGS,BR006,2022-12-22,ACTIVE,47782.6,INR,Y,CORE_BANKING
ACC0003024,CRM003728,SAVINGS,BR005,2016-05-10,DORMANT,42194.34,INR,Y,CORE_BANKING
ACC0003025,CRM002575,SAVINGS,BR009,2016-12-17,ACTIVE,71766.45,INR,N,CORE_BANKING
ACC0003026,CRM002744,SAVINGS,BR006,2017-04-22,ACTIVE,38659.41,INR,N,CORE_BANKING
ACC0003027,CRM002077,CURRENT,BR005,2024-03-01,DORMANT,15600.4,INR,Y,CORE_BANKING
ACC0003028,CRM003034,SALARY,BR009,2024-10-08,DORMANT,152517.8,INR,Y,CORE_BANKING
ACC0003029,CRM002225,SALARY,BR001,2025-11-29,ACTIVE,43055.82,INR,Y,CORE_BANKING
ACC0003030,CRM002628,SALARY,BR004,2026-05-24,ACTIVE,42491.09,INR,Y,CORE_BANKING
ACC0003031,CRM000747,SAVINGS,BR002,2017-11-29,CLOSED,35508.75,INR,N,CORE_BANKING
ACC0003032,CRM001292,CURRENT,BR007,2024-07-21,ACTIVE,24199.8,INR,Y,CORE_BANKING
ACC0003033,CRM002356,CURRENT,BR004,2023-09-05,ACTIVE,30831.06,INR,N,CORE_BANKING
ACC0003034,CRM003825,CURRENT,BR010,2019-01-30,ACTIVE,42046.13,INR,Y,CORE_BANKING
ACC0003035,CRM000801,SAVINGS,BR004,2019-01-19,ACTIVE,15380.95,INR,N,CORE_BANKING
ACC0003036,CRM002474,SAVINGS,BR007,2016-02-09,ACTIVE,16940.03,INR,Y,CORE_BANKING
ACC0003037,CRM000283,SAVINGS,BR002,2018-07-23,ACTIVE,12454.0,INR,Y,CORE_BANKING
ACC0003038,CRM001893,CURRENT,BR007,2018-05-27,DORMANT,41408.19,INR,Y,CORE_BANKING
ACC0003039,CRM000268,CURRENT,BR007,2024-04-21,ACTIVE,65253.76,INR,Y,CORE_BANKING
ACC0003040,CRM002503,CURRENT,BR003,2023-04-30,ACTIVE,29055.77,INR,N,CORE_BANKING
ACC0003041,CRM002509,SALARY,BR010,2017-12-16,ACTIVE,23780.03,INR,N,CORE_BANKING
ACC0003042,CRM003102,CURRENT,BR008,2019-12-20,DORMANT,86088.09,INR,Y,CORE_BANKING
ACC0003043,CRM000498,SAVINGS,BR006,2016-11-23,ACTIVE,37393.3,INR,Y,CORE_BANKING
ACC0003044,CRM000169,SAVINGS,BR008,2020-08-16,ACTIVE,18110.77,INR,Y,CORE_BANKING
ACC0003045,CRM000472,SAVINGS,BR001,2025-06-18,ACTIVE,160806.5,INR,Y,CORE_BANKING
ACC0003046,CRM003965,CURRENT,BR003,2018-08-28,ACTIVE,47754.11,INR,Y,CORE_BANKING
ACC0003047,CRM000496,SALARY,BR001,2018-04-23,ACTIVE,18984.39,INR,N,CORE_BANKING
ACC0003048,CRM001967,SALARY,BR002,2017-06-29,ACTIVE,18125.44,INR,N,CORE_BANKING
ACC0003049,CRM000215,SAVINGS,BR003,2021-06-03,ACTIVE,59087.56,INR,N,CORE_BANKING
ACC0003050,CRM000847,SAVINGS,BR007,2020-03-12,ACTIVE,60621.75,INR,Y,CORE_BANKING
ACC0003051,CRM003632,CURRENT,BR010,2025-03-27,ACTIVE,10082.01,INR,N,CORE_BANKING
ACC0003052,CRM001682,CURRENT,BR001,2026-01-10,ACTIVE,43258.32,INR,Y,CORE_BANKING
ACC0003053,CRM003543,CURRENT,BR004,2023-02-18,ACTIVE,16507.02,INR,N,CORE_BANKING
ACC0003054,CRM002437,CURRENT,BR010,2022-03-11,ACTIVE,27926.98,INR,N,CORE_BANKING
ACC0003055,CRM001186,CURRENT,BR001,2022-05-27,DORMANT,94514.61,INR,N,CORE_BANKING
ACC0003056,CRM003112,CURRENT,BR005,2025-09-09,ACTIVE,34484.18,INR,Y,CORE_BANKING
ACC0003057,CRM000275,SAVINGS,BR005,2018-01-13,ACTIVE,10334.61,INR,Y,CORE_BANKING
ACC0003058,CRM001556,SAVINGS,BR006,2021-10-04,ACTIVE,15543.82,INR,Y,CORE_BANKING
ACC0003059,CRM001149,CURRENT,BR006,2025-05-27,DORMANT,26360.42,INR,N,CORE_BANKING
ACC0003060,CRM001387,SAVINGS,BR006,2025-07-26,ACTIVE,68221.33,INR,N,CORE_BANKING
ACC0003061,CRM002035,CURRENT,BR004,2022-12-24,ACTIVE,113613.21,INR,N,CORE_BANKING
ACC0003062,CRM000609,CURRENT,BR003,2017-07-29,ACTIVE,20322.93,INR,N,CORE_BANKING
ACC0003063,CRM003547,SAVINGS,BR008,2018-11-24,ACTIVE,77896.8,INR,N,CORE_BANKING
ACC0003064,CRM000845,SAVINGS,BR002,2024-07-11,ACTIVE,38061.0,INR,Y,CORE_BANKING
ACC0003065,CRM000161,SAVINGS,BR005,2018-03-26,ACTIVE,78160.95,INR,Y,CORE_BANKING
ACC0003066,CRM001058,SALARY,BR002,2025-03-22,ACTIVE,16302.54,INR,Y,CORE_BANKING
ACC0003067,CRM003001,CURRENT,BR004,2022-07-20,ACTIVE,35013.52,INR,Y,CORE_BANKING
ACC0003068,CRM000229,SALARY,BR009,2022-02-23,ACTIVE,1754.82,INR,N,CORE_BANKING
ACC0003069,CRM001456,SAVINGS,BR007,2018-02-22,ACTIVE,48220.87,INR,N,CORE_BANKING
ACC0003070,CRM001149,CURRENT,BR008,2022-07-06,ACTIVE,14745.24,INR,Y,CORE_BANKING
ACC0003071,CRM000147,CURRENT,BR010,2024-05-22,CLOSED,27021.25,INR,N,CORE_BANKING
ACC0003072,CRM002334,SALARY,BR001,2018-06-22,ACTIVE,18380.79,INR,N,CORE_BANKING
ACC0003073,CRM002807,SAVINGS,BR004,2024-03-21,ACTIVE,35228.52,INR,Y,CORE_BANKING
ACC0003074,CRM003651,CURRENT,BR007,2021-08-23,ACTIVE,25670.93,INR,N,CORE_BANKING
ACC0003075,CRM000722,SAVINGS,BR003,2023-10-06,ACTIVE,22108.23,INR,Y,CORE_BANKING
ACC0003076,CRM002766,SALARY,BR002,2017-04-12,ACTIVE,22409.29,INR,N,CORE_BANKING
ACC0003077,CRM000168,SALARY,BR008,2022-06-03,ACTIVE,12949.68,INR,Y,CORE_BANKING
ACC0003078,CRM001294,CURRENT,BR002,2025-05-21,ACTIVE,33022.71,INR,Y,CORE_BANKING
ACC0003079,CRM000767,SAVINGS,BR006,2024-09-30,ACTIVE,50712.46,INR,Y,CORE_BANKING
ACC0003080,CRM000162,CURRENT,BR007,2019-06-03,ACTIVE,19627.62,INR,N,CORE_BANKING
ACC0003081,CRM000235,CURRENT,BR008,2019-05-13,ACTIVE,73685.44,INR,N,CORE_BANKING
ACC0003082,CRM001949,CURRENT,BR005,2017-09-06,ACTIVE,33440.89,INR,Y,CORE_BANKING
ACC0003083,CRM003043,SAVINGS,BR008,2016-07-28,ACTIVE,12621.17,INR,N,CORE_BANKING
ACC0003084,CRM000605,SAVINGS,BR007,2020-11-08,ACTIVE,14569.48,INR,N,CORE_BANKING
ACC0003085,CRM002929,CURRENT,BR008,2020-04-22,ACTIVE,165116.75,INR,Y,CORE_BANKING
ACC0003086,CRM002560,SAVINGS,BR006,2025-10-29,ACTIVE,15605.39,INR,Y,CORE_BANKING
ACC0003087,CRM002512,CURRENT,BR002,2016-08-06,ACTIVE,34052.9,INR,Y,CORE_BANKING
ACC0003088,CRM000936,SAVINGS,BR001,2024-02-21,ACTIVE,7264.31,INR,Y,CORE_BANKING
ACC0003089,CRM000167,CURRENT,BR004,2017-12-26,ACTIVE,85809.17,INR,Y,CORE_BANKING
ACC0003090,CRM002926,SAVINGS,BR010,2020-08-24,ACTIVE,9687.28,INR,Y,CORE_BANKING
ACC0003091,CRM000084,SAVINGS,BR008,2024-06-14,ACTIVE,32845.53,INR,N,CORE_BANKING
ACC0003092,CRM001195,SAVINGS,BR004,2017-01-10,ACTIVE,35629.55,INR,N,CORE_BANKING
ACC0003093,CRM003135,SALARY,BR002,2023-07-01,ACTIVE,21153.38,INR,Y,CORE_BANKING
ACC0003094,CRM001157,SALARY,BR009,2023-10-08,ACTIVE,27305.41,INR,Y,CORE_BANKING
ACC0003095,CRM001447,SAVINGS,BR006,2019-03-29,ACTIVE,132452.36,INR,Y,CORE_BANKING
ACC0003096,CRM000916,SAVINGS,BR007,2018-01-04,ACTIVE,8259.76,INR,Y,CORE_BANKING
ACC0003097,CRM001907,CURRENT,BR004,2023-05-18,CLOSED,8591.25,INR,Y,CORE_BANKING
ACC0003098,CRM003462,SALARY,BR003,2018-08-17,ACTIVE,316443.42,INR,N,CORE_BANKING
ACC0003099,CRM002564,SAVINGS,BR008,2025-02-11,ACTIVE,18071.23,INR,Y,CORE_BANKING
ACC0003100,CRM000926,CURRENT,BR002,2016-12-18,ACTIVE,6481.81,INR,Y,CORE_BANKING
ACC0003101,CRM000975,SALARY,BR005,2022-01-21,ACTIVE,33925.99,INR,Y,CORE_BANKING
ACC0003102,CRM002696,CURRENT,BR005,2024-10-23,ACTIVE,2621.29,INR,Y,CORE_BANKING
ACC0003103,CRM001191,CURRENT,BR006,2018-01-24,ACTIVE,37251.23,INR,Y,CORE_BANKING
ACC0003104,CRM002100,SAVINGS,BR004,2026-01-08,ACTIVE,11081.4,INR,Y,CORE_BANKING
ACC0003105,CRM002906,SALARY,BR005,2023-12-24,ACTIVE,26163.98,INR,Y,CORE_BANKING
ACC0003106,CRM002762,CURRENT,BR009,2017-04-17,ACTIVE,55602.94,INR,Y,CORE_BANKING
ACC0003107,CRM002613,SALARY,BR002,2021-02-20,ACTIVE,18139.31,INR,N,CORE_BANKING
ACC0003108,CRM000975,SAVINGS,BR008,2022-09-30,ACTIVE,37186.85,INR,N,CORE_BANKING
ACC0003109,CRM000046,CURRENT,BR001,2019-10-18,CLOSED,107151.56,INR,Y,CORE_BANKING
ACC0003110,CRM002287,CURRENT,BR010,2021-10-03,ACTIVE,70866.36,INR,Y,CORE_BANKING
ACC0003111,CRM000534,CURRENT,BR006,2026-01-14,DORMANT,523429.2,INR,Y,CORE_BANKING
ACC0003112,CRM003857,SAVINGS,BR004,2018-01-22,DORMANT,10861.95,INR,N,CORE_BANKING
ACC0003113,CRM000542,SAVINGS,BR006,2018-03-25,DORMANT,28831.85,INR,N,CORE_BANKING
ACC0003114,CRM002850,SAVINGS,BR003,2018-09-26,DORMANT,8650.77,INR,Y,CORE_BANKING
ACC0003115,CRM003748,SAVINGS,BR007,2022-08-10,ACTIVE,12616.51,INR,N,CORE_BANKING
ACC0003116,CRM000539,SAVINGS,BR001,2021-11-21,ACTIVE,30387.25,INR,N,CORE_BANKING
ACC0003117,CRM001949,SAVINGS,BR010,2016-03-25,ACTIVE,300876.53,INR,Y,CORE_BANKING
ACC0003118,CRM002024,SAVINGS,BR009,2025-10-07,ACTIVE,29306.04,INR,Y,CORE_BANKING
ACC0003119,CRM003674,SAVINGS,BR003,2023-08-05,ACTIVE,46510.77,INR,Y,CORE_BANKING
ACC0003120,CRM001284,SALARY,BR006,2025-03-28,ACTIVE,10189.98,INR,Y,CORE_BANKING
ACC0003121,CRM001260,SAVINGS,BR009,2021-12-23,ACTIVE,29077.29,INR,N,CORE_BANKING
ACC0003122,CRM000177,SALARY,BR010,2017-11-21,ACTIVE,37773.62,INR,N,CORE_BANKING
ACC0003123,CRM002492,SAVINGS,BR007,2019-01-14,ACTIVE,7759.1,INR,N,CORE_BANKING
ACC0003124,CRM003759,SAVINGS,BR009,2024-03-01,ACTIVE,39321.71,INR,N,CORE_BANKING
ACC0003125,CRM003299,SALARY,BR006,2020-04-24,ACTIVE,76089.73,INR,N,CORE_BANKING
ACC0003126,CRM000845,SALARY,BR002,2025-10-08,ACTIVE,18715.62,INR,Y,CORE_BANKING
ACC0003127,CRM001313,SAVINGS,BR009,2024-10-20,ACTIVE,24642.11,INR,N,CORE_BANKING
ACC0003128,CRM001716,CURRENT,BR006,2022-12-04,ACTIVE,46364.73,INR,Y,CORE_BANKING
ACC0003129,CRM000863,CURRENT,BR003,2024-02-08,DORMANT,10318.9,INR,Y,CORE_BANKING
ACC0003130,CRM001233,SAVINGS,BR009,2019-04-03,ACTIVE,87900.81,INR,Y,CORE_BANKING
ACC0003131,CRM000548,SALARY,BR010,2026-05-15,ACTIVE,34404.09,INR,Y,CORE_BANKING
ACC0003132,CRM002175,SALARY,BR004,2018-10-22,ACTIVE,38624.75,INR,Y,CORE_BANKING
ACC0003133,CRM002495,CURRENT,BR002,2025-09-09,ACTIVE,6217.97,INR,N,CORE_BANKING
ACC0003134,CRM001592,CURRENT,BR005,2020-01-03,CLOSED,56649.73,INR,N,CORE_BANKING
ACC0003135,CRM000008,SALARY,BR007,2018-12-30,ACTIVE,6155.52,INR,N,CORE_BANKING
ACC0003136,CRM001197,CURRENT,BR008,2021-03-06,ACTIVE,22751.08,INR,N,CORE_BANKING
ACC0003137,CRM001587,CURRENT,BR002,2023-08-21,ACTIVE,12275.56,INR,Y,CORE_BANKING
ACC0003138,CRM001378,SAVINGS,BR008,2023-06-12,ACTIVE,13799.15,INR,N,CORE_BANKING
ACC0003139,CRM002353,SALARY,BR002,2016-11-16,ACTIVE,26922.36,INR,Y,CORE_BANKING
ACC0003140,CRM003688,CURRENT,BR003,2025-01-29,ACTIVE,21961.26,INR,Y,CORE_BANKING
ACC0003141,CRM002978,SALARY,BR002,2025-09-10,ACTIVE,11385.71,INR,N,CORE_BANKING
ACC0003142,CRM002253,CURRENT,BR010,2019-05-11,ACTIVE,57759.18,INR,N,CORE_BANKING
ACC0003143,CRM001136,SALARY,BR006,2021-05-29,ACTIVE,7954.6,INR,N,CORE_BANKING
ACC0003144,CRM002549,SALARY,BR005,2016-08-12,ACTIVE,33930.24,INR,Y,CORE_BANKING
ACC0003145,CRM001937,CURRENT,BR001,2024-08-25,DORMANT,26450.0,INR,Y,CORE_BANKING
ACC0003146,CRM001083,CURRENT,BR002,2024-02-01,ACTIVE,16363.0,INR,Y,CORE_BANKING
ACC0003147,CRM001771,CURRENT,BR002,2025-10-08,ACTIVE,16550.78,INR,N,CORE_BANKING
ACC0003148,CRM001205,SALARY,BR001,2020-05-14,ACTIVE,57671.33,INR,N,CORE_BANKING
ACC0003149,CRM003096,SAVINGS,BR001,2017-06-06,ACTIVE,70489.91,INR,Y,CORE_BANKING
ACC0003150,CRM001806,SALARY,BR005,2019-08-24,ACTIVE,41100.94,INR,N,CORE_BANKING
ACC0003151,CRM000077,CURRENT,BR009,2023-05-07,ACTIVE,270749.69,INR,N,CORE_BANKING
ACC0003152,CRM001794,SAVINGS,BR002,2023-08-04,ACTIVE,44655.13,INR,N,CORE_BANKING
ACC0003153,CRM003448,SAVINGS,BR009,2019-12-04,ACTIVE,6774.88,INR,Y,CORE_BANKING
ACC0003154,CRM002969,SALARY,BR004,2018-06-03,DORMANT,14286.34,INR,Y,CORE_BANKING
ACC0003155,CRM000845,SALARY,BR002,2020-06-26,ACTIVE,4576.98,INR,N,CORE_BANKING
ACC0003156,CRM001903,CURRENT,BR008,2024-02-04,ACTIVE,7733.05,INR,N,CORE_BANKING
ACC0003157,CRM003077,SALARY,BR009,2017-12-20,ACTIVE,107127.41,INR,Y,CORE_BANKING
ACC0003158,CRM003597,CURRENT,BR001,2020-05-09,ACTIVE,27372.82,INR,N,CORE_BANKING
ACC0003159,CRM001319,SAVINGS,BR002,2026-03-12,CLOSED,13044.22,INR,Y,CORE_BANKING
ACC0003160,CRM001624,SAVINGS,BR009,2019-07-13,ACTIVE,9293.22,INR,Y,CORE_BANKING
ACC0003161,CRM002585,SALARY,BR001,2018-03-27,ACTIVE,80195.23,INR,Y,CORE_BANKING
ACC0003162,CRM001937,CURRENT,BR005,2024-02-22,CLOSED,9559.06,INR,Y,CORE_BANKING
ACC0003163,CRM000088,CURRENT,BR005,2024-12-03,ACTIVE,41346.4,INR,N,CORE_BANKING
ACC0003164,CRM003886,SAVINGS,BR010,2022-07-03,ACTIVE,45825.48,INR,N,CORE_BANKING
ACC0003165,CRM003266,SALARY,BR009,2018-06-10,ACTIVE,37482.46,INR,N,CORE_BANKING
ACC0003166,CRM003907,CURRENT,BR003,2024-03-02,ACTIVE,8665.49,INR,N,CORE_BANKING
ACC0003167,CRM003873,SALARY,BR007,2026-04-21,ACTIVE,53881.36,INR,Y,CORE_BANKING
ACC0003168,CRM002389,CURRENT,BR009,2021-11-18,ACTIVE,6383.54,INR,N,CORE_BANKING
ACC0003169,CRM003647,CURRENT,BR009,2024-11-13,ACTIVE,6563.61,INR,Y,CORE_BANKING
ACC0003170,CRM002373,SALARY,BR009,2021-08-14,ACTIVE,74163.64,INR,N,CORE_BANKING
ACC0003171,CRM001833,SAVINGS,BR002,2025-02-14,ACTIVE,15907.44,INR,Y,CORE_BANKING
ACC0003172,CRM000428,SALARY,BR006,2022-09-20,CLOSED,16526.59,INR,N,CORE_BANKING
ACC0003173,CRM001284,CURRENT,BR008,2024-03-19,ACTIVE,91957.11,INR,Y,CORE_BANKING
ACC0003174,CRM002750,SAVINGS,BR008,2023-11-06,ACTIVE,23939.65,INR,Y,CORE_BANKING
ACC0003175,CRM000061,SALARY,BR009,2020-09-14,DORMANT,11268.33,INR,Y,CORE_BANKING
ACC0003176,CRM000456,SALARY,BR001,2019-11-17,ACTIVE,8898.54,INR,Y,CORE_BANKING
ACC0003177,CRM001529,CURRENT,BR006,2024-08-30,ACTIVE,7174.04,INR,Y,CORE_BANKING
ACC0003178,CRM000912,CURRENT,BR010,2020-09-08,ACTIVE,52435.98,INR,Y,CORE_BANKING
ACC0003179,CRM002454,SAVINGS,BR009,2020-11-07,ACTIVE,99904.24,INR,Y,CORE_BANKING
ACC0003180,CRM003486,SAVINGS,BR003,2016-05-05,ACTIVE,61168.66,INR,Y,CORE_BANKING
ACC0003181,CRM001862,SALARY,BR003,2024-06-06,ACTIVE,14938.64,INR,N,CORE_BANKING
ACC0003182,CRM003195,SALARY,BR010,2022-01-19,ACTIVE,118730.5,INR,N,CORE_BANKING
ACC0003183,CRM003175,CURRENT,BR008,2021-06-30,ACTIVE,15777.98,INR,N,CORE_BANKING
ACC0003184,CRM000017,CURRENT,BR001,2024-10-07,ACTIVE,43782.87,INR,Y,CORE_BANKING
ACC0003185,CRM000728,CURRENT,BR005,2016-04-30,ACTIVE,28352.17,INR,N,CORE_BANKING
ACC0003186,CRM001451,SAVINGS,BR009,2019-08-26,CLOSED,15699.84,INR,N,CORE_BANKING
ACC0003187,CRM002967,SAVINGS,BR005,2019-07-05,DORMANT,59269.97,INR,N,CORE_BANKING
ACC0003188,CRM000846,SAVINGS,BR005,2017-02-13,ACTIVE,11962.56,INR,Y,CORE_BANKING
ACC0003189,CRM000228,CURRENT,BR008,2023-08-16,ACTIVE,32802.59,INR,Y,CORE_BANKING
ACC0003190,CRM001323,CURRENT,BR010,2016-09-29,ACTIVE,28514.71,INR,N,CORE_BANKING
ACC0003191,CRM001622,SAVINGS,BR009,2019-08-20,ACTIVE,41874.0,INR,Y,CORE_BANKING
ACC0003192,CRM002520,SAVINGS,BR002,2022-01-02,ACTIVE,122391.58,INR,Y,CORE_BANKING
ACC0003193,CRM001119,CURRENT,BR006,2017-04-24,ACTIVE,50505.8,INR,N,CORE_BANKING
ACC0003194,CRM002890,CURRENT,BR003,2025-08-22,ACTIVE,31089.66,INR,Y,CORE_BANKING
ACC0003195,CRM002635,CURRENT,BR006,2026-04-19,ACTIVE,10410.14,INR,Y,CORE_BANKING
ACC0003196,CRM000638,CURRENT,BR004,2019-07-08,ACTIVE,13317.37,INR,Y,CORE_BANKING
ACC0003197,CRM002027,SAVINGS,BR004,2016-09-15,ACTIVE,45646.84,INR,Y,CORE_BANKING
ACC0003198,CRM002408,SAVINGS,BR006,2019-05-03,ACTIVE,21044.15,INR,Y,CORE_BANKING
ACC0003199,CRM000348,CURRENT,BR010,2020-07-09,ACTIVE,378349.25,INR,Y,CORE_BANKING
ACC0003200,CRM002500,SALARY,BR005,2018-10-31,ACTIVE,147654.1,INR,N,CORE_BANKING
ACC0003201,CRM003454,SAVINGS,BR009,2016-02-23,ACTIVE,86989.94,INR,N,CORE_BANKING
ACC0003202,CRM001056,SALARY,BR005,2016-09-23,ACTIVE,49758.14,INR,Y,CORE_BANKING
ACC0003203,CRM000842,SAVINGS,BR003,2022-04-07,ACTIVE,40125.2,INR,N,CORE_BANKING
ACC0003204,CRM000701,SAVINGS,BR001,2022-07-05,DORMANT,33478.87,INR,Y,CORE_BANKING
ACC0003205,CRM001563,CURRENT,BR002,2022-01-08,ACTIVE,39692.67,INR,N,CORE_BANKING
ACC0003206,CRM001743,SALARY,BR003,2026-01-05,ACTIVE,47334.8,INR,N,CORE_BANKING
ACC0003207,CRM003464,CURRENT,BR006,2024-09-13,ACTIVE,9646.63,INR,N,CORE_BANKING
ACC0003208,CRM000832,SAVINGS,BR005,2017-10-17,ACTIVE,14405.57,INR,N,CORE_BANKING
ACC0003209,CRM003398,CURRENT,BR001,2024-05-03,DORMANT,7167.7,INR,Y,CORE_BANKING
ACC0003210,CRM002028,SALARY,BR005,2020-04-11,ACTIVE,20505.39,INR,Y,CORE_BANKING
ACC0003211,CRM003565,CURRENT,BR005,2020-03-25,ACTIVE,56222.32,INR,Y,CORE_BANKING
ACC0003212,CRM000264,SAVINGS,BR003,2023-01-20,ACTIVE,8329.82,INR,Y,CORE_BANKING
ACC0003213,CRM000836,SALARY,BR004,2020-06-24,ACTIVE,62655.25,INR,Y,CORE_BANKING
ACC0003214,CRM003813,SAVINGS,BR005,2023-08-21,ACTIVE,58540.5,INR,N,CORE_BANKING
ACC0003215,CRM003660,CURRENT,BR004,2023-07-19,ACTIVE,14293.73,INR,Y,CORE_BANKING
ACC0003216,CRM000512,SAVINGS,BR006,2025-10-22,CLOSED,18517.36,INR,Y,CORE_BANKING
ACC0003217,CRM000727,CURRENT,BR003,2017-01-08,ACTIVE,54757.52,INR,N,CORE_BANKING
ACC0003218,CRM000562,SAVINGS,BR007,2025-11-29,ACTIVE,11466.24,INR,Y,CORE_BANKING
ACC0003219,CRM003267,CURRENT,BR007,2022-03-01,ACTIVE,23069.15,INR,N,CORE_BANKING
ACC0003220,CRM003323,SALARY,BR004,2017-03-07,ACTIVE,45765.12,INR,Y,CORE_BANKING
ACC0003221,CRM000266,SAVINGS,BR010,2024-03-19,ACTIVE,45878.07,INR,N,CORE_BANKING
ACC0003222,CRM001337,SAVINGS,BR007,2019-11-01,ACTIVE,36161.29,INR,Y,CORE_BANKING
ACC0003223,CRM003378,SALARY,BR002,2018-10-20,ACTIVE,10057.0,INR,Y,CORE_BANKING
ACC0003224,CRM003827,SALARY,BR003,2023-01-11,ACTIVE,3802.03,INR,Y,CORE_BANKING
ACC0003225,CRM001364,SALARY,BR005,2019-06-19,ACTIVE,35754.2,INR,Y,CORE_BANKING
ACC0003226,CRM001753,CURRENT,BR010,2016-12-23,ACTIVE,90078.82,INR,N,CORE_BANKING
ACC0003227,CRM003373,CURRENT,BR004,2025-07-09,ACTIVE,12763.5,INR,Y,CORE_BANKING
ACC0003228,CRM000162,CURRENT,BR006,2020-08-09,ACTIVE,34554.89,INR,N,CORE_BANKING
ACC0003229,CRM001833,SALARY,BR002,2018-01-08,ACTIVE,15902.5,INR,Y,CORE_BANKING
ACC0003230,CRM001579,CURRENT,BR003,2023-01-16,ACTIVE,19639.59,INR,N,CORE_BANKING
ACC0003231,CRM000611,SALARY,BR007,2019-04-24,ACTIVE,38483.35,INR,Y,CORE_BANKING
ACC0003232,CRM003032,CURRENT,BR005,2021-04-05,ACTIVE,55118.6,INR,Y,CORE_BANKING
ACC0003233,CRM002015,SALARY,BR008,2023-08-05,ACTIVE,114759.84,INR,N,CORE_BANKING
ACC0003234,CRM003552,SALARY,BR003,2023-12-05,ACTIVE,44530.34,INR,N,CORE_BANKING
ACC0003235,CRM002034,SAVINGS,BR007,2018-03-14,CLOSED,11393.46,INR,N,CORE_BANKING
ACC0003236,CRM001789,SALARY,BR003,2024-11-25,ACTIVE,45643.81,INR,Y,CORE_BANKING
ACC0003237,CRM001564,SAVINGS,BR002,2018-06-12,ACTIVE,20490.11,INR,N,CORE_BANKING
ACC0003238,CRM003212,SALARY,BR009,2020-02-03,ACTIVE,76859.52,INR,Y,CORE_BANKING
ACC0003239,CRM002789,SAVINGS,BR003,2019-12-31,ACTIVE,8487.49,INR,Y,CORE_BANKING
ACC0003240,CRM001419,SAVINGS,BR007,2025-03-03,ACTIVE,11662.66,INR,N,CORE_BANKING
ACC0003241,CRM002751,CURRENT,BR001,2023-03-27,ACTIVE,135665.89,INR,Y,CORE_BANKING
ACC0003242,CRM003213,SAVINGS,BR004,2023-01-09,ACTIVE,9530.15,INR,Y,CORE_BANKING
ACC0003243,CRM001497,CURRENT,BR001,2017-12-15,CLOSED,83086.48,INR,Y,CORE_BANKING
ACC0003244,CRM000899,CURRENT,BR002,2017-07-12,ACTIVE,127603.98,INR,N,CORE_BANKING
ACC0003245,CRM002312,SALARY,BR010,2024-03-08,ACTIVE,37766.7,INR,N,CORE_BANKING
ACC0003246,CRM000608,SALARY,BR004,2023-06-07,ACTIVE,74484.58,INR,N,CORE_BANKING
ACC0003247,CRM000395,CURRENT,BR001,2025-12-07,ACTIVE,8433.46,INR,N,CORE_BANKING
ACC0003248,CRM000407,SALARY,BR005,2017-12-26,ACTIVE,167741.13,INR,Y,CORE_BANKING
ACC0003249,CRM000762,SAVINGS,BR009,2017-07-31,ACTIVE,26106.06,INR,Y,CORE_BANKING
ACC0003250,CRM001276,SAVINGS,BR006,2018-08-17,ACTIVE,37459.44,INR,Y,CORE_BANKING
ACC0003251,CRM003813,CURRENT,BR006,2025-07-28,ACTIVE,3298.6,INR,Y,CORE_BANKING
ACC0003252,CRM000551,SALARY,BR004,2024-06-28,ACTIVE,16403.15,INR,Y,CORE_BANKING
ACC0003253,CRM001494,SAVINGS,BR007,2023-09-11,ACTIVE,41325.7,INR,Y,CORE_BANKING
ACC0003254,CRM003131,SALARY,BR009,2025-06-01,ACTIVE,35211.96,INR,N,CORE_BANKING
ACC0003255,CRM002254,SAVINGS,BR003,2024-07-03,ACTIVE,24856.35,INR,N,CORE_BANKING
ACC0003256,CRM002434,CURRENT,BR008,2022-12-08,DORMANT,3199.61,INR,N,CORE_BANKING
ACC0003257,CRM000267,SAVINGS,BR007,2020-12-10,ACTIVE,26202.08,INR,N,CORE_BANKING
ACC0003258,CRM000515,SAVINGS,BR001,2020-04-20,ACTIVE,20439.1,INR,N,CORE_BANKING
ACC0003259,CRM000478,SALARY,BR003,2021-01-10,ACTIVE,20131.91,INR,N,CORE_BANKING
ACC0003260,CRM003723,SALARY,BR003,2016-01-01,DORMANT,43198.55,INR,Y,CORE_BANKING
ACC0003261,CRM003954,CURRENT,BR005,2016-11-11,ACTIVE,12058.75,INR,N,CORE_BANKING
ACC0003262,CRM001024,CURRENT,BR010,2023-02-17,DORMANT,26014.62,INR,N,CORE_BANKING
ACC0003263,CRM000680,CURRENT,BR005,2016-08-26,DORMANT,30046.54,INR,Y,CORE_BANKING
ACC0003264,CRM003116,SAVINGS,BR010,2018-12-29,ACTIVE,86601.82,INR,N,CORE_BANKING
ACC0003265,CRM000269,CURRENT,BR010,2026-01-18,ACTIVE,14247.13,INR,N,CORE_BANKING
ACC0003266,CRM003041,SALARY,BR004,2020-07-07,ACTIVE,54088.33,INR,Y,CORE_BANKING
ACC0003267,CRM000005,CURRENT,BR004,2019-03-26,ACTIVE,39881.57,INR,Y,CORE_BANKING
ACC0003268,CRM001599,SAVINGS,BR009,2016-02-11,ACTIVE,13077.02,INR,Y,CORE_BANKING
ACC0003269,CRM000996,SAVINGS,BR010,2017-08-27,ACTIVE,116480.28,INR,N,CORE_BANKING
ACC0003270,CRM000822,SALARY,BR007,2023-12-06,ACTIVE,5478.6,INR,N,CORE_BANKING
ACC0003271,CRM003528,SALARY,BR005,2018-11-20,ACTIVE,37434.95,INR,N,CORE_BANKING
ACC0003272,CRM000441,SAVINGS,BR008,2025-10-22,ACTIVE,22091.06,INR,Y,CORE_BANKING
ACC0003273,CRM001681,SAVINGS,BR007,2018-08-06,DORMANT,47324.12,INR,N,CORE_BANKING
ACC0003274,CRM003055,SALARY,BR002,2017-03-16,DORMANT,11585.41,INR,N,CORE_BANKING
ACC0003275,CRM003744,SAVINGS,BR009,2019-05-29,ACTIVE,6130.61,INR,Y,CORE_BANKING
ACC0003276,CRM003092,SAVINGS,BR008,2022-08-09,ACTIVE,142215.22,INR,Y,CORE_BANKING
ACC0003277,CRM002972,CURRENT,BR009,2018-02-16,ACTIVE,18189.66,INR,N,CORE_BANKING
ACC0003278,CRM000010,CURRENT,BR006,2025-02-16,ACTIVE,19407.97,INR,Y,CORE_BANKING
ACC0003279,CRM002579,SAVINGS,BR006,2020-05-11,ACTIVE,6500.07,INR,Y,CORE_BANKING
ACC0003280,CRM000712,SAVINGS,BR005,2018-06-03,CLOSED,15994.69,INR,Y,CORE_BANKING
ACC0003281,CRM001725,SALARY,BR009,2022-03-28,ACTIVE,81438.08,INR,N,CORE_BANKING
ACC0003282,CRM000682,SAVINGS,BR010,2017-05-07,ACTIVE,23499.61,INR,N,CORE_BANKING
ACC0003283,CRM001989,SAVINGS,BR010,2017-03-22,DORMANT,7075.96,INR,N,CORE_BANKING
ACC0003284,CRM000648,SAVINGS,BR001,2026-03-12,ACTIVE,57858.52,INR,N,CORE_BANKING
ACC0003285,CRM002790,CURRENT,BR005,2018-02-26,ACTIVE,58596.58,INR,N,CORE_BANKING
ACC0003286,CRM003025,CURRENT,BR004,2023-11-16,CLOSED,19821.13,INR,N,CORE_BANKING
ACC0003287,CRM000136,SALARY,BR008,2021-07-12,ACTIVE,120858.07,INR,N,CORE_BANKING
ACC0003288,CRM000654,SAVINGS,BR001,2023-09-20,CLOSED,14812.06,INR,N,CORE_BANKING
ACC0003289,CRM000074,SAVINGS,BR006,2024-05-14,DORMANT,37900.99,INR,Y,CORE_BANKING
ACC0003290,CRM002777,SAVINGS,BR008,2019-05-27,ACTIVE,25711.44,INR,Y,CORE_BANKING
ACC0003291,CRM000288,SALARY,BR003,2018-07-21,ACTIVE,78546.59,INR,N,CORE_BANKING
ACC0003292,CRM002047,CURRENT,BR010,2017-09-24,ACTIVE,36166.15,INR,Y,CORE_BANKING
ACC0003293,CRM001912,SAVINGS,BR007,2018-09-21,ACTIVE,16247.14,INR,Y,CORE_BANKING
ACC0003294,CRM001009,CURRENT,BR002,2021-09-07,ACTIVE,408622.99,INR,N,CORE_BANKING
ACC0003295,CRM002852,CURRENT,BR006,2017-12-04,ACTIVE,24472.04,INR,Y,CORE_BANKING
ACC0003296,CRM003491,CURRENT,BR004,2020-10-04,ACTIVE,4946.1,INR,N,CORE_BANKING
ACC0003297,CRM000824,SALARY,BR003,2016-08-21,ACTIVE,95397.03,INR,N,CORE_BANKING
ACC0003298,CRM002466,CURRENT,BR007,2023-04-04,ACTIVE,42450.84,INR,N,CORE_BANKING
ACC0003299,CRM000321,SALARY,BR007,2025-09-07,ACTIVE,35802.59,INR,Y,CORE_BANKING
ACC0003300,CRM002553,CURRENT,BR008,2016-06-26,ACTIVE,73512.9,INR,N,CORE_BANKING
ACC0003301,CRM000085,SAVINGS,BR004,2023-04-10,ACTIVE,43790.29,INR,N,CORE_BANKING
ACC0003302,CRM003304,SALARY,BR005,2023-04-11,ACTIVE,25991.7,INR,N,CORE_BANKING
ACC0003303,CRM002294,CURRENT,BR001,2021-04-18,ACTIVE,47399.44,INR,N,CORE_BANKING
ACC0003304,CRM002859,CURRENT,BR003,2017-12-06,DORMANT,59307.35,INR,Y,CORE_BANKING
ACC0003305,CRM002634,SAVINGS,BR008,2020-02-11,CLOSED,13542.25,INR,Y,CORE_BANKING
ACC0003306,CRM003869,CURRENT,BR008,2022-11-19,ACTIVE,15641.54,INR,N,CORE_BANKING
ACC0003307,CRM002885,SALARY,BR009,2021-04-06,ACTIVE,61116.02,INR,N,CORE_BANKING
ACC0003308,CRM000113,CURRENT,BR010,2016-10-26,ACTIVE,9209.07,INR,Y,CORE_BANKING
ACC0003309,CRM002938,SAVINGS,BR001,2024-10-21,ACTIVE,33910.06,INR,Y,CORE_BANKING
ACC0003310,CRM002928,SALARY,BR004,2021-06-25,ACTIVE,3496.47,INR,N,CORE_BANKING
ACC0003311,CRM002183,SALARY,BR006,2025-06-18,ACTIVE,23502.8,INR,N,CORE_BANKING
ACC0003312,CRM002877,SALARY,BR008,2020-04-30,ACTIVE,33394.78,INR,N,CORE_BANKING
ACC0003313,CRM000973,SAVINGS,BR002,2022-11-23,ACTIVE,12539.92,INR,Y,CORE_BANKING
ACC0003314,CRM002591,SALARY,BR009,2018-04-13,CLOSED,20856.3,INR,N,CORE_BANKING
ACC0003315,CRM002744,SAVINGS,BR002,2020-11-11,ACTIVE,24466.45,INR,N,CORE_BANKING
ACC0003316,CRM001513,CURRENT,BR009,2024-02-03,ACTIVE,57679.8,INR,Y,CORE_BANKING
ACC0003317,CRM001909,SALARY,BR004,2025-07-09,ACTIVE,26423.41,INR,N,CORE_BANKING
ACC0003318,CRM002054,SALARY,BR007,2023-01-04,ACTIVE,5192.87,INR,Y,CORE_BANKING
ACC0003319,CRM001940,SALARY,BR002,2023-08-10,DORMANT,19046.16,INR,Y,CORE_BANKING
ACC0003320,CRM001525,SALARY,BR006,2022-11-28,CLOSED,24444.45,INR,Y,CORE_BANKING
ACC0003321,CRM003462,CURRENT,BR004,2025-04-08,ACTIVE,117303.97,INR,Y,CORE_BANKING
ACC0003322,CRM000881,CURRENT,BR006,2018-07-09,CLOSED,29092.44,INR,N,CORE_BANKING
ACC0003323,CRM002503,SAVINGS,BR007,2022-08-16,ACTIVE,164866.77,INR,Y,CORE_BANKING
ACC0003324,CRM003713,CURRENT,BR005,2025-02-11,ACTIVE,22653.08,INR,Y,CORE_BANKING
ACC0003325,CRM003829,CURRENT,BR003,2025-12-16,ACTIVE,38358.25,INR,N,CORE_BANKING
ACC0003326,CRM000347,CURRENT,BR008,2022-07-05,ACTIVE,22931.55,INR,N,CORE_BANKING
ACC0003327,CRM000338,SALARY,BR009,2025-02-04,ACTIVE,24794.8,INR,N,CORE_BANKING
ACC0003328,CRM000453,SAVINGS,BR007,2017-01-26,ACTIVE,2522.57,INR,N,CORE_BANKING
ACC0003329,CRM000994,CURRENT,BR002,2020-12-10,ACTIVE,39811.95,INR,N,CORE_BANKING
ACC0003330,CRM003794,CURRENT,BR005,2022-10-01,ACTIVE,4847.41,INR,N,CORE_BANKING
ACC0003331,CRM000124,CURRENT,BR005,2024-12-24,CLOSED,14529.91,INR,N,CORE_BANKING
ACC0003332,CRM000609,SAVINGS,BR005,2018-09-02,ACTIVE,8895.92,INR,N,CORE_BANKING
ACC0003333,CRM003447,CURRENT,BR009,2025-12-27,ACTIVE,10172.95,INR,N,CORE_BANKING
ACC0003334,CRM001208,SAVINGS,BR004,2026-02-04,ACTIVE,17197.09,INR,Y,CORE_BANKING
ACC0003335,CRM000444,SALARY,BR008,2022-05-10,ACTIVE,28368.45,INR,Y,CORE_BANKING
ACC0003336,CRM002577,CURRENT,BR008,2018-09-28,ACTIVE,77561.62,INR,Y,CORE_BANKING
ACC0003337,CRM000300,SALARY,BR005,2017-07-01,ACTIVE,4745.39,INR,N,CORE_BANKING
ACC0003338,CRM002152,SAVINGS,BR004,2019-04-19,ACTIVE,6424.04,INR,Y,CORE_BANKING
ACC0003339,CRM000275,SAVINGS,BR004,2019-11-30,ACTIVE,55772.22,INR,Y,CORE_BANKING
ACC0003340,CRM000457,SALARY,BR010,2025-04-30,DORMANT,20354.03,INR,N,CORE_BANKING
ACC0003341,CRM003316,SAVINGS,BR008,2020-02-09,ACTIVE,53344.07,INR,Y,CORE_BANKING
ACC0003342,CRM000384,SALARY,BR005,2025-03-16,ACTIVE,137366.31,INR,Y,CORE_BANKING
ACC0003343,CRM002955,SAVINGS,BR003,2022-10-18,ACTIVE,70710.67,INR,N,CORE_BANKING
ACC0003344,CRM001779,SALARY,BR009,2018-09-17,ACTIVE,34210.5,INR,N,CORE_BANKING
ACC0003345,CRM001299,CURRENT,BR009,2024-11-24,DORMANT,105141.78,INR,N,CORE_BANKING
ACC0003346,CRM002123,SAVINGS,BR004,2022-04-30,ACTIVE,101221.31,INR,Y,CORE_BANKING
ACC0003347,CRM002954,CURRENT,BR003,2022-03-09,ACTIVE,63583.25,INR,Y,CORE_BANKING
ACC0003348,CRM003391,CURRENT,BR008,2018-02-08,ACTIVE,26018.64,INR,N,CORE_BANKING
ACC0003349,CRM001882,CURRENT,BR004,2022-09-23,ACTIVE,58504.76,INR,Y,CORE_BANKING
ACC0003350,CRM001729,CURRENT,BR002,2022-08-15,ACTIVE,49538.46,INR,Y,CORE_BANKING
ACC0003351,CRM003930,CURRENT,BR009,2017-05-12,ACTIVE,37453.46,INR,Y,CORE_BANKING
ACC0003352,CRM000218,CURRENT,BR010,2021-06-16,ACTIVE,39660.72,INR,Y,CORE_BANKING
ACC0003353,CRM000057,SAVINGS,BR001,2018-10-21,ACTIVE,100785.94,INR,Y,CORE_BANKING
ACC0003354,CRM003730,SAVINGS,BR001,2023-10-18,ACTIVE,38219.66,INR,Y,CORE_BANKING
ACC0003355,CRM003283,SALARY,BR009,2023-02-19,ACTIVE,76624.85,INR,N,CORE_BANKING
ACC0003356,CRM003735,SALARY,BR006,2025-10-07,ACTIVE,8668.44,INR,N,CORE_BANKING
ACC0003357,CRM001822,SAVINGS,BR003,2024-03-09,ACTIVE,100581.57,INR,N,CORE_BANKING
ACC0003358,CRM003656,SALARY,BR004,2021-05-18,ACTIVE,135150.32,INR,N,CORE_BANKING
ACC0003359,CRM001442,CURRENT,BR006,2016-07-27,ACTIVE,4502.94,INR,Y,CORE_BANKING
ACC0003360,CRM000278,SALARY,BR007,2018-05-08,ACTIVE,27559.09,INR,N,CORE_BANKING
ACC0003361,CRM001290,SAVINGS,BR005,2022-02-15,ACTIVE,8731.3,INR,N,CORE_BANKING
ACC0003362,CRM002857,SAVINGS,BR008,2018-06-25,ACTIVE,6446.54,INR,N,CORE_BANKING
ACC0003363,CRM003987,SAVINGS,BR005,2016-01-06,ACTIVE,3697.75,INR,N,CORE_BANKING
ACC0003364,CRM001114,SAVINGS,BR005,2025-03-08,ACTIVE,26018.03,INR,Y,CORE_BANKING
ACC0003365,CRM003276,SALARY,BR009,2025-01-28,ACTIVE,42177.67,INR,N,CORE_BANKING
ACC0003366,CRM000254,SAVINGS,BR007,2022-05-02,ACTIVE,26940.2,INR,Y,CORE_BANKING
ACC0003367,CRM000697,CURRENT,BR004,2019-11-14,ACTIVE,66307.37,INR,N,CORE_BANKING
ACC0003368,CRM000848,CURRENT,BR008,2019-06-30,DORMANT,45698.11,INR,Y,CORE_BANKING
ACC0003369,CRM001169,SALARY,BR009,2023-01-26,ACTIVE,3684.67,INR,Y,CORE_BANKING
ACC0003370,CRM000426,CURRENT,BR008,2018-12-27,ACTIVE,33141.24,INR,N,CORE_BANKING
ACC0003371,CRM003173,SAVINGS,BR009,2024-12-27,ACTIVE,23506.32,INR,N,CORE_BANKING
ACC0003372,CRM002639,SAVINGS,BR009,2017-12-12,ACTIVE,10762.18,INR,N,CORE_BANKING
ACC0003373,CRM002839,CURRENT,BR006,2018-04-19,CLOSED,44429.81,INR,Y,CORE_BANKING
ACC0003374,CRM003501,SALARY,BR001,2016-02-13,ACTIVE,29104.16,INR,N,CORE_BANKING
ACC0003375,CRM003413,SALARY,BR002,2023-08-22,ACTIVE,33546.24,INR,Y,CORE_BANKING
ACC0003376,CRM003305,SALARY,BR009,2023-01-05,ACTIVE,9100.73,INR,Y,CORE_BANKING
ACC0003377,CRM002086,CURRENT,BR008,2018-02-17,ACTIVE,258885.28,INR,Y,CORE_BANKING
ACC0003378,CRM000245,SAVINGS,BR006,2016-07-13,ACTIVE,19853.47,INR,Y,CORE_BANKING
ACC0003379,CRM001687,CURRENT,BR004,2021-03-25,ACTIVE,68761.48,INR,N,CORE_BANKING
ACC0003380,CRM003877,CURRENT,BR001,2019-09-29,CLOSED,10611.28,INR,N,CORE_BANKING
ACC0003381,CRM002056,CURRENT,BR005,2020-01-01,ACTIVE,82154.14,INR,N,CORE_BANKING
ACC0003382,CRM001292,SAVINGS,BR002,2018-04-27,ACTIVE,12743.56,INR,Y,CORE_BANKING
ACC0003383,CRM000101,SAVINGS,BR009,2022-11-02,ACTIVE,22501.5,INR,Y,CORE_BANKING
ACC0003384,CRM001215,SALARY,BR009,2024-05-15,ACTIVE,92013.74,INR,N,CORE_BANKING
ACC0003385,CRM001013,CURRENT,BR004,2019-09-15,ACTIVE,105827.54,INR,N,CORE_BANKING
ACC0003386,CRM003198,SALARY,BR009,2019-06-17,ACTIVE,8509.22,INR,Y,CORE_BANKING
ACC0003387,CRM003809,SALARY,BR009,2017-07-16,ACTIVE,48016.62,INR,N,CORE_BANKING
ACC0003388,CRM000508,CURRENT,BR007,2017-06-03,ACTIVE,17524.73,INR,N,CORE_BANKING
ACC0003389,CRM000619,SALARY,BR002,2020-01-20,ACTIVE,40771.24,INR,Y,CORE_BANKING
ACC0003390,CRM004000,SALARY,BR002,2024-06-30,ACTIVE,23246.78,INR,N,CORE_BANKING
ACC0003391,CRM001638,CURRENT,BR002,2016-04-08,ACTIVE,36370.84,INR,N,CORE_BANKING
ACC0003392,CRM000376,CURRENT,BR002,2019-03-22,ACTIVE,82116.83,INR,Y,CORE_BANKING
ACC0003393,CRM003606,SALARY,BR002,2023-06-04,ACTIVE,33852.51,INR,Y,CORE_BANKING
ACC0003394,CRM003871,SALARY,BR008,2023-08-05,ACTIVE,267418.7,INR,N,CORE_BANKING
ACC0003395,CRM002895,SALARY,BR002,2022-12-15,ACTIVE,50850.61,INR,Y,CORE_BANKING
ACC0003396,CRM002718,SAVINGS,BR009,2023-08-31,ACTIVE,7271.4,INR,Y,CORE_BANKING
ACC0003397,CRM002595,SAVINGS,BR003,2023-02-04,ACTIVE,11290.78,INR,N,CORE_BANKING
ACC0003398,CRM000486,SAVINGS,BR010,2017-05-08,ACTIVE,43631.09,INR,N,CORE_BANKING
ACC0003399,CRM003922,SAVINGS,BR009,2021-05-28,ACTIVE,171670.19,INR,N,CORE_BANKING
ACC0003400,CRM002882,SALARY,BR008,2021-08-01,ACTIVE,30194.99,INR,N,CORE_BANKING
ACC0003401,CRM002700,CURRENT,BR006,2025-10-18,ACTIVE,45412.15,INR,Y,CORE_BANKING
ACC0003402,CRM003336,CURRENT,BR001,2024-08-03,CLOSED,73476.6,INR,N,CORE_BANKING
ACC0003403,CRM003223,SALARY,BR004,2019-04-13,ACTIVE,20603.96,INR,N,CORE_BANKING
ACC0003404,CRM003379,SALARY,BR007,2024-03-28,ACTIVE,52180.65,INR,N,CORE_BANKING
ACC0003405,CRM001874,CURRENT,BR007,2020-01-25,ACTIVE,9509.33,INR,Y,CORE_BANKING
ACC0003406,CRM000320,SALARY,BR004,2016-05-14,DORMANT,41095.6,INR,Y,CORE_BANKING
ACC0003407,CRM002175,CURRENT,BR006,2017-02-07,ACTIVE,24400.56,INR,Y,CORE_BANKING
ACC0003408,CRM003011,SALARY,BR008,2023-08-15,ACTIVE,129333.4,INR,N,CORE_BANKING
ACC0003409,CRM003150,SALARY,BR006,2024-04-25,ACTIVE,2866.26,INR,N,CORE_BANKING
ACC0003410,CRM001449,SALARY,BR003,2023-10-07,ACTIVE,18532.39,INR,N,CORE_BANKING
ACC0003411,CRM002661,CURRENT,BR004,2019-11-16,ACTIVE,14591.8,INR,N,CORE_BANKING
ACC0003412,CRM001520,SALARY,BR003,2019-03-05,ACTIVE,95132.55,INR,N,CORE_BANKING
ACC0003413,CRM003734,SAVINGS,BR001,2026-01-09,ACTIVE,9630.62,INR,N,CORE_BANKING
ACC0003414,CRM001633,SALARY,BR008,2018-09-24,ACTIVE,5941.73,INR,N,CORE_BANKING
ACC0003415,CRM002359,SAVINGS,BR004,2021-11-10,ACTIVE,103827.89,INR,Y,CORE_BANKING
ACC0003416,CRM003338,SAVINGS,BR002,2016-10-16,ACTIVE,14865.97,INR,N,CORE_BANKING
ACC0003417,CRM001935,SALARY,BR002,2024-12-30,ACTIVE,17875.77,INR,N,CORE_BANKING
ACC0003418,CRM000420,CURRENT,BR005,2024-08-24,DORMANT,68739.93,INR,N,CORE_BANKING
ACC0003419,CRM002709,SAVINGS,BR004,2025-05-17,ACTIVE,97046.64,INR,N,CORE_BANKING
ACC0003420,CRM003603,SAVINGS,BR001,2019-08-20,ACTIVE,38735.81,INR,Y,CORE_BANKING
ACC0003421,CRM002142,CURRENT,BR003,2018-09-04,ACTIVE,21645.1,INR,Y,CORE_BANKING
ACC0003422,CRM002154,SAVINGS,BR006,2016-04-13,ACTIVE,35803.7,INR,N,CORE_BANKING
ACC0003423,CRM001508,CURRENT,BR009,2024-07-25,CLOSED,19977.75,INR,Y,CORE_BANKING
ACC0003424,CRM003972,CURRENT,BR004,2025-09-27,DORMANT,20984.95,INR,Y,CORE_BANKING
ACC0003425,CRM001008,SAVINGS,BR008,2016-02-18,ACTIVE,380886.94,INR,Y,CORE_BANKING
ACC0003426,CRM000652,SAVINGS,BR001,2016-03-17,ACTIVE,69169.51,INR,Y,CORE_BANKING
ACC0003427,CRM000257,CURRENT,BR002,2016-11-23,ACTIVE,58081.85,INR,Y,CORE_BANKING
ACC0003428,CRM001080,SALARY,BR010,2023-04-19,ACTIVE,10165.52,INR,Y,CORE_BANKING
ACC0003429,CRM003817,CURRENT,BR001,2023-12-27,ACTIVE,24616.95,INR,N,CORE_BANKING
ACC0003430,CRM002264,SAVINGS,BR002,2017-06-10,ACTIVE,13060.45,INR,Y,CORE_BANKING
ACC0003431,CRM001035,CURRENT,BR010,2018-02-01,ACTIVE,161991.71,INR,N,CORE_BANKING
ACC0003432,CRM003865,CURRENT,BR006,2025-04-08,ACTIVE,22967.91,INR,Y,CORE_BANKING
ACC0003433,CRM002510,CURRENT,BR007,2017-10-11,ACTIVE,178059.28,INR,N,CORE_BANKING
ACC0003434,CRM001461,CURRENT,BR001,2018-06-25,ACTIVE,28069.74,INR,Y,CORE_BANKING
ACC0003435,CRM002871,SALARY,BR003,2023-02-13,ACTIVE,30204.85,INR,Y,CORE_BANKING
ACC0003436,CRM001102,CURRENT,BR001,2022-08-01,ACTIVE,17570.66,INR,N,CORE_BANKING
ACC0003437,CRM001657,SALARY,BR002,2018-11-05,ACTIVE,73022.08,INR,N,CORE_BANKING
ACC0003438,CRM000419,CURRENT,BR010,2016-10-05,ACTIVE,18365.81,INR,N,CORE_BANKING
ACC0003439,CRM002456,CURRENT,BR001,2019-05-21,ACTIVE,43017.84,INR,N,CORE_BANKING
ACC0003440,CRM000300,SAVINGS,BR005,2017-04-10,ACTIVE,38902.65,INR,N,CORE_BANKING
ACC0003441,CRM002166,SALARY,BR009,2020-09-17,DORMANT,123207.96,INR,N,CORE_BANKING
ACC0003442,CRM000113,CURRENT,BR004,2019-04-09,ACTIVE,26334.91,INR,Y,CORE_BANKING
ACC0003443,CRM003025,SALARY,BR001,2023-07-23,ACTIVE,28842.46,INR,N,CORE_BANKING
ACC0003444,CRM001048,CURRENT,BR005,2017-01-19,DORMANT,24069.75,INR,Y,CORE_BANKING
ACC0003445,CRM000652,CURRENT,BR008,2020-06-24,ACTIVE,130122.32,INR,Y,CORE_BANKING
ACC0003446,CRM001426,SALARY,BR004,2022-11-02,ACTIVE,8825.4,INR,Y,CORE_BANKING
ACC0003447,CRM002333,CURRENT,BR010,2016-05-12,ACTIVE,40123.91,INR,N,CORE_BANKING
ACC0003448,CRM001953,CURRENT,BR003,2024-11-17,ACTIVE,15610.21,INR,N,CORE_BANKING
ACC0003449,CRM002458,CURRENT,BR004,2020-11-10,CLOSED,62402.91,INR,N,CORE_BANKING
ACC0003450,CRM002203,SAVINGS,BR008,2025-07-12,ACTIVE,67570.54,INR,Y,CORE_BANKING
ACC0003451,CRM002031,CURRENT,BR005,2022-11-27,DORMANT,59426.89,INR,N,CORE_BANKING
ACC0003452,CRM003253,SALARY,BR004,2016-01-28,CLOSED,3873.27,INR,N,CORE_BANKING
ACC0003453,CRM003528,SALARY,BR001,2020-03-19,CLOSED,118701.21,INR,Y,CORE_BANKING
ACC0003454,CRM001103,SALARY,BR001,2022-06-30,ACTIVE,23107.05,INR,Y,CORE_BANKING
ACC0003455,CRM001977,SALARY,BR002,2018-03-15,ACTIVE,27720.96,INR,N,CORE_BANKING
ACC0003456,CRM001540,CURRENT,BR004,2022-07-13,ACTIVE,52074.24,INR,N,CORE_BANKING
ACC0003457,CRM000001,SALARY,BR004,2025-10-31,CLOSED,23854.48,INR,Y,CORE_BANKING
ACC0003458,CRM000092,SALARY,BR002,2016-01-30,ACTIVE,2178.88,INR,N,CORE_BANKING
ACC0003459,CRM003976,SAVINGS,BR005,2018-12-09,ACTIVE,5576.98,INR,N,CORE_BANKING
ACC0003460,CRM002132,CURRENT,BR010,2023-11-20,ACTIVE,46002.48,INR,N,CORE_BANKING
ACC0003461,CRM001081,SAVINGS,BR004,2023-12-27,ACTIVE,37383.93,INR,N,CORE_BANKING
ACC0003462,CRM001886,CURRENT,BR007,2022-10-26,ACTIVE,22239.87,INR,Y,CORE_BANKING
ACC0003463,CRM000911,SALARY,BR010,2018-03-07,ACTIVE,45661.08,INR,Y,CORE_BANKING
ACC0003464,CRM001110,SAVINGS,BR006,2021-10-30,ACTIVE,18820.8,INR,Y,CORE_BANKING
ACC0003465,CRM000758,CURRENT,BR007,2016-09-25,DORMANT,76671.47,INR,N,CORE_BANKING
ACC0003466,CRM001676,SAVINGS,BR010,2018-06-24,ACTIVE,58226.26,INR,Y,CORE_BANKING
ACC0003467,CRM001776,SAVINGS,BR006,2022-09-08,ACTIVE,67475.35,INR,N,CORE_BANKING
ACC0003468,CRM002232,CURRENT,BR001,2024-06-21,ACTIVE,52841.22,INR,N,CORE_BANKING
ACC0003469,CRM003616,SALARY,BR009,2016-07-20,ACTIVE,58202.44,INR,N,CORE_BANKING
ACC0003470,CRM003934,SAVINGS,BR009,2019-10-24,DORMANT,17171.09,INR,N,CORE_BANKING
ACC0003471,CRM002914,CURRENT,BR009,2024-07-21,ACTIVE,7993.27,INR,Y,CORE_BANKING
ACC0003472,CRM000332,SAVINGS,BR010,2021-05-26,ACTIVE,51099.07,INR,Y,CORE_BANKING
ACC0003473,CRM002520,SALARY,BR008,2016-12-03,ACTIVE,8138.82,INR,N,CORE_BANKING
ACC0003474,CRM000901,SALARY,BR007,2020-09-19,ACTIVE,120367.42,INR,Y,CORE_BANKING
ACC0003475,CRM000523,SAVINGS,BR007,2021-04-12,ACTIVE,12549.75,INR,Y,CORE_BANKING
ACC0003476,CRM001968,SALARY,BR003,2022-12-19,ACTIVE,21753.46,INR,Y,CORE_BANKING
ACC0003477,CRM003184,CURRENT,BR001,2021-11-18,ACTIVE,29667.68,INR,N,CORE_BANKING
ACC0003478,CRM001507,SALARY,BR007,2025-06-13,DORMANT,37171.62,INR,N,CORE_BANKING
ACC0003479,CRM001829,SALARY,BR007,2020-08-18,ACTIVE,31153.11,INR,Y,CORE_BANKING
ACC0003480,CRM003307,SALARY,BR002,2019-09-13,CLOSED,64430.13,INR,Y,CORE_BANKING
ACC0003481,CRM002346,CURRENT,BR010,2017-08-09,ACTIVE,120617.64,INR,Y,CORE_BANKING
ACC0003482,CRM002371,CURRENT,BR010,2019-05-04,ACTIVE,22516.82,INR,Y,CORE_BANKING
ACC0003483,CRM003600,SALARY,BR004,2023-07-09,ACTIVE,39320.54,INR,N,CORE_BANKING
ACC0003484,CRM000921,CURRENT,BR006,2019-08-16,ACTIVE,3577.15,INR,N,CORE_BANKING
ACC0003485,CRM002127,SALARY,BR010,2023-04-25,CLOSED,10719.82,INR,Y,CORE_BANKING
ACC0003486,CRM001489,SALARY,BR010,2024-07-30,ACTIVE,46187.61,INR,Y,CORE_BANKING
ACC0003487,CRM000174,SAVINGS,BR001,2026-02-27,ACTIVE,12840.13,INR,Y,CORE_BANKING
ACC0003488,CRM003852,SAVINGS,BR006,2018-07-18,ACTIVE,77995.45,INR,N,CORE_BANKING
ACC0003489,CRM000434,SAVINGS,BR001,2026-04-05,ACTIVE,18354.04,INR,N,CORE_BANKING
ACC0003490,CRM002366,SALARY,BR006,2023-07-06,ACTIVE,5284.11,INR,N,CORE_BANKING
ACC0003491,CRM003789,SAVINGS,BR009,2024-01-07,ACTIVE,56163.53,INR,Y,CORE_BANKING
ACC0003492,CRM000298,SAVINGS,BR009,2017-12-17,ACTIVE,55907.57,INR,N,CORE_BANKING
ACC0003493,CRM001927,SALARY,BR002,2025-09-16,DORMANT,2949.63,INR,N,CORE_BANKING
ACC0003494,CRM002405,CURRENT,BR009,2024-02-04,ACTIVE,42771.09,INR,N,CORE_BANKING
ACC0003495,CRM003991,SALARY,BR008,2023-11-29,ACTIVE,14252.32,INR,Y,CORE_BANKING
ACC0003496,CRM001389,SAVINGS,BR010,2025-10-06,ACTIVE,38025.04,INR,N,CORE_BANKING
ACC0003497,CRM000673,SALARY,BR003,2026-03-10,ACTIVE,13404.3,INR,N,CORE_BANKING
ACC0003498,CRM002297,SALARY,BR001,2017-12-21,ACTIVE,11735.32,INR,N,CORE_BANKING
ACC0003499,CRM001509,SAVINGS,BR003,2019-08-16,ACTIVE,63295.65,INR,Y,CORE_BANKING
ACC0003500,CRM002904,SAVINGS,BR007,2021-02-17,ACTIVE,215747.62,INR,N,CORE_BANKING
ACC0003501,CRM002203,SAVINGS,BR009,2022-09-19,CLOSED,72678.0,INR,N,CORE_BANKING
ACC0003502,CRM002556,SALARY,BR009,2021-03-05,ACTIVE,39320.35,INR,N,CORE_BANKING
ACC0003503,CRM003911,SALARY,BR009,2025-08-08,ACTIVE,23136.88,INR,N,CORE_BANKING
ACC0003504,CRM003650,SALARY,BR007,2016-11-05,ACTIVE,22465.28,INR,N,CORE_BANKING
ACC0003505,CRM002357,CURRENT,BR006,2016-06-02,CLOSED,58506.09,INR,N,CORE_BANKING
ACC0003506,CRM001380,CURRENT,BR001,2017-01-04,CLOSED,121515.94,INR,N,CORE_BANKING
ACC0003507,CRM000840,CURRENT,BR008,2021-09-18,ACTIVE,140395.43,INR,N,CORE_BANKING
ACC0003508,CRM002540,SALARY,BR010,2022-07-03,ACTIVE,17144.9,INR,Y,CORE_BANKING
ACC0003509,CRM002437,SALARY,BR007,2021-09-24,ACTIVE,11042.83,INR,N,CORE_BANKING
ACC0003510,CRM000280,SALARY,BR009,2025-04-08,ACTIVE,11802.48,INR,N,CORE_BANKING
ACC0003511,CRM001571,CURRENT,BR004,2023-06-16,ACTIVE,7453.42,INR,N,CORE_BANKING
ACC0003512,CRM003927,SAVINGS,BR009,2022-05-14,ACTIVE,24607.2,INR,N,CORE_BANKING
ACC0003513,CRM001001,CURRENT,BR008,2020-07-28,ACTIVE,66347.42,INR,N,CORE_BANKING
ACC0003514,CRM002451,CURRENT,BR002,2024-08-28,ACTIVE,14261.53,INR,Y,CORE_BANKING
ACC0003515,CRM002648,CURRENT,BR002,2018-07-28,CLOSED,31521.42,INR,Y,CORE_BANKING
ACC0003516,CRM001303,CURRENT,BR010,2025-05-31,ACTIVE,42026.17,INR,N,CORE_BANKING
ACC0003517,CRM002326,CURRENT,BR006,2020-07-18,ACTIVE,14911.69,INR,N,CORE_BANKING
ACC0003518,CRM001130,CURRENT,BR003,2025-06-14,ACTIVE,14935.6,INR,N,CORE_BANKING
ACC0003519,CRM002594,CURRENT,BR003,2023-07-27,ACTIVE,26133.95,INR,N,CORE_BANKING
ACC0003520,CRM000800,SALARY,BR008,2019-02-07,ACTIVE,48716.73,INR,Y,CORE_BANKING
ACC0003521,CRM000093,SAVINGS,BR007,2018-12-14,ACTIVE,10800.84,INR,Y,CORE_BANKING
ACC0003522,CRM003856,CURRENT,BR008,2016-12-13,ACTIVE,17041.72,INR,Y,CORE_BANKING
ACC0003523,CRM000803,CURRENT,BR010,2017-01-08,CLOSED,24689.89,INR,N,CORE_BANKING
ACC0003524,CRM003989,SAVINGS,BR002,2018-01-21,ACTIVE,21633.3,INR,Y,CORE_BANKING
ACC0003525,CRM001321,CURRENT,BR004,2017-01-26,ACTIVE,66564.72,INR,N,CORE_BANKING
ACC0003526,CRM000258,SAVINGS,BR005,2018-01-14,ACTIVE,28953.49,INR,Y,CORE_BANKING
ACC0003527,CRM000269,SAVINGS,BR008,2025-02-23,ACTIVE,47192.5,INR,Y,CORE_BANKING
ACC0003528,CRM003537,SAVINGS,BR004,2018-05-04,ACTIVE,90188.65,INR,N,CORE_BANKING
ACC0003529,CRM001042,SALARY,BR002,2024-11-29,ACTIVE,14383.51,INR,N,CORE_BANKING
ACC0003530,CRM000300,CURRENT,BR009,2019-06-20,ACTIVE,21854.31,INR,Y,CORE_BANKING
ACC0003531,CRM002175,SAVINGS,BR008,2022-11-15,ACTIVE,119733.43,INR,Y,CORE_BANKING
ACC0003532,CRM002373,SAVINGS,BR003,2022-08-11,ACTIVE,117719.45,INR,N,CORE_BANKING
ACC0003533,CRM003806,SALARY,BR006,2022-07-01,ACTIVE,7846.22,INR,Y,CORE_BANKING
ACC0003534,CRM002404,SAVINGS,BR005,2026-02-02,ACTIVE,252170.03,INR,Y,CORE_BANKING
ACC0003535,CRM003320,SALARY,BR009,2022-10-27,ACTIVE,14716.09,INR,N,CORE_BANKING
ACC0003536,CRM002775,SAVINGS,BR001,2020-12-17,ACTIVE,100934.1,INR,Y,CORE_BANKING
ACC0003537,CRM000138,SAVINGS,BR007,2024-03-30,ACTIVE,13198.98,INR,Y,CORE_BANKING
ACC0003538,CRM001625,CURRENT,BR008,2016-09-01,ACTIVE,9163.74,INR,Y,CORE_BANKING
ACC0003539,CRM003133,CURRENT,BR008,2024-09-02,ACTIVE,4818.16,INR,Y,CORE_BANKING
ACC0003540,CRM003175,SAVINGS,BR010,2018-09-03,DORMANT,13144.23,INR,Y,CORE_BANKING
ACC0003541,CRM000250,SALARY,BR001,2021-02-18,ACTIVE,73723.86,INR,Y,CORE_BANKING
ACC0003542,CRM003934,SAVINGS,BR001,2020-10-10,ACTIVE,63579.52,INR,Y,CORE_BANKING
ACC0003543,CRM001590,SALARY,BR009,2025-11-04,ACTIVE,21186.43,INR,Y,CORE_BANKING
ACC0003544,CRM003914,SALARY,BR004,2025-05-29,ACTIVE,30210.53,INR,Y,CORE_BANKING
ACC0003545,CRM001124,SAVINGS,BR001,2018-01-09,ACTIVE,13145.77,INR,N,CORE_BANKING
ACC0003546,CRM002310,SAVINGS,BR001,2017-04-03,ACTIVE,103452.74,INR,Y,CORE_BANKING
ACC0003547,CRM002160,SALARY,BR002,2021-05-29,ACTIVE,43764.61,INR,Y,CORE_BANKING
ACC0003548,CRM000230,CURRENT,BR009,2023-01-24,ACTIVE,15244.91,INR,N,CORE_BANKING
ACC0003549,CRM000035,SALARY,BR010,2019-09-17,ACTIVE,14204.52,INR,Y,CORE_BANKING
ACC0003550,CRM000306,CURRENT,BR002,2019-11-02,ACTIVE,8055.65,INR,Y,CORE_BANKING
ACC0003551,CRM000361,SAVINGS,BR006,2016-07-13,ACTIVE,15558.77,INR,N,CORE_BANKING
ACC0003552,CRM000694,SALARY,BR005,2019-04-15,ACTIVE,25525.06,INR,Y,CORE_BANKING
ACC0003553,CRM001044,SAVINGS,BR008,2023-10-14,ACTIVE,27699.62,INR,Y,CORE_BANKING
ACC0003554,CRM001207,SALARY,BR003,2016-02-29,ACTIVE,65834.27,INR,N,CORE_BANKING
ACC0003555,CRM003032,SAVINGS,BR008,2020-03-06,ACTIVE,62984.32,INR,N,CORE_BANKING
ACC0003556,CRM003980,SALARY,BR007,2017-07-09,ACTIVE,388199.72,INR,Y,CORE_BANKING
ACC0003557,CRM003245,SAVINGS,BR004,2020-04-20,ACTIVE,3575.98,INR,Y,CORE_BANKING
ACC0003558,CRM003266,SAVINGS,BR008,2024-06-22,ACTIVE,6936.78,INR,N,CORE_BANKING
ACC0003559,CRM000394,CURRENT,BR005,2022-06-07,ACTIVE,19176.95,INR,N,CORE_BANKING
ACC0003560,CRM001878,CURRENT,BR003,2021-03-12,DORMANT,63182.97,INR,N,CORE_BANKING
ACC0003561,CRM001988,SAVINGS,BR009,2018-05-17,DORMANT,7513.56,INR,N,CORE_BANKING
ACC0003562,CRM002256,CURRENT,BR007,2018-08-19,ACTIVE,14182.8,INR,N,CORE_BANKING
ACC0003563,CRM003478,CURRENT,BR009,2021-12-19,ACTIVE,50751.05,INR,N,CORE_BANKING
ACC0003564,CRM002421,SAVINGS,BR010,2017-05-03,ACTIVE,31696.55,INR,Y,CORE_BANKING
ACC0003565,CRM002057,CURRENT,BR005,2021-02-13,ACTIVE,17904.19,INR,Y,CORE_BANKING
ACC0003566,CRM003176,SALARY,BR001,2019-02-26,ACTIVE,23473.66,INR,N,CORE_BANKING
ACC0003567,CRM001586,SALARY,BR008,2016-07-30,ACTIVE,29329.25,INR,N,CORE_BANKING
ACC0003568,CRM002119,SAVINGS,BR007,2019-02-28,ACTIVE,8388.18,INR,N,CORE_BANKING
ACC0003569,CRM001455,SALARY,BR009,2021-07-25,CLOSED,15783.95,INR,N,CORE_BANKING
ACC0003570,CRM002023,SALARY,BR010,2025-05-19,ACTIVE,58526.48,INR,N,CORE_BANKING
ACC0003571,CRM003226,CURRENT,BR007,2025-05-31,ACTIVE,9305.5,INR,N,CORE_BANKING
ACC0003572,CRM001133,SAVINGS,BR007,2024-12-20,DORMANT,20094.69,INR,N,CORE_BANKING
ACC0003573,CRM003723,SAVINGS,BR005,2016-09-18,CLOSED,27881.68,INR,N,CORE_BANKING
ACC0003574,CRM001253,CURRENT,BR008,2020-03-25,ACTIVE,156132.68,INR,Y,CORE_BANKING
ACC0003575,CRM001563,CURRENT,BR009,2022-08-05,ACTIVE,91091.2,INR,Y,CORE_BANKING
ACC0003576,CRM002296,SALARY,BR003,2020-03-05,ACTIVE,19163.47,INR,N,CORE_BANKING
ACC0003577,CRM003067,SAVINGS,BR005,2018-04-15,ACTIVE,59284.85,INR,N,CORE_BANKING
ACC0003578,CRM002645,SAVINGS,BR001,2020-12-01,ACTIVE,12780.4,INR,N,CORE_BANKING
ACC0003579,CRM002512,SALARY,BR008,2021-11-05,ACTIVE,24629.31,INR,N,CORE_BANKING
ACC0003580,CRM002004,SAVINGS,BR007,2021-05-16,ACTIVE,17136.59,INR,N,CORE_BANKING
ACC0003581,CRM003860,SALARY,BR006,2024-08-25,ACTIVE,74109.17,INR,N,CORE_BANKING
ACC0003582,CRM002444,SAVINGS,BR002,2021-08-29,ACTIVE,50556.22,INR,N,CORE_BANKING
ACC0003583,CRM000893,SAVINGS,BR006,2024-07-06,DORMANT,53370.34,INR,Y,CORE_BANKING
ACC0003584,CRM000131,SALARY,BR006,2019-09-13,ACTIVE,76257.18,INR,Y,CORE_BANKING
ACC0003585,CRM002834,SAVINGS,BR005,2018-04-09,ACTIVE,25543.65,INR,Y,CORE_BANKING
ACC0003586,CRM001148,SALARY,BR008,2017-11-18,CLOSED,124771.63,INR,N,CORE_BANKING
ACC0003587,CRM003184,CURRENT,BR003,2023-05-22,ACTIVE,142407.25,INR,N,CORE_BANKING
ACC0003588,CRM000011,SAVINGS,BR007,2022-12-22,DORMANT,43617.13,INR,Y,CORE_BANKING
ACC0003589,CRM000293,CURRENT,BR009,2017-08-29,ACTIVE,4511.31,INR,N,CORE_BANKING
ACC0003590,CRM000140,SAVINGS,BR005,2025-05-19,ACTIVE,30444.24,INR,N,CORE_BANKING
ACC0003591,CRM003998,CURRENT,BR002,2025-09-03,ACTIVE,64735.59,INR,Y,CORE_BANKING
ACC0003592,CRM003858,SAVINGS,BR002,2024-11-24,ACTIVE,6642.64,INR,Y,CORE_BANKING
ACC0003593,CRM001999,SALARY,BR002,2024-06-25,ACTIVE,20728.93,INR,Y,CORE_BANKING
ACC0003594,CRM001866,CURRENT,BR005,2020-04-29,DORMANT,22041.7,INR,N,CORE_BANKING
ACC0003595,CRM001605,SAVINGS,BR003,2020-10-25,ACTIVE,45116.99,INR,N,CORE_BANKING
ACC0003596,CRM000620,CURRENT,BR007,2023-08-21,ACTIVE,3653.7,INR,N,CORE_BANKING
ACC0003597,CRM003497,CURRENT,BR010,2020-05-12,ACTIVE,15175.08,INR,N,CORE_BANKING
ACC0003598,CRM003386,SALARY,BR001,2016-10-31,DORMANT,79997.43,INR,N,CORE_BANKING
ACC0003599,CRM000188,SAVINGS,BR009,2025-06-01,DORMANT,31914.66,INR,Y,CORE_BANKING
ACC0003600,CRM002260,CURRENT,BR007,2018-05-26,ACTIVE,15909.78,INR,N,CORE_BANKING
ACC0003601,CRM000111,CURRENT,BR009,2025-02-03,ACTIVE,16318.76,INR,N,CORE_BANKING
ACC0003602,CRM003567,SAVINGS,BR008,2022-10-07,ACTIVE,55429.15,INR,N,CORE_BANKING
ACC0003603,CRM000617,SALARY,BR001,2022-11-01,DORMANT,45905.48,INR,Y,CORE_BANKING
ACC0003604,CRM000620,CURRENT,BR003,2024-06-08,DORMANT,11748.78,INR,N,CORE_BANKING
ACC0003605,CRM002628,CURRENT,BR004,2025-01-04,ACTIVE,135277.08,INR,N,CORE_BANKING
ACC0003606,CRM002722,SAVINGS,BR010,2021-03-01,DORMANT,7123.77,INR,N,CORE_BANKING
ACC0003607,CRM001867,CURRENT,BR010,2024-01-30,ACTIVE,43450.64,INR,N,CORE_BANKING
ACC0003608,CRM003143,SALARY,BR009,2018-10-16,ACTIVE,19443.72,INR,N,CORE_BANKING
ACC0003609,CRM002210,SAVINGS,BR007,2017-01-07,DORMANT,40308.2,INR,N,CORE_BANKING
ACC0003610,CRM001923,CURRENT,BR010,2025-05-26,DORMANT,27285.57,INR,N,CORE_BANKING
ACC0003611,CRM001557,SALARY,BR002,2025-01-01,ACTIVE,21137.79,INR,N,CORE_BANKING
ACC0003612,CRM002572,CURRENT,BR004,2021-01-17,DORMANT,18462.71,INR,N,CORE_BANKING
ACC0003613,CRM001581,SALARY,BR004,2025-06-28,ACTIVE,30642.03,INR,Y,CORE_BANKING
ACC0003614,CRM002738,CURRENT,BR002,2021-09-05,ACTIVE,14064.88,INR,Y,CORE_BANKING
ACC0003615,CRM000339,SALARY,BR010,2017-05-29,ACTIVE,36694.9,INR,Y,CORE_BANKING
ACC0003616,CRM001126,CURRENT,BR008,2021-03-11,CLOSED,12648.76,INR,Y,CORE_BANKING
ACC0003617,CRM001412,SAVINGS,BR008,2018-02-14,ACTIVE,21378.13,INR,N,CORE_BANKING
ACC0003618,CRM000761,SAVINGS,BR003,2018-06-15,ACTIVE,6537.66,INR,Y,CORE_BANKING
ACC0003619,CRM002440,SALARY,BR002,2025-01-14,ACTIVE,6304.39,INR,Y,CORE_BANKING
ACC0003620,CRM000065,CURRENT,BR007,2024-11-03,ACTIVE,15779.91,INR,Y,CORE_BANKING
ACC0003621,CRM003174,CURRENT,BR001,2019-11-17,ACTIVE,9521.94,INR,N,CORE_BANKING
ACC0003622,CRM000860,CURRENT,BR005,2018-01-13,ACTIVE,35136.1,INR,N,CORE_BANKING
ACC0003623,CRM001609,CURRENT,BR003,2016-11-01,DORMANT,57016.87,INR,N,CORE_BANKING
ACC0003624,CRM002213,SALARY,BR003,2025-08-15,ACTIVE,24458.33,INR,N,CORE_BANKING
ACC0003625,CRM001937,CURRENT,BR003,2016-09-16,ACTIVE,24670.28,INR,Y,CORE_BANKING
ACC0003626,CRM002322,SAVINGS,BR009,2016-09-10,ACTIVE,54407.2,INR,Y,CORE_BANKING
ACC0003627,CRM000830,SALARY,BR002,2018-06-18,ACTIVE,64738.75,INR,Y,CORE_BANKING
ACC0003628,CRM003938,SALARY,BR004,2024-03-11,ACTIVE,7083.79,INR,N,CORE_BANKING
ACC0003629,CRM002452,SALARY,BR004,2016-07-13,CLOSED,18342.9,INR,Y,CORE_BANKING
ACC0003630,CRM001852,SALARY,BR007,2018-10-25,ACTIVE,22906.27,INR,N,CORE_BANKING
ACC0003631,CRM002215,SALARY,BR009,2018-06-17,ACTIVE,107755.18,INR,N,CORE_BANKING
ACC0003632,CRM003718,SAVINGS,BR008,2021-04-30,ACTIVE,12199.62,INR,N,CORE_BANKING
ACC0003633,CRM002340,SAVINGS,BR008,2019-10-18,ACTIVE,17983.2,INR,N,CORE_BANKING
ACC0003634,CRM000910,SALARY,BR003,2019-02-25,ACTIVE,62523.66,INR,N,CORE_BANKING
ACC0003635,CRM000976,CURRENT,BR005,2019-07-04,ACTIVE,14012.64,INR,Y,CORE_BANKING
ACC0003636,CRM001451,CURRENT,BR007,2021-09-24,ACTIVE,14751.52,INR,N,CORE_BANKING
ACC0003637,CRM000746,CURRENT,BR009,2019-11-12,ACTIVE,2499.32,INR,Y,CORE_BANKING
ACC0003638,CRM000810,SAVINGS,BR005,2019-05-06,ACTIVE,4460.61,INR,Y,CORE_BANKING
ACC0003639,CRM000639,SAVINGS,BR006,2021-07-25,ACTIVE,20512.74,INR,Y,CORE_BANKING
ACC0003640,CRM002772,SAVINGS,BR010,2024-04-03,ACTIVE,74917.87,INR,Y,CORE_BANKING
ACC0003641,CRM000267,CURRENT,BR001,2022-01-10,ACTIVE,42338.64,INR,N,CORE_BANKING
ACC0003642,CRM001026,SALARY,BR001,2017-12-11,ACTIVE,23548.25,INR,N,CORE_BANKING
ACC0003643,CRM000397,SALARY,BR008,2025-05-18,ACTIVE,31346.08,INR,Y,CORE_BANKING
ACC0003644,CRM001791,CURRENT,BR006,2026-05-13,ACTIVE,52721.15,INR,N,CORE_BANKING
ACC0003645,CRM002707,SALARY,BR009,2026-02-19,ACTIVE,42314.37,INR,N,CORE_BANKING
ACC0003646,CRM003264,SAVINGS,BR009,2016-12-05,ACTIVE,32767.54,INR,N,CORE_BANKING
ACC0003647,CRM002027,SAVINGS,BR008,2018-07-25,ACTIVE,34270.51,INR,Y,CORE_BANKING
ACC0003648,CRM001612,SALARY,BR005,2018-03-06,ACTIVE,29302.4,INR,Y,CORE_BANKING
ACC0003649,CRM002342,SALARY,BR005,2020-01-01,ACTIVE,67341.36,INR,Y,CORE_BANKING
ACC0003650,CRM002632,SAVINGS,BR002,2020-10-16,ACTIVE,7493.18,INR,N,CORE_BANKING
ACC0003651,CRM000062,SALARY,BR002,2025-09-04,ACTIVE,5859.46,INR,Y,CORE_BANKING
ACC0003652,CRM002070,CURRENT,BR004,2018-06-22,ACTIVE,3285.8,INR,Y,CORE_BANKING
ACC0003653,CRM001116,SALARY,BR003,2020-07-06,ACTIVE,176525.6,INR,N,CORE_BANKING
ACC0003654,CRM002794,SAVINGS,BR006,2018-03-27,ACTIVE,50784.24,INR,Y,CORE_BANKING
ACC0003655,CRM001876,CURRENT,BR001,2017-01-23,ACTIVE,23371.4,INR,Y,CORE_BANKING
ACC0003656,CRM003361,CURRENT,BR002,2025-06-28,ACTIVE,13839.1,INR,N,CORE_BANKING
ACC0003657,CRM001886,SAVINGS,BR010,2017-09-05,ACTIVE,30224.6,INR,N,CORE_BANKING
ACC0003658,CRM001358,SAVINGS,BR009,2022-09-26,ACTIVE,72515.2,INR,N,CORE_BANKING
ACC0003659,CRM000516,CURRENT,BR010,2021-08-29,ACTIVE,19261.13,INR,N,CORE_BANKING
ACC0003660,CRM001868,SAVINGS,BR003,2018-09-19,ACTIVE,27316.02,INR,Y,CORE_BANKING
ACC0003661,CRM001201,CURRENT,BR008,2019-11-12,ACTIVE,57901.41,INR,N,CORE_BANKING
ACC0003662,CRM002521,SAVINGS,BR002,2020-05-07,DORMANT,13695.42,INR,N,CORE_BANKING
ACC0003663,CRM002708,SALARY,BR002,2018-12-02,ACTIVE,24078.25,INR,Y,CORE_BANKING
ACC0003664,CRM002458,CURRENT,BR009,2019-02-19,ACTIVE,24362.55,INR,Y,CORE_BANKING
ACC0003665,CRM000084,SALARY,BR005,2026-01-21,ACTIVE,36085.76,INR,N,CORE_BANKING
ACC0003666,CRM001910,CURRENT,BR007,2024-06-01,ACTIVE,16348.67,INR,Y,CORE_BANKING
ACC0003667,CRM001673,CURRENT,BR002,2022-09-27,ACTIVE,145163.63,INR,Y,CORE_BANKING
ACC0003668,CRM001187,SAVINGS,BR007,2025-07-06,ACTIVE,151671.07,INR,Y,CORE_BANKING
ACC0003669,CRM002075,SALARY,BR008,2023-04-16,DORMANT,35778.29,INR,Y,CORE_BANKING
ACC0003670,CRM003447,CURRENT,BR001,2023-01-16,ACTIVE,8273.45,INR,N,CORE_BANKING
ACC0003671,CRM000804,CURRENT,BR005,2024-10-03,ACTIVE,29348.58,INR,Y,CORE_BANKING
ACC0003672,CRM001421,SALARY,BR002,2025-02-07,ACTIVE,9129.58,INR,Y,CORE_BANKING
ACC0003673,CRM002620,SAVINGS,BR006,2016-12-15,DORMANT,32909.66,INR,Y,CORE_BANKING
ACC0003674,CRM002865,SALARY,BR002,2022-09-05,ACTIVE,21044.35,INR,N,CORE_BANKING
ACC0003675,CRM002959,SALARY,BR007,2022-01-24,ACTIVE,144904.32,INR,Y,CORE_BANKING
ACC0003676,CRM003743,SALARY,BR007,2017-07-08,ACTIVE,25491.11,INR,N,CORE_BANKING
ACC0003677,CRM002332,SAVINGS,BR002,2018-02-13,ACTIVE,55880.64,INR,N,CORE_BANKING
ACC0003678,CRM000578,SAVINGS,BR002,2024-10-15,ACTIVE,80668.36,INR,N,CORE_BANKING
ACC0003679,CRM002770,SAVINGS,BR006,2023-11-17,ACTIVE,36675.27,INR,Y,CORE_BANKING
ACC0003680,CRM000535,SALARY,BR003,2023-08-04,ACTIVE,52466.26,INR,Y,CORE_BANKING
ACC0003681,CRM003664,SAVINGS,BR010,2018-03-30,ACTIVE,40561.46,INR,Y,CORE_BANKING
ACC0003682,CRM000044,SALARY,BR005,2023-04-08,ACTIVE,11489.08,INR,Y,CORE_BANKING
ACC0003683,CRM002019,SALARY,BR009,2024-10-25,DORMANT,53923.21,INR,N,CORE_BANKING
ACC0003684,CRM000738,CURRENT,BR002,2025-03-11,ACTIVE,10391.12,INR,N,CORE_BANKING
ACC0003685,CRM002462,CURRENT,BR008,2016-07-31,ACTIVE,30124.83,INR,N,CORE_BANKING
ACC0003686,CRM000169,CURRENT,BR007,2016-08-30,DORMANT,44597.0,INR,N,CORE_BANKING
ACC0003687,CRM001524,SALARY,BR001,2017-02-24,DORMANT,27786.16,INR,Y,CORE_BANKING
ACC0003688,CRM001226,SAVINGS,BR008,2018-09-14,ACTIVE,76475.46,INR,N,CORE_BANKING
ACC0003689,CRM003726,CURRENT,BR010,2025-03-09,ACTIVE,5064.46,INR,N,CORE_BANKING
ACC0003690,CRM003216,CURRENT,BR010,2020-07-19,ACTIVE,18522.25,INR,Y,CORE_BANKING
ACC0003691,CRM003065,SALARY,BR007,2017-10-31,ACTIVE,50953.69,INR,N,CORE_BANKING
ACC0003692,CRM000552,CURRENT,BR004,2024-08-22,CLOSED,15410.37,INR,Y,CORE_BANKING
ACC0003693,CRM000723,SALARY,BR010,2016-02-13,ACTIVE,1236794.12,INR,Y,CORE_BANKING
ACC0003694,CRM001156,SAVINGS,BR002,2023-05-30,ACTIVE,86664.09,INR,Y,CORE_BANKING
ACC0003695,CRM003991,SALARY,BR003,2019-02-06,ACTIVE,10481.02,INR,Y,CORE_BANKING
ACC0003696,CRM002538,SAVINGS,BR010,2023-01-12,ACTIVE,50954.11,INR,Y,CORE_BANKING
ACC0003697,CRM001761,SAVINGS,BR009,2024-04-22,ACTIVE,36224.12,INR,Y,CORE_BANKING
ACC0003698,CRM000386,SAVINGS,BR007,2017-08-17,ACTIVE,106534.4,INR,Y,CORE_BANKING
ACC0003699,CRM002746,CURRENT,BR002,2024-02-04,ACTIVE,28206.52,INR,N,CORE_BANKING
ACC0003700,CRM000342,CURRENT,BR007,2025-05-15,ACTIVE,20250.25,INR,Y,CORE_BANKING
ACC0003701,CRM002890,CURRENT,BR005,2019-09-10,ACTIVE,64790.98,INR,N,CORE_BANKING
ACC0003702,CRM000572,SALARY,BR009,2022-05-29,ACTIVE,21056.98,INR,Y,CORE_BANKING
ACC0003703,CRM001802,SALARY,BR009,2018-06-22,ACTIVE,31093.56,INR,Y,CORE_BANKING
ACC0003704,CRM001877,SAVINGS,BR006,2018-08-18,ACTIVE,33565.7,INR,N,CORE_BANKING
ACC0003705,CRM003377,SAVINGS,BR008,2021-12-17,ACTIVE,38563.21,INR,Y,CORE_BANKING
ACC0003706,CRM002516,SAVINGS,BR006,2024-02-21,ACTIVE,36453.1,INR,Y,CORE_BANKING
ACC0003707,CRM002692,CURRENT,BR004,2026-04-04,ACTIVE,34895.97,INR,N,CORE_BANKING
ACC0003708,CRM003273,CURRENT,BR010,2022-05-08,DORMANT,48565.09,INR,Y,CORE_BANKING
ACC0003709,CRM002014,SALARY,BR009,2020-04-11,CLOSED,25820.16,INR,N,CORE_BANKING
ACC0003710,CRM002441,CURRENT,BR008,2021-08-10,ACTIVE,114258.0,INR,N,CORE_BANKING
ACC0003711,CRM000132,SAVINGS,BR010,2024-03-14,ACTIVE,29099.77,INR,Y,CORE_BANKING
ACC0003712,CRM002968,SALARY,BR005,2025-09-07,CLOSED,416651.57,INR,Y,CORE_BANKING
ACC0003713,CRM000735,SAVINGS,BR008,2017-09-09,ACTIVE,61154.15,INR,Y,CORE_BANKING
ACC0003714,CRM000073,SALARY,BR001,2016-06-10,DORMANT,40223.93,INR,N,CORE_BANKING
ACC0003715,CRM000716,SAVINGS,BR002,2018-04-17,ACTIVE,10904.28,INR,N,CORE_BANKING
ACC0003716,CRM001274,SAVINGS,BR004,2017-05-12,ACTIVE,32862.71,INR,Y,CORE_BANKING
ACC0003717,CRM003219,CURRENT,BR008,2018-07-12,DORMANT,3931.62,INR,Y,CORE_BANKING
ACC0003718,CRM000739,CURRENT,BR002,2022-03-30,DORMANT,19511.32,INR,N,CORE_BANKING
ACC0003719,CRM001763,SALARY,BR005,2021-10-18,ACTIVE,53830.62,INR,N,CORE_BANKING
ACC0003720,CRM002425,SAVINGS,BR009,2024-10-03,CLOSED,90180.55,INR,N,CORE_BANKING
ACC0003721,CRM002467,SAVINGS,BR001,2021-09-03,ACTIVE,37332.27,INR,N,CORE_BANKING
ACC0003722,CRM001930,SALARY,BR002,2023-06-07,ACTIVE,29226.82,INR,Y,CORE_BANKING
ACC0003723,CRM002907,SAVINGS,BR003,2020-06-14,DORMANT,13803.41,INR,Y,CORE_BANKING
ACC0003724,CRM003585,SALARY,BR005,2022-01-13,ACTIVE,23975.15,INR,N,CORE_BANKING
ACC0003725,CRM002973,CURRENT,BR001,2020-06-08,ACTIVE,67504.27,INR,N,CORE_BANKING
ACC0003726,CRM000758,SAVINGS,BR004,2019-06-20,ACTIVE,19490.7,INR,Y,CORE_BANKING
ACC0003727,CRM003531,SAVINGS,BR004,2024-10-27,ACTIVE,12649.94,INR,N,CORE_BANKING
ACC0003728,CRM000797,SALARY,BR007,2020-06-01,ACTIVE,47603.72,INR,N,CORE_BANKING
ACC0003729,CRM003160,CURRENT,BR004,2017-05-15,ACTIVE,7312.8,INR,Y,CORE_BANKING
ACC0003730,CRM001911,SALARY,BR006,2025-09-18,ACTIVE,8091.65,INR,N,CORE_BANKING
ACC0003731,CRM001474,CURRENT,BR008,2020-03-18,ACTIVE,35651.26,INR,N,CORE_BANKING
ACC0003732,CRM002971,CURRENT,BR002,2018-08-01,ACTIVE,21869.07,INR,N,CORE_BANKING
ACC0003733,CRM001079,SAVINGS,BR007,2023-11-08,ACTIVE,53370.53,INR,Y,CORE_BANKING
ACC0003734,CRM003420,SALARY,BR004,2023-03-09,ACTIVE,19551.14,INR,N,CORE_BANKING
ACC0003735,CRM003775,SAVINGS,BR005,2016-06-12,ACTIVE,6795.7,INR,N,CORE_BANKING
ACC0003736,CRM000262,CURRENT,BR006,2022-11-23,ACTIVE,7345.57,INR,N,CORE_BANKING
ACC0003737,CRM002937,SAVINGS,BR008,2020-07-17,DORMANT,14704.87,INR,Y,CORE_BANKING
ACC0003738,CRM003621,SALARY,BR003,2025-04-26,ACTIVE,55273.24,INR,N,CORE_BANKING
ACC0003739,CRM000739,CURRENT,BR003,2022-03-31,DORMANT,13428.71,INR,Y,CORE_BANKING
ACC0003740,CRM003805,CURRENT,BR010,2021-08-08,ACTIVE,42979.36,INR,N,CORE_BANKING
ACC0003741,CRM002437,CURRENT,BR006,2023-09-08,ACTIVE,34091.44,INR,Y,CORE_BANKING
ACC0003742,CRM003409,SAVINGS,BR004,2016-05-16,ACTIVE,6620.71,INR,N,CORE_BANKING
ACC0003743,CRM003200,SAVINGS,BR007,2026-05-14,ACTIVE,112147.16,INR,Y,CORE_BANKING
ACC0003744,CRM002493,SALARY,BR005,2025-09-27,ACTIVE,56255.51,INR,N,CORE_BANKING
ACC0003745,CRM003906,SALARY,BR003,2025-10-19,ACTIVE,118285.63,INR,Y,CORE_BANKING
ACC0003746,CRM002017,SAVINGS,BR005,2018-07-28,ACTIVE,25891.81,INR,N,CORE_BANKING
ACC0003747,CRM001927,SAVINGS,BR010,2017-10-19,ACTIVE,36115.95,INR,Y,CORE_BANKING
ACC0003748,CRM001881,SALARY,BR007,2023-03-23,ACTIVE,12382.91,INR,Y,CORE_BANKING
ACC0003749,CRM003593,SAVINGS,BR009,2020-10-20,ACTIVE,19669.57,INR,N,CORE_BANKING
ACC0003750,CRM000283,SALARY,BR006,2018-07-01,ACTIVE,12018.54,INR,N,CORE_BANKING
ACC0003751,CRM003349,SALARY,BR005,2016-12-27,DORMANT,12300.34,INR,N,CORE_BANKING
ACC0003752,CRM000819,SAVINGS,BR010,2020-11-18,ACTIVE,188668.31,INR,Y,CORE_BANKING
ACC0003753,CRM003553,CURRENT,BR007,2021-03-13,ACTIVE,20790.71,INR,Y,CORE_BANKING
ACC0003754,CRM001692,SAVINGS,BR009,2016-11-05,ACTIVE,16600.53,INR,N,CORE_BANKING
ACC0003755,CRM000140,CURRENT,BR009,2020-06-28,ACTIVE,13214.01,INR,N,CORE_BANKING
ACC0003756,CRM002417,SALARY,BR004,2019-06-12,CLOSED,158040.44,INR,N,CORE_BANKING
ACC0003757,CRM003252,SALARY,BR002,2024-03-09,ACTIVE,42054.97,INR,N,CORE_BANKING
ACC0003758,CRM003635,SAVINGS,BR010,2022-11-19,CLOSED,12234.71,INR,Y,CORE_BANKING
ACC0003759,CRM003984,SALARY,BR004,2026-01-01,ACTIVE,25010.74,INR,N,CORE_BANKING
ACC0003760,CRM000423,CURRENT,BR009,2019-01-25,ACTIVE,21349.62,INR,N,CORE_BANKING
ACC0003761,CRM003571,SAVINGS,BR005,2016-12-04,ACTIVE,96370.7,INR,N,CORE_BANKING
ACC0003762,CRM002562,SALARY,BR001,2021-08-09,ACTIVE,141026.5,INR,N,CORE_BANKING
ACC0003763,CRM002793,SALARY,BR007,2017-08-11,ACTIVE,117237.99,INR,N,CORE_BANKING
ACC0003764,CRM003512,SAVINGS,BR005,2016-08-29,ACTIVE,13010.25,INR,Y,CORE_BANKING
ACC0003765,CRM001713,SALARY,BR003,2025-09-05,ACTIVE,30926.83,INR,Y,CORE_BANKING
ACC0003766,CRM003147,SAVINGS,BR008,2020-11-28,ACTIVE,84371.47,INR,N,CORE_BANKING
ACC0003767,CRM000867,SALARY,BR006,2020-11-24,DORMANT,350701.66,INR,N,CORE_BANKING
ACC0003768,CRM001604,SALARY,BR008,2023-06-15,ACTIVE,30353.55,INR,N,CORE_BANKING
ACC0003769,CRM000185,SAVINGS,BR007,2018-08-12,ACTIVE,40299.21,INR,N,CORE_BANKING
ACC0003770,CRM002232,SAVINGS,BR007,2023-04-20,ACTIVE,3495.02,INR,Y,CORE_BANKING
ACC0003771,CRM002745,CURRENT,BR002,2024-12-06,ACTIVE,5890.55,INR,N,CORE_BANKING
ACC0003772,CRM000047,CURRENT,BR010,2016-04-13,ACTIVE,19300.8,INR,Y,CORE_BANKING
ACC0003773,CRM001065,CURRENT,BR010,2023-06-03,ACTIVE,36440.05,INR,N,CORE_BANKING
ACC0003774,CRM002828,SAVINGS,BR006,2024-03-23,DORMANT,16533.47,INR,N,CORE_BANKING
ACC0003775,CRM002406,SAVINGS,BR005,2022-09-24,ACTIVE,29015.87,INR,N,CORE_BANKING
ACC0003776,CRM000058,SALARY,BR003,2022-08-24,ACTIVE,5134.7,INR,Y,CORE_BANKING
ACC0003777,CRM000355,SAVINGS,BR002,2018-09-05,ACTIVE,94847.96,INR,Y,CORE_BANKING
ACC0003778,CRM000964,SALARY,BR002,2016-08-28,DORMANT,11969.6,INR,N,CORE_BANKING
ACC0003779,CRM000187,CURRENT,BR003,2018-12-29,ACTIVE,48165.24,INR,N,CORE_BANKING
ACC0003780,CRM003474,SAVINGS,BR003,2019-04-07,CLOSED,37359.99,INR,N,CORE_BANKING
ACC0003781,CRM001327,SAVINGS,BR003,2016-01-12,ACTIVE,11766.49,INR,Y,CORE_BANKING
ACC0003782,CRM001098,CURRENT,BR010,2018-06-12,ACTIVE,8668.03,INR,N,CORE_BANKING
ACC0003783,CRM003633,SALARY,BR007,2019-07-02,ACTIVE,65219.03,INR,Y,CORE_BANKING
ACC0003784,CRM002584,SAVINGS,BR007,2019-12-10,ACTIVE,19347.5,INR,N,CORE_BANKING
ACC0003785,CRM003353,SAVINGS,BR001,2022-12-25,ACTIVE,78210.34,INR,N,CORE_BANKING
ACC0003786,CRM000476,CURRENT,BR002,2018-09-29,ACTIVE,37016.97,INR,N,CORE_BANKING
ACC0003787,CRM001215,SAVINGS,BR004,2016-06-28,ACTIVE,46609.29,INR,Y,CORE_BANKING
ACC0003788,CRM002062,SALARY,BR004,2018-08-05,ACTIVE,31357.11,INR,Y,CORE_BANKING
ACC0003789,CRM000691,SALARY,BR003,2024-04-08,ACTIVE,11576.22,INR,Y,CORE_BANKING
ACC0003790,CRM000476,CURRENT,BR010,2019-06-25,ACTIVE,14616.6,INR,Y,CORE_BANKING
ACC0003791,CRM002579,SALARY,BR005,2022-02-11,ACTIVE,32759.11,INR,Y,CORE_BANKING
ACC0003792,CRM002285,SAVINGS,BR006,2020-06-14,ACTIVE,21347.3,INR,N,CORE_BANKING
ACC0003793,CRM000157,SALARY,BR007,2016-12-21,ACTIVE,32611.09,INR,N,CORE_BANKING
ACC0003794,CRM000892,SAVINGS,BR004,2017-12-16,ACTIVE,17159.29,INR,Y,CORE_BANKING
ACC0003795,CRM003174,CURRENT,BR005,2016-04-24,DORMANT,23671.64,INR,N,CORE_BANKING
ACC0003796,CRM001396,CURRENT,BR008,2025-12-21,ACTIVE,48674.51,INR,Y,CORE_BANKING
ACC0003797,CRM003181,CURRENT,BR008,2018-06-05,DORMANT,30774.85,INR,Y,CORE_BANKING
ACC0003798,CRM003081,SAVINGS,BR008,2025-10-16,ACTIVE,60833.02,INR,Y,CORE_BANKING
ACC0003799,CRM000319,SALARY,BR006,2025-04-18,ACTIVE,9007.13,INR,N,CORE_BANKING
ACC0003800,CRM003973,SAVINGS,BR002,2026-01-12,ACTIVE,10314.54,INR,Y,CORE_BANKING
ACC0003801,CRM002153,SAVINGS,BR004,2018-10-01,ACTIVE,4767.88,INR,N,CORE_BANKING
ACC0003802,CRM003788,SALARY,BR003,2023-09-06,ACTIVE,26360.26,INR,Y,CORE_BANKING
ACC0003803,CRM001112,SALARY,BR002,2017-05-22,ACTIVE,1885.37,INR,Y,CORE_BANKING
ACC0003804,CRM002342,SALARY,BR003,2026-05-18,ACTIVE,20689.4,INR,Y,CORE_BANKING
ACC0003805,CRM002456,CURRENT,BR002,2020-01-21,ACTIVE,193135.71,INR,N,CORE_BANKING
ACC0003806,CRM001724,SAVINGS,BR008,2018-09-28,ACTIVE,65075.63,INR,Y,CORE_BANKING
ACC0003807,CRM001023,CURRENT,BR003,2020-02-19,ACTIVE,9433.07,INR,Y,CORE_BANKING
ACC0003808,CRM002935,SAVINGS,BR001,2016-07-25,ACTIVE,104498.32,INR,N,CORE_BANKING
ACC0003809,CRM002466,SALARY,BR001,2018-05-11,DORMANT,12261.37,INR,N,CORE_BANKING
ACC0003810,CRM002818,SALARY,BR001,2017-10-10,ACTIVE,27728.55,INR,N,CORE_BANKING
ACC0003811,CRM000826,CURRENT,BR008,2025-10-25,CLOSED,226522.42,INR,N,CORE_BANKING
ACC0003812,CRM001720,SAVINGS,BR007,2017-02-10,ACTIVE,122511.57,INR,Y,CORE_BANKING
ACC0003813,CRM001377,SAVINGS,BR006,2025-10-20,ACTIVE,58300.37,INR,Y,CORE_BANKING
ACC0003814,CRM001848,CURRENT,BR007,2019-06-10,ACTIVE,32288.06,INR,N,CORE_BANKING
ACC0003815,CRM003853,SAVINGS,BR004,2018-04-24,ACTIVE,63452.48,INR,N,CORE_BANKING
ACC0003816,CRM002525,SALARY,BR008,2018-01-18,ACTIVE,33769.4,INR,N,CORE_BANKING
ACC0003817,CRM000363,SAVINGS,BR006,2016-11-13,ACTIVE,39052.54,INR,Y,CORE_BANKING
ACC0003818,CRM001902,SAVINGS,BR002,2026-02-11,ACTIVE,43457.59,INR,N,CORE_BANKING
ACC0003819,CRM001458,SAVINGS,BR005,2019-06-23,ACTIVE,14130.72,INR,N,CORE_BANKING
ACC0003820,CRM000387,SAVINGS,BR008,2018-07-16,ACTIVE,44477.24,INR,N,CORE_BANKING
ACC0003821,CRM002065,SALARY,BR009,2018-09-26,ACTIVE,76862.1,INR,N,CORE_BANKING
ACC0003822,CRM003577,SALARY,BR001,2019-03-16,ACTIVE,49244.22,INR,Y,CORE_BANKING
ACC0003823,CRM003366,SALARY,BR002,2016-04-22,ACTIVE,333784.32,INR,N,CORE_BANKING
ACC0003824,CRM000165,SALARY,BR004,2022-04-07,ACTIVE,40061.27,INR,Y,CORE_BANKING
ACC0003825,CRM001984,SALARY,BR007,2025-02-28,ACTIVE,9865.28,INR,N,CORE_BANKING
ACC0003826,CRM001791,CURRENT,BR008,2023-08-27,ACTIVE,202815.61,INR,N,CORE_BANKING
ACC0003827,CRM000967,SAVINGS,BR004,2023-03-27,ACTIVE,40728.83,INR,Y,CORE_BANKING
ACC0003828,CRM000494,SAVINGS,BR006,2022-12-19,DORMANT,101930.33,INR,Y,CORE_BANKING
ACC0003829,CRM002859,SAVINGS,BR009,2016-04-02,ACTIVE,33782.6,INR,N,CORE_BANKING
ACC0003830,CRM003223,SAVINGS,BR002,2022-07-14,ACTIVE,88567.63,INR,N,CORE_BANKING
ACC0003831,CRM002168,SALARY,BR010,2017-04-26,ACTIVE,66259.19,INR,N,CORE_BANKING
ACC0003832,CRM003496,CURRENT,BR010,2020-03-22,ACTIVE,23344.94,INR,Y,CORE_BANKING
ACC0003833,CRM000008,CURRENT,BR004,2021-07-11,ACTIVE,7999.24,INR,N,CORE_BANKING
ACC0003834,CRM000996,SALARY,BR003,2019-09-30,ACTIVE,46744.23,INR,N,CORE_BANKING
ACC0003835,CRM002719,CURRENT,BR010,2025-11-14,ACTIVE,65783.04,INR,Y,CORE_BANKING
ACC0003836,CRM002827,SAVINGS,BR007,2023-05-27,ACTIVE,8488.45,INR,N,CORE_BANKING
ACC0003837,CRM002893,SAVINGS,BR007,2017-12-13,CLOSED,62873.24,INR,N,CORE_BANKING
ACC0003838,CRM001081,CURRENT,BR004,2019-01-29,DORMANT,30650.74,INR,Y,CORE_BANKING
ACC0003839,CRM003933,CURRENT,BR002,2026-01-10,ACTIVE,5526.03,INR,Y,CORE_BANKING
ACC0003840,CRM003939,SALARY,BR004,2018-12-21,ACTIVE,51781.76,INR,Y,CORE_BANKING
ACC0003841,CRM003297,SAVINGS,BR006,2020-01-22,ACTIVE,17790.37,INR,Y,CORE_BANKING
ACC0003842,CRM000916,SALARY,BR008,2020-10-30,ACTIVE,58307.04,INR,Y,CORE_BANKING
ACC0003843,CRM003401,SALARY,BR006,2023-09-29,CLOSED,24239.39,INR,Y,CORE_BANKING
ACC0003844,CRM003966,CURRENT,BR009,2016-12-02,ACTIVE,5809.72,INR,Y,CORE_BANKING
ACC0003845,CRM002550,CURRENT,BR005,2023-04-14,ACTIVE,28229.7,INR,N,CORE_BANKING
ACC0003846,CRM001955,CURRENT,BR002,2025-09-10,ACTIVE,9333.64,INR,N,CORE_BANKING
ACC0003847,CRM002477,SALARY,BR008,2022-05-19,ACTIVE,97230.3,INR,N,CORE_BANKING
ACC0003848,CRM002632,SALARY,BR003,2018-01-15,ACTIVE,22665.23,INR,N,CORE_BANKING
ACC0003849,CRM000251,CURRENT,BR004,2017-06-03,ACTIVE,7280.37,INR,N,CORE_BANKING
ACC0003850,CRM000102,CURRENT,BR010,2023-12-09,ACTIVE,9703.51,INR,Y,CORE_BANKING
ACC0003851,CRM000714,SAVINGS,BR006,2022-04-11,ACTIVE,16223.31,INR,N,CORE_BANKING
ACC0003852,CRM000095,SAVINGS,BR006,2025-10-22,ACTIVE,1466.98,INR,N,CORE_BANKING
ACC0003853,CRM002425,CURRENT,BR008,2019-01-13,ACTIVE,21068.77,INR,N,CORE_BANKING
ACC0003854,CRM003775,SALARY,BR009,2022-01-10,ACTIVE,104925.6,INR,N,CORE_BANKING
ACC0003855,CRM001638,SALARY,BR008,2021-09-14,ACTIVE,10719.43,INR,N,CORE_BANKING
ACC0003856,CRM003660,SALARY,BR004,2019-01-03,ACTIVE,127847.41,INR,Y,CORE_BANKING
ACC0003857,CRM001453,SAVINGS,BR010,2021-02-16,ACTIVE,123514.12,INR,Y,CORE_BANKING
ACC0003858,CRM003670,CURRENT,BR010,2023-12-27,ACTIVE,31599.21,INR,Y,CORE_BANKING
ACC0003859,CRM002380,CURRENT,BR010,2018-05-01,ACTIVE,11606.06,INR,Y,CORE_BANKING
ACC0003860,CRM002752,SAVINGS,BR003,2026-02-25,ACTIVE,15170.67,INR,N,CORE_BANKING
ACC0003861,CRM002358,CURRENT,BR002,2021-11-29,ACTIVE,28993.27,INR,Y,CORE_BANKING
ACC0003862,CRM003744,CURRENT,BR008,2025-01-19,ACTIVE,48189.92,INR,N,CORE_BANKING
ACC0003863,CRM001451,SALARY,BR004,2019-12-04,ACTIVE,7247.32,INR,Y,CORE_BANKING
ACC0003864,CRM001595,SAVINGS,BR008,2016-03-18,DORMANT,12672.05,INR,Y,CORE_BANKING
ACC0003865,CRM002231,SALARY,BR001,2025-12-22,DORMANT,37865.12,INR,N,CORE_BANKING
ACC0003866,CRM001193,SALARY,BR002,2017-12-08,ACTIVE,68000.37,INR,Y,CORE_BANKING
ACC0003867,CRM001672,SALARY,BR009,2016-07-13,ACTIVE,13678.57,INR,N,CORE_BANKING
ACC0003868,CRM003349,CURRENT,BR009,2024-09-18,ACTIVE,64076.36,INR,N,CORE_BANKING
ACC0003869,CRM002351,SALARY,BR008,2022-06-04,ACTIVE,12942.42,INR,Y,CORE_BANKING
ACC0003870,CRM002259,SAVINGS,BR004,2016-01-21,ACTIVE,91144.26,INR,N,CORE_BANKING
ACC0003871,CRM000133,SAVINGS,BR007,2019-10-27,CLOSED,99473.59,INR,Y,CORE_BANKING
ACC0003872,CRM000125,SALARY,BR003,2023-05-08,ACTIVE,71493.55,INR,N,CORE_BANKING
ACC0003873,CRM002284,SALARY,BR005,2025-10-13,ACTIVE,35894.81,INR,Y,CORE_BANKING
ACC0003874,CRM003273,CURRENT,BR004,2018-10-18,CLOSED,6554.03,INR,N,CORE_BANKING
ACC0003875,CRM000969,SAVINGS,BR003,2017-02-22,ACTIVE,44191.35,INR,N,CORE_BANKING
ACC0003876,CRM000500,SAVINGS,BR007,2022-08-17,ACTIVE,37587.21,INR,Y,CORE_BANKING
ACC0003877,CRM002167,CURRENT,BR003,2016-02-06,ACTIVE,11446.94,INR,N,CORE_BANKING
ACC0003878,CRM001966,SALARY,BR007,2021-10-19,ACTIVE,3176.67,INR,Y,CORE_BANKING
ACC0003879,CRM001858,SAVINGS,BR004,2017-11-17,DORMANT,12196.53,INR,Y,CORE_BANKING
ACC0003880,CRM003260,CURRENT,BR004,2023-07-18,ACTIVE,67170.06,INR,N,CORE_BANKING
ACC0003881,CRM003112,CURRENT,BR002,2022-11-17,ACTIVE,28051.24,INR,Y,CORE_BANKING
ACC0003882,CRM001374,SAVINGS,BR007,2025-12-30,DORMANT,24826.02,INR,Y,CORE_BANKING
ACC0003883,CRM002737,CURRENT,BR004,2023-06-20,ACTIVE,17507.48,INR,N,CORE_BANKING
ACC0003884,CRM003680,SAVINGS,BR004,2017-11-30,ACTIVE,273292.82,INR,N,CORE_BANKING
ACC0003885,CRM000486,SAVINGS,BR008,2016-10-30,ACTIVE,29337.91,INR,N,CORE_BANKING
ACC0003886,CRM003629,CURRENT,BR010,2026-01-05,DORMANT,3831.06,INR,N,CORE_BANKING
ACC0003887,CRM003484,SALARY,BR004,2022-11-28,ACTIVE,17967.01,INR,Y,CORE_BANKING
ACC0003888,CRM003494,SALARY,BR001,2017-11-13,ACTIVE,7984.56,INR,Y,CORE_BANKING
ACC0003889,CRM002974,CURRENT,BR003,2018-07-21,ACTIVE,4675.55,INR,N,CORE_BANKING
ACC0003890,CRM002368,CURRENT,BR003,2022-06-18,ACTIVE,104777.55,INR,N,CORE_BANKING
ACC0003891,CRM000095,CURRENT,BR009,2016-12-05,DORMANT,21334.04,INR,N,CORE_BANKING
ACC0003892,CRM003444,SALARY,BR003,2019-01-24,CLOSED,10924.08,INR,N,CORE_BANKING
ACC0003893,CRM001512,SAVINGS,BR007,2020-02-07,CLOSED,16939.51,INR,N,CORE_BANKING
ACC0003894,CRM002956,SAVINGS,BR005,2019-01-19,ACTIVE,34689.9,INR,N,CORE_BANKING
ACC0003895,CRM000550,SALARY,BR009,2018-10-11,ACTIVE,39493.12,INR,Y,CORE_BANKING
ACC0003896,CRM002452,CURRENT,BR010,2022-09-21,ACTIVE,35268.16,INR,N,CORE_BANKING
ACC0003897,CRM000654,SAVINGS,BR001,2016-11-11,ACTIVE,32193.03,INR,Y,CORE_BANKING
ACC0003898,CRM001200,SALARY,BR008,2025-07-06,ACTIVE,32771.85,INR,N,CORE_BANKING
ACC0003899,CRM000107,CURRENT,BR008,2020-09-20,ACTIVE,36450.39,INR,Y,CORE_BANKING
ACC0003900,CRM002771,SALARY,BR001,2019-09-17,ACTIVE,187277.64,INR,N,CORE_BANKING
ACC0003901,CRM001342,CURRENT,BR010,2025-05-26,ACTIVE,22666.32,INR,Y,CORE_BANKING
ACC0003902,CRM000415,SAVINGS,BR004,2018-07-20,ACTIVE,8766.8,INR,N,CORE_BANKING
ACC0003903,CRM003672,SALARY,BR002,2022-08-18,ACTIVE,25965.61,INR,Y,CORE_BANKING
ACC0003904,CRM003882,CURRENT,BR001,2018-10-10,ACTIVE,40802.61,INR,Y,CORE_BANKING
ACC0003905,CRM001712,SAVINGS,BR001,2020-05-26,DORMANT,63952.05,INR,Y,CORE_BANKING
ACC0003906,CRM002324,SAVINGS,BR009,2026-01-26,DORMANT,83387.67,INR,N,CORE_BANKING
ACC0003907,CRM002013,SAVINGS,BR007,2022-05-30,ACTIVE,52858.39,INR,Y,CORE_BANKING
ACC0003908,CRM002090,CURRENT,BR009,2020-08-22,ACTIVE,347829.4,INR,Y,CORE_BANKING
ACC0003909,CRM002888,SAVINGS,BR009,2016-11-10,ACTIVE,24529.84,INR,Y,CORE_BANKING
ACC0003910,CRM003075,SAVINGS,BR003,2018-04-24,ACTIVE,35940.48,INR,N,CORE_BANKING
ACC0003911,CRM001062,SALARY,BR008,2019-05-26,ACTIVE,12745.49,INR,Y,CORE_BANKING
ACC0003912,CRM001845,SALARY,BR002,2017-06-24,ACTIVE,79251.89,INR,Y,CORE_BANKING
ACC0003913,CRM003320,SALARY,BR005,2019-04-28,ACTIVE,46116.57,INR,N,CORE_BANKING
ACC0003914,CRM000739,SALARY,BR005,2017-08-10,ACTIVE,90213.85,INR,Y,CORE_BANKING
ACC0003915,CRM001858,SAVINGS,BR007,2019-06-18,ACTIVE,32084.15,INR,Y,CORE_BANKING
ACC0003916,CRM003953,SAVINGS,BR008,2016-12-01,ACTIVE,15171.79,INR,Y,CORE_BANKING
ACC0003917,CRM002513,CURRENT,BR002,2024-06-10,ACTIVE,20431.98,INR,Y,CORE_BANKING
ACC0003918,CRM001563,CURRENT,BR003,2016-09-10,ACTIVE,30704.83,INR,N,CORE_BANKING
ACC0003919,CRM000053,SAVINGS,BR009,2016-10-06,ACTIVE,32951.04,INR,N,CORE_BANKING
ACC0003920,CRM000674,SALARY,BR007,2017-08-05,ACTIVE,96586.52,INR,Y,CORE_BANKING
ACC0003921,CRM003985,SAVINGS,BR006,2018-03-30,ACTIVE,12843.47,INR,Y,CORE_BANKING
ACC0003922,CRM003880,CURRENT,BR008,2019-10-27,CLOSED,15140.19,INR,Y,CORE_BANKING
ACC0003923,CRM002193,CURRENT,BR006,2024-03-17,ACTIVE,12957.97,INR,N,CORE_BANKING
ACC0003924,CRM000168,SALARY,BR007,2023-10-22,ACTIVE,79824.9,INR,Y,CORE_BANKING
ACC0003925,CRM000290,SAVINGS,BR002,2018-11-07,ACTIVE,194232.61,INR,N,CORE_BANKING
ACC0003926,CRM001869,CURRENT,BR010,2022-11-17,ACTIVE,112144.37,INR,Y,CORE_BANKING
ACC0003927,CRM003022,SALARY,BR008,2020-06-10,ACTIVE,22338.98,INR,Y,CORE_BANKING
ACC0003928,CRM000951,CURRENT,BR010,2018-05-20,ACTIVE,6675.98,INR,Y,CORE_BANKING
ACC0003929,CRM000499,SALARY,BR003,2021-10-27,ACTIVE,13936.72,INR,Y,CORE_BANKING
ACC0003930,CRM003733,SALARY,BR006,2021-06-25,DORMANT,217107.08,INR,N,CORE_BANKING
ACC0003931,CRM000153,SAVINGS,BR001,2019-03-14,ACTIVE,212305.67,INR,N,CORE_BANKING
ACC0003932,CRM003609,SALARY,BR007,2024-10-29,ACTIVE,16585.77,INR,N,CORE_BANKING
ACC0003933,CRM001659,SAVINGS,BR006,2021-06-10,ACTIVE,5233.52,INR,Y,CORE_BANKING
ACC0003934,CRM000852,CURRENT,BR005,2024-11-25,ACTIVE,8417.58,INR,Y,CORE_BANKING
ACC0003935,CRM001641,CURRENT,BR006,2017-12-13,DORMANT,22478.68,INR,N,CORE_BANKING
ACC0003936,CRM003253,SAVINGS,BR008,2021-11-24,ACTIVE,39105.47,INR,Y,CORE_BANKING
ACC0003937,CRM003428,SALARY,BR003,2021-10-01,ACTIVE,31841.91,INR,N,CORE_BANKING
ACC0003938,CRM000749,CURRENT,BR006,2018-07-20,ACTIVE,23456.84,INR,N,CORE_BANKING
ACC0003939,CRM003723,SAVINGS,BR010,2017-07-24,ACTIVE,45766.07,INR,N,CORE_BANKING
ACC0003940,CRM000052,CURRENT,BR003,2016-05-23,ACTIVE,17392.67,INR,N,CORE_BANKING
ACC0003941,CRM000245,SALARY,BR006,2019-12-31,ACTIVE,17598.38,INR,Y,CORE_BANKING
ACC0003942,CRM002377,SAVINGS,BR003,2026-01-29,ACTIVE,46688.78,INR,Y,CORE_BANKING
ACC0003943,CRM003964,SALARY,BR010,2024-11-11,ACTIVE,50053.92,INR,Y,CORE_BANKING
ACC0003944,CRM003315,SAVINGS,BR005,2024-03-29,CLOSED,85053.89,INR,N,CORE_BANKING
ACC0003945,CRM001312,SALARY,BR010,2019-04-17,ACTIVE,30304.39,INR,Y,CORE_BANKING
ACC0003946,CRM003118,SAVINGS,BR010,2024-03-20,ACTIVE,25790.35,INR,N,CORE_BANKING
ACC0003947,CRM001205,CURRENT,BR008,2023-01-31,ACTIVE,33857.89,INR,N,CORE_BANKING
ACC0003948,CRM001380,SAVINGS,BR005,2025-10-01,ACTIVE,4252.02,INR,Y,CORE_BANKING
ACC0003949,CRM002112,SALARY,BR006,2022-07-27,ACTIVE,57310.04,INR,N,CORE_BANKING
ACC0003950,CRM003333,CURRENT,BR007,2020-12-03,ACTIVE,73526.53,INR,Y,CORE_BANKING
ACC0003951,CRM000186,SALARY,BR007,2026-05-12,ACTIVE,6528.54,INR,N,CORE_BANKING
ACC0003952,CRM001172,SAVINGS,BR003,2021-09-24,ACTIVE,106105.52,INR,N,CORE_BANKING
ACC0003953,CRM001341,SAVINGS,BR006,2021-08-11,ACTIVE,3738.3,INR,Y,CORE_BANKING
ACC0003954,CRM001245,SAVINGS,BR004,2018-11-11,ACTIVE,17577.24,INR,N,CORE_BANKING
ACC0003955,CRM002650,CURRENT,BR003,2017-10-21,ACTIVE,8984.07,INR,Y,CORE_BANKING
ACC0003956,CRM001138,CURRENT,BR003,2019-03-30,DORMANT,47598.62,INR,Y,CORE_BANKING
ACC0003957,CRM003009,SAVINGS,BR005,2025-12-19,ACTIVE,37530.06,INR,Y,CORE_BANKING
ACC0003958,CRM002947,SALARY,BR003,2025-09-16,ACTIVE,14547.51,INR,Y,CORE_BANKING
ACC0003959,CRM003532,SALARY,BR005,2025-09-28,ACTIVE,128751.33,INR,Y,CORE_BANKING
ACC0003960,CRM002061,CURRENT,BR006,2022-08-30,ACTIVE,41369.83,INR,Y,CORE_BANKING
ACC0003961,CRM001993,SALARY,BR002,2020-02-15,ACTIVE,64455.15,INR,N,CORE_BANKING
ACC0003962,CRM001073,SALARY,BR010,2021-05-02,ACTIVE,13138.85,INR,Y,CORE_BANKING
ACC0003963,CRM000602,SAVINGS,BR005,2020-05-02,DORMANT,205098.03,INR,Y,CORE_BANKING
ACC0003964,CRM003352,SALARY,BR006,2021-06-01,CLOSED,36030.73,INR,N,CORE_BANKING
ACC0003965,CRM002938,SALARY,BR008,2017-12-12,ACTIVE,33145.57,INR,N,CORE_BANKING
ACC0003966,CRM002813,CURRENT,BR010,2019-02-21,ACTIVE,29373.38,INR,Y,CORE_BANKING
ACC0003967,CRM000125,SAVINGS,BR007,2018-09-18,ACTIVE,40574.75,INR,Y,CORE_BANKING
ACC0003968,CRM003583,SALARY,BR001,2016-05-29,ACTIVE,5065.16,INR,Y,CORE_BANKING
ACC0003969,CRM002367,SALARY,BR009,2016-12-31,ACTIVE,17337.14,INR,N,CORE_BANKING
ACC0003970,CRM001214,SAVINGS,BR009,2022-12-14,CLOSED,3969.67,INR,N,CORE_BANKING
ACC0003971,CRM003597,CURRENT,BR009,2022-12-06,ACTIVE,66078.07,INR,N,CORE_BANKING
ACC0003972,CRM003507,SAVINGS,BR001,2016-09-05,ACTIVE,26647.22,INR,N,CORE_BANKING
ACC0003973,CRM003288,CURRENT,BR002,2020-05-04,ACTIVE,48748.71,INR,N,CORE_BANKING
ACC0003974,CRM001128,SALARY,BR001,2018-02-23,ACTIVE,9927.24,INR,Y,CORE_BANKING
ACC0003975,CRM002930,CURRENT,BR003,2024-01-17,ACTIVE,30722.9,INR,Y,CORE_BANKING
ACC0003976,CRM001715,SALARY,BR010,2024-07-24,ACTIVE,31686.95,INR,N,CORE_BANKING
ACC0003977,CRM003036,SAVINGS,BR010,2020-06-18,ACTIVE,20022.9,INR,N,CORE_BANKING
ACC0003978,CRM003885,CURRENT,BR006,2022-11-09,ACTIVE,31758.5,INR,N,CORE_BANKING
ACC0003979,CRM002254,SALARY,BR004,2018-06-26,ACTIVE,38420.77,INR,Y,CORE_BANKING
ACC0003980,CRM002585,SALARY,BR002,2018-12-30,ACTIVE,86224.07,INR,Y,CORE_BANKING
ACC0003981,CRM001187,SALARY,BR008,2019-10-08,ACTIVE,29965.75,INR,N,CORE_BANKING
ACC0003982,CRM002809,SAVINGS,BR003,2017-10-14,ACTIVE,17740.92,INR,Y,CORE_BANKING
ACC0003983,CRM002188,CURRENT,BR005,2018-02-15,ACTIVE,2615.52,INR,Y,CORE_BANKING
ACC0003984,CRM002990,SALARY,BR007,2020-12-03,ACTIVE,3889.66,INR,N,CORE_BANKING
ACC0003985,CRM003457,SAVINGS,BR007,2022-11-06,ACTIVE,40088.68,INR,N,CORE_BANKING
ACC0003986,CRM003182,SALARY,BR009,2024-12-28,DORMANT,48933.11,INR,Y,CORE_BANKING
ACC0003987,CRM000892,SAVINGS,BR008,2021-03-04,ACTIVE,510745.5,INR,Y,CORE_BANKING
ACC0003988,CRM000624,CURRENT,BR008,2018-11-25,ACTIVE,13015.13,INR,Y,CORE_BANKING
ACC0003989,CRM001588,CURRENT,BR007,2020-12-25,ACTIVE,56940.39,INR,N,CORE_BANKING
ACC0003990,CRM001533,SAVINGS,BR007,2016-02-28,ACTIVE,31306.92,INR,Y,CORE_BANKING
ACC0003991,CRM000664,SAVINGS,BR001,2021-04-10,ACTIVE,92150.11,INR,N,CORE_BANKING
ACC0003992,CRM002607,SALARY,BR003,2022-10-10,ACTIVE,50565.75,INR,N,CORE_BANKING
ACC0003993,CRM003611,SAVINGS,BR007,2017-03-19,ACTIVE,31239.95,INR,Y,CORE_BANKING
ACC0003994,CRM001410,CURRENT,BR003,2017-04-21,ACTIVE,31046.65,INR,N,CORE_BANKING
ACC0003995,CRM002730,CURRENT,BR006,2024-11-06,ACTIVE,36783.51,INR,Y,CORE_BANKING
ACC0003996,CRM001706,SALARY,BR003,2024-03-07,ACTIVE,6268.92,INR,Y,CORE_BANKING
ACC0003997,CRM003096,CURRENT,BR002,2019-12-27,ACTIVE,22614.32,INR,N,CORE_BANKING
ACC0003998,CRM002056,CURRENT,BR010,2020-07-14,ACTIVE,15127.88,INR,N,CORE_BANKING
ACC0003999,CRM002458,SAVINGS,BR003,2019-11-08,ACTIVE,26820.21,INR,N,CORE_BANKING
ACC0004000,CRM001547,SALARY,BR001,2022-08-06,ACTIVE,10519.44,INR,N,CORE_BANKING
ACC0004001,CRM003383,SAVINGS,BR009,2018-11-24,ACTIVE,19906.61,INR,Y,CORE_BANKING
ACC0004002,CRM001657,SAVINGS,BR008,2019-07-21,ACTIVE,52299.74,INR,Y,CORE_BANKING
ACC0004003,CRM002494,SAVINGS,BR010,2019-10-26,CLOSED,1971.33,INR,Y,CORE_BANKING
ACC0004004,CRM000689,SAVINGS,BR010,2026-03-30,ACTIVE,42354.02,INR,Y,CORE_BANKING
ACC0004005,CRM003659,SALARY,BR001,2020-09-14,ACTIVE,153228.88,INR,Y,CORE_BANKING
ACC0004006,CRM003342,SALARY,BR007,2019-10-20,ACTIVE,56586.6,INR,N,CORE_BANKING
ACC0004007,CRM002432,SAVINGS,BR010,2021-05-17,ACTIVE,23134.37,INR,Y,CORE_BANKING
ACC0004008,CRM003431,CURRENT,BR004,2016-07-04,ACTIVE,51039.19,INR,Y,CORE_BANKING
ACC0004009,CRM003020,SAVINGS,BR001,2018-12-26,ACTIVE,131382.55,INR,Y,CORE_BANKING
ACC0004010,CRM001715,SALARY,BR006,2020-11-24,ACTIVE,22193.84,INR,Y,CORE_BANKING
ACC0004011,CRM002204,CURRENT,BR006,2017-09-01,ACTIVE,28492.33,INR,N,CORE_BANKING
ACC0004012,CRM003453,SALARY,BR008,2025-12-28,ACTIVE,54628.56,INR,Y,CORE_BANKING
ACC0004013,CRM002871,SALARY,BR005,2017-05-02,CLOSED,15443.06,INR,N,CORE_BANKING
ACC0004014,CRM001526,CURRENT,BR008,2017-06-17,ACTIVE,33029.5,INR,Y,CORE_BANKING
ACC0004015,CRM001412,CURRENT,BR001,2021-05-19,ACTIVE,22762.23,INR,N,CORE_BANKING
ACC0004016,CRM003997,SALARY,BR001,2023-11-25,ACTIVE,165068.92,INR,N,CORE_BANKING
ACC0004017,CRM003460,SAVINGS,BR005,2016-12-10,ACTIVE,43453.76,INR,Y,CORE_BANKING
ACC0004018,CRM002775,SALARY,BR009,2019-11-17,ACTIVE,26283.77,INR,Y,CORE_BANKING
ACC0004019,CRM000864,CURRENT,BR002,2018-08-07,ACTIVE,9242.14,INR,Y,CORE_BANKING
ACC0004020,CRM000314,CURRENT,BR009,2025-12-06,ACTIVE,3884.61,INR,Y,CORE_BANKING
ACC0004021,CRM002303,SALARY,BR005,2016-11-12,DORMANT,19991.62,INR,N,CORE_BANKING
ACC0004022,CRM001826,CURRENT,BR008,2025-10-07,CLOSED,18839.3,INR,Y,CORE_BANKING
ACC0004023,CRM003444,SAVINGS,BR006,2023-01-20,ACTIVE,18551.89,INR,Y,CORE_BANKING
ACC0004024,CRM003883,SALARY,BR001,2017-06-25,ACTIVE,94297.56,INR,N,CORE_BANKING
ACC0004025,CRM001406,SAVINGS,BR006,2025-11-21,DORMANT,4409.76,INR,Y,CORE_BANKING
ACC0004026,CRM002583,SAVINGS,BR008,2025-05-03,ACTIVE,40207.5,INR,N,CORE_BANKING
ACC0004027,CRM000905,CURRENT,BR004,2024-12-30,ACTIVE,63557.18,INR,N,CORE_BANKING
ACC0004028,CRM002536,SALARY,BR004,2022-04-04,ACTIVE,14520.33,INR,N,CORE_BANKING
ACC0004029,CRM002156,SAVINGS,BR002,2017-03-09,ACTIVE,231723.81,INR,N,CORE_BANKING
ACC0004030,CRM003454,CURRENT,BR009,2022-07-30,ACTIVE,5660.8,INR,Y,CORE_BANKING
ACC0004031,CRM002547,CURRENT,BR006,2021-01-10,ACTIVE,19083.82,INR,Y,CORE_BANKING
ACC0004032,CRM002261,SAVINGS,BR004,2019-06-04,ACTIVE,13118.65,INR,Y,CORE_BANKING
ACC0004033,CRM003426,CURRENT,BR007,2020-03-04,ACTIVE,16418.05,INR,N,CORE_BANKING
ACC0004034,CRM002714,CURRENT,BR001,2022-10-13,ACTIVE,4907.59,INR,N,CORE_BANKING
ACC0004035,CRM003714,SAVINGS,BR003,2024-11-23,ACTIVE,51273.9,INR,Y,CORE_BANKING
ACC0004036,CRM000086,CURRENT,BR007,2023-11-26,ACTIVE,567674.26,INR,N,CORE_BANKING
ACC0004037,CRM001591,SALARY,BR003,2019-09-05,ACTIVE,6483.87,INR,N,CORE_BANKING
ACC0004038,CRM002286,CURRENT,BR004,2024-12-12,DORMANT,20276.11,INR,N,CORE_BANKING
ACC0004039,CRM000720,SALARY,BR010,2016-08-27,ACTIVE,7788.99,INR,N,CORE_BANKING
ACC0004040,CRM000209,SAVINGS,BR002,2018-10-19,ACTIVE,60770.47,INR,N,CORE_BANKING
ACC0004041,CRM002282,SAVINGS,BR009,2020-12-21,ACTIVE,34353.15,INR,Y,CORE_BANKING
ACC0004042,CRM001262,SALARY,BR010,2022-07-01,ACTIVE,13506.05,INR,N,CORE_BANKING
ACC0004043,CRM000524,SAVINGS,BR010,2016-04-18,ACTIVE,4476.79,INR,N,CORE_BANKING
ACC0004044,CRM000290,SALARY,BR002,2019-02-06,ACTIVE,22804.36,INR,N,CORE_BANKING
ACC0004045,CRM002405,SAVINGS,BR007,2019-04-01,CLOSED,14857.8,INR,N,CORE_BANKING
ACC0004046,CRM000755,SAVINGS,BR008,2023-12-21,ACTIVE,52605.85,INR,Y,CORE_BANKING
ACC0004047,CRM002734,SALARY,BR009,2025-12-12,DORMANT,35755.53,INR,N,CORE_BANKING
ACC0004048,CRM003607,CURRENT,BR002,2021-02-15,ACTIVE,9776.51,INR,Y,CORE_BANKING
ACC0004049,CRM001410,CURRENT,BR005,2018-08-02,ACTIVE,25974.05,INR,Y,CORE_BANKING
ACC0004050,CRM001188,SAVINGS,BR001,2024-03-12,ACTIVE,21559.95,INR,N,CORE_BANKING
ACC0004051,CRM003568,SAVINGS,BR010,2021-05-14,ACTIVE,2048.02,INR,Y,CORE_BANKING
ACC0004052,CRM003626,SAVINGS,BR002,2018-12-30,ACTIVE,5434.82,INR,N,CORE_BANKING
ACC0004053,CRM003671,SAVINGS,BR005,2020-05-10,ACTIVE,25413.7,INR,Y,CORE_BANKING
ACC0004054,CRM002951,SAVINGS,BR004,2016-09-08,ACTIVE,40167.99,INR,Y,CORE_BANKING
ACC0004055,CRM003361,SAVINGS,BR006,2024-05-03,ACTIVE,24280.19,INR,N,CORE_BANKING
ACC0004056,CRM002780,SAVINGS,BR003,2016-07-10,CLOSED,32126.62,INR,N,CORE_BANKING
ACC0004057,CRM000866,CURRENT,BR002,2024-12-16,ACTIVE,24468.39,INR,Y,CORE_BANKING
ACC0004058,CRM002457,SALARY,BR005,2017-10-20,ACTIVE,173901.26,INR,N,CORE_BANKING
ACC0004059,CRM002485,CURRENT,BR003,2016-08-08,ACTIVE,5898.09,INR,N,CORE_BANKING
ACC0004060,CRM001204,SAVINGS,BR010,2020-04-16,ACTIVE,19287.66,INR,Y,CORE_BANKING
ACC0004061,CRM002505,SAVINGS,BR007,2022-07-04,CLOSED,8386.38,INR,Y,CORE_BANKING
ACC0004062,CRM002557,CURRENT,BR006,2018-09-05,ACTIVE,9681.13,INR,Y,CORE_BANKING
ACC0004063,CRM000756,SAVINGS,BR005,2024-04-19,ACTIVE,542721.39,INR,N,CORE_BANKING
ACC0004064,CRM001115,CURRENT,BR006,2019-12-01,ACTIVE,32198.18,INR,Y,CORE_BANKING
ACC0004065,CRM000187,SALARY,BR003,2020-02-25,ACTIVE,12151.2,INR,N,CORE_BANKING
ACC0004066,CRM003841,SAVINGS,BR008,2024-03-27,ACTIVE,60530.31,INR,Y,CORE_BANKING
ACC0004067,CRM002009,SAVINGS,BR005,2020-03-23,ACTIVE,24376.93,INR,N,CORE_BANKING
ACC0004068,CRM003237,CURRENT,BR006,2020-03-16,ACTIVE,12701.3,INR,N,CORE_BANKING
ACC0004069,CRM000109,SALARY,BR002,2019-10-07,ACTIVE,20709.95,INR,Y,CORE_BANKING
ACC0004070,CRM002082,CURRENT,BR001,2019-05-22,ACTIVE,10986.94,INR,Y,CORE_BANKING
ACC0004071,CRM000186,SALARY,BR007,2023-03-04,ACTIVE,27638.68,INR,N,CORE_BANKING
ACC0004072,CRM002772,SAVINGS,BR001,2020-04-03,ACTIVE,28738.29,INR,N,CORE_BANKING
ACC0004073,CRM000969,CURRENT,BR003,2019-12-16,CLOSED,60042.37,INR,Y,CORE_BANKING
ACC0004074,CRM002263,SAVINGS,BR002,2022-01-27,ACTIVE,23636.51,INR,Y,CORE_BANKING
ACC0004075,CRM000608,SALARY,BR010,2026-04-26,ACTIVE,23598.28,INR,N,CORE_BANKING
ACC0004076,CRM003830,SAVINGS,BR003,2021-04-07,ACTIVE,81363.91,INR,Y,CORE_BANKING
ACC0004077,CRM002833,SAVINGS,BR009,2017-01-19,ACTIVE,51685.86,INR,Y,CORE_BANKING
ACC0004078,CRM003967,CURRENT,BR006,2019-04-26,DORMANT,18219.49,INR,Y,CORE_BANKING
ACC0004079,CRM001014,SAVINGS,BR009,2021-09-20,ACTIVE,10858.83,INR,N,CORE_BANKING
ACC0004080,CRM000373,CURRENT,BR008,2024-01-30,ACTIVE,24470.31,INR,N,CORE_BANKING
ACC0004081,CRM000739,SALARY,BR009,2018-11-07,ACTIVE,26880.12,INR,N,CORE_BANKING
ACC0004082,CRM003858,CURRENT,BR009,2020-07-27,ACTIVE,43100.75,INR,N,CORE_BANKING
ACC0004083,CRM002392,SALARY,BR001,2025-03-06,CLOSED,15062.52,INR,N,CORE_BANKING
ACC0004084,CRM003465,SALARY,BR007,2020-10-02,ACTIVE,19154.92,INR,Y,CORE_BANKING
ACC0004085,CRM000815,SAVINGS,BR007,2020-05-06,ACTIVE,36227.3,INR,N,CORE_BANKING
ACC0004086,CRM000680,CURRENT,BR010,2024-08-01,DORMANT,12076.77,INR,N,CORE_BANKING
ACC0004087,CRM002108,CURRENT,BR003,2021-05-22,ACTIVE,36817.92,INR,Y,CORE_BANKING
ACC0004088,CRM000323,SALARY,BR004,2020-03-29,ACTIVE,70334.6,INR,N,CORE_BANKING
ACC0004089,CRM002082,CURRENT,BR010,2022-12-01,CLOSED,31209.14,INR,Y,CORE_BANKING
ACC0004090,CRM001153,CURRENT,BR007,2024-06-17,ACTIVE,79678.19,INR,N,CORE_BANKING
ACC0004091,CRM003379,SALARY,BR010,2018-03-31,ACTIVE,14936.95,INR,Y,CORE_BANKING
ACC0004092,CRM001951,SALARY,BR001,2016-04-09,DORMANT,39924.72,INR,N,CORE_BANKING
ACC0004093,CRM002168,SAVINGS,BR003,2019-10-05,ACTIVE,12926.55,INR,N,CORE_BANKING
ACC0004094,CRM001418,SALARY,BR001,2021-06-14,ACTIVE,2037.22,INR,N,CORE_BANKING
ACC0004095,CRM000582,CURRENT,BR008,2019-12-10,CLOSED,21250.98,INR,Y,CORE_BANKING
ACC0004096,CRM000770,SALARY,BR001,2019-06-26,ACTIVE,104964.38,INR,Y,CORE_BANKING
ACC0004097,CRM001228,SALARY,BR007,2025-10-31,ACTIVE,37464.59,INR,Y,CORE_BANKING
ACC0004098,CRM000501,SALARY,BR006,2016-11-02,ACTIVE,123366.35,INR,N,CORE_BANKING
ACC0004099,CRM001808,SAVINGS,BR006,2025-09-17,ACTIVE,21037.91,INR,Y,CORE_BANKING
ACC0004100,CRM003431,SAVINGS,BR010,2016-07-18,CLOSED,42201.49,INR,Y,CORE_BANKING
ACC0004101,CRM003676,CURRENT,BR005,2017-08-30,ACTIVE,113259.63,INR,N,CORE_BANKING
ACC0004102,CRM000270,SALARY,BR002,2021-06-11,ACTIVE,42086.87,INR,N,CORE_BANKING
ACC0004103,CRM002411,SAVINGS,BR009,2021-08-20,ACTIVE,20082.47,INR,N,CORE_BANKING
ACC0004104,CRM002274,SALARY,BR002,2018-09-20,ACTIVE,22324.03,INR,N,CORE_BANKING
ACC0004105,CRM003767,SALARY,BR006,2016-05-22,ACTIVE,57358.53,INR,Y,CORE_BANKING
ACC0004106,CRM003318,SALARY,BR001,2016-02-23,ACTIVE,4830.35,INR,Y,CORE_BANKING
ACC0004107,CRM002458,SAVINGS,BR006,2016-05-27,ACTIVE,4026.28,INR,Y,CORE_BANKING
ACC0004108,CRM002867,SALARY,BR007,2022-12-04,ACTIVE,8791.79,INR,Y,CORE_BANKING
ACC0004109,CRM001908,SAVINGS,BR004,2018-01-29,ACTIVE,25503.39,INR,N,CORE_BANKING
ACC0004110,CRM001123,CURRENT,BR008,2016-03-16,DORMANT,12969.97,INR,N,CORE_BANKING
ACC0004111,CRM001772,CURRENT,BR001,2026-01-08,ACTIVE,6942.89,INR,N,CORE_BANKING
ACC0004112,CRM001027,SALARY,BR001,2022-12-17,ACTIVE,6886.81,INR,N,CORE_BANKING
ACC0004113,CRM002459,CURRENT,BR008,2022-10-11,ACTIVE,40830.76,INR,N,CORE_BANKING
ACC0004114,CRM000890,CURRENT,BR005,2023-03-09,ACTIVE,5298.09,INR,Y,CORE_BANKING
ACC0004115,CRM002409,SALARY,BR004,2016-07-23,ACTIVE,26668.37,INR,N,CORE_BANKING
ACC0004116,CRM001155,SAVINGS,BR010,2017-12-12,ACTIVE,78862.28,INR,Y,CORE_BANKING
ACC0004117,CRM001394,CURRENT,BR006,2025-09-23,ACTIVE,107652.55,INR,Y,CORE_BANKING
ACC0004118,CRM001290,SALARY,BR002,2024-07-26,ACTIVE,45500.07,INR,N,CORE_BANKING
ACC0004119,CRM002332,SALARY,BR003,2018-05-02,DORMANT,51041.69,INR,Y,CORE_BANKING
ACC0004120,CRM000940,CURRENT,BR004,2016-04-22,ACTIVE,83786.93,INR,Y,CORE_BANKING
ACC0004121,CRM002508,CURRENT,BR004,2022-11-18,ACTIVE,51168.25,INR,N,CORE_BANKING
ACC0004122,CRM002575,CURRENT,BR010,2018-05-29,ACTIVE,5927.79,INR,Y,CORE_BANKING
ACC0004123,CRM000625,SALARY,BR010,2026-04-16,ACTIVE,84596.42,INR,Y,CORE_BANKING
ACC0004124,CRM001587,CURRENT,BR009,2021-09-05,ACTIVE,14535.65,INR,Y,CORE_BANKING
ACC0004125,CRM002833,SAVINGS,BR005,2016-01-07,DORMANT,301139.91,INR,Y,CORE_BANKING
ACC0004126,CRM000394,SALARY,BR008,2024-08-04,ACTIVE,25097.27,INR,Y,CORE_BANKING
ACC0004127,CRM000694,SALARY,BR008,2024-10-17,ACTIVE,7668.13,INR,Y,CORE_BANKING
ACC0004128,CRM000785,CURRENT,BR005,2021-06-11,ACTIVE,9163.76,INR,Y,CORE_BANKING
ACC0004129,CRM002619,CURRENT,BR009,2020-05-09,ACTIVE,49192.75,INR,N,CORE_BANKING
ACC0004130,CRM000730,SAVINGS,BR001,2021-04-28,ACTIVE,8993.32,INR,N,CORE_BANKING
ACC0004131,CRM003080,CURRENT,BR002,2020-12-27,ACTIVE,18237.04,INR,Y,CORE_BANKING
ACC0004132,CRM002847,CURRENT,BR010,2026-02-12,ACTIVE,4223.95,INR,N,CORE_BANKING
ACC0004133,CRM000797,CURRENT,BR005,2022-07-08,ACTIVE,48564.56,INR,Y,CORE_BANKING
ACC0004134,CRM003589,CURRENT,BR001,2023-06-19,ACTIVE,23932.06,INR,Y,CORE_BANKING
ACC0004135,CRM000165,SAVINGS,BR006,2020-09-18,ACTIVE,15600.34,INR,N,CORE_BANKING
ACC0004136,CRM000991,CURRENT,BR008,2016-03-07,ACTIVE,67016.9,INR,Y,CORE_BANKING
ACC0004137,CRM001245,SALARY,BR009,2021-03-08,DORMANT,15722.19,INR,Y,CORE_BANKING
ACC0004138,CRM000654,SAVINGS,BR002,2018-12-29,ACTIVE,16703.56,INR,N,CORE_BANKING
ACC0004139,CRM003760,CURRENT,BR003,2023-01-19,ACTIVE,75770.57,INR,Y,CORE_BANKING
ACC0004140,CRM002360,SALARY,BR004,2021-03-26,ACTIVE,132258.83,INR,N,CORE_BANKING
ACC0004141,CRM002352,SAVINGS,BR009,2025-03-22,ACTIVE,126137.15,INR,Y,CORE_BANKING
ACC0004142,CRM003118,SAVINGS,BR010,2021-10-18,ACTIVE,31664.49,INR,N,CORE_BANKING
ACC0004143,CRM002818,CURRENT,BR010,2016-05-09,ACTIVE,14373.15,INR,Y,CORE_BANKING
ACC0004144,CRM000833,SALARY,BR006,2022-07-23,ACTIVE,49399.41,INR,Y,CORE_BANKING
ACC0004145,CRM003919,SALARY,BR006,2019-04-03,ACTIVE,43441.8,INR,N,CORE_BANKING
ACC0004146,CRM002496,SALARY,BR003,2025-04-15,ACTIVE,30155.82,INR,Y,CORE_BANKING
ACC0004147,CRM001197,SALARY,BR008,2018-04-12,ACTIVE,5052.29,INR,N,CORE_BANKING
ACC0004148,CRM003521,SAVINGS,BR008,2018-07-26,ACTIVE,85738.6,INR,Y,CORE_BANKING
ACC0004149,CRM001824,SAVINGS,BR005,2021-06-07,ACTIVE,136713.08,INR,Y,CORE_BANKING
ACC0004150,CRM002218,CURRENT,BR006,2020-05-26,ACTIVE,185339.88,INR,Y,CORE_BANKING
ACC0004151,CRM001011,SALARY,BR004,2024-09-13,ACTIVE,60122.25,INR,Y,CORE_BANKING
ACC0004152,CRM002335,SALARY,BR001,2019-11-26,ACTIVE,20452.75,INR,Y,CORE_BANKING
ACC0004153,CRM003935,SAVINGS,BR009,2020-02-18,ACTIVE,19621.28,INR,N,CORE_BANKING
ACC0004154,CRM002309,SAVINGS,BR008,2018-12-27,ACTIVE,69519.1,INR,N,CORE_BANKING
ACC0004155,CRM003357,SALARY,BR002,2025-10-21,CLOSED,30110.77,INR,Y,CORE_BANKING
ACC0004156,CRM000637,SALARY,BR009,2020-01-12,ACTIVE,71959.21,INR,Y,CORE_BANKING
ACC0004157,CRM000805,CURRENT,BR002,2021-11-25,ACTIVE,12347.0,INR,N,CORE_BANKING
ACC0004158,CRM001616,CURRENT,BR002,2021-03-24,ACTIVE,8198.2,INR,N,CORE_BANKING
ACC0004159,CRM001658,SAVINGS,BR006,2020-04-23,DORMANT,32839.16,INR,N,CORE_BANKING
ACC0004160,CRM000851,CURRENT,BR003,2024-05-22,ACTIVE,6847.01,INR,N,CORE_BANKING
ACC0004161,CRM002479,SAVINGS,BR007,2016-07-21,ACTIVE,196873.74,INR,N,CORE_BANKING
ACC0004162,CRM001398,SALARY,BR003,2023-11-07,ACTIVE,67885.57,INR,Y,CORE_BANKING
ACC0004163,CRM003611,CURRENT,BR002,2021-04-25,ACTIVE,18496.47,INR,Y,CORE_BANKING
ACC0004164,CRM003814,SALARY,BR004,2016-07-27,CLOSED,13932.5,INR,Y,CORE_BANKING
ACC0004165,CRM001639,CURRENT,BR008,2019-12-10,CLOSED,104691.27,INR,Y,CORE_BANKING
ACC0004166,CRM001439,CURRENT,BR007,2026-02-10,ACTIVE,91163.83,INR,Y,CORE_BANKING
ACC0004167,CRM000588,CURRENT,BR010,2023-10-20,ACTIVE,9776.64,INR,Y,CORE_BANKING
ACC0004168,CRM003409,SAVINGS,BR005,2024-06-29,ACTIVE,28068.73,INR,N,CORE_BANKING
ACC0004169,CRM003698,SALARY,BR002,2020-06-04,ACTIVE,26246.71,INR,N,CORE_BANKING
ACC0004170,CRM003890,CURRENT,BR007,2021-02-01,ACTIVE,6132.37,INR,N,CORE_BANKING
ACC0004171,CRM001397,CURRENT,BR008,2018-11-03,ACTIVE,15748.87,INR,N,CORE_BANKING
ACC0004172,CRM002078,CURRENT,BR008,2023-07-29,ACTIVE,21326.22,INR,N,CORE_BANKING
ACC0004173,CRM001936,SALARY,BR002,2023-01-17,ACTIVE,68340.92,INR,Y,CORE_BANKING
ACC0004174,CRM001600,CURRENT,BR008,2018-09-18,CLOSED,22010.88,INR,Y,CORE_BANKING
ACC0004175,CRM002934,SAVINGS,BR004,2018-08-29,DORMANT,15247.15,INR,Y,CORE_BANKING
ACC0004176,CRM000502,SALARY,BR010,2018-01-26,ACTIVE,79147.53,INR,Y,CORE_BANKING
ACC0004177,CRM000161,CURRENT,BR005,2026-01-11,ACTIVE,27645.05,INR,N,CORE_BANKING
ACC0004178,CRM002881,CURRENT,BR010,2021-11-22,ACTIVE,38726.19,INR,Y,CORE_BANKING
ACC0004179,CRM002702,SAVINGS,BR009,2024-07-19,ACTIVE,41710.76,INR,Y,CORE_BANKING
ACC0004180,CRM001895,SAVINGS,BR003,2020-12-17,ACTIVE,58346.61,INR,N,CORE_BANKING
ACC0004181,CRM002728,SAVINGS,BR009,2021-07-19,ACTIVE,4466.02,INR,N,CORE_BANKING
ACC0004182,CRM000683,CURRENT,BR009,2018-11-16,DORMANT,11469.13,INR,N,CORE_BANKING
ACC0004183,CRM002037,SALARY,BR006,2017-11-18,ACTIVE,43236.04,INR,N,CORE_BANKING
ACC0004184,CRM000578,SAVINGS,BR006,2022-04-21,ACTIVE,34881.39,INR,Y,CORE_BANKING
ACC0004185,CRM001796,SALARY,BR010,2019-07-05,ACTIVE,10348.46,INR,N,CORE_BANKING
ACC0004186,CRM002786,SALARY,BR002,2021-03-14,CLOSED,217727.45,INR,Y,CORE_BANKING
ACC0004187,CRM002662,SAVINGS,BR004,2019-08-20,DORMANT,4527.46,INR,Y,CORE_BANKING
ACC0004188,CRM001607,SALARY,BR001,2024-01-17,ACTIVE,18733.68,INR,Y,CORE_BANKING
ACC0004189,CRM002340,SAVINGS,BR002,2018-09-20,ACTIVE,1504.65,INR,N,CORE_BANKING
ACC0004190,CRM000908,CURRENT,BR010,2017-11-09,ACTIVE,16233.69,INR,N,CORE_BANKING
ACC0004191,CRM000738,SAVINGS,BR001,2017-04-26,ACTIVE,13913.89,INR,Y,CORE_BANKING
ACC0004192,CRM000283,SAVINGS,BR003,2021-12-22,ACTIVE,29426.57,INR,N,CORE_BANKING
ACC0004193,CRM000242,SAVINGS,BR002,2019-10-21,ACTIVE,117128.81,INR,Y,CORE_BANKING
ACC0004194,CRM000097,CURRENT,BR006,2022-10-08,ACTIVE,53431.74,INR,N,CORE_BANKING
ACC0004195,CRM002302,SALARY,BR008,2018-04-25,ACTIVE,26893.32,INR,N,CORE_BANKING
ACC0004196,CRM000860,SAVINGS,BR001,2020-06-18,ACTIVE,22973.72,INR,Y,CORE_BANKING
ACC0004197,CRM001763,CURRENT,BR002,2017-08-06,ACTIVE,57887.14,INR,N,CORE_BANKING
ACC0004198,CRM003348,CURRENT,BR002,2017-12-24,ACTIVE,26835.71,INR,Y,CORE_BANKING
ACC0004199,CRM002493,CURRENT,BR002,2020-08-28,ACTIVE,13051.82,INR,N,CORE_BANKING
ACC0004200,CRM000537,SALARY,BR001,2019-12-28,ACTIVE,10409.86,INR,N,CORE_BANKING
ACC0004201,CRM003252,SALARY,BR003,2022-05-07,ACTIVE,44713.71,INR,Y,CORE_BANKING
ACC0004202,CRM000061,SALARY,BR004,2025-12-05,ACTIVE,51316.59,INR,N,CORE_BANKING
ACC0004203,CRM000450,CURRENT,BR006,2019-09-29,ACTIVE,72718.36,INR,N,CORE_BANKING
ACC0004204,CRM000380,CURRENT,BR004,2022-07-08,ACTIVE,47990.1,INR,N,CORE_BANKING
ACC0004205,CRM000374,CURRENT,BR003,2025-05-01,ACTIVE,14779.68,INR,N,CORE_BANKING
ACC0004206,CRM001436,CURRENT,BR002,2022-01-08,ACTIVE,44472.27,INR,Y,CORE_BANKING
ACC0004207,CRM003110,CURRENT,BR008,2024-12-29,ACTIVE,16681.7,INR,Y,CORE_BANKING
ACC0004208,CRM003034,SAVINGS,BR006,2018-03-10,ACTIVE,22420.54,INR,N,CORE_BANKING
ACC0004209,CRM000643,SALARY,BR010,2024-11-30,ACTIVE,83059.57,INR,N,CORE_BANKING
ACC0004210,CRM003295,SAVINGS,BR009,2022-12-11,DORMANT,6055.04,INR,N,CORE_BANKING
ACC0004211,CRM000833,SAVINGS,BR009,2020-12-06,ACTIVE,15010.04,INR,Y,CORE_BANKING
ACC0004212,CRM003678,SAVINGS,BR005,2017-12-15,CLOSED,56998.64,INR,N,CORE_BANKING
ACC0004213,CRM003181,SAVINGS,BR008,2016-09-07,DORMANT,20871.87,INR,Y,CORE_BANKING
ACC0004214,CRM001996,SAVINGS,BR007,2018-11-08,ACTIVE,36822.76,INR,N,CORE_BANKING
ACC0004215,CRM000363,SALARY,BR007,2017-02-03,ACTIVE,53614.07,INR,Y,CORE_BANKING
ACC0004216,CRM001828,CURRENT,BR003,2020-03-05,ACTIVE,2881.25,INR,N,CORE_BANKING
ACC0004217,CRM000470,CURRENT,BR005,2024-08-10,ACTIVE,90281.07,INR,Y,CORE_BANKING
ACC0004218,CRM001639,CURRENT,BR004,2022-08-10,ACTIVE,4780.8,INR,N,CORE_BANKING
ACC0004219,CRM001338,SALARY,BR008,2016-08-15,ACTIVE,28968.76,INR,Y,CORE_BANKING
ACC0004220,CRM001346,SALARY,BR002,2018-07-29,CLOSED,26502.96,INR,Y,CORE_BANKING
ACC0004221,CRM002923,SALARY,BR005,2024-04-19,ACTIVE,32307.23,INR,Y,CORE_BANKING
ACC0004222,CRM001949,CURRENT,BR004,2016-01-26,ACTIVE,28423.88,INR,Y,CORE_BANKING
ACC0004223,CRM000297,SAVINGS,BR009,2025-08-16,ACTIVE,54291.26,INR,Y,CORE_BANKING
ACC0004224,CRM003426,SALARY,BR008,2025-03-18,ACTIVE,6684.68,INR,Y,CORE_BANKING
ACC0004225,CRM002738,CURRENT,BR006,2018-07-25,ACTIVE,28514.15,INR,Y,CORE_BANKING
ACC0004226,CRM001746,CURRENT,BR006,2024-08-21,CLOSED,55495.65,INR,Y,CORE_BANKING
ACC0004227,CRM001696,CURRENT,BR003,2019-02-17,DORMANT,25159.37,INR,N,CORE_BANKING
ACC0004228,CRM001627,SAVINGS,BR008,2022-03-22,ACTIVE,7299.52,INR,Y,CORE_BANKING
ACC0004229,CRM002286,CURRENT,BR010,2020-07-16,ACTIVE,10127.35,INR,N,CORE_BANKING
ACC0004230,CRM000957,SALARY,BR008,2020-06-06,ACTIVE,23695.29,INR,N,CORE_BANKING
ACC0004231,CRM000275,CURRENT,BR003,2025-06-24,ACTIVE,40585.69,INR,Y,CORE_BANKING
ACC0004232,CRM001180,CURRENT,BR005,2021-02-17,ACTIVE,44990.68,INR,N,CORE_BANKING
ACC0004233,CRM000332,SALARY,BR004,2017-07-29,ACTIVE,27609.61,INR,N,CORE_BANKING
ACC0004234,CRM002736,CURRENT,BR001,2025-01-31,ACTIVE,7015.75,INR,N,CORE_BANKING
ACC0004235,CRM002092,SALARY,BR009,2024-07-28,ACTIVE,9831.25,INR,Y,CORE_BANKING
ACC0004236,CRM002459,SAVINGS,BR001,2024-02-08,ACTIVE,82445.65,INR,N,CORE_BANKING
ACC0004237,CRM001578,CURRENT,BR005,2024-06-27,ACTIVE,54095.86,INR,Y,CORE_BANKING
ACC0004238,CRM001241,SALARY,BR006,2022-08-26,ACTIVE,14193.72,INR,N,CORE_BANKING
ACC0004239,CRM003182,SALARY,BR007,2018-09-28,ACTIVE,15630.73,INR,N,CORE_BANKING
ACC0004240,CRM003556,CURRENT,BR009,2021-03-14,ACTIVE,3060.72,INR,Y,CORE_BANKING
ACC0004241,CRM003509,SALARY,BR006,2023-06-17,ACTIVE,381525.46,INR,Y,CORE_BANKING
ACC0004242,CRM000730,CURRENT,BR006,2025-06-05,ACTIVE,1815.68,INR,N,CORE_BANKING
ACC0004243,CRM002240,SAVINGS,BR004,2016-03-22,ACTIVE,7796.68,INR,N,CORE_BANKING
ACC0004244,CRM003551,CURRENT,BR009,2024-09-12,ACTIVE,25504.13,INR,Y,CORE_BANKING
ACC0004245,CRM002744,SALARY,BR004,2024-10-09,ACTIVE,37094.29,INR,N,CORE_BANKING
ACC0004246,CRM003162,SAVINGS,BR004,2017-10-01,ACTIVE,29593.03,INR,N,CORE_BANKING
ACC0004247,CRM001439,CURRENT,BR005,2025-04-07,CLOSED,26970.47,INR,N,CORE_BANKING
ACC0004248,CRM003008,SAVINGS,BR004,2025-01-03,ACTIVE,31733.39,INR,Y,CORE_BANKING
ACC0004249,CRM003286,SAVINGS,BR002,2022-10-12,ACTIVE,40008.1,INR,N,CORE_BANKING
ACC0004250,CRM003620,SALARY,BR002,2019-04-26,ACTIVE,36369.75,INR,N,CORE_BANKING
ACC0004251,CRM002167,SALARY,BR002,2025-07-20,ACTIVE,28288.47,INR,Y,CORE_BANKING
ACC0004252,CRM003491,SAVINGS,BR003,2021-01-21,ACTIVE,8428.13,INR,N,CORE_BANKING
ACC0004253,CRM000390,SALARY,BR008,2020-02-14,ACTIVE,31252.44,INR,N,CORE_BANKING
ACC0004254,CRM002540,SALARY,BR010,2018-09-13,ACTIVE,24640.03,INR,N,CORE_BANKING
ACC0004255,CRM001240,SAVINGS,BR007,2023-05-16,ACTIVE,287971.58,INR,Y,CORE_BANKING
ACC0004256,CRM001059,SAVINGS,BR010,2022-03-01,ACTIVE,12133.41,INR,N,CORE_BANKING
ACC0004257,CRM003539,SALARY,BR010,2022-09-16,ACTIVE,36965.3,INR,Y,CORE_BANKING
ACC0004258,CRM000003,SALARY,BR006,2018-11-16,CLOSED,21620.05,INR,N,CORE_BANKING
ACC0004259,CRM002829,CURRENT,BR008,2022-09-07,ACTIVE,33056.99,INR,Y,CORE_BANKING
ACC0004260,CRM002581,CURRENT,BR010,2019-04-04,ACTIVE,9460.28,INR,N,CORE_BANKING
ACC0004261,CRM002445,SALARY,BR001,2025-04-23,ACTIVE,12023.42,INR,N,CORE_BANKING
ACC0004262,CRM001933,CURRENT,BR008,2019-06-07,ACTIVE,13371.8,INR,N,CORE_BANKING
ACC0004263,CRM000141,SAVINGS,BR010,2024-10-05,ACTIVE,88356.52,INR,Y,CORE_BANKING
ACC0004264,CRM001035,SAVINGS,BR009,2018-04-09,CLOSED,27088.0,INR,Y,CORE_BANKING
ACC0004265,CRM003986,CURRENT,BR009,2021-12-18,ACTIVE,6295.39,INR,N,CORE_BANKING
ACC0004266,CRM003950,CURRENT,BR004,2024-12-17,ACTIVE,69024.49,INR,Y,CORE_BANKING
ACC0004267,CRM002159,CURRENT,BR001,2018-04-15,ACTIVE,45823.6,INR,N,CORE_BANKING
ACC0004268,CRM001671,SALARY,BR009,2019-08-09,ACTIVE,157843.69,INR,N,CORE_BANKING
ACC0004269,CRM002055,CURRENT,BR005,2018-05-14,ACTIVE,114978.04,INR,N,CORE_BANKING
ACC0004270,CRM001299,CURRENT,BR007,2020-08-09,ACTIVE,17318.79,INR,Y,CORE_BANKING
ACC0004271,CRM001363,SAVINGS,BR008,2018-12-20,ACTIVE,13842.01,INR,N,CORE_BANKING
ACC0004272,CRM002798,CURRENT,BR003,2016-04-23,ACTIVE,64297.41,INR,Y,CORE_BANKING
ACC0004273,CRM000218,SALARY,BR003,2016-04-03,ACTIVE,40419.93,INR,N,CORE_BANKING
ACC0004274,CRM002190,SALARY,BR006,2019-06-08,ACTIVE,57051.61,INR,Y,CORE_BANKING
ACC0004275,CRM002076,CURRENT,BR003,2019-12-29,ACTIVE,82543.37,INR,Y,CORE_BANKING
ACC0004276,CRM003929,CURRENT,BR010,2021-12-27,ACTIVE,27813.72,INR,Y,CORE_BANKING
ACC0004277,CRM002879,SAVINGS,BR003,2022-01-29,ACTIVE,14049.82,INR,N,CORE_BANKING
ACC0004278,CRM000109,SAVINGS,BR001,2024-12-28,ACTIVE,3829.47,INR,Y,CORE_BANKING
ACC0004279,CRM002312,SAVINGS,BR009,2021-08-04,DORMANT,4217.66,INR,N,CORE_BANKING
ACC0004280,CRM003270,SALARY,BR006,2016-07-24,ACTIVE,63690.32,INR,Y,CORE_BANKING
ACC0004281,CRM000701,CURRENT,BR002,2016-04-07,ACTIVE,2931.36,INR,N,CORE_BANKING
ACC0004282,CRM001937,SALARY,BR010,2021-05-30,ACTIVE,21534.66,INR,N,CORE_BANKING
ACC0004283,CRM002306,CURRENT,BR001,2017-08-10,ACTIVE,2868.39,INR,Y,CORE_BANKING
ACC0004284,CRM001875,SALARY,BR004,2021-10-22,ACTIVE,23060.17,INR,Y,CORE_BANKING
ACC0004285,CRM003474,SAVINGS,BR003,2016-06-02,ACTIVE,49807.48,INR,Y,CORE_BANKING
ACC0004286,CRM001267,CURRENT,BR006,2022-10-29,ACTIVE,22478.04,INR,Y,CORE_BANKING
ACC0004287,CRM002494,CURRENT,BR005,2022-01-15,ACTIVE,18979.07,INR,N,CORE_BANKING
ACC0004288,CRM000990,CURRENT,BR003,2025-02-19,ACTIVE,28105.92,INR,Y,CORE_BANKING
ACC0004289,CRM002105,CURRENT,BR002,2020-03-24,ACTIVE,19463.61,INR,N,CORE_BANKING
ACC0004290,CRM003541,SAVINGS,BR009,2022-12-09,DORMANT,3808.97,INR,Y,CORE_BANKING
ACC0004291,CRM001221,CURRENT,BR010,2020-11-01,ACTIVE,4327.71,INR,Y,CORE_BANKING
ACC0004292,CRM000697,SAVINGS,BR004,2026-01-23,ACTIVE,102672.02,INR,N,CORE_BANKING
ACC0004293,CRM003625,SALARY,BR007,2025-04-24,ACTIVE,6747.78,INR,N,CORE_BANKING
ACC0004294,CRM000455,SALARY,BR010,2017-06-15,DORMANT,9792.05,INR,Y,CORE_BANKING
ACC0004295,CRM003569,SAVINGS,BR004,2016-05-07,DORMANT,69891.82,INR,N,CORE_BANKING
ACC0004296,CRM001501,SAVINGS,BR004,2021-04-17,ACTIVE,27358.38,INR,N,CORE_BANKING
ACC0004297,CRM003135,SAVINGS,BR005,2023-01-23,ACTIVE,185072.92,INR,Y,CORE_BANKING
ACC0004298,CRM002209,SAVINGS,BR007,2026-01-25,CLOSED,48114.03,INR,N,CORE_BANKING
ACC0004299,CRM001389,CURRENT,BR003,2021-09-04,ACTIVE,2859.76,INR,Y,CORE_BANKING
ACC0004300,CRM002400,SALARY,BR003,2017-06-05,ACTIVE,50873.9,INR,Y,CORE_BANKING
ACC0004301,CRM000212,SALARY,BR001,2024-08-21,ACTIVE,164858.54,INR,N,CORE_BANKING
ACC0004302,CRM003705,SALARY,BR005,2019-03-07,ACTIVE,22742.34,INR,Y,CORE_BANKING
ACC0004303,CRM001539,CURRENT,BR002,2018-02-07,ACTIVE,21245.86,INR,Y,CORE_BANKING
ACC0004304,CRM002987,CURRENT,BR005,2017-07-01,ACTIVE,103173.44,INR,Y,CORE_BANKING
ACC0004305,CRM002459,CURRENT,BR004,2024-03-08,ACTIVE,15352.97,INR,N,CORE_BANKING
ACC0004306,CRM001400,SAVINGS,BR001,2018-05-30,ACTIVE,46404.9,INR,N,CORE_BANKING
ACC0004307,CRM001526,CURRENT,BR001,2023-12-17,CLOSED,42370.74,INR,N,CORE_BANKING
ACC0004308,CRM001232,CURRENT,BR007,2020-05-11,ACTIVE,36809.38,INR,N,CORE_BANKING
ACC0004309,CRM001768,CURRENT,BR007,2016-09-25,ACTIVE,106994.82,INR,Y,CORE_BANKING
ACC0004310,CRM001378,SAVINGS,BR006,2022-03-09,ACTIVE,7044.24,INR,Y,CORE_BANKING
ACC0004311,CRM002004,SALARY,BR001,2018-12-26,DORMANT,11784.9,INR,Y,CORE_BANKING
ACC0004312,CRM003785,SALARY,BR008,2021-08-27,ACTIVE,52822.46,INR,Y,CORE_BANKING
ACC0004313,CRM003132,SAVINGS,BR007,2025-06-25,ACTIVE,8653.51,INR,N,CORE_BANKING
ACC0004314,CRM001289,SALARY,BR005,2021-12-09,ACTIVE,57975.34,INR,Y,CORE_BANKING
ACC0004315,CRM002893,SAVINGS,BR002,2020-07-29,ACTIVE,95166.66,INR,N,CORE_BANKING
ACC0004316,CRM000372,CURRENT,BR003,2024-05-06,ACTIVE,102202.75,INR,Y,CORE_BANKING
ACC0004317,CRM000345,SALARY,BR003,2020-03-18,ACTIVE,9057.59,INR,N,CORE_BANKING
ACC0004318,CRM003871,SALARY,BR004,2019-03-30,CLOSED,18625.77,INR,N,CORE_BANKING
ACC0004319,CRM003722,CURRENT,BR005,2016-04-29,DORMANT,16861.02,INR,Y,CORE_BANKING
ACC0004320,CRM002531,CURRENT,BR003,2022-04-20,ACTIVE,44535.63,INR,Y,CORE_BANKING
ACC0004321,CRM000890,SALARY,BR003,2017-03-14,ACTIVE,55581.75,INR,Y,CORE_BANKING
ACC0004322,CRM000750,CURRENT,BR002,2017-02-08,ACTIVE,19853.56,INR,N,CORE_BANKING
ACC0004323,CRM003231,SALARY,BR008,2020-09-11,DORMANT,33267.69,INR,Y,CORE_BANKING
ACC0004324,CRM002646,SAVINGS,BR004,2023-06-26,ACTIVE,79982.98,INR,N,CORE_BANKING
ACC0004325,CRM003014,SALARY,BR004,2017-12-10,ACTIVE,9176.47,INR,N,CORE_BANKING
ACC0004326,CRM003628,SAVINGS,BR004,2023-05-31,ACTIVE,22277.0,INR,N,CORE_BANKING
ACC0004327,CRM002955,SAVINGS,BR010,2024-08-24,ACTIVE,23063.29,INR,N,CORE_BANKING
ACC0004328,CRM000310,SAVINGS,BR005,2021-01-13,ACTIVE,114484.4,INR,Y,CORE_BANKING
ACC0004329,CRM003126,SALARY,BR006,2016-01-10,ACTIVE,44987.55,INR,N,CORE_BANKING
ACC0004330,CRM000943,SAVINGS,BR007,2025-01-15,ACTIVE,29949.91,INR,Y,CORE_BANKING
ACC0004331,CRM000174,SALARY,BR003,2025-03-21,ACTIVE,7741.16,INR,Y,CORE_BANKING
ACC0004332,CRM001689,SAVINGS,BR003,2020-11-20,ACTIVE,3480.77,INR,N,CORE_BANKING
ACC0004333,CRM003421,CURRENT,BR007,2025-11-04,ACTIVE,31905.25,INR,N,CORE_BANKING
ACC0004334,CRM003446,CURRENT,BR009,2020-12-16,CLOSED,4218.03,INR,Y,CORE_BANKING
ACC0004335,CRM000514,SAVINGS,BR005,2022-09-29,ACTIVE,16927.93,INR,Y,CORE_BANKING
ACC0004336,CRM003632,SALARY,BR004,2026-05-13,ACTIVE,17892.7,INR,N,CORE_BANKING
ACC0004337,CRM001186,SAVINGS,BR010,2022-07-02,ACTIVE,28072.29,INR,N,CORE_BANKING
ACC0004338,CRM002020,SAVINGS,BR003,2023-10-02,ACTIVE,82859.46,INR,N,CORE_BANKING
ACC0004339,CRM000997,SALARY,BR006,2020-01-15,ACTIVE,13929.2,INR,Y,CORE_BANKING
ACC0004340,CRM001952,CURRENT,BR005,2023-11-13,ACTIVE,13953.54,INR,N,CORE_BANKING
ACC0004341,CRM003284,SAVINGS,BR005,2023-03-04,ACTIVE,50158.03,INR,N,CORE_BANKING
ACC0004342,CRM002814,CURRENT,BR001,2026-02-18,ACTIVE,112151.06,INR,N,CORE_BANKING
ACC0004343,CRM002923,SAVINGS,BR005,2021-02-09,ACTIVE,18651.33,INR,Y,CORE_BANKING
ACC0004344,CRM002035,SALARY,BR001,2020-04-25,ACTIVE,1692.62,INR,Y,CORE_BANKING
ACC0004345,CRM003896,SALARY,BR006,2024-10-25,ACTIVE,29752.91,INR,N,CORE_BANKING
ACC0004346,CRM001312,SAVINGS,BR008,2019-07-01,ACTIVE,138837.13,INR,Y,CORE_BANKING
ACC0004347,CRM000247,CURRENT,BR009,2019-03-31,ACTIVE,40943.71,INR,N,CORE_BANKING
ACC0004348,CRM001196,CURRENT,BR007,2018-05-24,ACTIVE,10073.68,INR,Y,CORE_BANKING
ACC0004349,CRM000333,SALARY,BR008,2017-08-23,ACTIVE,25754.12,INR,N,CORE_BANKING
ACC0004350,CRM001492,SALARY,BR009,2021-07-22,ACTIVE,93015.38,INR,N,CORE_BANKING
ACC0004351,CRM003534,CURRENT,BR001,2024-08-24,ACTIVE,12505.25,INR,Y,CORE_BANKING
ACC0004352,CRM002723,SALARY,BR010,2018-08-09,ACTIVE,87624.82,INR,N,CORE_BANKING
ACC0004353,CRM000016,SAVINGS,BR008,2018-12-01,DORMANT,284469.69,INR,N,CORE_BANKING
ACC0004354,CRM002143,CURRENT,BR009,2019-12-08,ACTIVE,47586.63,INR,N,CORE_BANKING
ACC0004355,CRM003431,SAVINGS,BR002,2025-10-11,ACTIVE,117217.17,INR,Y,CORE_BANKING
ACC0004356,CRM003564,SAVINGS,BR009,2020-04-21,ACTIVE,392217.07,INR,Y,CORE_BANKING
ACC0004357,CRM002099,SAVINGS,BR004,2022-05-29,ACTIVE,37258.38,INR,Y,CORE_BANKING
ACC0004358,CRM001407,CURRENT,BR001,2018-04-19,ACTIVE,54890.89,INR,Y,CORE_BANKING
ACC0004359,CRM003608,CURRENT,BR003,2025-11-18,ACTIVE,21343.83,INR,N,CORE_BANKING
ACC0004360,CRM000104,SAVINGS,BR010,2016-03-09,ACTIVE,37020.34,INR,Y,CORE_BANKING
ACC0004361,CRM001669,SALARY,BR001,2016-01-29,ACTIVE,31204.95,INR,Y,CORE_BANKING
ACC0004362,CRM002846,SAVINGS,BR008,2016-08-14,ACTIVE,140677.38,INR,N,CORE_BANKING
ACC0004363,CRM001611,SALARY,BR009,2016-10-17,ACTIVE,78287.89,INR,Y,CORE_BANKING
ACC0004364,CRM000679,SALARY,BR001,2017-04-11,ACTIVE,13632.5,INR,N,CORE_BANKING
ACC0004365,CRM000348,SAVINGS,BR002,2020-09-20,ACTIVE,8852.5,INR,Y,CORE_BANKING
ACC0004366,CRM002881,SALARY,BR010,2026-02-03,DORMANT,19310.77,INR,Y,CORE_BANKING
ACC0004367,CRM002588,SALARY,BR008,2018-12-11,ACTIVE,43528.3,INR,Y,CORE_BANKING
ACC0004368,CRM000929,SALARY,BR006,2021-04-01,ACTIVE,19976.36,INR,N,CORE_BANKING
ACC0004369,CRM001800,SALARY,BR003,2026-03-15,ACTIVE,37872.14,INR,N,CORE_BANKING
ACC0004370,CRM001421,CURRENT,BR005,2024-02-03,ACTIVE,13357.73,INR,N,CORE_BANKING
ACC0004371,CRM001842,SAVINGS,BR003,2018-04-07,ACTIVE,160290.33,INR,N,CORE_BANKING
ACC0004372,CRM001575,SAVINGS,BR008,2017-11-16,CLOSED,34443.26,INR,Y,CORE_BANKING
ACC0004373,CRM001480,CURRENT,BR001,2023-07-20,ACTIVE,3184.31,INR,Y,CORE_BANKING
ACC0004374,CRM003587,SALARY,BR005,2025-12-04,ACTIVE,20088.03,INR,Y,CORE_BANKING
ACC0004375,CRM003968,CURRENT,BR002,2020-03-22,DORMANT,60471.78,INR,Y,CORE_BANKING
ACC0004376,CRM001184,CURRENT,BR005,2024-10-15,ACTIVE,33924.27,INR,Y,CORE_BANKING
ACC0004377,CRM000443,CURRENT,BR004,2020-09-21,ACTIVE,33366.03,INR,Y,CORE_BANKING
ACC0004378,CRM002549,SAVINGS,BR002,2017-02-15,ACTIVE,19620.23,INR,Y,CORE_BANKING
ACC0004379,CRM001863,SALARY,BR001,2023-11-09,CLOSED,9089.77,INR,Y,CORE_BANKING
ACC0004380,CRM000907,CURRENT,BR005,2024-11-16,DORMANT,147603.95,INR,Y,CORE_BANKING
ACC0004381,CRM002109,SAVINGS,BR005,2019-04-22,ACTIVE,115695.81,INR,Y,CORE_BANKING
ACC0004382,CRM000308,SALARY,BR005,2021-05-03,ACTIVE,19875.51,INR,N,CORE_BANKING
ACC0004383,CRM000380,SAVINGS,BR010,2021-09-06,ACTIVE,127679.09,INR,Y,CORE_BANKING
ACC0004384,CRM001174,CURRENT,BR009,2019-01-07,ACTIVE,15061.29,INR,N,CORE_BANKING
ACC0004385,CRM003152,CURRENT,BR009,2017-04-11,ACTIVE,5602.13,INR,Y,CORE_BANKING
ACC0004386,CRM001171,SAVINGS,BR008,2024-05-18,DORMANT,15519.87,INR,N,CORE_BANKING
ACC0004387,CRM001174,SALARY,BR010,2018-07-19,ACTIVE,7460.67,INR,N,CORE_BANKING
ACC0004388,CRM000069,CURRENT,BR007,2025-08-30,ACTIVE,30228.05,INR,N,CORE_BANKING
ACC0004389,CRM003095,SALARY,BR007,2017-12-11,ACTIVE,17139.23,INR,N,CORE_BANKING
ACC0004390,CRM001563,SAVINGS,BR005,2016-06-23,CLOSED,26565.36,INR,Y,CORE_BANKING
ACC0004391,CRM003938,SALARY,BR008,2025-10-16,ACTIVE,10786.3,INR,N,CORE_BANKING
ACC0004392,CRM001898,CURRENT,BR004,2019-09-06,ACTIVE,39992.56,INR,Y,CORE_BANKING
ACC0004393,CRM002896,SAVINGS,BR008,2016-10-26,ACTIVE,37687.41,INR,Y,CORE_BANKING
ACC0004394,CRM001855,SAVINGS,BR008,2019-03-17,ACTIVE,14748.5,INR,Y,CORE_BANKING
ACC0004395,CRM002465,SAVINGS,BR005,2019-12-31,ACTIVE,8518.3,INR,Y,CORE_BANKING
ACC0004396,CRM002019,CURRENT,BR009,2016-06-15,ACTIVE,25644.85,INR,N,CORE_BANKING
ACC0004397,CRM003935,SALARY,BR004,2017-12-17,ACTIVE,20375.32,INR,N,CORE_BANKING
ACC0004398,CRM002705,SALARY,BR008,2021-08-19,ACTIVE,80720.48,INR,N,CORE_BANKING
ACC0004399,CRM001189,SAVINGS,BR010,2016-05-29,ACTIVE,90949.05,INR,Y,CORE_BANKING
ACC0004400,CRM003405,SAVINGS,BR004,2018-03-14,ACTIVE,28017.09,INR,N,CORE_BANKING
ACC0004401,CRM001146,CURRENT,BR008,2019-09-01,ACTIVE,30284.74,INR,Y,CORE_BANKING
ACC0004402,CRM002461,CURRENT,BR005,2026-01-23,ACTIVE,14867.23,INR,Y,CORE_BANKING
ACC0004403,CRM000060,CURRENT,BR010,2018-09-07,ACTIVE,181952.43,INR,Y,CORE_BANKING
ACC0004404,CRM003438,CURRENT,BR009,2024-08-25,ACTIVE,8719.55,INR,Y,CORE_BANKING
ACC0004405,CRM003010,SAVINGS,BR005,2018-10-19,ACTIVE,5271.78,INR,Y,CORE_BANKING
ACC0004406,CRM003336,SALARY,BR008,2025-12-29,DORMANT,16060.71,INR,Y,CORE_BANKING
ACC0004407,CRM000685,SAVINGS,BR003,2021-09-12,ACTIVE,30441.98,INR,Y,CORE_BANKING
ACC0004408,CRM003440,CURRENT,BR002,2024-09-03,ACTIVE,34893.18,INR,N,CORE_BANKING
ACC0004409,CRM003497,SALARY,BR004,2019-12-24,ACTIVE,6477.36,INR,Y,CORE_BANKING
ACC0004410,CRM001045,SALARY,BR010,2021-03-30,ACTIVE,83471.26,INR,N,CORE_BANKING
ACC0004411,CRM002499,SAVINGS,BR005,2023-12-03,ACTIVE,27153.85,INR,N,CORE_BANKING
ACC0004412,CRM003708,SALARY,BR006,2024-12-03,ACTIVE,28916.73,INR,N,CORE_BANKING
ACC0004413,CRM003264,SAVINGS,BR006,2020-06-26,CLOSED,27129.25,INR,N,CORE_BANKING
ACC0004414,CRM000869,SAVINGS,BR006,2023-08-26,ACTIVE,28808.86,INR,N,CORE_BANKING
ACC0004415,CRM003971,CURRENT,BR001,2025-04-09,ACTIVE,27526.31,INR,Y,CORE_BANKING
ACC0004416,CRM000746,SALARY,BR007,2021-02-17,ACTIVE,38935.67,INR,N,CORE_BANKING
ACC0004417,CRM000239,SAVINGS,BR007,2023-10-10,CLOSED,27042.04,INR,N,CORE_BANKING
ACC0004418,CRM002905,CURRENT,BR001,2017-01-28,ACTIVE,112598.28,INR,Y,CORE_BANKING
ACC0004419,CRM003736,SALARY,BR007,2019-05-15,CLOSED,181462.53,INR,N,CORE_BANKING
ACC0004420,CRM001847,SALARY,BR009,2021-04-24,ACTIVE,62451.16,INR,Y,CORE_BANKING
ACC0004421,CRM003439,CURRENT,BR003,2019-01-04,ACTIVE,9137.13,INR,N,CORE_BANKING
ACC0004422,CRM003077,SAVINGS,BR005,2021-09-16,ACTIVE,4903.21,INR,N,CORE_BANKING
ACC0004423,CRM000210,SALARY,BR002,2026-03-26,CLOSED,36319.32,INR,N,CORE_BANKING
ACC0004424,CRM003585,CURRENT,BR001,2022-02-16,ACTIVE,13063.98,INR,N,CORE_BANKING
ACC0004425,CRM002378,CURRENT,BR008,2024-12-12,ACTIVE,65685.72,INR,N,CORE_BANKING
ACC0004426,CRM001880,SAVINGS,BR004,2018-03-07,ACTIVE,9731.28,INR,N,CORE_BANKING
ACC0004427,CRM002087,SAVINGS,BR010,2025-12-27,ACTIVE,18115.9,INR,N,CORE_BANKING
ACC0004428,CRM003756,SAVINGS,BR004,2023-11-13,CLOSED,48062.45,INR,Y,CORE_BANKING
ACC0004429,CRM000237,SAVINGS,BR010,2024-03-12,ACTIVE,13577.44,INR,Y,CORE_BANKING
ACC0004430,CRM003679,SAVINGS,BR009,2019-10-23,ACTIVE,4887.7,INR,N,CORE_BANKING
ACC0004431,CRM003220,SAVINGS,BR002,2025-01-15,ACTIVE,37847.01,INR,Y,CORE_BANKING
ACC0004432,CRM003099,CURRENT,BR007,2018-11-09,ACTIVE,13472.58,INR,N,CORE_BANKING
ACC0004433,CRM002885,SAVINGS,BR004,2017-05-31,DORMANT,57509.36,INR,N,CORE_BANKING
ACC0004434,CRM000201,SALARY,BR006,2017-03-30,ACTIVE,40546.76,INR,Y,CORE_BANKING
ACC0004435,CRM001606,CURRENT,BR005,2025-10-01,ACTIVE,17714.1,INR,Y,CORE_BANKING
ACC0004436,CRM001124,SAVINGS,BR002,2016-07-28,ACTIVE,13423.28,INR,Y,CORE_BANKING
ACC0004437,CRM002996,SALARY,BR003,2016-09-17,ACTIVE,31240.78,INR,N,CORE_BANKING
ACC0004438,CRM001586,CURRENT,BR007,2023-09-21,ACTIVE,82913.09,INR,Y,CORE_BANKING
ACC0004439,CRM003610,SALARY,BR006,2024-01-06,ACTIVE,7007.57,INR,N,CORE_BANKING
ACC0004440,CRM000556,SALARY,BR001,2022-07-02,ACTIVE,20919.52,INR,Y,CORE_BANKING
ACC0004441,CRM003253,SAVINGS,BR005,2017-07-01,ACTIVE,19215.8,INR,Y,CORE_BANKING
ACC0004442,CRM003510,CURRENT,BR001,2022-08-14,ACTIVE,19840.14,INR,N,CORE_BANKING
ACC0004443,CRM001358,SAVINGS,BR008,2016-10-03,ACTIVE,26265.89,INR,N,CORE_BANKING
ACC0004444,CRM000956,CURRENT,BR003,2021-06-30,ACTIVE,74220.8,INR,Y,CORE_BANKING
ACC0004445,CRM000086,CURRENT,BR004,2016-10-27,DORMANT,12198.79,INR,N,CORE_BANKING
ACC0004446,CRM002776,SAVINGS,BR003,2019-09-04,ACTIVE,14010.08,INR,Y,CORE_BANKING
ACC0004447,CRM000807,CURRENT,BR004,2023-01-20,ACTIVE,44359.27,INR,N,CORE_BANKING
ACC0004448,CRM002254,SAVINGS,BR002,2023-03-10,ACTIVE,20494.63,INR,N,CORE_BANKING
ACC0004449,CRM003497,SAVINGS,BR002,2019-12-28,ACTIVE,18323.3,INR,Y,CORE_BANKING
ACC0004450,CRM001667,CURRENT,BR004,2019-04-26,CLOSED,30839.41,INR,N,CORE_BANKING
ACC0004451,CRM003395,CURRENT,BR008,2024-09-08,ACTIVE,4887.85,INR,Y,CORE_BANKING
ACC0004452,CRM002031,SALARY,BR006,2018-12-10,ACTIVE,109357.88,INR,Y,CORE_BANKING
ACC0004453,CRM002229,SALARY,BR002,2023-06-09,ACTIVE,48081.81,INR,Y,CORE_BANKING
ACC0004454,CRM001468,CURRENT,BR005,2024-05-10,ACTIVE,50836.08,INR,Y,CORE_BANKING
ACC0004455,CRM000526,CURRENT,BR002,2024-04-15,ACTIVE,13627.17,INR,N,CORE_BANKING
ACC0004456,CRM003829,CURRENT,BR003,2018-02-27,DORMANT,29560.55,INR,N,CORE_BANKING
ACC0004457,CRM002984,SAVINGS,BR001,2023-05-07,ACTIVE,18796.47,INR,N,CORE_BANKING
ACC0004458,CRM000501,SAVINGS,BR004,2023-01-02,ACTIVE,117893.87,INR,Y,CORE_BANKING
ACC0004459,CRM003245,SALARY,BR005,2016-03-26,ACTIVE,83740.73,INR,N,CORE_BANKING
ACC0004460,CRM003620,CURRENT,BR002,2025-07-08,ACTIVE,217477.83,INR,Y,CORE_BANKING
ACC0004461,CRM002414,SAVINGS,BR008,2021-10-27,ACTIVE,48234.36,INR,Y,CORE_BANKING
ACC0004462,CRM002480,SAVINGS,BR007,2016-08-01,ACTIVE,10227.45,INR,N,CORE_BANKING
ACC0004463,CRM003404,SAVINGS,BR010,2018-01-19,ACTIVE,30272.2,INR,Y,CORE_BANKING
ACC0004464,CRM003128,CURRENT,BR010,2017-11-12,ACTIVE,29259.28,INR,N,CORE_BANKING
ACC0004465,CRM000793,CURRENT,BR003,2022-12-29,CLOSED,6195.6,INR,N,CORE_BANKING
ACC0004466,CRM000098,SALARY,BR007,2016-12-05,ACTIVE,3195.57,INR,N,CORE_BANKING
ACC0004467,CRM001949,SALARY,BR001,2018-01-11,ACTIVE,1993.71,INR,N,CORE_BANKING
ACC0004468,CRM002209,SAVINGS,BR004,2025-10-29,ACTIVE,10296.11,INR,N,CORE_BANKING
ACC0004469,CRM003331,SAVINGS,BR007,2018-04-09,ACTIVE,50417.46,INR,Y,CORE_BANKING
ACC0004470,CRM003424,SALARY,BR006,2026-02-10,DORMANT,20881.85,INR,N,CORE_BANKING
ACC0004471,CRM003381,CURRENT,BR010,2020-11-12,ACTIVE,63933.72,INR,Y,CORE_BANKING
ACC0004472,CRM002267,SAVINGS,BR005,2016-07-15,ACTIVE,51454.79,INR,N,CORE_BANKING
ACC0004473,CRM001333,SALARY,BR005,2016-06-06,ACTIVE,29773.81,INR,N,CORE_BANKING
ACC0004474,CRM001270,SAVINGS,BR010,2017-12-09,ACTIVE,15437.39,INR,Y,CORE_BANKING
ACC0004475,CRM002876,SALARY,BR006,2020-09-25,ACTIVE,53762.32,INR,Y,CORE_BANKING
ACC0004476,CRM002631,SALARY,BR010,2025-04-27,ACTIVE,26273.93,INR,N,CORE_BANKING
ACC0004477,CRM000097,CURRENT,BR003,2019-07-29,ACTIVE,57853.82,INR,Y,CORE_BANKING
ACC0004478,CRM002094,CURRENT,BR008,2021-07-10,ACTIVE,6229.87,INR,N,CORE_BANKING
ACC0004479,CRM001609,SALARY,BR006,2016-01-31,ACTIVE,208732.11,INR,Y,CORE_BANKING
ACC0004480,CRM003230,CURRENT,BR007,2020-06-21,ACTIVE,2172.64,INR,N,CORE_BANKING
ACC0004481,CRM001478,CURRENT,BR003,2023-03-29,DORMANT,18850.49,INR,Y,CORE_BANKING
ACC0004482,CRM003245,SALARY,BR002,2019-10-19,CLOSED,49670.86,INR,Y,CORE_BANKING
ACC0004483,CRM002851,SALARY,BR006,2018-07-15,ACTIVE,23181.94,INR,Y,CORE_BANKING
ACC0004484,CRM001211,SALARY,BR009,2025-09-27,ACTIVE,5360.49,INR,Y,CORE_BANKING
ACC0004485,CRM001079,SALARY,BR008,2023-12-22,ACTIVE,2871.11,INR,Y,CORE_BANKING
ACC0004486,CRM002100,SALARY,BR004,2025-08-21,ACTIVE,11934.69,INR,Y,CORE_BANKING
ACC0004487,CRM002761,SAVINGS,BR009,2019-11-22,ACTIVE,38572.37,INR,Y,CORE_BANKING
ACC0004488,CRM001558,SAVINGS,BR001,2021-06-18,ACTIVE,25750.18,INR,Y,CORE_BANKING
ACC0004489,CRM002965,CURRENT,BR003,2023-09-07,ACTIVE,36514.75,INR,Y,CORE_BANKING
ACC0004490,CRM000202,SALARY,BR009,2016-03-19,ACTIVE,18841.3,INR,N,CORE_BANKING
ACC0004491,CRM001166,SALARY,BR009,2024-02-09,ACTIVE,24094.33,INR,N,CORE_BANKING
ACC0004492,CRM003290,CURRENT,BR010,2018-02-14,ACTIVE,44518.97,INR,Y,CORE_BANKING
ACC0004493,CRM002131,SALARY,BR003,2020-06-20,ACTIVE,4526.82,INR,N,CORE_BANKING
ACC0004494,CRM003590,SAVINGS,BR004,2022-03-20,DORMANT,5039.97,INR,Y,CORE_BANKING
ACC0004495,CRM002006,CURRENT,BR007,2016-03-22,ACTIVE,15485.2,INR,Y,CORE_BANKING
ACC0004496,CRM001758,SAVINGS,BR005,2022-07-11,CLOSED,53356.26,INR,N,CORE_BANKING
ACC0004497,CRM000125,SAVINGS,BR001,2020-03-12,ACTIVE,10240.86,INR,N,CORE_BANKING
ACC0004498,CRM002496,CURRENT,BR008,2021-04-15,ACTIVE,6405.18,INR,N,CORE_BANKING
ACC0004499,CRM001369,SAVINGS,BR003,2024-12-20,ACTIVE,4477.26,INR,Y,CORE_BANKING
ACC0004500,CRM001618,SAVINGS,BR003,2018-11-27,ACTIVE,56682.3,INR,N,CORE_BANKING
ACC0004501,CRM001720,CURRENT,BR009,2017-05-05,ACTIVE,197799.61,INR,N,CORE_BANKING
ACC0004502,CRM001188,SALARY,BR006,2021-10-01,ACTIVE,22732.02,INR,N,CORE_BANKING
ACC0004503,CRM000232,SAVINGS,BR010,2018-12-30,ACTIVE,24935.82,INR,Y,CORE_BANKING
ACC0004504,CRM002078,SALARY,BR005,2021-02-01,ACTIVE,16532.35,INR,N,CORE_BANKING
ACC0004505,CRM002082,SALARY,BR010,2022-06-27,ACTIVE,86959.53,INR,N,CORE_BANKING
ACC0004506,CRM001650,SALARY,BR009,2018-05-13,ACTIVE,50631.5,INR,N,CORE_BANKING
ACC0004507,CRM003124,CURRENT,BR003,2025-04-11,CLOSED,19636.62,INR,N,CORE_BANKING
ACC0004508,CRM003295,SALARY,BR001,2024-08-04,ACTIVE,34425.61,INR,N,CORE_BANKING
ACC0004509,CRM000810,SALARY,BR004,2022-07-26,ACTIVE,89821.07,INR,Y,CORE_BANKING
ACC0004510,CRM001623,SAVINGS,BR010,2016-09-06,ACTIVE,158037.65,INR,N,CORE_BANKING
ACC0004511,CRM003371,SAVINGS,BR010,2026-04-17,ACTIVE,36706.93,INR,N,CORE_BANKING
ACC0004512,CRM003278,CURRENT,BR006,2024-03-07,ACTIVE,36073.04,INR,Y,CORE_BANKING
ACC0004513,CRM000413,CURRENT,BR010,2017-03-18,ACTIVE,78691.2,INR,N,CORE_BANKING
ACC0004514,CRM002377,CURRENT,BR009,2023-12-29,ACTIVE,40835.78,INR,N,CORE_BANKING
ACC0004515,CRM000239,SAVINGS,BR005,2023-03-02,ACTIVE,20260.7,INR,N,CORE_BANKING
ACC0004516,CRM003562,SALARY,BR004,2025-09-18,ACTIVE,10722.55,INR,Y,CORE_BANKING
ACC0004517,CRM000675,SALARY,BR003,2021-01-30,ACTIVE,14273.08,INR,Y,CORE_BANKING
ACC0004518,CRM002710,SAVINGS,BR003,2022-09-19,ACTIVE,10719.67,INR,N,CORE_BANKING
ACC0004519,CRM002861,SALARY,BR005,2022-11-20,ACTIVE,11845.59,INR,N,CORE_BANKING
ACC0004520,CRM003178,SAVINGS,BR002,2024-03-01,ACTIVE,22395.99,INR,Y,CORE_BANKING
ACC0004521,CRM002109,SAVINGS,BR006,2026-01-31,ACTIVE,25665.46,INR,Y,CORE_BANKING
ACC0004522,CRM002831,SALARY,BR010,2016-03-18,ACTIVE,135839.46,INR,Y,CORE_BANKING
ACC0004523,CRM002413,SAVINGS,BR010,2024-04-17,ACTIVE,37099.33,INR,N,CORE_BANKING
ACC0004524,CRM003531,CURRENT,BR001,2020-12-03,ACTIVE,16535.57,INR,N,CORE_BANKING
ACC0004525,CRM002502,CURRENT,BR007,2025-04-06,ACTIVE,87108.41,INR,N,CORE_BANKING
ACC0004526,CRM001501,SAVINGS,BR010,2017-06-12,ACTIVE,51934.15,INR,N,CORE_BANKING
ACC0004527,CRM002564,CURRENT,BR010,2016-06-26,ACTIVE,3032.14,INR,Y,CORE_BANKING
ACC0004528,CRM002610,SAVINGS,BR004,2026-03-18,ACTIVE,27430.56,INR,N,CORE_BANKING
ACC0004529,CRM001154,SALARY,BR002,2017-08-29,ACTIVE,96182.09,INR,N,CORE_BANKING
ACC0004530,CRM002820,SALARY,BR006,2025-05-03,ACTIVE,11464.41,INR,N,CORE_BANKING
ACC0004531,CRM000779,SAVINGS,BR003,2020-08-17,ACTIVE,21333.28,INR,N,CORE_BANKING
ACC0004532,CRM003756,SAVINGS,BR005,2018-09-09,ACTIVE,3378.53,INR,Y,CORE_BANKING
ACC0004533,CRM002455,CURRENT,BR005,2019-02-08,DORMANT,12900.97,INR,N,CORE_BANKING
ACC0004534,CRM002919,SAVINGS,BR008,2021-07-17,ACTIVE,3374.35,INR,N,CORE_BANKING
ACC0004535,CRM001875,SALARY,BR006,2019-03-02,ACTIVE,56545.96,INR,N,CORE_BANKING
ACC0004536,CRM000457,SAVINGS,BR007,2022-06-03,ACTIVE,3567.84,INR,N,CORE_BANKING
ACC0004537,CRM000157,CURRENT,BR010,2024-01-04,ACTIVE,58672.68,INR,N,CORE_BANKING
ACC0004538,CRM000122,SALARY,BR002,2017-05-01,ACTIVE,14135.6,INR,N,CORE_BANKING
ACC0004539,CRM002328,SALARY,BR010,2020-01-27,ACTIVE,15280.78,INR,N,CORE_BANKING
ACC0004540,CRM002373,SAVINGS,BR001,2024-05-02,ACTIVE,16659.25,INR,Y,CORE_BANKING
ACC0004541,CRM002736,SAVINGS,BR006,2022-03-15,ACTIVE,17097.09,INR,N,CORE_BANKING
ACC0004542,CRM003622,CURRENT,BR007,2016-03-19,DORMANT,27989.39,INR,Y,CORE_BANKING
ACC0004543,CRM001461,SALARY,BR008,2021-07-02,ACTIVE,47285.21,INR,N,CORE_BANKING
ACC0004544,CRM003571,SALARY,BR005,2023-07-01,ACTIVE,26276.5,INR,N,CORE_BANKING
ACC0004545,CRM002381,SALARY,BR008,2024-01-02,ACTIVE,48036.07,INR,Y,CORE_BANKING
ACC0004546,CRM002481,CURRENT,BR010,2024-12-10,ACTIVE,14889.31,INR,N,CORE_BANKING
ACC0004547,CRM003150,SALARY,BR004,2019-04-27,ACTIVE,137932.28,INR,Y,CORE_BANKING
ACC0004548,CRM002719,CURRENT,BR006,2017-06-01,ACTIVE,26885.49,INR,Y,CORE_BANKING
ACC0004549,CRM003122,CURRENT,BR008,2018-10-05,ACTIVE,86558.47,INR,N,CORE_BANKING
ACC0004550,CRM001761,SALARY,BR002,2018-09-27,ACTIVE,55733.73,INR,N,CORE_BANKING
ACC0004551,CRM002039,CURRENT,BR003,2020-06-26,CLOSED,13019.23,INR,Y,CORE_BANKING
ACC0004552,CRM000879,SALARY,BR004,2019-12-23,ACTIVE,30260.25,INR,N,CORE_BANKING
ACC0004553,CRM002602,SALARY,BR005,2016-06-04,ACTIVE,11548.83,INR,Y,CORE_BANKING
ACC0004554,CRM001959,CURRENT,BR010,2018-11-06,ACTIVE,21596.09,INR,N,CORE_BANKING
ACC0004555,CRM003616,SALARY,BR006,2018-10-05,ACTIVE,33714.42,INR,Y,CORE_BANKING
ACC0004556,CRM001849,SAVINGS,BR006,2016-03-22,ACTIVE,10935.54,INR,Y,CORE_BANKING
ACC0004557,CRM000973,CURRENT,BR002,2020-06-25,ACTIVE,28383.03,INR,Y,CORE_BANKING
ACC0004558,CRM003715,SAVINGS,BR003,2021-07-27,ACTIVE,52218.42,INR,N,CORE_BANKING
ACC0004559,CRM002304,CURRENT,BR006,2021-04-01,ACTIVE,38675.06,INR,Y,CORE_BANKING
ACC0004560,CRM001022,CURRENT,BR001,2016-10-03,ACTIVE,12869.81,INR,Y,CORE_BANKING
ACC0004561,CRM003202,SALARY,BR009,2017-01-15,ACTIVE,10959.23,INR,N,CORE_BANKING
ACC0004562,CRM003586,SAVINGS,BR004,2026-01-25,ACTIVE,137677.18,INR,N,CORE_BANKING
ACC0004563,CRM000355,SALARY,BR010,2023-12-09,ACTIVE,5273.68,INR,N,CORE_BANKING
ACC0004564,CRM001402,SAVINGS,BR001,2020-06-25,ACTIVE,11630.36,INR,Y,CORE_BANKING
ACC0004565,CRM002948,CURRENT,BR006,2021-01-26,ACTIVE,18753.25,INR,Y,CORE_BANKING
ACC0004566,CRM003215,SAVINGS,BR009,2022-06-22,ACTIVE,74908.47,INR,Y,CORE_BANKING
ACC0004567,CRM000613,SAVINGS,BR007,2016-12-20,DORMANT,15302.63,INR,Y,CORE_BANKING
ACC0004568,CRM000051,SAVINGS,BR006,2025-05-31,ACTIVE,35951.8,INR,N,CORE_BANKING
ACC0004569,CRM002219,CURRENT,BR006,2017-09-08,ACTIVE,27907.07,INR,N,CORE_BANKING
ACC0004570,CRM002406,SAVINGS,BR009,2019-11-28,ACTIVE,19817.52,INR,N,CORE_BANKING
ACC0004571,CRM000378,SALARY,BR002,2022-08-15,CLOSED,107326.25,INR,N,CORE_BANKING
ACC0004572,CRM002017,SAVINGS,BR005,2017-04-12,DORMANT,82383.16,INR,N,CORE_BANKING
ACC0004573,CRM003768,SALARY,BR005,2019-07-17,ACTIVE,9908.57,INR,Y,CORE_BANKING
ACC0004574,CRM002200,SAVINGS,BR003,2018-03-16,ACTIVE,33407.63,INR,Y,CORE_BANKING
ACC0004575,CRM002371,SAVINGS,BR002,2020-02-19,CLOSED,16892.11,INR,Y,CORE_BANKING
ACC0004576,CRM003497,CURRENT,BR006,2026-03-25,DORMANT,90511.01,INR,Y,CORE_BANKING
ACC0004577,CRM000803,CURRENT,BR010,2017-07-11,ACTIVE,44069.76,INR,N,CORE_BANKING
ACC0004578,CRM000702,CURRENT,BR009,2017-02-28,DORMANT,14587.3,INR,Y,CORE_BANKING
ACC0004579,CRM000704,SALARY,BR006,2017-05-28,ACTIVE,37757.81,INR,Y,CORE_BANKING
ACC0004580,CRM001743,SALARY,BR008,2021-08-13,CLOSED,49068.44,INR,Y,CORE_BANKING
ACC0004581,CRM000549,SALARY,BR010,2025-05-16,ACTIVE,27701.02,INR,N,CORE_BANKING
ACC0004582,CRM000129,SALARY,BR008,2022-06-29,ACTIVE,68220.96,INR,N,CORE_BANKING
ACC0004583,CRM000196,CURRENT,BR006,2022-04-20,ACTIVE,10126.29,INR,N,CORE_BANKING
ACC0004584,CRM002094,SAVINGS,BR004,2018-10-18,ACTIVE,30130.03,INR,Y,CORE_BANKING
ACC0004585,CRM000488,SALARY,BR002,2016-09-26,DORMANT,16088.65,INR,N,CORE_BANKING
ACC0004586,CRM003244,CURRENT,BR007,2018-05-29,ACTIVE,15060.77,INR,N,CORE_BANKING
ACC0004587,CRM002168,CURRENT,BR001,2018-05-06,ACTIVE,11832.3,INR,N,CORE_BANKING
ACC0004588,CRM002467,SAVINGS,BR010,2021-08-21,ACTIVE,42932.73,INR,N,CORE_BANKING
ACC0004589,CRM001959,CURRENT,BR004,2021-08-26,ACTIVE,28340.37,INR,N,CORE_BANKING
ACC0004590,CRM002510,CURRENT,BR010,2018-06-26,ACTIVE,144123.92,INR,Y,CORE_BANKING
ACC0004591,CRM002644,SALARY,BR001,2021-08-01,CLOSED,234055.92,INR,Y,CORE_BANKING
ACC0004592,CRM003030,SAVINGS,BR010,2022-04-15,ACTIVE,36712.86,INR,Y,CORE_BANKING
ACC0004593,CRM002478,SALARY,BR005,2023-12-06,CLOSED,45775.11,INR,N,CORE_BANKING
ACC0004594,CRM000046,CURRENT,BR001,2020-03-12,ACTIVE,37432.73,INR,N,CORE_BANKING
ACC0004595,CRM002680,SAVINGS,BR007,2016-07-27,ACTIVE,9568.29,INR,N,CORE_BANKING
ACC0004596,CRM003522,CURRENT,BR007,2021-06-10,DORMANT,4327.8,INR,N,CORE_BANKING
ACC0004597,CRM001080,SAVINGS,BR009,2021-01-27,ACTIVE,99500.54,INR,N,CORE_BANKING
ACC0004598,CRM003520,CURRENT,BR005,2016-09-18,ACTIVE,10149.87,INR,Y,CORE_BANKING
ACC0004599,CRM003888,SAVINGS,BR010,2024-04-19,ACTIVE,39416.12,INR,N,CORE_BANKING
ACC0004600,CRM000716,SALARY,BR002,2017-03-03,ACTIVE,27837.42,INR,N,CORE_BANKING
ACC0004601,CRM002428,CURRENT,BR008,2023-08-25,ACTIVE,126852.22,INR,Y,CORE_BANKING
ACC0004602,CRM002623,SAVINGS,BR008,2018-06-30,ACTIVE,38157.49,INR,Y,CORE_BANKING
ACC0004603,CRM001465,CURRENT,BR009,2020-08-21,ACTIVE,22527.41,INR,Y,CORE_BANKING
ACC0004604,CRM003129,CURRENT,BR007,2023-11-03,ACTIVE,2770.17,INR,Y,CORE_BANKING
ACC0004605,CRM002201,SALARY,BR008,2021-07-17,CLOSED,51472.66,INR,Y,CORE_BANKING
ACC0004606,CRM000218,CURRENT,BR008,2026-03-23,ACTIVE,11020.84,INR,Y,CORE_BANKING
ACC0004607,CRM002537,SALARY,BR006,2018-02-12,ACTIVE,69021.49,INR,N,CORE_BANKING
ACC0004608,CRM001648,SALARY,BR004,2025-05-25,ACTIVE,2525.51,INR,Y,CORE_BANKING
ACC0004609,CRM002309,SAVINGS,BR006,2018-07-29,ACTIVE,238867.86,INR,Y,CORE_BANKING
ACC0004610,CRM000815,SALARY,BR002,2016-04-11,ACTIVE,51204.58,INR,N,CORE_BANKING
ACC0004611,CRM002841,SAVINGS,BR008,2022-06-24,ACTIVE,35056.7,INR,N,CORE_BANKING
ACC0004612,CRM000506,CURRENT,BR009,2026-03-21,ACTIVE,53894.98,INR,Y,CORE_BANKING
ACC0004613,CRM001261,CURRENT,BR010,2026-04-10,ACTIVE,5586.87,INR,N,CORE_BANKING
ACC0004614,CRM001813,SALARY,BR004,2017-12-10,ACTIVE,34386.44,INR,Y,CORE_BANKING
ACC0004615,CRM003043,CURRENT,BR003,2019-11-20,CLOSED,17179.91,INR,N,CORE_BANKING
ACC0004616,CRM002614,SAVINGS,BR003,2018-03-24,ACTIVE,7784.01,INR,Y,CORE_BANKING
ACC0004617,CRM003544,SAVINGS,BR003,2022-01-12,ACTIVE,34724.66,INR,N,CORE_BANKING
ACC0004618,CRM002389,SALARY,BR004,2025-01-06,ACTIVE,9700.2,INR,N,CORE_BANKING
ACC0004619,CRM001156,SAVINGS,BR009,2021-06-24,ACTIVE,13253.56,INR,Y,CORE_BANKING
ACC0004620,CRM003312,SAVINGS,BR008,2023-04-30,ACTIVE,166324.25,INR,Y,CORE_BANKING
ACC0004621,CRM003383,SAVINGS,BR003,2024-07-16,ACTIVE,29282.12,INR,Y,CORE_BANKING
ACC0004622,CRM003832,SAVINGS,BR007,2024-05-12,ACTIVE,276070.74,INR,N,CORE_BANKING
ACC0004623,CRM001557,CURRENT,BR007,2022-11-08,ACTIVE,36629.35,INR,Y,CORE_BANKING
ACC0004624,CRM001915,SAVINGS,BR002,2023-05-27,ACTIVE,18560.47,INR,N,CORE_BANKING
ACC0004625,CRM000405,CURRENT,BR005,2017-01-23,ACTIVE,14695.42,INR,N,CORE_BANKING
ACC0004626,CRM000999,SALARY,BR002,2023-10-22,ACTIVE,2687.97,INR,N,CORE_BANKING
ACC0004627,CRM000709,CURRENT,BR004,2023-09-26,ACTIVE,4610.03,INR,Y,CORE_BANKING
ACC0004628,CRM003430,SALARY,BR010,2025-05-23,DORMANT,163830.58,INR,Y,CORE_BANKING
ACC0004629,CRM001671,SALARY,BR002,2020-07-15,ACTIVE,16539.62,INR,Y,CORE_BANKING
ACC0004630,CRM001824,CURRENT,BR002,2024-03-03,ACTIVE,23217.53,INR,Y,CORE_BANKING
ACC0004631,CRM003989,CURRENT,BR007,2020-05-20,ACTIVE,13103.22,INR,Y,CORE_BANKING
ACC0004632,CRM000311,SAVINGS,BR008,2018-05-27,ACTIVE,114786.46,INR,N,CORE_BANKING
ACC0004633,CRM003638,CURRENT,BR006,2021-11-15,ACTIVE,20424.61,INR,Y,CORE_BANKING
ACC0004634,CRM003158,CURRENT,BR002,2025-07-19,ACTIVE,507169.9,INR,N,CORE_BANKING
ACC0004635,CRM003639,SAVINGS,BR009,2026-04-01,ACTIVE,17994.34,INR,Y,CORE_BANKING
ACC0004636,CRM002777,CURRENT,BR003,2021-09-24,ACTIVE,34849.64,INR,Y,CORE_BANKING
ACC0004637,CRM002723,CURRENT,BR002,2024-10-30,ACTIVE,13172.53,INR,Y,CORE_BANKING
ACC0004638,CRM002779,SALARY,BR002,2024-10-17,ACTIVE,38263.23,INR,N,CORE_BANKING
ACC0004639,CRM003477,CURRENT,BR003,2018-09-09,CLOSED,9799.09,INR,N,CORE_BANKING
ACC0004640,CRM002576,SALARY,BR004,2026-02-02,ACTIVE,21549.62,INR,N,CORE_BANKING
ACC0004641,CRM001533,SAVINGS,BR008,2019-09-26,ACTIVE,110278.06,INR,Y,CORE_BANKING
ACC0004642,CRM001518,SAVINGS,BR005,2019-03-04,ACTIVE,62035.29,INR,N,CORE_BANKING
ACC0004643,CRM003992,CURRENT,BR003,2016-10-06,ACTIVE,37347.66,INR,N,CORE_BANKING
ACC0004644,CRM000058,SALARY,BR010,2021-12-05,ACTIVE,14067.18,INR,Y,CORE_BANKING
ACC0004645,CRM000038,SAVINGS,BR008,2024-10-13,ACTIVE,9256.35,INR,Y,CORE_BANKING
ACC0004646,CRM002716,SALARY,BR006,2022-09-24,ACTIVE,19708.82,INR,N,CORE_BANKING
ACC0004647,CRM003436,SALARY,BR007,2022-05-26,ACTIVE,25684.14,INR,N,CORE_BANKING
ACC0004648,CRM000385,SALARY,BR009,2017-04-19,ACTIVE,145715.06,INR,Y,CORE_BANKING
ACC0004649,CRM000640,CURRENT,BR004,2016-12-25,ACTIVE,11037.08,INR,Y,CORE_BANKING
ACC0004650,CRM002008,SALARY,BR010,2018-09-21,ACTIVE,38496.34,INR,N,CORE_BANKING
ACC0004651,CRM001349,CURRENT,BR003,2018-08-23,DORMANT,66702.82,INR,N,CORE_BANKING
ACC0004652,CRM001027,SALARY,BR004,2024-11-12,ACTIVE,44090.12,INR,Y,CORE_BANKING
ACC0004653,CRM003065,SALARY,BR009,2016-08-08,ACTIVE,26582.62,INR,N,CORE_BANKING
ACC0004654,CRM000102,SALARY,BR003,2022-08-31,ACTIVE,28715.2,INR,Y,CORE_BANKING
ACC0004655,CRM002863,SAVINGS,BR008,2018-01-19,ACTIVE,32316.05,INR,Y,CORE_BANKING
ACC0004656,CRM000683,SAVINGS,BR001,2018-05-19,ACTIVE,21233.69,INR,Y,CORE_BANKING
ACC0004657,CRM002738,SAVINGS,BR004,2026-04-18,ACTIVE,180181.0,INR,N,CORE_BANKING
ACC0004658,CRM001512,CURRENT,BR003,2023-05-10,ACTIVE,11293.61,INR,N,CORE_BANKING
ACC0004659,CRM003361,CURRENT,BR003,2019-12-16,CLOSED,48685.3,INR,Y,CORE_BANKING
ACC0004660,CRM001967,SALARY,BR008,2023-08-13,ACTIVE,1003.39,INR,Y,CORE_BANKING
ACC0004661,CRM003368,SALARY,BR005,2016-10-08,ACTIVE,38354.9,INR,N,CORE_BANKING
ACC0004662,CRM002262,SAVINGS,BR001,2025-01-30,ACTIVE,21351.32,INR,Y,CORE_BANKING
ACC0004663,CRM001123,SAVINGS,BR010,2017-08-28,ACTIVE,47293.78,INR,N,CORE_BANKING
ACC0004664,CRM002414,SALARY,BR008,2019-12-12,ACTIVE,37935.79,INR,N,CORE_BANKING
ACC0004665,CRM001640,SALARY,BR003,2017-03-27,ACTIVE,24522.57,INR,N,CORE_BANKING
ACC0004666,CRM003671,SALARY,BR004,2022-03-31,ACTIVE,40205.21,INR,N,CORE_BANKING
ACC0004667,CRM000565,SAVINGS,BR009,2020-05-22,ACTIVE,148702.18,INR,N,CORE_BANKING
ACC0004668,CRM000482,CURRENT,BR010,2020-05-09,ACTIVE,14135.35,INR,N,CORE_BANKING
ACC0004669,CRM000345,SAVINGS,BR002,2025-08-18,ACTIVE,10223.55,INR,Y,CORE_BANKING
ACC0004670,CRM000432,SALARY,BR004,2021-10-14,ACTIVE,14170.97,INR,Y,CORE_BANKING
ACC0004671,CRM002640,SALARY,BR001,2018-01-31,ACTIVE,6778.9,INR,Y,CORE_BANKING
ACC0004672,CRM000481,CURRENT,BR005,2024-10-14,ACTIVE,8397.98,INR,Y,CORE_BANKING
ACC0004673,CRM003210,SAVINGS,BR001,2016-03-13,ACTIVE,86947.3,INR,N,CORE_BANKING
ACC0004674,CRM001585,SAVINGS,BR005,2022-09-25,ACTIVE,21706.1,INR,Y,CORE_BANKING
ACC0004675,CRM003790,SAVINGS,BR009,2022-07-17,ACTIVE,13441.77,INR,Y,CORE_BANKING
ACC0004676,CRM002425,SAVINGS,BR003,2016-05-02,ACTIVE,11865.51,INR,Y,CORE_BANKING
ACC0004677,CRM002513,CURRENT,BR009,2018-04-28,ACTIVE,9445.11,INR,N,CORE_BANKING
ACC0004678,CRM001773,SAVINGS,BR007,2025-09-17,ACTIVE,5548.58,INR,N,CORE_BANKING
ACC0004679,CRM000826,SAVINGS,BR006,2023-07-08,CLOSED,6513.9,INR,N,CORE_BANKING
ACC0004680,CRM000008,SALARY,BR004,2023-09-02,ACTIVE,48650.11,INR,Y,CORE_BANKING
ACC0004681,CRM002969,SALARY,BR001,2020-12-05,ACTIVE,83809.36,INR,Y,CORE_BANKING
ACC0004682,CRM000780,SALARY,BR003,2019-02-12,ACTIVE,15441.72,INR,N,CORE_BANKING
ACC0004683,CRM003418,CURRENT,BR003,2020-08-11,ACTIVE,59011.85,INR,Y,CORE_BANKING
ACC0004684,CRM002152,SAVINGS,BR005,2020-03-28,ACTIVE,28168.15,INR,N,CORE_BANKING
ACC0004685,CRM003635,SALARY,BR007,2021-08-14,ACTIVE,33502.85,INR,N,CORE_BANKING
ACC0004686,CRM003053,CURRENT,BR005,2022-07-25,ACTIVE,5640.44,INR,Y,CORE_BANKING
ACC0004687,CRM000269,SALARY,BR005,2022-04-26,ACTIVE,31978.53,INR,Y,CORE_BANKING
ACC0004688,CRM001634,SAVINGS,BR003,2019-12-19,ACTIVE,46369.21,INR,N,CORE_BANKING
ACC0004689,CRM000716,CURRENT,BR006,2023-12-10,ACTIVE,52710.21,INR,Y,CORE_BANKING
ACC0004690,CRM003126,SAVINGS,BR004,2019-10-01,ACTIVE,4018.66,INR,Y,CORE_BANKING
ACC0004691,CRM000819,CURRENT,BR002,2025-05-31,ACTIVE,12250.62,INR,Y,CORE_BANKING
ACC0004692,CRM001913,SALARY,BR004,2020-09-23,ACTIVE,40460.64,INR,Y,CORE_BANKING
ACC0004693,CRM002326,CURRENT,BR009,2025-07-01,CLOSED,22546.18,INR,N,CORE_BANKING
ACC0004694,CRM001134,CURRENT,BR005,2023-03-10,CLOSED,32076.46,INR,Y,CORE_BANKING
ACC0004695,CRM000101,SAVINGS,BR004,2019-02-05,ACTIVE,56910.58,INR,N,CORE_BANKING
ACC0004696,CRM001116,SALARY,BR008,2024-06-13,ACTIVE,39583.26,INR,Y,CORE_BANKING
ACC0004697,CRM001526,SALARY,BR003,2017-12-08,ACTIVE,153797.96,INR,N,CORE_BANKING
ACC0004698,CRM000718,SAVINGS,BR004,2024-09-15,ACTIVE,9694.93,INR,N,CORE_BANKING
ACC0004699,CRM001252,SAVINGS,BR005,2025-02-02,ACTIVE,14696.1,INR,N,CORE_BANKING
ACC0004700,CRM000548,SALARY,BR003,2017-06-05,ACTIVE,9740.76,INR,Y,CORE_BANKING
ACC0004701,CRM001273,SALARY,BR006,2020-01-20,CLOSED,27938.81,INR,N,CORE_BANKING
ACC0004702,CRM001450,CURRENT,BR002,2025-10-30,ACTIVE,20099.53,INR,N,CORE_BANKING
ACC0004703,CRM001992,SAVINGS,BR008,2018-06-16,ACTIVE,12670.44,INR,N,CORE_BANKING
ACC0004704,CRM001899,CURRENT,BR002,2020-08-05,ACTIVE,25370.13,INR,N,CORE_BANKING
ACC0004705,CRM001965,SALARY,BR010,2023-09-28,ACTIVE,15236.52,INR,Y,CORE_BANKING
ACC0004706,CRM003384,SALARY,BR007,2024-11-24,ACTIVE,125718.08,INR,N,CORE_BANKING
ACC0004707,CRM002357,SALARY,BR004,2017-03-06,ACTIVE,22253.33,INR,Y,CORE_BANKING
ACC0004708,CRM003799,SAVINGS,BR005,2020-04-21,ACTIVE,6147.66,INR,Y,CORE_BANKING
ACC0004709,CRM001243,SAVINGS,BR003,2022-07-13,ACTIVE,13054.79,INR,Y,CORE_BANKING
ACC0004710,CRM001651,CURRENT,BR010,2017-12-01,ACTIVE,10397.8,INR,Y,CORE_BANKING
ACC0004711,CRM003539,CURRENT,BR002,2023-12-23,ACTIVE,26775.77,INR,Y,CORE_BANKING
ACC0004712,CRM002195,SALARY,BR002,2023-10-14,ACTIVE,80256.59,INR,N,CORE_BANKING
ACC0004713,CRM001939,SAVINGS,BR002,2023-12-31,ACTIVE,19467.13,INR,Y,CORE_BANKING
ACC0004714,CRM003118,SAVINGS,BR010,2017-05-21,DORMANT,63239.48,INR,N,CORE_BANKING
ACC0004715,CRM003721,CURRENT,BR007,2023-02-09,ACTIVE,220204.06,INR,Y,CORE_BANKING
ACC0004716,CRM002378,CURRENT,BR006,2025-02-09,ACTIVE,13592.6,INR,Y,CORE_BANKING
ACC0004717,CRM002192,CURRENT,BR008,2021-03-04,ACTIVE,23640.33,INR,Y,CORE_BANKING
ACC0004718,CRM002361,SALARY,BR002,2020-05-21,ACTIVE,14254.64,INR,Y,CORE_BANKING
ACC0004719,CRM001579,SALARY,BR008,2023-12-30,ACTIVE,15291.68,INR,N,CORE_BANKING
ACC0004720,CRM002957,SALARY,BR009,2025-10-09,ACTIVE,19242.37,INR,Y,CORE_BANKING
ACC0004721,CRM001285,SALARY,BR008,2016-01-22,CLOSED,37089.61,INR,Y,CORE_BANKING
ACC0004722,CRM002864,SALARY,BR003,2020-10-24,ACTIVE,11015.29,INR,Y,CORE_BANKING
ACC0004723,CRM001145,CURRENT,BR002,2018-09-03,ACTIVE,82586.85,INR,N,CORE_BANKING
ACC0004724,CRM002183,SALARY,BR006,2016-06-13,ACTIVE,52455.88,INR,Y,CORE_BANKING
ACC0004725,CRM003580,SALARY,BR007,2024-05-24,ACTIVE,128195.57,INR,Y,CORE_BANKING
ACC0004726,CRM002199,CURRENT,BR004,2020-04-28,ACTIVE,12789.15,INR,Y,CORE_BANKING
ACC0004727,CRM000432,SAVINGS,BR009,2018-04-25,ACTIVE,12872.78,INR,N,CORE_BANKING
ACC0004728,CRM001455,SAVINGS,BR003,2018-03-21,ACTIVE,34489.74,INR,N,CORE_BANKING
ACC0004729,CRM002770,SALARY,BR003,2018-02-28,CLOSED,33612.29,INR,N,CORE_BANKING
ACC0004730,CRM003478,SALARY,BR010,2016-11-20,ACTIVE,5849.45,INR,Y,CORE_BANKING
ACC0004731,CRM000132,SALARY,BR010,2021-09-29,ACTIVE,50615.74,INR,N,CORE_BANKING
ACC0004732,CRM001009,CURRENT,BR006,2025-06-02,ACTIVE,79423.43,INR,Y,CORE_BANKING
ACC0004733,CRM002200,CURRENT,BR003,2017-05-16,ACTIVE,3656.41,INR,Y,CORE_BANKING
ACC0004734,CRM002680,SAVINGS,BR005,2019-05-30,ACTIVE,8259.48,INR,Y,CORE_BANKING
ACC0004735,CRM003092,CURRENT,BR003,2020-07-04,ACTIVE,969.71,INR,Y,CORE_BANKING
ACC0004736,CRM001808,CURRENT,BR003,2017-02-09,CLOSED,10174.49,INR,Y,CORE_BANKING
ACC0004737,CRM001230,CURRENT,BR009,2018-07-11,ACTIVE,5248.01,INR,N,CORE_BANKING
ACC0004738,CRM001280,CURRENT,BR002,2023-04-11,ACTIVE,31842.93,INR,Y,CORE_BANKING
ACC0004739,CRM001106,SAVINGS,BR009,2024-02-12,CLOSED,48212.51,INR,Y,CORE_BANKING
ACC0004740,CRM001164,SALARY,BR010,2024-12-30,ACTIVE,75620.46,INR,N,CORE_BANKING
ACC0004741,CRM000425,SALARY,BR009,2016-11-04,ACTIVE,87393.88,INR,Y,CORE_BANKING
ACC0004742,CRM003415,SAVINGS,BR004,2018-06-04,ACTIVE,47490.9,INR,Y,CORE_BANKING
ACC0004743,CRM002767,SALARY,BR003,2016-06-10,ACTIVE,45248.42,INR,N,CORE_BANKING
ACC0004744,CRM002339,CURRENT,BR003,2018-06-18,ACTIVE,11478.75,INR,N,CORE_BANKING
ACC0004745,CRM003121,SAVINGS,BR009,2017-06-29,ACTIVE,17231.37,INR,Y,CORE_BANKING
ACC0004746,CRM000902,SAVINGS,BR010,2024-07-13,ACTIVE,6381.64,INR,Y,CORE_BANKING
ACC0004747,CRM003255,CURRENT,BR007,2023-05-21,ACTIVE,77306.59,INR,N,CORE_BANKING
ACC0004748,CRM001961,CURRENT,BR009,2016-12-20,ACTIVE,45252.94,INR,N,CORE_BANKING
ACC0004749,CRM001211,SALARY,BR006,2022-06-21,DORMANT,18637.24,INR,Y,CORE_BANKING
ACC0004750,CRM002288,SALARY,BR006,2024-05-22,CLOSED,91231.54,INR,Y,CORE_BANKING
ACC0004751,CRM001832,CURRENT,BR003,2021-10-11,CLOSED,8598.83,INR,N,CORE_BANKING
ACC0004752,CRM003464,SAVINGS,BR006,2026-02-28,ACTIVE,17770.4,INR,Y,CORE_BANKING
ACC0004753,CRM001916,SAVINGS,BR003,2024-01-02,ACTIVE,21149.37,INR,N,CORE_BANKING
ACC0004754,CRM001567,SAVINGS,BR001,2024-06-14,ACTIVE,9915.04,INR,N,CORE_BANKING
ACC0004755,CRM003359,SALARY,BR008,2022-02-16,ACTIVE,64137.67,INR,N,CORE_BANKING
ACC0004756,CRM003722,SAVINGS,BR009,2025-01-22,ACTIVE,21563.18,INR,N,CORE_BANKING
ACC0004757,CRM003908,CURRENT,BR008,2020-01-04,ACTIVE,8229.19,INR,N,CORE_BANKING
ACC0004758,CRM000956,SAVINGS,BR009,2019-01-01,ACTIVE,44140.41,INR,Y,CORE_BANKING
ACC0004759,CRM003708,SALARY,BR008,2020-03-13,ACTIVE,141398.23,INR,Y,CORE_BANKING
ACC0004760,CRM003869,CURRENT,BR008,2022-02-18,ACTIVE,112770.57,INR,Y,CORE_BANKING
ACC0004761,CRM001849,SAVINGS,BR009,2017-01-03,DORMANT,14205.63,INR,N,CORE_BANKING
ACC0004762,CRM001912,SALARY,BR009,2022-07-30,ACTIVE,10122.69,INR,Y,CORE_BANKING
ACC0004763,CRM002985,SAVINGS,BR001,2024-06-20,ACTIVE,15069.19,INR,N,CORE_BANKING
ACC0004764,CRM000165,SALARY,BR007,2018-04-25,ACTIVE,26930.09,INR,N,CORE_BANKING
ACC0004765,CRM000505,SALARY,BR010,2020-03-06,ACTIVE,52490.69,INR,N,CORE_BANKING
ACC0004766,CRM003184,SAVINGS,BR005,2020-05-09,ACTIVE,3639.93,INR,Y,CORE_BANKING
ACC0004767,CRM001878,SALARY,BR010,2026-03-22,ACTIVE,22690.2,INR,Y,CORE_BANKING
ACC0004768,CRM003906,SAVINGS,BR004,2019-07-02,CLOSED,50580.01,INR,Y,CORE_BANKING
ACC0004769,CRM000664,SALARY,BR006,2025-10-25,ACTIVE,37365.78,INR,Y,CORE_BANKING
ACC0004770,CRM000833,SALARY,BR010,2018-10-10,ACTIVE,6858.34,INR,N,CORE_BANKING
ACC0004771,CRM002347,CURRENT,BR009,2017-09-09,ACTIVE,31082.06,INR,N,CORE_BANKING
ACC0004772,CRM003099,CURRENT,BR006,2020-09-06,ACTIVE,30809.3,INR,N,CORE_BANKING
ACC0004773,CRM002228,SALARY,BR004,2019-01-28,ACTIVE,43023.06,INR,Y,CORE_BANKING
ACC0004774,CRM000806,SALARY,BR001,2020-05-12,ACTIVE,12904.17,INR,N,CORE_BANKING
ACC0004775,CRM003437,SALARY,BR001,2019-08-25,ACTIVE,28442.15,INR,Y,CORE_BANKING
ACC0004776,CRM003578,CURRENT,BR009,2016-11-13,ACTIVE,41694.76,INR,Y,CORE_BANKING
ACC0004777,CRM001789,CURRENT,BR003,2021-01-21,ACTIVE,20822.09,INR,N,CORE_BANKING
ACC0004778,CRM003841,SALARY,BR003,2019-02-10,ACTIVE,32013.63,INR,N,CORE_BANKING
ACC0004779,CRM003249,SALARY,BR001,2024-11-11,ACTIVE,9391.73,INR,N,CORE_BANKING
ACC0004780,CRM000691,SALARY,BR010,2022-12-30,CLOSED,25942.7,INR,Y,CORE_BANKING
ACC0004781,CRM002314,SAVINGS,BR002,2020-03-08,ACTIVE,97347.22,INR,Y,CORE_BANKING
ACC0004782,CRM000256,SAVINGS,BR006,2016-11-08,ACTIVE,24549.23,INR,N,CORE_BANKING
ACC0004783,CRM000107,SAVINGS,BR005,2019-04-29,ACTIVE,34563.88,INR,N,CORE_BANKING
ACC0004784,CRM002256,SAVINGS,BR008,2021-05-25,ACTIVE,9443.75,INR,N,CORE_BANKING
ACC0004785,CRM001163,SALARY,BR005,2018-10-05,DORMANT,37375.22,INR,Y,CORE_BANKING
ACC0004786,CRM002381,SALARY,BR010,2017-04-24,ACTIVE,20741.58,INR,N,CORE_BANKING
ACC0004787,CRM000611,SAVINGS,BR002,2023-07-08,ACTIVE,66461.63,INR,N,CORE_BANKING
ACC0004788,CRM000474,SALARY,BR001,2024-08-19,ACTIVE,21806.93,INR,N,CORE_BANKING
ACC0004789,CRM003057,CURRENT,BR010,2018-05-31,ACTIVE,48441.91,INR,Y,CORE_BANKING
ACC0004790,CRM002555,SALARY,BR004,2020-05-14,ACTIVE,15143.59,INR,Y,CORE_BANKING
ACC0004791,CRM000758,SALARY,BR001,2025-11-01,ACTIVE,133429.84,INR,Y,CORE_BANKING
ACC0004792,CRM003713,SAVINGS,BR007,2019-03-25,ACTIVE,11733.24,INR,N,CORE_BANKING
ACC0004793,CRM002545,SALARY,BR007,2022-01-24,ACTIVE,86374.41,INR,N,CORE_BANKING
ACC0004794,CRM003020,SAVINGS,BR003,2023-06-29,ACTIVE,41426.58,INR,Y,CORE_BANKING
ACC0004795,CRM002468,SAVINGS,BR010,2025-07-12,ACTIVE,18146.14,INR,N,CORE_BANKING
ACC0004796,CRM002985,CURRENT,BR008,2022-06-05,ACTIVE,67641.52,INR,N,CORE_BANKING
ACC0004797,CRM002969,SALARY,BR010,2023-07-26,ACTIVE,79789.35,INR,N,CORE_BANKING
ACC0004798,CRM003414,SAVINGS,BR005,2019-12-27,ACTIVE,104488.73,INR,Y,CORE_BANKING
ACC0004799,CRM003867,SALARY,BR003,2022-11-08,DORMANT,41307.73,INR,N,CORE_BANKING
ACC0004800,CRM002712,SALARY,BR010,2021-07-27,ACTIVE,12817.56,INR,N,CORE_BANKING
ACC0004801,CRM000219,SAVINGS,BR005,2021-10-04,ACTIVE,43958.56,INR,Y,CORE_BANKING
ACC0004802,CRM001333,SALARY,BR002,2026-03-03,ACTIVE,21453.28,INR,Y,CORE_BANKING
ACC0004803,CRM003597,SALARY,BR001,2017-12-08,ACTIVE,10218.53,INR,N,CORE_BANKING
ACC0004804,CRM002605,CURRENT,BR002,2019-07-09,ACTIVE,16457.03,INR,Y,CORE_BANKING
ACC0004805,CRM001098,CURRENT,BR007,2025-07-12,DORMANT,25681.03,INR,Y,CORE_BANKING
ACC0004806,CRM002411,SAVINGS,BR004,2023-07-29,ACTIVE,52193.56,INR,N,CORE_BANKING
ACC0004807,CRM003115,CURRENT,BR010,2025-04-15,DORMANT,18115.96,INR,N,CORE_BANKING
ACC0004808,CRM002849,SAVINGS,BR009,2018-06-01,ACTIVE,18870.32,INR,Y,CORE_BANKING
ACC0004809,CRM000281,SALARY,BR008,2023-02-07,ACTIVE,24990.08,INR,Y,CORE_BANKING
ACC0004810,CRM001349,SAVINGS,BR003,2024-04-19,ACTIVE,3831.9,INR,Y,CORE_BANKING
ACC0004811,CRM003286,CURRENT,BR009,2025-06-19,ACTIVE,26354.48,INR,Y,CORE_BANKING
ACC0004812,CRM003483,CURRENT,BR003,2025-04-19,ACTIVE,13084.09,INR,N,CORE_BANKING
ACC0004813,CRM003518,CURRENT,BR006,2020-07-20,ACTIVE,6509.19,INR,N,CORE_BANKING
ACC0004814,CRM000841,SALARY,BR006,2025-01-23,DORMANT,15393.48,INR,Y,CORE_BANKING
ACC0004815,CRM002721,SAVINGS,BR002,2020-09-02,ACTIVE,84790.97,INR,Y,CORE_BANKING
ACC0004816,CRM001031,SALARY,BR010,2018-08-18,ACTIVE,50883.5,INR,N,CORE_BANKING
ACC0004817,CRM000512,SAVINGS,BR005,2019-09-16,DORMANT,14824.27,INR,Y,CORE_BANKING
ACC0004818,CRM003224,SAVINGS,BR007,2023-05-22,ACTIVE,10291.85,INR,N,CORE_BANKING
ACC0004819,CRM000392,SALARY,BR005,2016-10-26,ACTIVE,85367.81,INR,N,CORE_BANKING
ACC0004820,CRM000411,CURRENT,BR001,2016-05-29,DORMANT,47538.76,INR,Y,CORE_BANKING
ACC0004821,CRM002183,SALARY,BR002,2022-09-22,ACTIVE,10636.72,INR,N,CORE_BANKING
ACC0004822,CRM001471,SALARY,BR003,2022-03-15,ACTIVE,45451.13,INR,N,CORE_BANKING
ACC0004823,CRM000355,SAVINGS,BR005,2024-07-05,ACTIVE,9904.01,INR,N,CORE_BANKING
ACC0004824,CRM002670,SAVINGS,BR002,2021-02-17,ACTIVE,435491.94,INR,N,CORE_BANKING
ACC0004825,CRM003420,SAVINGS,BR009,2018-11-11,ACTIVE,23585.04,INR,N,CORE_BANKING
ACC0004826,CRM003865,SAVINGS,BR006,2025-01-03,ACTIVE,18862.82,INR,Y,CORE_BANKING
ACC0004827,CRM000283,SAVINGS,BR004,2024-07-30,ACTIVE,36078.43,INR,N,CORE_BANKING
ACC0004828,CRM003807,SALARY,BR006,2018-01-27,DORMANT,14126.03,INR,Y,CORE_BANKING
ACC0004829,CRM000852,SALARY,BR005,2019-04-22,ACTIVE,54001.23,INR,N,CORE_BANKING
ACC0004830,CRM001232,SAVINGS,BR006,2024-01-16,DORMANT,57101.36,INR,N,CORE_BANKING
ACC0004831,CRM001352,SAVINGS,BR006,2018-07-26,ACTIVE,12426.55,INR,N,CORE_BANKING
ACC0004832,CRM000922,CURRENT,BR008,2025-06-21,ACTIVE,28481.93,INR,N,CORE_BANKING
ACC0004833,CRM002408,CURRENT,BR007,2024-10-09,ACTIVE,3065.87,INR,N,CORE_BANKING
ACC0004834,CRM000680,CURRENT,BR007,2025-06-09,ACTIVE,20205.18,INR,Y,CORE_BANKING
ACC0004835,CRM001147,SAVINGS,BR006,2022-11-08,ACTIVE,45941.19,INR,Y,CORE_BANKING
ACC0004836,CRM002199,SAVINGS,BR009,2019-05-20,ACTIVE,103818.89,INR,Y,CORE_BANKING
ACC0004837,CRM000266,CURRENT,BR007,2019-02-20,ACTIVE,55951.97,INR,N,CORE_BANKING
ACC0004838,CRM001251,SAVINGS,BR010,2020-05-10,ACTIVE,12964.44,INR,N,CORE_BANKING
ACC0004839,CRM001146,SAVINGS,BR007,2017-08-06,ACTIVE,64845.44,INR,N,CORE_BANKING
ACC0004840,CRM002606,SAVINGS,BR003,2025-08-15,DORMANT,19028.21,INR,Y,CORE_BANKING
ACC0004841,CRM001039,CURRENT,BR003,2019-02-11,ACTIVE,39443.46,INR,N,CORE_BANKING
ACC0004842,CRM001317,SALARY,BR002,2019-02-28,ACTIVE,53096.85,INR,Y,CORE_BANKING
ACC0004843,CRM003592,SALARY,BR002,2022-12-03,ACTIVE,7218.65,INR,N,CORE_BANKING
ACC0004844,CRM003453,SAVINGS,BR008,2023-03-02,ACTIVE,43688.23,INR,Y,CORE_BANKING
ACC0004845,CRM003434,SAVINGS,BR003,2017-03-04,ACTIVE,29615.57,INR,Y,CORE_BANKING
ACC0004846,CRM003812,CURRENT,BR009,2023-09-24,CLOSED,16962.03,INR,Y,CORE_BANKING
ACC0004847,CRM001812,SAVINGS,BR008,2017-05-23,ACTIVE,35709.12,INR,N,CORE_BANKING
ACC0004848,CRM003930,SALARY,BR008,2024-12-30,ACTIVE,22891.96,INR,N,CORE_BANKING
ACC0004849,CRM002306,SAVINGS,BR001,2016-01-23,ACTIVE,47880.58,INR,Y,CORE_BANKING
ACC0004850,CRM000855,SAVINGS,BR010,2017-06-18,ACTIVE,125792.62,INR,N,CORE_BANKING
ACC0004851,CRM000083,CURRENT,BR009,2017-04-18,ACTIVE,7486.53,INR,N,CORE_BANKING
ACC0004852,CRM002395,SALARY,BR003,2016-11-24,ACTIVE,110814.16,INR,Y,CORE_BANKING
ACC0004853,CRM000479,SAVINGS,BR002,2018-03-06,ACTIVE,12740.33,INR,Y,CORE_BANKING
ACC0004854,CRM002079,CURRENT,BR008,2017-05-18,ACTIVE,25968.36,INR,N,CORE_BANKING
ACC0004855,CRM003006,SALARY,BR006,2017-07-23,ACTIVE,6242.5,INR,Y,CORE_BANKING
ACC0004856,CRM001920,SAVINGS,BR010,2020-10-12,ACTIVE,3228.97,INR,Y,CORE_BANKING
ACC0004857,CRM001289,CURRENT,BR006,2025-11-27,ACTIVE,22208.69,INR,Y,CORE_BANKING
ACC0004858,CRM000653,SALARY,BR005,2023-07-26,ACTIVE,65240.03,INR,Y,CORE_BANKING
ACC0004859,CRM000238,SALARY,BR006,2018-01-11,ACTIVE,57583.87,INR,Y,CORE_BANKING
ACC0004860,CRM003387,SALARY,BR009,2024-03-02,ACTIVE,97146.95,INR,Y,CORE_BANKING
ACC0004861,CRM000614,SALARY,BR004,2016-07-24,ACTIVE,84907.48,INR,N,CORE_BANKING
ACC0004862,CRM003292,SAVINGS,BR003,2022-10-09,ACTIVE,6875.82,INR,N,CORE_BANKING
ACC0004863,CRM001649,SAVINGS,BR005,2019-11-25,ACTIVE,11323.46,INR,N,CORE_BANKING
ACC0004864,CRM003566,SAVINGS,BR006,2024-01-22,ACTIVE,17471.74,INR,Y,CORE_BANKING
ACC0004865,CRM001410,SALARY,BR004,2022-05-03,ACTIVE,15804.54,INR,Y,CORE_BANKING
ACC0004866,CRM002814,SALARY,BR002,2023-05-06,ACTIVE,62830.93,INR,N,CORE_BANKING
ACC0004867,CRM001666,SAVINGS,BR004,2016-12-31,ACTIVE,17105.21,INR,N,CORE_BANKING
ACC0004868,CRM003104,SALARY,BR009,2020-10-23,ACTIVE,29512.07,INR,N,CORE_BANKING
ACC0004869,CRM002280,SALARY,BR008,2025-01-26,ACTIVE,9078.8,INR,N,CORE_BANKING
ACC0004870,CRM000393,CURRENT,BR003,2022-06-18,CLOSED,188953.38,INR,Y,CORE_BANKING
ACC0004871,CRM000245,CURRENT,BR009,2017-12-09,ACTIVE,19000.0,INR,Y,CORE_BANKING
ACC0004872,CRM000021,SAVINGS,BR009,2022-01-05,ACTIVE,19095.83,INR,Y,CORE_BANKING
ACC0004873,CRM003866,CURRENT,BR003,2026-02-10,DORMANT,35497.63,INR,N,CORE_BANKING
ACC0004874,CRM003174,SALARY,BR003,2020-01-21,ACTIVE,41758.96,INR,Y,CORE_BANKING
ACC0004875,CRM001626,SALARY,BR006,2016-07-23,ACTIVE,24590.05,INR,N,CORE_BANKING
ACC0004876,CRM002584,SALARY,BR009,2024-03-27,ACTIVE,31592.47,INR,N,CORE_BANKING
ACC0004877,CRM001239,SAVINGS,BR008,2025-03-13,ACTIVE,9114.9,INR,Y,CORE_BANKING
ACC0004878,CRM003590,CURRENT,BR008,2025-12-20,ACTIVE,18799.99,INR,N,CORE_BANKING
ACC0004879,CRM003814,SALARY,BR009,2017-01-02,ACTIVE,19230.53,INR,Y,CORE_BANKING
ACC0004880,CRM003247,SAVINGS,BR008,2016-05-22,DORMANT,26945.42,INR,Y,CORE_BANKING
ACC0004881,CRM000224,SAVINGS,BR001,2025-01-04,ACTIVE,36354.01,INR,Y,CORE_BANKING
ACC0004882,CRM003584,SAVINGS,BR003,2021-12-28,ACTIVE,51298.1,INR,N,CORE_BANKING
ACC0004883,CRM000780,CURRENT,BR008,2016-09-07,ACTIVE,19264.64,INR,N,CORE_BANKING
ACC0004884,CRM001088,SAVINGS,BR001,2017-11-10,CLOSED,14311.53,INR,N,CORE_BANKING
ACC0004885,CRM000892,SALARY,BR010,2023-08-29,ACTIVE,16053.53,INR,Y,CORE_BANKING
ACC0004886,CRM000690,SALARY,BR009,2025-11-27,ACTIVE,25358.31,INR,N,CORE_BANKING
ACC0004887,CRM001344,SAVINGS,BR005,2020-05-28,ACTIVE,137713.87,INR,Y,CORE_BANKING
ACC0004888,CRM000144,SALARY,BR004,2022-10-14,ACTIVE,21889.74,INR,Y,CORE_BANKING
ACC0004889,CRM001072,CURRENT,BR004,2020-08-14,DORMANT,60801.12,INR,Y,CORE_BANKING
ACC0004890,CRM000576,SAVINGS,BR006,2024-06-18,ACTIVE,37167.14,INR,Y,CORE_BANKING
ACC0004891,CRM002672,SAVINGS,BR001,2020-03-31,ACTIVE,27565.57,INR,N,CORE_BANKING
ACC0004892,CRM003238,CURRENT,BR007,2020-01-18,ACTIVE,50354.81,INR,N,CORE_BANKING
ACC0004893,CRM002905,CURRENT,BR006,2017-02-10,ACTIVE,49517.75,INR,Y,CORE_BANKING
ACC0004894,CRM001519,SALARY,BR001,2025-01-31,ACTIVE,5665.97,INR,Y,CORE_BANKING
ACC0004895,CRM003746,SAVINGS,BR003,2026-04-01,ACTIVE,4856.57,INR,N,CORE_BANKING
ACC0004896,CRM000145,CURRENT,BR009,2021-05-01,ACTIVE,5716.33,INR,N,CORE_BANKING
ACC0004897,CRM003665,SALARY,BR006,2016-04-11,ACTIVE,20171.54,INR,Y,CORE_BANKING
ACC0004898,CRM000600,SALARY,BR005,2019-04-16,ACTIVE,3574.11,INR,N,CORE_BANKING
ACC0004899,CRM001645,CURRENT,BR003,2020-09-18,ACTIVE,106321.64,INR,N,CORE_BANKING
ACC0004900,CRM003878,SAVINGS,BR001,2020-04-15,ACTIVE,437612.08,INR,N,CORE_BANKING
ACC0004901,CRM003449,SAVINGS,BR008,2019-09-04,ACTIVE,16958.0,INR,N,CORE_BANKING
ACC0004902,CRM002365,SALARY,BR006,2022-09-18,CLOSED,31835.1,INR,N,CORE_BANKING
ACC0004903,CRM002133,CURRENT,BR007,2021-10-13,ACTIVE,90085.78,INR,Y,CORE_BANKING
ACC0004904,CRM003522,SAVINGS,BR009,2022-06-24,CLOSED,35711.75,INR,N,CORE_BANKING
ACC0004905,CRM001825,SAVINGS,BR002,2018-08-09,ACTIVE,6371.46,INR,Y,CORE_BANKING
ACC0004906,CRM003914,SALARY,BR005,2022-11-27,DORMANT,12476.68,INR,Y,CORE_BANKING
ACC0004907,CRM003821,CURRENT,BR002,2019-05-21,ACTIVE,66397.94,INR,Y,CORE_BANKING
ACC0004908,CRM000519,SAVINGS,BR008,2021-03-26,CLOSED,11267.42,INR,N,CORE_BANKING
ACC0004909,CRM002324,SAVINGS,BR004,2025-04-22,ACTIVE,5390.33,INR,Y,CORE_BANKING
ACC0004910,CRM001819,CURRENT,BR001,2019-05-26,ACTIVE,150273.81,INR,Y,CORE_BANKING
ACC0004911,CRM001799,SAVINGS,BR001,2019-01-01,DORMANT,7317.85,INR,Y,CORE_BANKING
ACC0004912,CRM001370,CURRENT,BR010,2020-01-30,ACTIVE,6070.43,INR,Y,CORE_BANKING
ACC0004913,CRM002584,CURRENT,BR009,2024-01-20,ACTIVE,89741.77,INR,N,CORE_BANKING
ACC0004914,CRM000516,SAVINGS,BR009,2022-07-09,CLOSED,25099.96,INR,Y,CORE_BANKING
ACC0004915,CRM003267,SALARY,BR007,2021-01-21,ACTIVE,32197.4,INR,N,CORE_BANKING
ACC0004916,CRM000128,CURRENT,BR004,2026-01-30,CLOSED,7550.01,INR,Y,CORE_BANKING
ACC0004917,CRM001716,CURRENT,BR003,2019-10-10,ACTIVE,27715.9,INR,Y,CORE_BANKING
ACC0004918,CRM003306,SALARY,BR007,2020-07-22,ACTIVE,43107.95,INR,Y,CORE_BANKING
ACC0004919,CRM003890,CURRENT,BR005,2017-12-12,ACTIVE,14612.6,INR,Y,CORE_BANKING
ACC0004920,CRM002489,CURRENT,BR004,2017-10-10,ACTIVE,139145.97,INR,N,CORE_BANKING
ACC0004921,CRM003461,SAVINGS,BR008,2022-02-16,DORMANT,11876.45,INR,N,CORE_BANKING
ACC0004922,CRM001920,SAVINGS,BR001,2023-08-04,ACTIVE,160727.52,INR,N,CORE_BANKING
ACC0004923,CRM002323,SAVINGS,BR010,2016-03-26,ACTIVE,81892.74,INR,Y,CORE_BANKING
ACC0004924,CRM002869,SAVINGS,BR010,2018-09-28,ACTIVE,13112.39,INR,Y,CORE_BANKING
ACC0004925,CRM000197,CURRENT,BR008,2020-04-09,ACTIVE,56657.97,INR,N,CORE_BANKING
ACC0004926,CRM002440,SAVINGS,BR009,2021-03-29,ACTIVE,38047.29,INR,N,CORE_BANKING
ACC0004927,CRM003363,SALARY,BR005,2025-08-10,ACTIVE,45120.62,INR,N,CORE_BANKING
ACC0004928,CRM001916,CURRENT,BR009,2018-05-21,ACTIVE,38698.84,INR,N,CORE_BANKING
ACC0004929,CRM003241,SAVINGS,BR007,2025-04-21,ACTIVE,203146.24,INR,Y,CORE_BANKING
ACC0004930,CRM003994,SALARY,BR010,2016-07-04,DORMANT,24330.59,INR,N,CORE_BANKING
ACC0004931,CRM001416,CURRENT,BR005,2021-05-11,ACTIVE,13993.53,INR,Y,CORE_BANKING
ACC0004932,CRM002121,SAVINGS,BR010,2022-01-06,ACTIVE,5466.43,INR,Y,CORE_BANKING
ACC0004933,CRM000669,SAVINGS,BR003,2023-02-07,ACTIVE,6031.55,INR,Y,CORE_BANKING
ACC0004934,CRM003128,SAVINGS,BR004,2026-01-24,ACTIVE,7761.44,INR,Y,CORE_BANKING
ACC0004935,CRM002222,SALARY,BR006,2020-06-17,ACTIVE,27433.47,INR,N,CORE_BANKING
ACC0004936,CRM001170,SAVINGS,BR004,2017-08-04,ACTIVE,13282.42,INR,Y,CORE_BANKING
ACC0004937,CRM002582,SAVINGS,BR003,2016-10-08,ACTIVE,121390.09,INR,Y,CORE_BANKING
ACC0004938,CRM002512,SALARY,BR002,2025-11-28,ACTIVE,2869.92,INR,N,CORE_BANKING
ACC0004939,CRM002060,SAVINGS,BR001,2025-07-08,ACTIVE,44215.88,INR,Y,CORE_BANKING
ACC0004940,CRM002468,SAVINGS,BR006,2020-09-07,ACTIVE,98934.38,INR,Y,CORE_BANKING
ACC0004941,CRM003845,SALARY,BR008,2026-04-24,ACTIVE,101560.12,INR,Y,CORE_BANKING
ACC0004942,CRM002828,SALARY,BR001,2019-11-01,ACTIVE,100078.35,INR,Y,CORE_BANKING
ACC0004943,CRM003203,SALARY,BR010,2016-08-17,ACTIVE,7557.95,INR,Y,CORE_BANKING
ACC0004944,CRM002119,CURRENT,BR010,2022-07-28,ACTIVE,6920.86,INR,N,CORE_BANKING
ACC0004945,CRM001734,SAVINGS,BR007,2024-09-08,ACTIVE,2577.65,INR,Y,CORE_BANKING
ACC0004946,CRM001726,SALARY,BR004,2020-11-20,ACTIVE,33902.37,INR,Y,CORE_BANKING
ACC0004947,CRM002224,SAVINGS,BR010,2022-02-02,ACTIVE,38075.7,INR,Y,CORE_BANKING
ACC0004948,CRM001429,SALARY,BR002,2023-08-24,ACTIVE,9192.49,INR,N,CORE_BANKING
ACC0004949,CRM002433,CURRENT,BR002,2016-08-01,DORMANT,35515.17,INR,Y,CORE_BANKING
ACC0004950,CRM000529,SAVINGS,BR010,2018-12-25,ACTIVE,8970.27,INR,N,CORE_BANKING
ACC0004951,CRM001607,SALARY,BR008,2017-07-31,ACTIVE,94409.79,INR,N,CORE_BANKING
ACC0004952,CRM000207,SAVINGS,BR005,2021-05-23,DORMANT,158944.96,INR,Y,CORE_BANKING
ACC0004953,CRM003379,CURRENT,BR007,2023-09-27,ACTIVE,20327.53,INR,N,CORE_BANKING
ACC0004954,CRM003928,SAVINGS,BR002,2024-06-21,DORMANT,39295.7,INR,Y,CORE_BANKING
ACC0004955,CRM002923,SAVINGS,BR009,2023-03-05,ACTIVE,52544.96,INR,Y,CORE_BANKING
ACC0004956,CRM002141,SALARY,BR008,2020-11-15,ACTIVE,35033.78,INR,N,CORE_BANKING
ACC0004957,CRM001138,CURRENT,BR006,2021-08-24,ACTIVE,16011.38,INR,N,CORE_BANKING
ACC0004958,CRM000798,CURRENT,BR010,2020-09-19,DORMANT,17155.91,INR,N,CORE_BANKING
ACC0004959,CRM003311,SAVINGS,BR005,2019-08-16,CLOSED,77174.76,INR,Y,CORE_BANKING
ACC0004960,CRM000813,SAVINGS,BR003,2024-11-17,ACTIVE,49923.88,INR,N,CORE_BANKING
ACC0004961,CRM002026,SAVINGS,BR009,2021-07-07,ACTIVE,22400.32,INR,Y,CORE_BANKING
ACC0004962,CRM002773,SAVINGS,BR010,2021-12-11,ACTIVE,240546.44,INR,Y,CORE_BANKING
ACC0004963,CRM002841,SALARY,BR006,2016-01-29,ACTIVE,9276.45,INR,N,CORE_BANKING
ACC0004964,CRM000225,CURRENT,BR008,2026-05-09,ACTIVE,4266.99,INR,N,CORE_BANKING
ACC0004965,CRM003308,SAVINGS,BR008,2017-04-14,ACTIVE,34295.25,INR,Y,CORE_BANKING
ACC0004966,CRM003780,SALARY,BR003,2025-02-23,ACTIVE,45812.79,INR,Y,CORE_BANKING
ACC0004967,CRM000939,CURRENT,BR008,2018-10-13,ACTIVE,70592.59,INR,Y,CORE_BANKING
ACC0004968,CRM002359,SALARY,BR006,2016-07-31,ACTIVE,65750.64,INR,Y,CORE_BANKING
ACC0004969,CRM003180,SALARY,BR005,2025-05-08,ACTIVE,11277.12,INR,Y,CORE_BANKING
ACC0004970,CRM003353,SAVINGS,BR010,2021-06-03,ACTIVE,21221.97,INR,N,CORE_BANKING
ACC0004971,CRM000025,SAVINGS,BR005,2019-01-09,ACTIVE,5871.37,INR,Y,CORE_BANKING
ACC0004972,CRM003389,SALARY,BR006,2021-03-19,ACTIVE,10332.44,INR,Y,CORE_BANKING
ACC0004973,CRM002307,CURRENT,BR006,2020-08-20,ACTIVE,92612.12,INR,Y,CORE_BANKING
ACC0004974,CRM002179,SAVINGS,BR004,2025-05-19,ACTIVE,6053.45,INR,N,CORE_BANKING
ACC0004975,CRM000181,SAVINGS,BR009,2018-07-06,ACTIVE,34051.74,INR,Y,CORE_BANKING
ACC0004976,CRM003292,CURRENT,BR006,2023-09-02,ACTIVE,63010.38,INR,Y,CORE_BANKING
ACC0004977,CRM000739,CURRENT,BR005,2024-10-23,ACTIVE,37831.7,INR,Y,CORE_BANKING
ACC0004978,CRM002949,SALARY,BR005,2024-02-02,ACTIVE,9792.65,INR,N,CORE_BANKING
ACC0004979,CRM002504,SALARY,BR002,2024-03-13,ACTIVE,6975.02,INR,N,CORE_BANKING
ACC0004980,CRM003843,SAVINGS,BR009,2019-04-09,ACTIVE,54166.36,INR,N,CORE_BANKING
ACC0004981,CRM000134,CURRENT,BR004,2018-09-20,ACTIVE,20694.04,INR,Y,CORE_BANKING
ACC0004982,CRM003915,SAVINGS,BR001,2018-02-12,ACTIVE,34688.6,INR,N,CORE_BANKING
ACC0004983,CRM001795,SALARY,BR009,2019-05-17,ACTIVE,41766.75,INR,N,CORE_BANKING
ACC0004984,CRM001763,SALARY,BR005,2020-05-26,ACTIVE,6692.38,INR,N,CORE_BANKING
ACC0004985,CRM003175,SALARY,BR005,2023-09-20,ACTIVE,15993.83,INR,Y,CORE_BANKING
ACC0004986,CRM001277,SALARY,BR010,2023-04-05,ACTIVE,4559.07,INR,Y,CORE_BANKING
ACC0004987,CRM000052,SALARY,BR003,2016-08-25,ACTIVE,80661.86,INR,Y,CORE_BANKING
ACC0004988,CRM003054,SALARY,BR009,2017-06-28,DORMANT,6958.01,INR,N,CORE_BANKING
ACC0004989,CRM000629,SAVINGS,BR005,2018-09-02,ACTIVE,109240.9,INR,Y,CORE_BANKING
ACC0004990,CRM002041,CURRENT,BR006,2018-01-15,ACTIVE,36902.53,INR,N,CORE_BANKING
ACC0004991,CRM001137,SALARY,BR003,2021-01-05,ACTIVE,55323.35,INR,N,CORE_BANKING
ACC0004992,CRM000680,CURRENT,BR003,2018-11-15,ACTIVE,6766.24,INR,N,CORE_BANKING
ACC0004993,CRM000049,SAVINGS,BR001,2019-03-27,ACTIVE,30446.82,INR,N,CORE_BANKING
ACC0004994,CRM002649,SALARY,BR010,2024-10-06,ACTIVE,6392.23,INR,N,CORE_BANKING
ACC0004995,CRM002007,CURRENT,BR008,2016-02-10,ACTIVE,12112.2,INR,Y,CORE_BANKING
ACC0004996,CRM001379,CURRENT,BR001,2018-08-22,ACTIVE,74752.87,INR,Y,CORE_BANKING
ACC0004997,CRM003462,SAVINGS,BR006,2025-02-17,DORMANT,25704.61,INR,Y,CORE_BANKING
ACC0004998,CRM001086,SALARY,BR007,2025-01-15,ACTIVE,22809.5,INR,Y,CORE_BANKING
ACC0004999,CRM001394,SAVINGS,BR007,2024-07-22,ACTIVE,23108.33,INR,N,CORE_BANKING
ACC0005000,CRM000585,CURRENT,BR002,2024-10-27,ACTIVE,75614.0,INR,Y,CORE_BANKING
