crm_customer_id,full_name,date_of_birth,email,phone,pan_number,city,state,kyc_status,risk_segment,source_system
CRM000001,Demo Customer 0001,1971-01-01,customer0001@example.invalid,0000000001,DEMO000001,Gurugram,Haryana,VERIFIED,LOW,CRM
CRM000002,Demo Customer 0002,1972-01-01,customer0002@example.invalid,0000000002,DEMO000002,Pune,Maharashtra,PENDING,LOW,CRM
CRM000003,Demo Customer 0003,1973-01-01,customer0003@example.invalid,0000000003,DEMO000003,Nagpur,Maharashtra,VERIFIED,LOW,CRM
CRM000004,Demo Customer 0004,1974-01-01,customer0004@example.invalid,0000000004,DEMO000004,Delhi,Delhi,VERIFIED,LOW,CRM
CRM000005,Demo Customer 0005,1975-01-01,customer0005@example.invalid,0000000005,DEMO000005,Chennai,Tamil Nadu,VERIFIED,LOW,CRM
CRM000006,Demo Customer 0006,1976-01-01,customer0006@example.invalid,0000000006,DEMO000006,Nagpur,Maharashtra,VERIFIED,LOW,CRM
CRM000007,Demo Customer 0007,1977-01-01,customer0007@example.invalid,0000000007,DEMO000007,Gurugram,Haryana,VERIFIED,LOW,CRM
CRM000008,Demo Customer 0008,1978-01-01,customer0008@example.invalid,0000000008,DEMO000008,Pune,Maharashtra,VERIFIED,MEDIUM,CRM
CRM000009,Demo Customer 0009,1979-01-01,customer0009@example.invalid,0000000009,DEMO000009,Delhi,Delhi,VERIFIED,LOW,CRM
CRM000010,Demo Customer 0010,1980-01-01,customer0010@example.invalid,0000000010,DEMO000010,Chennai,Tamil Nadu,VERIFIED,LOW,CRM
CRM000011,Demo Customer 0011,1981-01-01,customer0011@example.invalid,0000000011,DEMO000011,Pune,Maharashtra,REJECTED,LOW,CRM
CRM000012,Demo Customer 0012,1982-01-01,customer0012@example.invalid,0000000012,DEMO000012,Gurugram,Haryana,VERIFIED,LOW,CRM
CRM000013,Demo Customer 0013,1983-01-01,customer0013@example.invalid,0000000013,DEMO000013,Delhi,Delhi,VERIFIED,MEDIUM,CRM
CRM000014,Demo Customer 0014,1984-01-01,customer0014@example.invalid,0000000014,DEMO000014,Nagpur,Maharashtra,VERIFIED,MEDIUM,CRM
CRM000015,Demo Customer 0015,1985-01-01,customer0015@example.invalid,0000000015,DEMO000015,Delhi,Delhi,REJECTED,LOW,CRM
CRM000016,Demo Customer 0016,1986-01-01,customer0016@example.invalid,0000000016,DEMO000016,Gurugram,Haryana,VERIFIED,LOW,CRM
CRM000017,Demo Customer 0017,1987-01-01,customer0017@example.invalid,0000000017,DEMO000017,Bengaluru,Karnataka,VERIFIED,LOW,CRM
CRM000018,Demo Customer 0018,1988-01-01,customer0018@example.invalid,0000000018,DEMO000018,Delhi,Delhi,PENDING,LOW,CRM
CRM000019,Demo Customer 0019,1989-01-01,customer0019@example.invalid,0000000019,DEMO000019,Hyderabad,Telangana,PENDING,LOW,CRM
CRM000020,Demo Customer 0020,1990-01-01,customer0020@example.invalid,0000000020,DEMO000020,Kolkata,West Bengal,VERIFIED,LOW,CRM
CRM000021,Demo Customer 0021,1991-01-01,customer0021@example.invalid,0000000021,DEMO000021,Chennai,Tamil Nadu,VERIFIED,LOW,CRM
CRM000022,Demo Customer 0022,1992-01-01,customer0022@example.invalid,0000000022,DEMO000022,Bengaluru,Karnataka,VERIFIED,HIGH,CRM
CRM000023,Demo Customer 0023,1993-01-01,customer0023@example.invalid,0000000023,DEMO000023,Pune,Maharashtra,VERIFIED,HIGH,CRM
CRM000024,Demo Customer 0024,1994-01-01,customer0024@example.invalid,0000000024,DEMO000024,Gurugram,Haryana,VERIFIED,LOW,CRM
CRM000025,Demo Customer 0025,1995-01-01,customer0025@example.invalid,0000000025,DEMO000025,Hyderabad,Telangana,PENDING,LOW,CRM
CRM000026,Demo Customer 0026,1996-01-01,customer0026@example.invalid,0000000026,DEMO000026,Ahmedabad,Gujarat,VERIFIED,LOW,CRM
CRM000027,Demo Customer 0027,1997-01-01,customer0027@example.invalid,0000000027,DEMO000027,Hyderabad,Telangana,VERIFIED,HIGH,CRM
CRM000028,Demo Customer 0028,1998-01-01,customer0028@example.invalid,0000000028,DEMO000028,Gurugram,Haryana,PENDING,LOW,CRM
CRM000029,Demo Customer 0029,1999-01-01,customer0029@example.invalid,0000000029,DEMO000029,Chennai,Tamil Nadu,VERIFIED,MEDIUM,CRM
CRM000030,Demo Customer 0030,1970-01-01,customer0030@example.invalid,0000000030,DEMO000030,Gurugram,Haryana,VERIFIED,LOW,CRM
CRM000031,Demo Customer 0031,1971-01-01,customer0031@example.invalid,0000000031,DEMO000031,Pune,Maharashtra,VERIFIED,LOW,CRM
CRM000032,Demo Customer 0032,1972-01-01,customer0032@example.invalid,0000000032,DEMO000032,Mumbai,Maharashtra,VERIFIED,LOW,CRM
CRM000033,Demo Customer 0033,1973-01-01,customer0033@example.invalid,0000000033,DEMO000033,Pune,Maharashtra,VERIFIED,MEDIUM,CRM
CRM000034,Demo Customer 0034,1974-01-01,customer0034@example.invalid,0000000034,DEMO000034,Mumbai,Maharashtra,PENDING,LOW,CRM
CRM000035,Demo Customer 0035,1975-01-01,customer0035@example.invalid,0000000035,DEMO000035,Kolkata,West Bengal,VERIFIED,LOW,CRM
CRM000036,Demo Customer 0036,1976-01-01,customer0036@example.invalid,0000000036,DEMO000036,Nagpur,Maharashtra,PENDING,MEDIUM,CRM
CRM000037,Demo Customer 0037,1977-01-01,customer0037@example.invalid,0000000037,DEMO000037,Chennai,Tamil Nadu,VERIFIED,LOW,CRM
CRM000038,Demo Customer 0038,1978-01-01,customer0038@example.invalid,0000000038,DEMO000038,Nagpur,Maharashtra,VERIFIED,MEDIUM,CRM
CRM000039,Demo Customer 0039,1979-01-01,customer0039@example.invalid,0000000039,DEMO000039,Chennai,Tamil Nadu,VERIFIED,LOW,CRM
CRM000040,Demo Customer 0040,1980-01-01,customer0040@example.invalid,0000000040,DEMO000040,Pune,Maharashtra,VERIFIED,MEDIUM,CRM
CRM000041,Demo Customer 0041,1981-01-01,customer0041@example.invalid,0000000041,DEMO000041,Pune,Maharashtra,VERIFIED,MEDIUM,CRM
CRM000042,Demo Customer 0042,1982-01-01,customer0042@example.invalid,0000000042,DEMO000042,Ahmedabad,Gujarat,VERIFIED,LOW,CRM
CRM000043,Demo Customer 0043,1983-01-01,customer0043@example.invalid,0000000043,DEMO000043,Ahmedabad,Gujarat,VERIFIED,LOW,CRM
CRM000044,Demo Customer 0044,1984-01-01,customer0044@example.invalid,0000000044,DEMO000044,Nagpur,Maharashtra,VERIFIED,LOW,CRM
CRM000045,Demo Customer 0045,1985-01-01,customer0045@example.invalid,0000000045,DEMO000045,Gurugram,Haryana,VERIFIED,LOW,CRM
CRM000046,Demo Customer 0046,1986-01-01,customer0046@example.invalid,0000000046,DEMO000046,Pune,Maharashtra,VERIFIED,MEDIUM,CRM
CRM000047,Demo Customer 0047,1987-01-01,customer0047@example.invalid,0000000047,DEMO000047,Pune,Maharashtra,VERIFIED,MEDIUM,CRM
CRM000048,Demo Customer 0048,1988-01-01,customer0048@example.invalid,0000000048,DEMO000048,Ahmedabad,Gujarat,VERIFIED,LOW,CRM
CRM000049,Demo Customer 0049,1989-01-01,customer0049@example.invalid,0000000049,DEMO000049,Bengaluru,Karnataka,VERIFIED,LOW,CRM
CRM000050,Demo Customer 0050,1990-01-01,customer0050@example.invalid,0000000050,DEMO000050,Ahmedabad,Gujarat,VERIFIED,LOW,CRM
CRM000051,Demo Customer 0051,1991-01-01,customer0051@example.invalid,0000000051,DEMO000051,Delhi,Delhi,PENDING,LOW,CRM
CRM000052,Demo Customer 0052,1992-01-01,customer0052@example.invalid,0000000052,DEMO000052,Hyderabad,Telangana,VERIFIED,LOW,CRM
CRM000053,Demo Customer 0053,1993-01-01,customer0053@example.invalid,0000000053,DEMO000053,Chennai,Tamil Nadu,PENDING,LOW,CRM
CRM000054,Demo Customer 0054,1994-01-01,customer0054@example.invalid,0000000054,DEMO000054,Ahmedabad,Gujarat,VERIFIED,LOW,CRM
CRM000055,Demo Customer 0055,1995-01-01,customer0055@example.invalid,0000000055,DEMO000055,Nagpur,Maharashtra,VERIFIED,LOW,CRM
CRM000056,Demo Customer 0056,1996-01-01,customer0056@example.invalid,0000000056,DEMO000056,Ahmedabad,Gujarat,REJECTED,LOW,CRM
CRM000057,Demo Customer 0057,1997-01-01,customer0057@example.invalid,0000000057,DEMO000057,Kolkata,West Bengal,VERIFIED,LOW,CRM
CRM000058,Demo Customer 0058,1998-01-01,customer0058@example.invalid,0000000058,DEMO000058,Gurugram,Haryana,PENDING,MEDIUM,CRM
CRM000059,Demo Customer 0059,1999-01-01,customer0059@example.invalid,0000000059,DEMO000059,Nagpur,Maharashtra,VERIFIED,LOW,CRM
CRM000060,Demo Customer 0060,1970-01-01,customer0060@example.invalid,0000000060,DEMO000060,Chennai,Tamil Nadu,VERIFIED,LOW,CRM
CRM000061,Demo Customer 0061,1971-01-01,customer0061@example.invalid,0000000061,DEMO000061,Hyderabad,Telangana,VERIFIED,LOW,CRM
CRM000062,Demo Customer 0062,1972-01-01,customer0062@example.invalid,0000000062,DEMO000062,Bengaluru,Karnataka,VERIFIED,LOW,CRM
CRM000063,Demo Customer 0063,1973-01-01,customer0063@example.invalid,0000000063,DEMO000063,Bengaluru,Karnataka,VERIFIED,LOW,CRM
CRM000064,Demo Customer 0064,1974-01-01,customer0064@example.invalid,0000000064,DEMO000064,Gurugram,Haryana,VERIFIED,LOW,CRM
CRM000065,Demo Customer 0065,1975-01-01,customer0065@example.invalid,0000000065,DEMO000065,Delhi,Delhi,VERIFIED,LOW,CRM
CRM000066,Demo Customer 0066,1976-01-01,customer0066@example.invalid,0000000066,DEMO000066,Ahmedabad,Gujarat,VERIFIED,MEDIUM,CRM
CRM000067,Demo Customer 0067,1977-01-01,customer0067@example.invalid,0000000067,DEMO000067,Pune,Maharashtra,VERIFIED,MEDIUM,CRM
CRM000068,Demo Customer 0068,1978-01-01,customer0068@example.invalid,0000000068,DEMO000068,Kolkata,West Bengal,VERIFIED,LOW,CRM
CRM000069,Demo Customer 0069,1979-01-01,customer0069@example.invalid,0000000069,DEMO000069,Ahmedabad,Gujarat,VERIFIED,MEDIUM,CRM
CRM000070,Demo Customer 0070,1980-01-01,customer0070@example.invalid,0000000070,DEMO000070,Chennai,Tamil Nadu,VERIFIED,LOW,CRM
CRM000071,Demo Customer 0071,1981-01-01,customer0071@example.invalid,0000000071,DEMO000071,Delhi,Delhi,VERIFIED,LOW,CRM
CRM000072,Demo Customer 0072,1982-01-01,customer0072@example.invalid,0000000072,DEMO000072,Hyderabad,Telangana,VERIFIED,LOW,CRM
CRM000073,Demo Customer 0073,1983-01-01,customer0073@example.invalid,0000000073,DEMO000073,Ahmedabad,Gujarat,VERIFIED,MEDIUM,CRM
CRM000074,Demo Customer 0074,1984-01-01,customer0074@example.invalid,0000000074,DEMO000074,Pune,Maharashtra,VERIFIED,MEDIUM,CRM
CRM000075,Demo Customer 0075,1985-01-01,customer0075@example.invalid,0000000075,DEMO000075,Chennai,Tamil Nadu,VERIFIED,MEDIUM,CRM
CRM000076,Demo Customer 0076,1986-01-01,customer0076@example.invalid,0000000076,DEMO000076,Chennai,Tamil Nadu,PENDING,MEDIUM,CRM
CRM000077,Demo Customer 0077,1987-01-01,customer0077@example.invalid,0000000077,DEMO000077,Gurugram,Haryana,VERIFIED,MEDIUM,CRM
CRM000078,Demo Customer 0078,1988-01-01,customer0078@example.invalid,0000000078,DEMO000078,Nagpur,Maharashtra,REJECTED,LOW,CRM
CRM000079,Demo Customer 0079,1989-01-01,customer0079@example.invalid,0000000079,DEMO000079,Gurugram,Haryana,VERIFIED,LOW,CRM
CRM000080,Demo Customer 0080,1990-01-01,customer0080@example.invalid,0000000080,DEMO000080,Ahmedabad,Gujarat,VERIFIED,LOW,CRM
CRM000081,Demo Customer 0081,1991-01-01,customer0081@example.invalid,0000000081,DEMO000081,Hyderabad,Telangana,VERIFIED,MEDIUM,CRM
CRM000082,Demo Customer 0082,1992-01-01,customer0082@example.invalid,0000000082,DEMO000082,Kolkata,West Bengal,VERIFIED,LOW,CRM
CRM000083,Demo Customer 0083,1993-01-01,customer0083@example.invalid,0000000083,DEMO000083,Mumbai,Maharashtra,VERIFIED,MEDIUM,CRM
CRM000084,Demo Customer 0084,1994-01-01,customer0084@example.invalid,0000000084,DEMO000084,Pune,Maharashtra,VERIFIED,HIGH,CRM
CRM000085,Demo Customer 0085,1995-01-01,customer0085@example.invalid,0000000085,DEMO000085,Hyderabad,Telangana,VERIFIED,LOW,CRM
CRM000086,Demo Customer 0086,1996-01-01,customer0086@example.invalid,0000000086,DEMO000086,Gurugram,Haryana,VERIFIED,LOW,CRM
CRM000087,Demo Customer 0087,1997-01-01,customer0087@example.invalid,0000000087,DEMO000087,Gurugram,Haryana,VERIFIED,MEDIUM,CRM
CRM000088,Demo Customer 0088,1998-01-01,customer0088@example.invalid,0000000088,DEMO000088,Chennai,Tamil Nadu,VERIFIED,MEDIUM,CRM
CRM000089,Demo Customer 0089,1999-01-01,customer0089@example.invalid,0000000089,DEMO000089,Chennai,Tamil Nadu,VERIFIED,LOW,CRM
CRM000090,Demo Customer 0090,1970-01-01,customer0090@example.invalid,0000000090,DEMO000090,Nagpur,Maharashtra,VERIFIED,LOW,CRM
CRM000091,Demo Customer 0091,1971-01-01,customer0091@example.invalid,0000000091,DEMO000091,Chennai,Tamil Nadu,VERIFIED,HIGH,CRM
CRM000092,Demo Customer 0092,1972-01-01,customer0092@example.invalid,0000000092,DEMO000092,Delhi,Delhi,PENDING,LOW,CRM
CRM000093,Demo Customer 0093,1973-01-01,customer0093@example.invalid,0000000093,DEMO000093,Gurugram,Haryana,VERIFIED,MEDIUM,CRM
CRM000094,Demo Customer 0094,1974-01-01,customer0094@example.invalid,0000000094,DEMO000094,Kolkata,West Bengal,VERIFIED,LOW,CRM
CRM000095,Demo Customer 0095,1975-01-01,customer0095@example.invalid,0000000095,DEMO000095,Pune,Maharashtra,VERIFIED,MEDIUM,CRM
CRM000096,Demo Customer 0096,1976-01-01,customer0096@example.invalid,0000000096,DEMO000096,Hyderabad,Telangana,VERIFIED,LOW,CRM
CRM000097,Demo Customer 0097,1977-01-01,customer0097@example.invalid,0000000097,DEMO000097,Gurugram,Haryana,PENDING,MEDIUM,CRM
CRM000098,Demo Customer 0098,1978-01-01,customer0098@example.invalid,0000000098,DEMO000098,Gurugram,Haryana,VERIFIED,LOW,CRM
CRM000099,Demo Customer 0099,1979-01-01,customer0099@example.invalid,0000000099,DEMO000099,Pune,Maharashtra,VERIFIED,LOW,CRM
CRM000100,Demo Customer 0100,1980-01-01,customer0100@example.invalid,0000000100,DEMO000100,Pune,Maharashtra,VERIFIED,LOW,CRM
CRM000101,Demo Customer 0101,1981-01-01,customer0101@example.invalid,0000000101,DEMO000101,Chennai,Tamil Nadu,VERIFIED,LOW,CRM
CRM000102,Demo Customer 0102,1982-01-01,customer0102@example.invalid,0000000102,DEMO000102,Mumbai,Maharashtra,VERIFIED,LOW,CRM
CRM000103,Demo Customer 0103,1983-01-01,customer0103@example.invalid,0000000103,DEMO000103,Bengaluru,Karnataka,PENDING,LOW,CRM
CRM000104,Demo Customer 0104,1984-01-01,customer0104@example.invalid,0000000104,DEMO000104,Gurugram,Haryana,VERIFIED,LOW,CRM
CRM000105,Demo Customer 0105,1985-01-01,customer0105@example.invalid,0000000105,DEMO000105,Ahmedabad,Gujarat,VERIFIED,MEDIUM,CRM
CRM000106,Demo Customer 0106,1986-01-01,customer0106@example.invalid,0000000106,DEMO000106,Delhi,Delhi,VERIFIED,LOW,CRM
CRM000107,Demo Customer 0107,1987-01-01,customer0107@example.invalid,0000000107,DEMO000107,Gurugram,Haryana,VERIFIED,LOW,CRM
CRM000108,Demo Customer 0108,1988-01-01,customer0108@example.invalid,0000000108,DEMO000108,Pune,Maharashtra,VERIFIED,LOW,CRM
CRM000109,Demo Customer 0109,1989-01-01,customer0109@example.invalid,0000000109,DEMO000109,Chennai,Tamil Nadu,VERIFIED,LOW,CRM
CRM000110,Demo Customer 0110,1990-01-01,customer0110@example.invalid,0000000110,DEMO000110,Pune,Maharashtra,REJECTED,LOW,CRM
CRM000111,Demo Customer 0111,1991-01-01,customer0111@example.invalid,0000000111,DEMO000111,Mumbai,Maharashtra,VERIFIED,MEDIUM,CRM
CRM000112,Demo Customer 0112,1992-01-01,customer0112@example.invalid,0000000112,DEMO000112,Gurugram,Haryana,VERIFIED,LOW,CRM
CRM000113,Demo Customer 0113,1993-01-01,customer0113@example.invalid,0000000113,DEMO000113,Mumbai,Maharashtra,VERIFIED,LOW,CRM
CRM000114,Demo Customer 0114,1994-01-01,customer0114@example.invalid,0000000114,DEMO000114,Hyderabad,Telangana,VERIFIED,MEDIUM,CRM
CRM000115,Demo Customer 0115,1995-01-01,customer0115@example.invalid,0000000115,DEMO000115,Mumbai,Maharashtra,VERIFIED,LOW,CRM
CRM000116,Demo Customer 0116,1996-01-01,customer0116@example.invalid,0000000116,DEMO000116,Nagpur,Maharashtra,VERIFIED,LOW,CRM
CRM000117,Demo Customer 0117,1997-01-01,customer0117@example.invalid,0000000117,DEMO000117,Chennai,Tamil Nadu,PENDING,LOW,CRM
CRM000118,Demo Customer 0118,1998-01-01,customer0118@example.invalid,0000000118,DEMO000118,Pune,Maharashtra,VERIFIED,LOW,CRM
CRM000119,Demo Customer 0119,1999-01-01,customer0119@example.invalid,0000000119,DEMO000119,Gurugram,Haryana,VERIFIED,LOW,CRM
CRM000120,Demo Customer 0120,1970-01-01,customer0120@example.invalid,0000000120,DEMO000120,Ahmedabad,Gujarat,PENDING,HIGH,CRM
CRM000121,Demo Customer 0121,1971-01-01,customer0121@example.invalid,0000000121,DEMO000121,Hyderabad,Telangana,VERIFIED,LOW,CRM
CRM000122,Demo Customer 0122,1972-01-01,customer0122@example.invalid,0000000122,DEMO000122,Bengaluru,Karnataka,REJECTED,MEDIUM,CRM
CRM000123,Demo Customer 0123,1973-01-01,customer0123@example.invalid,0000000123,DEMO000123,Kolkata,West Bengal,PENDING,LOW,CRM
CRM000124,Demo Customer 0124,1974-01-01,customer0124@example.invalid,0000000124,DEMO000124,Hyderabad,Telangana,VERIFIED,LOW,CRM
CRM000125,Demo Customer 0125,1975-01-01,customer0125@example.invalid,0000000125,DEMO000125,Kolkata,West Bengal,VERIFIED,LOW,CRM
CRM000126,Demo Customer 0126,1976-01-01,customer0126@example.invalid,0000000126,DEMO000126,Chennai,Tamil Nadu,VERIFIED,MEDIUM,CRM
CRM000127,Demo Customer 0127,1977-01-01,customer0127@example.invalid,0000000127,DEMO000127,Ahmedabad,Gujarat,VERIFIED,LOW,CRM
CRM000128,Demo Customer 0128,1978-01-01,customer0128@example.invalid,0000000128,DEMO000128,Chennai,Tamil Nadu,VERIFIED,HIGH,CRM
CRM000129,Demo Customer 0129,1979-01-01,customer0129@example.invalid,0000000129,DEMO000129,Hyderabad,Telangana,PENDING,LOW,CRM
CRM000130,Demo Customer 0130,1980-01-01,customer0130@example.invalid,0000000130,DEMO000130,Pune,Maharashtra,VERIFIED,MEDIUM,CRM
CRM000131,Demo Customer 0131,1981-01-01,customer0131@example.invalid,0000000131,DEMO000131,Bengaluru,Karnataka,REJECTED,LOW,CRM
CRM000132,Demo Customer 0132,1982-01-01,customer0132@example.invalid,0000000132,DEMO000132,Nagpur,Maharashtra,VERIFIED,LOW,CRM
CRM000133,Demo Customer 0133,1983-01-01,customer0133@example.invalid,0000000133,DEMO000133,Hyderabad,Telangana,VERIFIED,LOW,CRM
CRM000134,Demo Customer 0134,1984-01-01,customer0134@example.invalid,0000000134,DEMO000134,Mumbai,Maharashtra,VERIFIED,MEDIUM,CRM
CRM000135,Demo Customer 0135,1985-01-01,customer0135@example.invalid,0000000135,DEMO000135,Bengaluru,Karnataka,VERIFIED,LOW,CRM
CRM000136,Demo Customer 0136,1986-01-01,customer0136@example.invalid,0000000136,DEMO000136,Bengaluru,Karnataka,VERIFIED,MEDIUM,CRM
CRM000137,Demo Customer 0137,1987-01-01,customer0137@example.invalid,0000000137,DEMO000137,Nagpur,Maharashtra,VERIFIED,LOW,CRM
CRM000138,Demo Customer 0138,1988-01-01,customer0138@example.invalid,0000000138,DEMO000138,Pune,Maharashtra,VERIFIED,LOW,CRM
CRM000139,Demo Customer 0139,1989-01-01,customer0139@example.invalid,0000000139,DEMO000139,Ahmedabad,Gujarat,PENDING,MEDIUM,CRM
CRM000140,Demo Customer 0140,1990-01-01,customer0140@example.invalid,0000000140,DEMO000140,Bengaluru,Karnataka,VERIFIED,LOW,CRM
CRM000141,Demo Customer 0141,1991-01-01,customer0141@example.invalid,0000000141,DEMO000141,Chennai,Tamil Nadu,VERIFIED,LOW,CRM
CRM000142,Demo Customer 0142,1992-01-01,customer0142@example.invalid,0000000142,DEMO000142,Mumbai,Maharashtra,REJECTED,LOW,CRM
CRM000143,Demo Customer 0143,1993-01-01,customer0143@example.invalid,0000000143,DEMO000143,Delhi,Delhi,PENDING,LOW,CRM
CRM000144,Demo Customer 0144,1994-01-01,customer0144@example.invalid,0000000144,DEMO000144,Chennai,Tamil Nadu,VERIFIED,LOW,CRM
CRM000145,Demo Customer 0145,1995-01-01,customer0145@example.invalid,0000000145,DEMO000145,Bengaluru,Karnataka,REJECTED,LOW,CRM
CRM000146,Demo Customer 0146,1996-01-01,customer0146@example.invalid,0000000146,DEMO000146,Pune,Maharashtra,VERIFIED,LOW,CRM
CRM000147,Demo Customer 0147,1997-01-01,customer0147@example.invalid,0000000147,DEMO000147,Hyderabad,Telangana,REJECTED,LOW,CRM
CRM000148,Demo Customer 0148,1998-01-01,customer0148@example.invalid,0000000148,DEMO000148,Hyderabad,Telangana,VERIFIED,MEDIUM,CRM
CRM000149,Demo Customer 0149,1999-01-01,customer0149@example.invalid,0000000149,DEMO000149,Mumbai,Maharashtra,VERIFIED,LOW,CRM
CRM000150,Demo Customer 0150,1970-01-01,customer0150@example.invalid,0000000150,DEMO000150,Hyderabad,Telangana,VERIFIED,LOW,CRM
CRM000151,Demo Customer 0151,1971-01-01,customer0151@example.invalid,0000000151,DEMO000151,Bengaluru,Karnataka,VERIFIED,LOW,CRM
CRM000152,Demo Customer 0152,1972-01-01,customer0152@example.invalid,0000000152,DEMO000152,Chennai,Tamil Nadu,PENDING,LOW,CRM
CRM000153,Demo Customer 0153,1973-01-01,customer0153@example.invalid,0000000153,DEMO000153,Gurugram,Haryana,VERIFIED,HIGH,CRM
CRM000154,Demo Customer 0154,1974-01-01,customer0154@example.invalid,0000000154,DEMO000154,Bengaluru,Karnataka,VERIFIED,LOW,CRM
CRM000155,Demo Customer 0155,1975-01-01,customer0155@example.invalid,0000000155,DEMO000155,Delhi,Delhi,VERIFIED,MEDIUM,CRM
CRM000156,Demo Customer 0156,1976-01-01,customer0156@example.invalid,0000000156,DEMO000156,Chennai,Tamil Nadu,VERIFIED,LOW,CRM
CRM000157,Demo Customer 0157,1977-01-01,customer0157@example.invalid,0000000157,DEMO000157,Nagpur,Maharashtra,PENDING,LOW,CRM
CRM000158,Demo Customer 0158,1978-01-01,customer0158@example.invalid,0000000158,DEMO000158,Gurugram,Haryana,VERIFIED,MEDIUM,CRM
CRM000159,Demo Customer 0159,1979-01-01,customer0159@example.invalid,0000000159,DEMO000159,Kolkata,West Bengal,VERIFIED,LOW,CRM
CRM000160,Demo Customer 0160,1980-01-01,customer0160@example.invalid,0000000160,DEMO000160,Mumbai,Maharashtra,VERIFIED,LOW,CRM
CRM000161,Demo Customer 0161,1981-01-01,customer0161@example.invalid,0000000161,DEMO000161,Gurugram,Haryana,VERIFIED,HIGH,CRM
CRM000162,Demo Customer 0162,1982-01-01,customer0162@example.invalid,0000000162,DEMO000162,Nagpur,Maharashtra,PENDING,HIGH,CRM
CRM000163,Demo Customer 0163,1983-01-01,customer0163@example.invalid,0000000163,DEMO000163,Kolkata,West Bengal,PENDING,LOW,CRM
CRM000164,Demo Customer 0164,1984-01-01,customer0164@example.invalid,0000000164,DEMO000164,Delhi,Delhi,VERIFIED,MEDIUM,CRM
CRM000165,Demo Customer 0165,1985-01-01,customer0165@example.invalid,0000000165,DEMO000165,Ahmedabad,Gujarat,REJECTED,MEDIUM,CRM
CRM000166,Demo Customer 0166,1986-01-01,customer0166@example.invalid,0000000166,DEMO000166,Chennai,Tamil Nadu,VERIFIED,MEDIUM,CRM
CRM000167,Demo Customer 0167,1987-01-01,customer0167@example.invalid,0000000167,DEMO000167,Gurugram,Haryana,VERIFIED,LOW,CRM
CRM000168,Demo Customer 0168,1988-01-01,customer0168@example.invalid,0000000168,DEMO000168,Nagpur,Maharashtra,VERIFIED,LOW,CRM
CRM000169,Demo Customer 0169,1989-01-01,customer0169@example.invalid,0000000169,DEMO000169,Ahmedabad,Gujarat,VERIFIED,LOW,CRM
CRM000170,Demo Customer 0170,1990-01-01,customer0170@example.invalid,0000000170,DEMO000170,Nagpur,Maharashtra,VERIFIED,LOW,CRM
CRM000171,Demo Customer 0171,1991-01-01,customer0171@example.invalid,0000000171,DEMO000171,Kolkata,West Bengal,VERIFIED,LOW,CRM
CRM000172,Demo Customer 0172,1992-01-01,customer0172@example.invalid,0000000172,DEMO000172,Hyderabad,Telangana,VERIFIED,MEDIUM,CRM
CRM000173,Demo Customer 0173,1993-01-01,customer0173@example.invalid,0000000173,DEMO000173,Pune,Maharashtra,VERIFIED,LOW,CRM
CRM000174,Demo Customer 0174,1994-01-01,customer0174@example.invalid,0000000174,DEMO000174,Ahmedabad,Gujarat,REJECTED,LOW,CRM
CRM000175,Demo Customer 0175,1995-01-01,customer0175@example.invalid,0000000175,DEMO000175,Bengaluru,Karnataka,VERIFIED,LOW,CRM
CRM000176,Demo Customer 0176,1996-01-01,customer0176@example.invalid,0000000176,DEMO000176,Kolkata,West Bengal,VERIFIED,LOW,CRM
CRM000177,Demo Customer 0177,1997-01-01,customer0177@example.invalid,0000000177,DEMO000177,Kolkata,West Bengal,VERIFIED,LOW,CRM
CRM000178,Demo Customer 0178,1998-01-01,customer0178@example.invalid,0000000178,DEMO000178,Bengaluru,Karnataka,VERIFIED,LOW,CRM
CRM000179,Demo Customer 0179,1999-01-01,customer0179@example.invalid,0000000179,DEMO000179,Hyderabad,Telangana,VERIFIED,LOW,CRM
CRM000180,Demo Customer 0180,1970-01-01,customer0180@example.invalid,0000000180,DEMO000180,Hyderabad,Telangana,REJECTED,MEDIUM,CRM
CRM000181,Demo Customer 0181,1971-01-01,customer0181@example.invalid,0000000181,DEMO000181,Bengaluru,Karnataka,PENDING,LOW,CRM
CRM000182,Demo Customer 0182,1972-01-01,customer0182@example.invalid,0000000182,DEMO000182,Nagpur,Maharashtra,VERIFIED,LOW,CRM
CRM000183,Demo Customer 0183,1973-01-01,customer0183@example.invalid,0000000183,DEMO000183,Hyderabad,Telangana,VERIFIED,LOW,CRM
CRM000184,Demo Customer 0184,1974-01-01,customer0184@example.invalid,0000000184,DEMO000184,Gurugram,Haryana,VERIFIED,LOW,CRM
CRM000185,Demo Customer 0185,1975-01-01,customer0185@example.invalid,0000000185,DEMO000185,Hyderabad,Telangana,VERIFIED,LOW,CRM
CRM000186,Demo Customer 0186,1976-01-01,customer0186@example.invalid,0000000186,DEMO000186,Delhi,Delhi,VERIFIED,LOW,CRM
CRM000187,Demo Customer 0187,1977-01-01,customer0187@example.invalid,0000000187,DEMO000187,Nagpur,Maharashtra,VERIFIED,HIGH,CRM
CRM000188,Demo Customer 0188,1978-01-01,customer0188@example.invalid,0000000188,DEMO000188,Bengaluru,Karnataka,VERIFIED,LOW,CRM
CRM000189,Demo Customer 0189,1979-01-01,customer0189@example.invalid,0000000189,DEMO000189,Hyderabad,Telangana,VERIFIED,LOW,CRM
CRM000190,Demo Customer 0190,1980-01-01,customer0190@example.invalid,0000000190,DEMO000190,Chennai,Tamil Nadu,PENDING,MEDIUM,CRM
CRM000191,Demo Customer 0191,1981-01-01,customer0191@example.invalid,0000000191,DEMO000191,Bengaluru,Karnataka,VERIFIED,MEDIUM,CRM
CRM000192,Demo Customer 0192,1982-01-01,customer0192@example.invalid,0000000192,DEMO000192,Nagpur,Maharashtra,VERIFIED,LOW,CRM
CRM000193,Demo Customer 0193,1983-01-01,customer0193@example.invalid,0000000193,DEMO000193,Delhi,Delhi,PENDING,MEDIUM,CRM
CRM000194,Demo Customer 0194,1984-01-01,customer0194@example.invalid,0000000194,DEMO000194,Gurugram,Haryana,VERIFIED,LOW,CRM
CRM000195,Demo Customer 0195,1985-01-01,customer0195@example.invalid,0000000195,DEMO000195,Nagpur,Maharashtra,VERIFIED,LOW,CRM
CRM000196,Demo Customer 0196,1986-01-01,customer0196@example.invalid,0000000196,DEMO000196,Mumbai,Maharashtra,PENDING,LOW,CRM
CRM000197,Demo Customer 0197,1987-01-01,customer0197@example.invalid,0000000197,DEMO000197,Pune,Maharashtra,VERIFIED,MEDIUM,CRM
CRM000198,Demo Customer 0198,1988-01-01,customer0198@example.invalid,0000000198,DEMO000198,Mumbai,Maharashtra,VERIFIED,MEDIUM,CRM
CRM000199,Demo Customer 0199,1989-01-01,customer0199@example.invalid,0000000199,DEMO000199,Gurugram,Haryana,VERIFIED,LOW,CRM
CRM000200,Demo Customer 0200,1990-01-01,customer0200@example.invalid,0000000200,DEMO000200,Gurugram,Haryana,VERIFIED,LOW,CRM
CRM000201,Demo Customer 0201,1991-01-01,customer0201@example.invalid,0000000201,DEMO000201,Bengaluru,Karnataka,VERIFIED,LOW,CRM
CRM000202,Demo Customer 0202,1992-01-01,customer0202@example.invalid,0000000202,DEMO000202,Mumbai,Maharashtra,VERIFIED,MEDIUM,CRM
CRM000203,Demo Customer 0203,1993-01-01,customer0203@example.invalid,0000000203,DEMO000203,Delhi,Delhi,VERIFIED,HIGH,CRM
CRM000204,Demo Customer 0204,1994-01-01,customer0204@example.invalid,0000000204,DEMO000204,Chennai,Tamil Nadu,VERIFIED,MEDIUM,CRM
CRM000205,Demo Customer 0205,1995-01-01,customer0205@example.invalid,0000000205,DEMO000205,Hyderabad,Telangana,VERIFIED,LOW,CRM
CRM000206,Demo Customer 0206,1996-01-01,customer0206@example.invalid,0000000206,DEMO000206,Hyderabad,Telangana,VERIFIED,LOW,CRM
CRM000207,Demo Customer 0207,1997-01-01,customer0207@example.invalid,0000000207,DEMO000207,Hyderabad,Telangana,VERIFIED,LOW,CRM
CRM000208,Demo Customer 0208,1998-01-01,customer0208@example.invalid,0000000208,DEMO000208,Nagpur,Maharashtra,VERIFIED,LOW,CRM
CRM000209,Demo Customer 0209,1999-01-01,customer0209@example.invalid,0000000209,DEMO000209,Pune,Maharashtra,VERIFIED,MEDIUM,CRM
CRM000210,Demo Customer 0210,1970-01-01,customer0210@example.invalid,0000000210,DEMO000210,Nagpur,Maharashtra,VERIFIED,MEDIUM,CRM
CRM000211,Demo Customer 0211,1971-01-01,customer0211@example.invalid,0000000211,DEMO000211,Nagpur,Maharashtra,VERIFIED,LOW,CRM
CRM000212,Demo Customer 0212,1972-01-01,customer0212@example.invalid,0000000212,DEMO000212,Pune,Maharashtra,VERIFIED,MEDIUM,CRM
CRM000213,Demo Customer 0213,1973-01-01,customer0213@example.invalid,0000000213,DEMO000213,Ahmedabad,Gujarat,VERIFIED,MEDIUM,CRM
CRM000214,Demo Customer 0214,1974-01-01,customer0214@example.invalid,0000000214,DEMO000214,Delhi,Delhi,VERIFIED,LOW,CRM
CRM000215,Demo Customer 0215,1975-01-01,customer0215@example.invalid,0000000215,DEMO000215,Chennai,Tamil Nadu,VERIFIED,LOW,CRM
CRM000216,Demo Customer 0216,1976-01-01,customer0216@example.invalid,0000000216,DEMO000216,Gurugram,Haryana,PENDING,MEDIUM,CRM
CRM000217,Demo Customer 0217,1977-01-01,customer0217@example.invalid,0000000217,DEMO000217,Bengaluru,Karnataka,VERIFIED,LOW,CRM
CRM000218,Demo Customer 0218,1978-01-01,customer0218@example.invalid,0000000218,DEMO000218,Bengaluru,Karnataka,PENDING,LOW,CRM
CRM000219,Demo Customer 0219,1979-01-01,customer0219@example.invalid,0000000219,DEMO000219,Mumbai,Maharashtra,VERIFIED,MEDIUM,CRM
CRM000220,Demo Customer 0220,1980-01-01,customer0220@example.invalid,0000000220,DEMO000220,Chennai,Tamil Nadu,VERIFIED,LOW,CRM
CRM000221,Demo Customer 0221,1981-01-01,customer0221@example.invalid,0000000221,DEMO000221,Kolkata,West Bengal,VERIFIED,LOW,CRM
CRM000222,Demo Customer 0222,1982-01-01,customer0222@example.invalid,0000000222,DEMO000222,Chennai,Tamil Nadu,VERIFIED,LOW,CRM
CRM000223,Demo Customer 0223,1983-01-01,customer0223@example.invalid,0000000223,DEMO000223,Gurugram,Haryana,PENDING,LOW,CRM
CRM000224,Demo Customer 0224,1984-01-01,customer0224@example.invalid,0000000224,DEMO000224,Pune,Maharashtra,VERIFIED,LOW,CRM
CRM000225,Demo Customer 0225,1985-01-01,customer0225@example.invalid,0000000225,DEMO000225,Nagpur,Maharashtra,VERIFIED,LOW,CRM
CRM000226,Demo Customer 0226,1986-01-01,customer0226@example.invalid,0000000226,DEMO000226,Chennai,Tamil Nadu,VERIFIED,LOW,CRM
CRM000227,Demo Customer 0227,1987-01-01,customer0227@example.invalid,0000000227,DEMO000227,Mumbai,Maharashtra,VERIFIED,LOW,CRM
CRM000228,Demo Customer 0228,1988-01-01,customer0228@example.invalid,0000000228,DEMO000228,Kolkata,West Bengal,PENDING,LOW,CRM
CRM000229,Demo Customer 0229,1989-01-01,customer0229@example.invalid,0000000229,DEMO000229,Hyderabad,Telangana,VERIFIED,MEDIUM,CRM
CRM000230,Demo Customer 0230,1990-01-01,customer0230@example.invalid,0000000230,DEMO000230,Chennai,Tamil Nadu,VERIFIED,LOW,CRM
CRM000231,Demo Customer 0231,1991-01-01,customer0231@example.invalid,0000000231,DEMO000231,Kolkata,West Bengal,VERIFIED,LOW,CRM
CRM000232,Demo Customer 0232,1992-01-01,customer0232@example.invalid,0000000232,DEMO000232,Pune,Maharashtra,VERIFIED,LOW,CRM
CRM000233,Demo Customer 0233,1993-01-01,customer0233@example.invalid,0000000233,DEMO000233,Hyderabad,Telangana,VERIFIED,MEDIUM,CRM
CRM000234,Demo Customer 0234,1994-01-01,customer0234@example.invalid,0000000234,DEMO000234,Kolkata,West Bengal,VERIFIED,MEDIUM,CRM
CRM000235,Demo Customer 0235,1995-01-01,customer0235@example.invalid,0000000235,DEMO000235,Chennai,Tamil Nadu,VERIFIED,LOW,CRM
CRM000236,Demo Customer 0236,1996-01-01,customer0236@example.invalid,0000000236,DEMO000236,Chennai,Tamil Nadu,VERIFIED,LOW,CRM
CRM000237,Demo Customer 0237,1997-01-01,customer0237@example.invalid,0000000237,DEMO000237,Mumbai,Maharashtra,VERIFIED,HIGH,CRM
CRM000238,Demo Customer 0238,1998-01-01,customer0238@example.invalid,0000000238,DEMO000238,Ahmedabad,Gujarat,VERIFIED,LOW,CRM
CRM000239,Demo Customer 0239,1999-01-01,customer0239@example.invalid,0000000239,DEMO000239,Delhi,Delhi,REJECTED,LOW,CRM
CRM000240,Demo Customer 0240,1970-01-01,customer0240@example.invalid,0000000240,DEMO000240,Gurugram,Haryana,VERIFIED,LOW,CRM
CRM000241,Demo Customer 0241,1971-01-01,customer0241@example.invalid,0000000241,DEMO000241,Chennai,Tamil Nadu,VERIFIED,MEDIUM,CRM
CRM000242,Demo Customer 0242,1972-01-01,customer0242@example.invalid,0000000242,DEMO000242,Delhi,Delhi,PENDING,LOW,CRM
CRM000243,Demo Customer 0243,1973-01-01,customer0243@example.invalid,0000000243,DEMO000243,Gurugram,Haryana,VERIFIED,LOW,CRM
CRM000244,Demo Customer 0244,1974-01-01,customer0244@example.invalid,0000000244,DEMO000244,Hyderabad,Telangana,VERIFIED,MEDIUM,CRM
CRM000245,Demo Customer 0245,1975-01-01,customer0245@example.invalid,0000000245,DEMO000245,Mumbai,Maharashtra,VERIFIED,LOW,CRM
CRM000246,Demo Customer 0246,1976-01-01,customer0246@example.invalid,0000000246,DEMO000246,Bengaluru,Karnataka,VERIFIED,LOW,CRM
CRM000247,Demo Customer 0247,1977-01-01,customer0247@example.invalid,0000000247,DEMO000247,Ahmedabad,Gujarat,VERIFIED,MEDIUM,CRM
CRM000248,Demo Customer 0248,1978-01-01,customer0248@example.invalid,0000000248,DEMO000248,Bengaluru,Karnataka,VERIFIED,MEDIUM,CRM
CRM000249,Demo Customer 0249,1979-01-01,customer0249@example.invalid,0000000249,DEMO000249,Bengaluru,Karnataka,VERIFIED,MEDIUM,CRM
CRM000250,Demo Customer 0250,1980-01-01,customer0250@example.invalid,0000000250,DEMO000250,Nagpur,Maharashtra,VERIFIED,MEDIUM,CRM
CRM000251,Demo Customer 0251,1981-01-01,customer0251@example.invalid,0000000251,DEMO000251,Pune,Maharashtra,REJECTED,LOW,CRM
CRM000252,Demo Customer 0252,1982-01-01,customer0252@example.invalid,0000000252,DEMO000252,Ahmedabad,Gujarat,REJECTED,LOW,CRM
CRM000253,Demo Customer 0253,1983-01-01,customer0253@example.invalid,0000000253,DEMO000253,Ahmedabad,Gujarat,VERIFIED,MEDIUM,CRM
CRM000254,Demo Customer 0254,1984-01-01,customer0254@example.invalid,0000000254,DEMO000254,Gurugram,Haryana,VERIFIED,LOW,CRM
CRM000255,Demo Customer 0255,1985-01-01,customer0255@example.invalid,0000000255,DEMO000255,Chennai,Tamil Nadu,VERIFIED,LOW,CRM
CRM000256,Demo Customer 0256,1986-01-01,customer0256@example.invalid,0000000256,DEMO000256,Nagpur,Maharashtra,VERIFIED,LOW,CRM
CRM000257,Demo Customer 0257,1987-01-01,customer0257@example.invalid,0000000257,DEMO000257,Kolkata,West Bengal,VERIFIED,LOW,CRM
CRM000258,Demo Customer 0258,1988-01-01,customer0258@example.invalid,0000000258,DEMO000258,Nagpur,Maharashtra,PENDING,LOW,CRM
CRM000259,Demo Customer 0259,1989-01-01,customer0259@example.invalid,0000000259,DEMO000259,Pune,Maharashtra,PENDING,MEDIUM,CRM
CRM000260,Demo Customer 0260,1990-01-01,customer0260@example.invalid,0000000260,DEMO000260,Ahmedabad,Gujarat,VERIFIED,MEDIUM,CRM
CRM000261,Demo Customer 0261,1991-01-01,customer0261@example.invalid,0000000261,DEMO000261,Kolkata,West Bengal,VERIFIED,HIGH,CRM
CRM000262,Demo Customer 0262,1992-01-01,customer0262@example.invalid,0000000262,DEMO000262,Ahmedabad,Gujarat,VERIFIED,LOW,CRM
CRM000263,Demo Customer 0263,1993-01-01,customer0263@example.invalid,0000000263,DEMO000263,Pune,Maharashtra,VERIFIED,HIGH,CRM
CRM000264,Demo Customer 0264,1994-01-01,customer0264@example.invalid,0000000264,DEMO000264,Pune,Maharashtra,PENDING,LOW,CRM
CRM000265,Demo Customer 0265,1995-01-01,customer0265@example.invalid,0000000265,DEMO000265,Chennai,Tamil Nadu,VERIFIED,LOW,CRM
CRM000266,Demo Customer 0266,1996-01-01,customer0266@example.invalid,0000000266,DEMO000266,Gurugram,Haryana,VERIFIED,LOW,CRM
CRM000267,Demo Customer 0267,1997-01-01,customer0267@example.invalid,0000000267,DEMO000267,Gurugram,Haryana,VERIFIED,LOW,CRM
CRM000268,Demo Customer 0268,1998-01-01,customer0268@example.invalid,0000000268,DEMO000268,Kolkata,West Bengal,VERIFIED,MEDIUM,CRM
CRM000269,Demo Customer 0269,1999-01-01,customer0269@example.invalid,0000000269,DEMO000269,Mumbai,Maharashtra,VERIFIED,MEDIUM,CRM
CRM000270,Demo Customer 0270,1970-01-01,customer0270@example.invalid,0000000270,DEMO000270,Kolkata,West Bengal,VERIFIED,MEDIUM,CRM
CRM000271,Demo Customer 0271,1971-01-01,customer0271@example.invalid,0000000271,DEMO000271,Delhi,Delhi,VERIFIED,HIGH,CRM
CRM000272,Demo Customer 0272,1972-01-01,customer0272@example.invalid,0000000272,DEMO000272,Gurugram,Haryana,VERIFIED,MEDIUM,CRM
CRM000273,Demo Customer 0273,1973-01-01,customer0273@example.invalid,0000000273,DEMO000273,Kolkata,West Bengal,VERIFIED,MEDIUM,CRM
CRM000274,Demo Customer 0274,1974-01-01,customer0274@example.invalid,0000000274,DEMO000274,Gurugram,Haryana,VERIFIED,LOW,CRM
CRM000275,Demo Customer 0275,1975-01-01,customer0275@example.invalid,0000000275,DEMO000275,Hyderabad,Telangana,VERIFIED,LOW,CRM
CRM000276,Demo Customer 0276,1976-01-01,customer0276@example.invalid,0000000276,DEMO000276,Ahmedabad,Gujarat,PENDING,LOW,CRM
CRM000277,Demo Customer 0277,1977-01-01,customer0277@example.invalid,0000000277,DEMO000277,Delhi,Delhi,VERIFIED,MEDIUM,CRM
CRM000278,Demo Customer 0278,1978-01-01,customer0278@example.invalid,0000000278,DEMO000278,Mumbai,Maharashtra,VERIFIED,LOW,CRM
CRM000279,Demo Customer 0279,1979-01-01,customer0279@example.invalid,0000000279,DEMO000279,Hyderabad,Telangana,VERIFIED,MEDIUM,CRM
CRM000280,Demo Customer 0280,1980-01-01,customer0280@example.invalid,0000000280,DEMO000280,Kolkata,West Bengal,VERIFIED,MEDIUM,CRM
CRM000281,Demo Customer 0281,1981-01-01,customer0281@example.invalid,0000000281,DEMO000281,Chennai,Tamil Nadu,VERIFIED,LOW,CRM
CRM000282,Demo Customer 0282,1982-01-01,customer0282@example.invalid,0000000282,DEMO000282,Hyderabad,Telangana,VERIFIED,MEDIUM,CRM
CRM000283,Demo Customer 0283,1983-01-01,customer0283@example.invalid,0000000283,DEMO000283,Mumbai,Maharashtra,PENDING,LOW,CRM
CRM000284,Demo Customer 0284,1984-01-01,customer0284@example.invalid,0000000284,DEMO000284,Bengaluru,Karnataka,VERIFIED,LOW,CRM
CRM000285,Demo Customer 0285,1985-01-01,customer0285@example.invalid,0000000285,DEMO000285,Chennai,Tamil Nadu,VERIFIED,LOW,CRM
CRM000286,Demo Customer 0286,1986-01-01,customer0286@example.invalid,0000000286,DEMO000286,Mumbai,Maharashtra,VERIFIED,LOW,CRM
CRM000287,Demo Customer 0287,1987-01-01,customer0287@example.invalid,0000000287,DEMO000287,Chennai,Tamil Nadu,VERIFIED,LOW,CRM
CRM000288,Demo Customer 0288,1988-01-01,customer0288@example.invalid,0000000288,DEMO000288,Chennai,Tamil Nadu,VERIFIED,HIGH,CRM
CRM000289,Demo Customer 0289,1989-01-01,customer0289@example.invalid,0000000289,DEMO000289,Hyderabad,Telangana,VERIFIED,LOW,CRM
CRM000290,Demo Customer 0290,1990-01-01,customer0290@example.invalid,0000000290,DEMO000290,Delhi,Delhi,VERIFIED,LOW,CRM
CRM000291,Demo Customer 0291,1991-01-01,customer0291@example.invalid,0000000291,DEMO000291,Nagpur,Maharashtra,VERIFIED,LOW,CRM
CRM000292,Demo Customer 0292,1992-01-01,customer0292@example.invalid,0000000292,DEMO000292,Kolkata,West Bengal,PENDING,MEDIUM,CRM
CRM000293,Demo Customer 0293,1993-01-01,customer0293@example.invalid,0000000293,DEMO000293,Chennai,Tamil Nadu,VERIFIED,MEDIUM,CRM
CRM000294,Demo Customer 0294,1994-01-01,customer0294@example.invalid,0000000294,DEMO000294,Delhi,Delhi,PENDING,LOW,CRM
CRM000295,Demo Customer 0295,1995-01-01,customer0295@example.invalid,0000000295,DEMO000295,Kolkata,West Bengal,VERIFIED,LOW,CRM
CRM000296,Demo Customer 0296,1996-01-01,customer0296@example.invalid,0000000296,DEMO000296,Pune,Maharashtra,VERIFIED,LOW,CRM
CRM000297,Demo Customer 0297,1997-01-01,customer0297@example.invalid,0000000297,DEMO000297,Kolkata,West Bengal,VERIFIED,MEDIUM,CRM
CRM000298,Demo Customer 0298,1998-01-01,customer0298@example.invalid,0000000298,DEMO000298,Pune,Maharashtra,VERIFIED,LOW,CRM
CRM000299,Demo Customer 0299,1999-01-01,customer0299@example.invalid,0000000299,DEMO000299,Nagpur,Maharashtra,VERIFIED,HIGH,CRM
CRM000300,Demo Customer 0300,1970-01-01,customer0300@example.invalid,0000000300,DEMO000300,Chennai,Tamil Nadu,PENDING,LOW,CRM
CRM000301,Demo Customer 0301,1971-01-01,customer0301@example.invalid,0000000301,DEMO000301,Chennai,Tamil Nadu,VERIFIED,LOW,CRM
CRM000302,Demo Customer 0302,1972-01-01,customer0302@example.invalid,0000000302,DEMO000302,Delhi,Delhi,VERIFIED,MEDIUM,CRM
CRM000303,Demo Customer 0303,1973-01-01,customer0303@example.invalid,0000000303,DEMO000303,Hyderabad,Telangana,VERIFIED,MEDIUM,CRM
CRM000304,Demo Customer 0304,1974-01-01,customer0304@example.invalid,0000000304,DEMO000304,Pune,Maharashtra,VERIFIED,LOW,CRM
CRM000305,Demo Customer 0305,1975-01-01,customer0305@example.invalid,0000000305,DEMO000305,Chennai,Tamil Nadu,VERIFIED,MEDIUM,CRM
CRM000306,Demo Customer 0306,1976-01-01,customer0306@example.invalid,0000000306,DEMO000306,Delhi,Delhi,VERIFIED,LOW,CRM
CRM000307,Demo Customer 0307,1977-01-01,customer0307@example.invalid,0000000307,DEMO000307,Delhi,Delhi,VERIFIED,LOW,CRM
CRM000308,Demo Customer 0308,1978-01-01,customer0308@example.invalid,0000000308,DEMO000308,Bengaluru,Karnataka,VERIFIED,LOW,CRM
CRM000309,Demo Customer 0309,1979-01-01,customer0309@example.invalid,0000000309,DEMO000309,Mumbai,Maharashtra,VERIFIED,LOW,CRM
CRM000310,Demo Customer 0310,1980-01-01,customer0310@example.invalid,0000000310,DEMO000310,Gurugram,Haryana,VERIFIED,LOW,CRM
CRM000311,Demo Customer 0311,1981-01-01,customer0311@example.invalid,0000000311,DEMO000311,Ahmedabad,Gujarat,PENDING,MEDIUM,CRM
CRM000312,Demo Customer 0312,1982-01-01,customer0312@example.invalid,0000000312,DEMO000312,Pune,Maharashtra,VERIFIED,LOW,CRM
CRM000313,Demo Customer 0313,1983-01-01,customer0313@example.invalid,0000000313,DEMO000313,Hyderabad,Telangana,VERIFIED,LOW,CRM
CRM000314,Demo Customer 0314,1984-01-01,customer0314@example.invalid,0000000314,DEMO000314,Chennai,Tamil Nadu,VERIFIED,LOW,CRM
CRM000315,Demo Customer 0315,1985-01-01,customer0315@example.invalid,0000000315,DEMO000315,Hyderabad,Telangana,PENDING,LOW,CRM
CRM000316,Demo Customer 0316,1986-01-01,customer0316@example.invalid,0000000316,DEMO000316,Ahmedabad,Gujarat,VERIFIED,LOW,CRM
CRM000317,Demo Customer 0317,1987-01-01,customer0317@example.invalid,0000000317,DEMO000317,Bengaluru,Karnataka,PENDING,LOW,CRM
CRM000318,Demo Customer 0318,1988-01-01,customer0318@example.invalid,0000000318,DEMO000318,Delhi,Delhi,VERIFIED,LOW,CRM
CRM000319,Demo Customer 0319,1989-01-01,customer0319@example.invalid,0000000319,DEMO000319,Nagpur,Maharashtra,VERIFIED,LOW,CRM
CRM000320,Demo Customer 0320,1990-01-01,customer0320@example.invalid,0000000320,DEMO000320,Nagpur,Maharashtra,PENDING,LOW,CRM
CRM000321,Demo Customer 0321,1991-01-01,customer0321@example.invalid,0000000321,DEMO000321,Kolkata,West Bengal,VERIFIED,LOW,CRM
CRM000322,Demo Customer 0322,1992-01-01,customer0322@example.invalid,0000000322,DEMO000322,Hyderabad,Telangana,PENDING,LOW,CRM
CRM000323,Demo Customer 0323,1993-01-01,customer0323@example.invalid,0000000323,DEMO000323,Kolkata,West Bengal,VERIFIED,MEDIUM,CRM
CRM000324,Demo Customer 0324,1994-01-01,customer0324@example.invalid,0000000324,DEMO000324,Hyderabad,Telangana,VERIFIED,LOW,CRM
CRM000325,Demo Customer 0325,1995-01-01,customer0325@example.invalid,0000000325,DEMO000325,Bengaluru,Karnataka,VERIFIED,MEDIUM,CRM
CRM000326,Demo Customer 0326,1996-01-01,customer0326@example.invalid,0000000326,DEMO000326,Mumbai,Maharashtra,VERIFIED,MEDIUM,CRM
CRM000327,Demo Customer 0327,1997-01-01,customer0327@example.invalid,0000000327,DEMO000327,Hyderabad,Telangana,VERIFIED,MEDIUM,CRM
CRM000328,Demo Customer 0328,1998-01-01,customer0328@example.invalid,0000000328,DEMO000328,Chennai,Tamil Nadu,VERIFIED,LOW,CRM
CRM000329,Demo Customer 0329,1999-01-01,customer0329@example.invalid,0000000329,DEMO000329,Nagpur,Maharashtra,VERIFIED,MEDIUM,CRM
CRM000330,Demo Customer 0330,1970-01-01,customer0330@example.invalid,0000000330,DEMO000330,Chennai,Tamil Nadu,VERIFIED,LOW,CRM
CRM000331,Demo Customer 0331,1971-01-01,customer0331@example.invalid,0000000331,DEMO000331,Kolkata,West Bengal,VERIFIED,LOW,CRM
CRM000332,Demo Customer 0332,1972-01-01,customer0332@example.invalid,0000000332,DEMO000332,Ahmedabad,Gujarat,VERIFIED,LOW,CRM
CRM000333,Demo Customer 0333,1973-01-01,customer0333@example.invalid,0000000333,DEMO000333,Mumbai,Maharashtra,VERIFIED,LOW,CRM
CRM000334,Demo Customer 0334,1974-01-01,customer0334@example.invalid,0000000334,DEMO000334,Mumbai,Maharashtra,PENDING,LOW,CRM
CRM000335,Demo Customer 0335,1975-01-01,customer0335@example.invalid,0000000335,DEMO000335,Kolkata,West Bengal,VERIFIED,LOW,CRM
CRM000336,Demo Customer 0336,1976-01-01,customer0336@example.invalid,0000000336,DEMO000336,Chennai,Tamil Nadu,VERIFIED,LOW,CRM
CRM000337,Demo Customer 0337,1977-01-01,customer0337@example.invalid,0000000337,DEMO000337,Hyderabad,Telangana,VERIFIED,LOW,CRM
CRM000338,Demo Customer 0338,1978-01-01,customer0338@example.invalid,0000000338,DEMO000338,Chennai,Tamil Nadu,VERIFIED,LOW,CRM
CRM000339,Demo Customer 0339,1979-01-01,customer0339@example.invalid,0000000339,DEMO000339,Hyderabad,Telangana,VERIFIED,LOW,CRM
CRM000340,Demo Customer 0340,1980-01-01,customer0340@example.invalid,0000000340,DEMO000340,Kolkata,West Bengal,VERIFIED,LOW,CRM
CRM000341,Demo Customer 0341,1981-01-01,customer0341@example.invalid,0000000341,DEMO000341,Pune,Maharashtra,VERIFIED,LOW,CRM
CRM000342,Demo Customer 0342,1982-01-01,customer0342@example.invalid,0000000342,DEMO000342,Bengaluru,Karnataka,VERIFIED,LOW,CRM
CRM000343,Demo Customer 0343,1983-01-01,customer0343@example.invalid,0000000343,DEMO000343,Chennai,Tamil Nadu,PENDING,MEDIUM,CRM
CRM000344,Demo Customer 0344,1984-01-01,customer0344@example.invalid,0000000344,DEMO000344,Ahmedabad,Gujarat,VERIFIED,LOW,CRM
CRM000345,Demo Customer 0345,1985-01-01,customer0345@example.invalid,0000000345,DEMO000345,Bengaluru,Karnataka,VERIFIED,LOW,CRM
CRM000346,Demo Customer 0346,1986-01-01,customer0346@example.invalid,0000000346,DEMO000346,Delhi,Delhi,VERIFIED,MEDIUM,CRM
CRM000347,Demo Customer 0347,1987-01-01,customer0347@example.invalid,0000000347,DEMO000347,Ahmedabad,Gujarat,VERIFIED,LOW,CRM
CRM000348,Demo Customer 0348,1988-01-01,customer0348@example.invalid,0000000348,DEMO000348,Gurugram,Haryana,VERIFIED,LOW,CRM
CRM000349,Demo Customer 0349,1989-01-01,customer0349@example.invalid,0000000349,DEMO000349,Hyderabad,Telangana,VERIFIED,LOW,CRM
CRM000350,Demo Customer 0350,1990-01-01,customer0350@example.invalid,0000000350,DEMO000350,Ahmedabad,Gujarat,VERIFIED,LOW,CRM
CRM000351,Demo Customer 0351,1991-01-01,customer0351@example.invalid,0000000351,DEMO000351,Hyderabad,Telangana,VERIFIED,LOW,CRM
CRM000352,Demo Customer 0352,1992-01-01,customer0352@example.invalid,0000000352,DEMO000352,Hyderabad,Telangana,PENDING,LOW,CRM
CRM000353,Demo Customer 0353,1993-01-01,customer0353@example.invalid,0000000353,DEMO000353,Mumbai,Maharashtra,VERIFIED,LOW,CRM
CRM000354,Demo Customer 0354,1994-01-01,customer0354@example.invalid,0000000354,DEMO000354,Chennai,Tamil Nadu,VERIFIED,LOW,CRM
CRM000355,Demo Customer 0355,1995-01-01,customer0355@example.invalid,0000000355,DEMO000355,Chennai,Tamil Nadu,VERIFIED,LOW,CRM
CRM000356,Demo Customer 0356,1996-01-01,customer0356@example.invalid,0000000356,DEMO000356,Kolkata,West Bengal,VERIFIED,LOW,CRM
CRM000357,Demo Customer 0357,1997-01-01,customer0357@example.invalid,0000000357,DEMO000357,Gurugram,Haryana,VERIFIED,MEDIUM,CRM
CRM000358,Demo Customer 0358,1998-01-01,customer0358@example.invalid,0000000358,DEMO000358,Ahmedabad,Gujarat,VERIFIED,LOW,CRM
CRM000359,Demo Customer 0359,1999-01-01,customer0359@example.invalid,0000000359,DEMO000359,Chennai,Tamil Nadu,VERIFIED,MEDIUM,CRM
CRM000360,Demo Customer 0360,1970-01-01,customer0360@example.invalid,0000000360,DEMO000360,Mumbai,Maharashtra,VERIFIED,LOW,CRM
CRM000361,Demo Customer 0361,1971-01-01,customer0361@example.invalid,0000000361,DEMO000361,Ahmedabad,Gujarat,VERIFIED,LOW,CRM
CRM000362,Demo Customer 0362,1972-01-01,customer0362@example.invalid,0000000362,DEMO000362,Pune,Maharashtra,VERIFIED,LOW,CRM
CRM000363,Demo Customer 0363,1973-01-01,customer0363@example.invalid,0000000363,DEMO000363,Mumbai,Maharashtra,VERIFIED,LOW,CRM
CRM000364,Demo Customer 0364,1974-01-01,customer0364@example.invalid,0000000364,DEMO000364,Bengaluru,Karnataka,VERIFIED,LOW,CRM
CRM000365,Demo Customer 0365,1975-01-01,customer0365@example.invalid,0000000365,DEMO000365,Nagpur,Maharashtra,VERIFIED,LOW,CRM
CRM000366,Demo Customer 0366,1976-01-01,customer0366@example.invalid,0000000366,DEMO000366,Bengaluru,Karnataka,VERIFIED,LOW,CRM
CRM000367,Demo Customer 0367,1977-01-01,customer0367@example.invalid,0000000367,DEMO000367,Delhi,Delhi,VERIFIED,LOW,CRM
CRM000368,Demo Customer 0368,1978-01-01,customer0368@example.invalid,0000000368,DEMO000368,Kolkata,West Bengal,VERIFIED,HIGH,CRM
CRM000369,Demo Customer 0369,1979-01-01,customer0369@example.invalid,0000000369,DEMO000369,Chennai,Tamil Nadu,VERIFIED,LOW,CRM
CRM000370,Demo Customer 0370,1980-01-01,customer0370@example.invalid,0000000370,DEMO000370,Delhi,Delhi,VERIFIED,LOW,CRM
CRM000371,Demo Customer 0371,1981-01-01,customer0371@example.invalid,0000000371,DEMO000371,Bengaluru,Karnataka,VERIFIED,LOW,CRM
CRM000372,Demo Customer 0372,1982-01-01,customer0372@example.invalid,0000000372,DEMO000372,Nagpur,Maharashtra,VERIFIED,LOW,CRM
CRM000373,Demo Customer 0373,1983-01-01,customer0373@example.invalid,0000000373,DEMO000373,Kolkata,West Bengal,PENDING,LOW,CRM
CRM000374,Demo Customer 0374,1984-01-01,customer0374@example.invalid,0000000374,DEMO000374,Ahmedabad,Gujarat,VERIFIED,MEDIUM,CRM
CRM000375,Demo Customer 0375,1985-01-01,customer0375@example.invalid,0000000375,DEMO000375,Chennai,Tamil Nadu,VERIFIED,LOW,CRM
CRM000376,Demo Customer 0376,1986-01-01,customer0376@example.invalid,0000000376,DEMO000376,Gurugram,Haryana,VERIFIED,LOW,CRM
CRM000377,Demo Customer 0377,1987-01-01,customer0377@example.invalid,0000000377,DEMO000377,Hyderabad,Telangana,VERIFIED,MEDIUM,CRM
CRM000378,Demo Customer 0378,1988-01-01,customer0378@example.invalid,0000000378,DEMO000378,Chennai,Tamil Nadu,VERIFIED,LOW,CRM
CRM000379,Demo Customer 0379,1989-01-01,customer0379@example.invalid,0000000379,DEMO000379,Ahmedabad,Gujarat,VERIFIED,LOW,CRM
CRM000380,Demo Customer 0380,1990-01-01,customer0380@example.invalid,0000000380,DEMO000380,Nagpur,Maharashtra,VERIFIED,MEDIUM,CRM
CRM000381,Demo Customer 0381,1991-01-01,customer0381@example.invalid,0000000381,DEMO000381,Pune,Maharashtra,VERIFIED,LOW,CRM
CRM000382,Demo Customer 0382,1992-01-01,customer0382@example.invalid,0000000382,DEMO000382,Gurugram,Haryana,VERIFIED,LOW,CRM
CRM000383,Demo Customer 0383,1993-01-01,customer0383@example.invalid,0000000383,DEMO000383,Ahmedabad,Gujarat,VERIFIED,MEDIUM,CRM
CRM000384,Demo Customer 0384,1994-01-01,customer0384@example.invalid,0000000384,DEMO000384,Bengaluru,Karnataka,VERIFIED,LOW,CRM
CRM000385,Demo Customer 0385,1995-01-01,customer0385@example.invalid,0000000385,DEMO000385,Pune,Maharashtra,VERIFIED,MEDIUM,CRM
CRM000386,Demo Customer 0386,1996-01-01,customer0386@example.invalid,0000000386,DEMO000386,Pune,Maharashtra,VERIFIED,LOW,CRM
CRM000387,Demo Customer 0387,1997-01-01,customer0387@example.invalid,0000000387,DEMO000387,Pune,Maharashtra,VERIFIED,LOW,CRM
CRM000388,Demo Customer 0388,1998-01-01,customer0388@example.invalid,0000000388,DEMO000388,Chennai,Tamil Nadu,PENDING,LOW,CRM
CRM000389,Demo Customer 0389,1999-01-01,customer0389@example.invalid,0000000389,DEMO000389,Hyderabad,Telangana,VERIFIED,MEDIUM,CRM
CRM000390,Demo Customer 0390,1970-01-01,customer0390@example.invalid,0000000390,DEMO000390,Bengaluru,Karnataka,REJECTED,LOW,CRM
CRM000391,Demo Customer 0391,1971-01-01,customer0391@example.invalid,0000000391,DEMO000391,Bengaluru,Karnataka,PENDING,MEDIUM,CRM
CRM000392,Demo Customer 0392,1972-01-01,customer0392@example.invalid,0000000392,DEMO000392,Ahmedabad,Gujarat,VERIFIED,MEDIUM,CRM
CRM000393,Demo Customer 0393,1973-01-01,customer0393@example.invalid,0000000393,DEMO000393,Chennai,Tamil Nadu,PENDING,LOW,CRM
CRM000394,Demo Customer 0394,1974-01-01,customer0394@example.invalid,0000000394,DEMO000394,Ahmedabad,Gujarat,VERIFIED,MEDIUM,CRM
CRM000395,Demo Customer 0395,1975-01-01,customer0395@example.invalid,0000000395,DEMO000395,Nagpur,Maharashtra,PENDING,MEDIUM,CRM
CRM000396,Demo Customer 0396,1976-01-01,customer0396@example.invalid,0000000396,DEMO000396,Mumbai,Maharashtra,PENDING,LOW,CRM
CRM000397,Demo Customer 0397,1977-01-01,customer0397@example.invalid,0000000397,DEMO000397,Bengaluru,Karnataka,VERIFIED,MEDIUM,CRM
CRM000398,Demo Customer 0398,1978-01-01,customer0398@example.invalid,0000000398,DEMO000398,Pune,Maharashtra,VERIFIED,LOW,CRM
CRM000399,Demo Customer 0399,1979-01-01,customer0399@example.invalid,0000000399,DEMO000399,Gurugram,Haryana,VERIFIED,MEDIUM,CRM
CRM000400,Demo Customer 0400,1980-01-01,customer0400@example.invalid,0000000400,DEMO000400,Hyderabad,Telangana,VERIFIED,LOW,CRM
CRM000401,Demo Customer 0401,1981-01-01,customer0401@example.invalid,0000000401,DEMO000401,Pune,Maharashtra,PENDING,LOW,CRM
CRM000402,Demo Customer 0402,1982-01-01,customer0402@example.invalid,0000000402,DEMO000402,Kolkata,West Bengal,PENDING,LOW,CRM
CRM000403,Demo Customer 0403,1983-01-01,customer0403@example.invalid,0000000403,DEMO000403,Mumbai,Maharashtra,VERIFIED,LOW,CRM
CRM000404,Demo Customer 0404,1984-01-01,customer0404@example.invalid,0000000404,DEMO000404,Ahmedabad,Gujarat,VERIFIED,MEDIUM,CRM
CRM000405,Demo Customer 0405,1985-01-01,customer0405@example.invalid,0000000405,DEMO000405,Pune,Maharashtra,PENDING,LOW,CRM
CRM000406,Demo Customer 0406,1986-01-01,customer0406@example.invalid,0000000406,DEMO000406,Pune,Maharashtra,VERIFIED,LOW,CRM
CRM000407,Demo Customer 0407,1987-01-01,customer0407@example.invalid,0000000407,DEMO000407,Gurugram,Haryana,VERIFIED,MEDIUM,CRM
CRM000408,Demo Customer 0408,1988-01-01,customer0408@example.invalid,0000000408,DEMO000408,Hyderabad,Telangana,VERIFIED,MEDIUM,CRM
CRM000409,Demo Customer 0409,1989-01-01,customer0409@example.invalid,0000000409,DEMO000409,Chennai,Tamil Nadu,VERIFIED,LOW,CRM
CRM000410,Demo Customer 0410,1990-01-01,customer0410@example.invalid,0000000410,DEMO000410,Chennai,Tamil Nadu,VERIFIED,LOW,CRM
CRM000411,Demo Customer 0411,1991-01-01,customer0411@example.invalid,0000000411,DEMO000411,Delhi,Delhi,PENDING,LOW,CRM
CRM000412,Demo Customer 0412,1992-01-01,customer0412@example.invalid,0000000412,DEMO000412,Ahmedabad,Gujarat,VERIFIED,LOW,CRM
CRM000413,Demo Customer 0413,1993-01-01,customer0413@example.invalid,0000000413,DEMO000413,Pune,Maharashtra,VERIFIED,LOW,CRM
CRM000414,Demo Customer 0414,1994-01-01,customer0414@example.invalid,0000000414,DEMO000414,Hyderabad,Telangana,VERIFIED,LOW,CRM
CRM000415,Demo Customer 0415,1995-01-01,customer0415@example.invalid,0000000415,DEMO000415,Bengaluru,Karnataka,VERIFIED,LOW,CRM
CRM000416,Demo Customer 0416,1996-01-01,customer0416@example.invalid,0000000416,DEMO000416,Mumbai,Maharashtra,VERIFIED,LOW,CRM
CRM000417,Demo Customer 0417,1997-01-01,customer0417@example.invalid,0000000417,DEMO000417,Chennai,Tamil Nadu,VERIFIED,LOW,CRM
CRM000418,Demo Customer 0418,1998-01-01,customer0418@example.invalid,0000000418,DEMO000418,Nagpur,Maharashtra,VERIFIED,LOW,CRM
CRM000419,Demo Customer 0419,1999-01-01,customer0419@example.invalid,0000000419,DEMO000419,Gurugram,Haryana,VERIFIED,LOW,CRM
CRM000420,Demo Customer 0420,1970-01-01,customer0420@example.invalid,0000000420,DEMO000420,Gurugram,Haryana,VERIFIED,MEDIUM,CRM
CRM000421,Demo Customer 0421,1971-01-01,customer0421@example.invalid,0000000421,DEMO000421,Pune,Maharashtra,VERIFIED,LOW,CRM
CRM000422,Demo Customer 0422,1972-01-01,customer0422@example.invalid,0000000422,DEMO000422,Pune,Maharashtra,VERIFIED,LOW,CRM
CRM000423,Demo Customer 0423,1973-01-01,customer0423@example.invalid,0000000423,DEMO000423,Bengaluru,Karnataka,VERIFIED,LOW,CRM
CRM000424,Demo Customer 0424,1974-01-01,customer0424@example.invalid,0000000424,DEMO000424,Bengaluru,Karnataka,VERIFIED,LOW,CRM
CRM000425,Demo Customer 0425,1975-01-01,customer0425@example.invalid,0000000425,DEMO000425,Delhi,Delhi,PENDING,LOW,CRM
CRM000426,Demo Customer 0426,1976-01-01,customer0426@example.invalid,0000000426,DEMO000426,Mumbai,Maharashtra,VERIFIED,MEDIUM,CRM
CRM000427,Demo Customer 0427,1977-01-01,customer0427@example.invalid,0000000427,DEMO000427,Pune,Maharashtra,VERIFIED,LOW,CRM
CRM000428,Demo Customer 0428,1978-01-01,customer0428@example.invalid,0000000428,DEMO000428,Bengaluru,Karnataka,VERIFIED,MEDIUM,CRM
CRM000429,Demo Customer 0429,1979-01-01,customer0429@example.invalid,0000000429,DEMO000429,Kolkata,West Bengal,VERIFIED,MEDIUM,CRM
CRM000430,Demo Customer 0430,1980-01-01,customer0430@example.invalid,0000000430,DEMO000430,Ahmedabad,Gujarat,PENDING,MEDIUM,CRM
CRM000431,Demo Customer 0431,1981-01-01,customer0431@example.invalid,0000000431,DEMO000431,Mumbai,Maharashtra,VERIFIED,MEDIUM,CRM
CRM000432,Demo Customer 0432,1982-01-01,customer0432@example.invalid,0000000432,DEMO000432,Gurugram,Haryana,VERIFIED,LOW,CRM
CRM000433,Demo Customer 0433,1983-01-01,customer0433@example.invalid,0000000433,DEMO000433,Kolkata,West Bengal,PENDING,LOW,CRM
CRM000434,Demo Customer 0434,1984-01-01,customer0434@example.invalid,0000000434,DEMO000434,Delhi,Delhi,PENDING,LOW,CRM
CRM000435,Demo Customer 0435,1985-01-01,customer0435@example.invalid,0000000435,DEMO000435,Bengaluru,Karnataka,PENDING,LOW,CRM
CRM000436,Demo Customer 0436,1986-01-01,customer0436@example.invalid,0000000436,DEMO000436,Pune,Maharashtra,VERIFIED,LOW,CRM
CRM000437,Demo Customer 0437,1987-01-01,customer0437@example.invalid,0000000437,DEMO000437,Pune,Maharashtra,VERIFIED,MEDIUM,CRM
CRM000438,Demo Customer 0438,1988-01-01,customer0438@example.invalid,0000000438,DEMO000438,Pune,Maharashtra,VERIFIED,MEDIUM,CRM
CRM000439,Demo Customer 0439,1989-01-01,customer0439@example.invalid,0000000439,DEMO000439,Bengaluru,Karnataka,VERIFIED,MEDIUM,CRM
CRM000440,Demo Customer 0440,1990-01-01,customer0440@example.invalid,0000000440,DEMO000440,Pune,Maharashtra,VERIFIED,HIGH,CRM
CRM000441,Demo Customer 0441,1991-01-01,customer0441@example.invalid,0000000441,DEMO000441,Hyderabad,Telangana,VERIFIED,MEDIUM,CRM
CRM000442,Demo Customer 0442,1992-01-01,customer0442@example.invalid,0000000442,DEMO000442,Delhi,Delhi,VERIFIED,LOW,CRM
CRM000443,Demo Customer 0443,1993-01-01,customer0443@example.invalid,0000000443,DEMO000443,Pune,Maharashtra,VERIFIED,LOW,CRM
CRM000444,Demo Customer 0444,1994-01-01,customer0444@example.invalid,0000000444,DEMO000444,Gurugram,Haryana,VERIFIED,LOW,CRM
CRM000445,Demo Customer 0445,1995-01-01,customer0445@example.invalid,0000000445,DEMO000445,Delhi,Delhi,VERIFIED,LOW,CRM
CRM000446,Demo Customer 0446,1996-01-01,customer0446@example.invalid,0000000446,DEMO000446,Ahmedabad,Gujarat,VERIFIED,LOW,CRM
CRM000447,Demo Customer 0447,1997-01-01,customer0447@example.invalid,0000000447,DEMO000447,Delhi,Delhi,VERIFIED,MEDIUM,CRM
CRM000448,Demo Customer 0448,1998-01-01,customer0448@example.invalid,0000000448,DEMO000448,Bengaluru,Karnataka,VERIFIED,MEDIUM,CRM
CRM000449,Demo Customer 0449,1999-01-01,customer0449@example.invalid,0000000449,DEMO000449,Pune,Maharashtra,VERIFIED,LOW,CRM
CRM000450,Demo Customer 0450,1970-01-01,customer0450@example.invalid,0000000450,DEMO000450,Delhi,Delhi,VERIFIED,LOW,CRM
CRM000451,Demo Customer 0451,1971-01-01,customer0451@example.invalid,0000000451,DEMO000451,Kolkata,West Bengal,VERIFIED,MEDIUM,CRM
CRM000452,Demo Customer 0452,1972-01-01,customer0452@example.invalid,0000000452,DEMO000452,Chennai,Tamil Nadu,VERIFIED,MEDIUM,CRM
CRM000453,Demo Customer 0453,1973-01-01,customer0453@example.invalid,0000000453,DEMO000453,Kolkata,West Bengal,PENDING,MEDIUM,CRM
CRM000454,Demo Customer 0454,1974-01-01,customer0454@example.invalid,0000000454,DEMO000454,Kolkata,West Bengal,VERIFIED,MEDIUM,CRM
CRM000455,Demo Customer 0455,1975-01-01,customer0455@example.invalid,0000000455,DEMO000455,Gurugram,Haryana,VERIFIED,LOW,CRM
CRM000456,Demo Customer 0456,1976-01-01,customer0456@example.invalid,0000000456,DEMO000456,Nagpur,Maharashtra,VERIFIED,LOW,CRM
CRM000457,Demo Customer 0457,1977-01-01,customer0457@example.invalid,0000000457,DEMO000457,Kolkata,West Bengal,VERIFIED,LOW,CRM
CRM000458,Demo Customer 0458,1978-01-01,customer0458@example.invalid,0000000458,DEMO000458,Bengaluru,Karnataka,REJECTED,MEDIUM,CRM
CRM000459,Demo Customer 0459,1979-01-01,customer0459@example.invalid,0000000459,DEMO000459,Chennai,Tamil Nadu,REJECTED,LOW,CRM
CRM000460,Demo Customer 0460,1980-01-01,customer0460@example.invalid,0000000460,DEMO000460,Bengaluru,Karnataka,VERIFIED,LOW,CRM
CRM000461,Demo Customer 0461,1981-01-01,customer0461@example.invalid,0000000461,DEMO000461,Gurugram,Haryana,VERIFIED,MEDIUM,CRM
CRM000462,Demo Customer 0462,1982-01-01,customer0462@example.invalid,0000000462,DEMO000462,Gurugram,Haryana,VERIFIED,MEDIUM,CRM
CRM000463,Demo Customer 0463,1983-01-01,customer0463@example.invalid,0000000463,DEMO000463,Kolkata,West Bengal,VERIFIED,LOW,CRM
CRM000464,Demo Customer 0464,1984-01-01,customer0464@example.invalid,0000000464,DEMO000464,Ahmedabad,Gujarat,VERIFIED,LOW,CRM
CRM000465,Demo Customer 0465,1985-01-01,customer0465@example.invalid,0000000465,DEMO000465,Bengaluru,Karnataka,VERIFIED,LOW,CRM
CRM000466,Demo Customer 0466,1986-01-01,customer0466@example.invalid,0000000466,DEMO000466,Pune,Maharashtra,VERIFIED,MEDIUM,CRM
CRM000467,Demo Customer 0467,1987-01-01,customer0467@example.invalid,0000000467,DEMO000467,Hyderabad,Telangana,VERIFIED,LOW,CRM
CRM000468,Demo Customer 0468,1988-01-01,customer0468@example.invalid,0000000468,DEMO000468,Mumbai,Maharashtra,PENDING,LOW,CRM
CRM000469,Demo Customer 0469,1989-01-01,customer0469@example.invalid,0000000469,DEMO000469,Pune,Maharashtra,VERIFIED,MEDIUM,CRM
CRM000470,Demo Customer 0470,1990-01-01,customer0470@example.invalid,0000000470,DEMO000470,Nagpur,Maharashtra,VERIFIED,LOW,CRM
CRM000471,Demo Customer 0471,1991-01-01,customer0471@example.invalid,0000000471,DEMO000471,Gurugram,Haryana,PENDING,LOW,CRM
CRM000472,Demo Customer 0472,1992-01-01,customer0472@example.invalid,0000000472,DEMO000472,Bengaluru,Karnataka,VERIFIED,LOW,CRM
CRM000473,Demo Customer 0473,1993-01-01,customer0473@example.invalid,0000000473,DEMO000473,Kolkata,West Bengal,VERIFIED,LOW,CRM
CRM000474,Demo Customer 0474,1994-01-01,customer0474@example.invalid,0000000474,DEMO000474,Delhi,Delhi,VERIFIED,LOW,CRM
CRM000475,Demo Customer 0475,1995-01-01,customer0475@example.invalid,0000000475,DEMO000475,Ahmedabad,Gujarat,REJECTED,LOW,CRM
CRM000476,Demo Customer 0476,1996-01-01,customer0476@example.invalid,0000000476,DEMO000476,Hyderabad,Telangana,PENDING,MEDIUM,CRM
CRM000477,Demo Customer 0477,1997-01-01,customer0477@example.invalid,0000000477,DEMO000477,Kolkata,West Bengal,VERIFIED,LOW,CRM
CRM000478,Demo Customer 0478,1998-01-01,customer0478@example.invalid,0000000478,DEMO000478,Kolkata,West Bengal,VERIFIED,MEDIUM,CRM
CRM000479,Demo Customer 0479,1999-01-01,customer0479@example.invalid,0000000479,DEMO000479,Nagpur,Maharashtra,VERIFIED,MEDIUM,CRM
CRM000480,Demo Customer 0480,1970-01-01,customer0480@example.invalid,0000000480,DEMO000480,Pune,Maharashtra,VERIFIED,LOW,CRM
CRM000481,Demo Customer 0481,1971-01-01,customer0481@example.invalid,0000000481,DEMO000481,Pune,Maharashtra,VERIFIED,LOW,CRM
CRM000482,Demo Customer 0482,1972-01-01,customer0482@example.invalid,0000000482,DEMO000482,Mumbai,Maharashtra,VERIFIED,LOW,CRM
CRM000483,Demo Customer 0483,1973-01-01,customer0483@example.invalid,0000000483,DEMO000483,Hyderabad,Telangana,VERIFIED,MEDIUM,CRM
CRM000484,Demo Customer 0484,1974-01-01,customer0484@example.invalid,0000000484,DEMO000484,Bengaluru,Karnataka,VERIFIED,LOW,CRM
CRM000485,Demo Customer 0485,1975-01-01,customer0485@example.invalid,0000000485,DEMO000485,Gurugram,Haryana,VERIFIED,LOW,CRM
CRM000486,Demo Customer 0486,1976-01-01,customer0486@example.invalid,0000000486,DEMO000486,Pune,Maharashtra,VERIFIED,LOW,CRM
CRM000487,Demo Customer 0487,1977-01-01,customer0487@example.invalid,0000000487,DEMO000487,Kolkata,West Bengal,VERIFIED,MEDIUM,CRM
CRM000488,Demo Customer 0488,1978-01-01,customer0488@example.invalid,0000000488,DEMO000488,Nagpur,Maharashtra,VERIFIED,MEDIUM,CRM
CRM000489,Demo Customer 0489,1979-01-01,customer0489@example.invalid,0000000489,DEMO000489,Gurugram,Haryana,VERIFIED,LOW,CRM
CRM000490,Demo Customer 0490,1980-01-01,customer0490@example.invalid,0000000490,DEMO000490,Bengaluru,Karnataka,VERIFIED,LOW,CRM
CRM000491,Demo Customer 0491,1981-01-01,customer0491@example.invalid,0000000491,DEMO000491,Hyderabad,Telangana,VERIFIED,LOW,CRM
CRM000492,Demo Customer 0492,1982-01-01,customer0492@example.invalid,0000000492,DEMO000492,Nagpur,Maharashtra,VERIFIED,LOW,CRM
CRM000493,Demo Customer 0493,1983-01-01,customer0493@example.invalid,0000000493,DEMO000493,Kolkata,West Bengal,VERIFIED,LOW,CRM
CRM000494,Demo Customer 0494,1984-01-01,customer0494@example.invalid,0000000494,DEMO000494,Hyderabad,Telangana,VERIFIED,MEDIUM,CRM
CRM000495,Demo Customer 0495,1985-01-01,customer0495@example.invalid,0000000495,DEMO000495,Kolkata,West Bengal,VERIFIED,LOW,CRM
CRM000496,Demo Customer 0496,1986-01-01,customer0496@example.invalid,0000000496,DEMO000496,Gurugram,Haryana,VERIFIED,LOW,CRM
CRM000497,Demo Customer 0497,1987-01-01,customer0497@example.invalid,0000000497,DEMO000497,Nagpur,Maharashtra,PENDING,LOW,CRM
CRM000498,Demo Customer 0498,1988-01-01,customer0498@example.invalid,0000000498,DEMO000498,Pune,Maharashtra,VERIFIED,MEDIUM,CRM
CRM000499,Demo Customer 0499,1989-01-01,customer0499@example.invalid,0000000499,DEMO000499,Nagpur,Maharashtra,VERIFIED,LOW,CRM
CRM000500,Demo Customer 0500,1990-01-01,customer0500@example.invalid,0000000500,DEMO000500,Nagpur,Maharashtra,VERIFIED,LOW,CRM
CRM000501,Demo Customer 0501,1991-01-01,customer0501@example.invalid,0000000501,DEMO000501,Delhi,Delhi,PENDING,LOW,CRM
CRM000502,Demo Customer 0502,1992-01-01,customer0502@example.invalid,0000000502,DEMO000502,Ahmedabad,Gujarat,REJECTED,LOW,CRM
CRM000503,Demo Customer 0503,1993-01-01,customer0503@example.invalid,0000000503,DEMO000503,Chennai,Tamil Nadu,VERIFIED,LOW,CRM
CRM000504,Demo Customer 0504,1994-01-01,customer0504@example.invalid,0000000504,DEMO000504,Kolkata,West Bengal,VERIFIED,LOW,CRM
CRM000505,Demo Customer 0505,1995-01-01,customer0505@example.invalid,0000000505,DEMO000505,Bengaluru,Karnataka,REJECTED,MEDIUM,CRM
CRM000506,Demo Customer 0506,1996-01-01,customer0506@example.invalid,0000000506,DEMO000506,Nagpur,Maharashtra,VERIFIED,LOW,CRM
CRM000507,Demo Customer 0507,1997-01-01,customer0507@example.invalid,0000000507,DEMO000507,Delhi,Delhi,VERIFIED,LOW,CRM
CRM000508,Demo Customer 0508,1998-01-01,customer0508@example.invalid,0000000508,DEMO000508,Mumbai,Maharashtra,VERIFIED,LOW,CRM
CRM000509,Demo Customer 0509,1999-01-01,customer0509@example.invalid,0000000509,DEMO000509,Gurugram,Haryana,VERIFIED,LOW,CRM
CRM000510,Demo Customer 0510,1970-01-01,customer0510@example.invalid,0000000510,DEMO000510,Ahmedabad,Gujarat,VERIFIED,LOW,CRM
CRM000511,Demo Customer 0511,1971-01-01,customer0511@example.invalid,0000000511,DEMO000511,Gurugram,Haryana,VERIFIED,MEDIUM,CRM
CRM000512,Demo Customer 0512,1972-01-01,customer0512@example.invalid,0000000512,DEMO000512,Pune,Maharashtra,PENDING,LOW,CRM
CRM000513,Demo Customer 0513,1973-01-01,customer0513@example.invalid,0000000513,DEMO000513,Ahmedabad,Gujarat,VERIFIED,MEDIUM,CRM
CRM000514,Demo Customer 0514,1974-01-01,customer0514@example.invalid,0000000514,DEMO000514,Ahmedabad,Gujarat,VERIFIED,LOW,CRM
CRM000515,Demo Customer 0515,1975-01-01,customer0515@example.invalid,0000000515,DEMO000515,Hyderabad,Telangana,VERIFIED,LOW,CRM
CRM000516,Demo Customer 0516,1976-01-01,customer0516@example.invalid,0000000516,DEMO000516,Kolkata,West Bengal,VERIFIED,MEDIUM,CRM
CRM000517,Demo Customer 0517,1977-01-01,customer0517@example.invalid,0000000517,DEMO000517,Pune,Maharashtra,VERIFIED,LOW,CRM
CRM000518,Demo Customer 0518,1978-01-01,customer0518@example.invalid,0000000518,DEMO000518,Mumbai,Maharashtra,VERIFIED,HIGH,CRM
CRM000519,Demo Customer 0519,1979-01-01,customer0519@example.invalid,0000000519,DEMO000519,Hyderabad,Telangana,VERIFIED,LOW,CRM
CRM000520,Demo Customer 0520,1980-01-01,customer0520@example.invalid,0000000520,DEMO000520,Kolkata,West Bengal,VERIFIED,LOW,CRM
CRM000521,Demo Customer 0521,1981-01-01,customer0521@example.invalid,0000000521,DEMO000521,Ahmedabad,Gujarat,VERIFIED,LOW,CRM
CRM000522,Demo Customer 0522,1982-01-01,customer0522@example.invalid,0000000522,DEMO000522,Bengaluru,Karnataka,VERIFIED,MEDIUM,CRM
CRM000523,Demo Customer 0523,1983-01-01,customer0523@example.invalid,0000000523,DEMO000523,Bengaluru,Karnataka,PENDING,MEDIUM,CRM
CRM000524,Demo Customer 0524,1984-01-01,customer0524@example.invalid,0000000524,DEMO000524,Nagpur,Maharashtra,VERIFIED,LOW,CRM
CRM000525,Demo Customer 0525,1985-01-01,customer0525@example.invalid,0000000525,DEMO000525,Delhi,Delhi,VERIFIED,MEDIUM,CRM
CRM000526,Demo Customer 0526,1986-01-01,customer0526@example.invalid,0000000526,DEMO000526,Delhi,Delhi,PENDING,LOW,CRM
CRM000527,Demo Customer 0527,1987-01-01,customer0527@example.invalid,0000000527,DEMO000527,Bengaluru,Karnataka,VERIFIED,LOW,CRM
CRM000528,Demo Customer 0528,1988-01-01,customer0528@example.invalid,0000000528,DEMO000528,Pune,Maharashtra,VERIFIED,LOW,CRM
CRM000529,Demo Customer 0529,1989-01-01,customer0529@example.invalid,0000000529,DEMO000529,Nagpur,Maharashtra,PENDING,LOW,CRM
CRM000530,Demo Customer 0530,1990-01-01,customer0530@example.invalid,0000000530,DEMO000530,Delhi,Delhi,VERIFIED,HIGH,CRM
CRM000531,Demo Customer 0531,1991-01-01,customer0531@example.invalid,0000000531,DEMO000531,Nagpur,Maharashtra,VERIFIED,LOW,CRM
CRM000532,Demo Customer 0532,1992-01-01,customer0532@example.invalid,0000000532,DEMO000532,Chennai,Tamil Nadu,VERIFIED,LOW,CRM
CRM000533,Demo Customer 0533,1993-01-01,customer0533@example.invalid,0000000533,DEMO000533,Ahmedabad,Gujarat,VERIFIED,LOW,CRM
CRM000534,Demo Customer 0534,1994-01-01,customer0534@example.invalid,0000000534,DEMO000534,Bengaluru,Karnataka,VERIFIED,MEDIUM,CRM
CRM000535,Demo Customer 0535,1995-01-01,customer0535@example.invalid,0000000535,DEMO000535,Nagpur,Maharashtra,VERIFIED,LOW,CRM
CRM000536,Demo Customer 0536,1996-01-01,customer0536@example.invalid,0000000536,DEMO000536,Nagpur,Maharashtra,PENDING,LOW,CRM
CRM000537,Demo Customer 0537,1997-01-01,customer0537@example.invalid,0000000537,DEMO000537,Pune,Maharashtra,VERIFIED,HIGH,CRM
CRM000538,Demo Customer 0538,1998-01-01,customer0538@example.invalid,0000000538,DEMO000538,Bengaluru,Karnataka,VERIFIED,LOW,CRM
CRM000539,Demo Customer 0539,1999-01-01,customer0539@example.invalid,0000000539,DEMO000539,Gurugram,Haryana,VERIFIED,MEDIUM,CRM
CRM000540,Demo Customer 0540,1970-01-01,customer0540@example.invalid,0000000540,DEMO000540,Ahmedabad,Gujarat,VERIFIED,LOW,CRM
CRM000541,Demo Customer 0541,1971-01-01,customer0541@example.invalid,0000000541,DEMO000541,Ahmedabad,Gujarat,VERIFIED,MEDIUM,CRM
CRM000542,Demo Customer 0542,1972-01-01,customer0542@example.invalid,0000000542,DEMO000542,Hyderabad,Telangana,VERIFIED,MEDIUM,CRM
CRM000543,Demo Customer 0543,1973-01-01,customer0543@example.invalid,0000000543,DEMO000543,Ahmedabad,Gujarat,PENDING,LOW,CRM
CRM000544,Demo Customer 0544,1974-01-01,customer0544@example.invalid,0000000544,DEMO000544,Chennai,Tamil Nadu,VERIFIED,LOW,CRM
CRM000545,Demo Customer 0545,1975-01-01,customer0545@example.invalid,0000000545,DEMO000545,Gurugram,Haryana,VERIFIED,HIGH,CRM
CRM000546,Demo Customer 0546,1976-01-01,customer0546@example.invalid,0000000546,DEMO000546,Gurugram,Haryana,VERIFIED,LOW,CRM
CRM000547,Demo Customer 0547,1977-01-01,customer0547@example.invalid,0000000547,DEMO000547,Delhi,Delhi,VERIFIED,LOW,CRM
CRM000548,Demo Customer 0548,1978-01-01,customer0548@example.invalid,0000000548,DEMO000548,Nagpur,Maharashtra,VERIFIED,MEDIUM,CRM
CRM000549,Demo Customer 0549,1979-01-01,customer0549@example.invalid,0000000549,DEMO000549,Gurugram,Haryana,VERIFIED,LOW,CRM
CRM000550,Demo Customer 0550,1980-01-01,customer0550@example.invalid,0000000550,DEMO000550,Gurugram,Haryana,PENDING,LOW,CRM
CRM000551,Demo Customer 0551,1981-01-01,customer0551@example.invalid,0000000551,DEMO000551,Pune,Maharashtra,VERIFIED,MEDIUM,CRM
CRM000552,Demo Customer 0552,1982-01-01,customer0552@example.invalid,0000000552,DEMO000552,Delhi,Delhi,VERIFIED,LOW,CRM
CRM000553,Demo Customer 0553,1983-01-01,customer0553@example.invalid,0000000553,DEMO000553,Mumbai,Maharashtra,VERIFIED,LOW,CRM
CRM000554,Demo Customer 0554,1984-01-01,customer0554@example.invalid,0000000554,DEMO000554,Chennai,Tamil Nadu,VERIFIED,LOW,CRM
CRM000555,Demo Customer 0555,1985-01-01,customer0555@example.invalid,0000000555,DEMO000555,Kolkata,West Bengal,PENDING,LOW,CRM
CRM000556,Demo Customer 0556,1986-01-01,customer0556@example.invalid,0000000556,DEMO000556,Mumbai,Maharashtra,VERIFIED,LOW,CRM
CRM000557,Demo Customer 0557,1987-01-01,customer0557@example.invalid,0000000557,DEMO000557,Nagpur,Maharashtra,VERIFIED,HIGH,CRM
CRM000558,Demo Customer 0558,1988-01-01,customer0558@example.invalid,0000000558,DEMO000558,Chennai,Tamil Nadu,PENDING,LOW,CRM
CRM000559,Demo Customer 0559,1989-01-01,customer0559@example.invalid,0000000559,DEMO000559,Kolkata,West Bengal,VERIFIED,LOW,CRM
CRM000560,Demo Customer 0560,1990-01-01,customer0560@example.invalid,0000000560,DEMO000560,Bengaluru,Karnataka,PENDING,LOW,CRM
CRM000561,Demo Customer 0561,1991-01-01,customer0561@example.invalid,0000000561,DEMO000561,Bengaluru,Karnataka,VERIFIED,LOW,CRM
CRM000562,Demo Customer 0562,1992-01-01,customer0562@example.invalid,0000000562,DEMO000562,Delhi,Delhi,VERIFIED,LOW,CRM
CRM000563,Demo Customer 0563,1993-01-01,customer0563@example.invalid,0000000563,DEMO000563,Chennai,Tamil Nadu,VERIFIED,LOW,CRM
CRM000564,Demo Customer 0564,1994-01-01,customer0564@example.invalid,0000000564,DEMO000564,Pune,Maharashtra,VERIFIED,LOW,CRM
CRM000565,Demo Customer 0565,1995-01-01,customer0565@example.invalid,0000000565,DEMO000565,Ahmedabad,Gujarat,VERIFIED,MEDIUM,CRM
CRM000566,Demo Customer 0566,1996-01-01,customer0566@example.invalid,0000000566,DEMO000566,Gurugram,Haryana,VERIFIED,LOW,CRM
CRM000567,Demo Customer 0567,1997-01-01,customer0567@example.invalid,0000000567,DEMO000567,Gurugram,Haryana,REJECTED,LOW,CRM
CRM000568,Demo Customer 0568,1998-01-01,customer0568@example.invalid,0000000568,DEMO000568,Pune,Maharashtra,VERIFIED,LOW,CRM
CRM000569,Demo Customer 0569,1999-01-01,customer0569@example.invalid,0000000569,DEMO000569,Kolkata,West Bengal,VERIFIED,LOW,CRM
CRM000570,Demo Customer 0570,1970-01-01,customer0570@example.invalid,0000000570,DEMO000570,Chennai,Tamil Nadu,VERIFIED,LOW,CRM
CRM000571,Demo Customer 0571,1971-01-01,customer0571@example.invalid,0000000571,DEMO000571,Chennai,Tamil Nadu,REJECTED,LOW,CRM
CRM000572,Demo Customer 0572,1972-01-01,customer0572@example.invalid,0000000572,DEMO000572,Gurugram,Haryana,VERIFIED,MEDIUM,CRM
CRM000573,Demo Customer 0573,1973-01-01,customer0573@example.invalid,0000000573,DEMO000573,Kolkata,West Bengal,VERIFIED,LOW,CRM
CRM000574,Demo Customer 0574,1974-01-01,customer0574@example.invalid,0000000574,DEMO000574,Kolkata,West Bengal,VERIFIED,HIGH,CRM
CRM000575,Demo Customer 0575,1975-01-01,customer0575@example.invalid,0000000575,DEMO000575,Gurugram,Haryana,VERIFIED,LOW,CRM
CRM000576,Demo Customer 0576,1976-01-01,customer0576@example.invalid,0000000576,DEMO000576,Nagpur,Maharashtra,VERIFIED,LOW,CRM
CRM000577,Demo Customer 0577,1977-01-01,customer0577@example.invalid,0000000577,DEMO000577,Chennai,Tamil Nadu,VERIFIED,LOW,CRM
CRM000578,Demo Customer 0578,1978-01-01,customer0578@example.invalid,0000000578,DEMO000578,Hyderabad,Telangana,VERIFIED,LOW,CRM
CRM000579,Demo Customer 0579,1979-01-01,customer0579@example.invalid,0000000579,DEMO000579,Hyderabad,Telangana,VERIFIED,HIGH,CRM
CRM000580,Demo Customer 0580,1980-01-01,customer0580@example.invalid,0000000580,DEMO000580,Gurugram,Haryana,PENDING,LOW,CRM
CRM000581,Demo Customer 0581,1981-01-01,customer0581@example.invalid,0000000581,DEMO000581,Pune,Maharashtra,PENDING,LOW,CRM
CRM000582,Demo Customer 0582,1982-01-01,customer0582@example.invalid,0000000582,DEMO000582,Ahmedabad,Gujarat,VERIFIED,LOW,CRM
CRM000583,Demo Customer 0583,1983-01-01,customer0583@example.invalid,0000000583,DEMO000583,Kolkata,West Bengal,VERIFIED,MEDIUM,CRM
CRM000584,Demo Customer 0584,1984-01-01,customer0584@example.invalid,0000000584,DEMO000584,Delhi,Delhi,VERIFIED,LOW,CRM
CRM000585,Demo Customer 0585,1985-01-01,customer0585@example.invalid,0000000585,DEMO000585,Chennai,Tamil Nadu,VERIFIED,LOW,CRM
CRM000586,Demo Customer 0586,1986-01-01,customer0586@example.invalid,0000000586,DEMO000586,Pune,Maharashtra,VERIFIED,LOW,CRM
CRM000587,Demo Customer 0587,1987-01-01,customer0587@example.invalid,0000000587,DEMO000587,Mumbai,Maharashtra,VERIFIED,MEDIUM,CRM
CRM000588,Demo Customer 0588,1988-01-01,customer0588@example.invalid,0000000588,DEMO000588,Bengaluru,Karnataka,PENDING,LOW,CRM
CRM000589,Demo Customer 0589,1989-01-01,customer0589@example.invalid,0000000589,DEMO000589,Ahmedabad,Gujarat,VERIFIED,LOW,CRM
CRM000590,Demo Customer 0590,1990-01-01,customer0590@example.invalid,0000000590,DEMO000590,Hyderabad,Telangana,VERIFIED,LOW,CRM
CRM000591,Demo Customer 0591,1991-01-01,customer0591@example.invalid,0000000591,DEMO000591,Kolkata,West Bengal,REJECTED,LOW,CRM
CRM000592,Demo Customer 0592,1992-01-01,customer0592@example.invalid,0000000592,DEMO000592,Mumbai,Maharashtra,VERIFIED,MEDIUM,CRM
CRM000593,Demo Customer 0593,1993-01-01,customer0593@example.invalid,0000000593,DEMO000593,Chennai,Tamil Nadu,VERIFIED,MEDIUM,CRM
CRM000594,Demo Customer 0594,1994-01-01,customer0594@example.invalid,0000000594,DEMO000594,Delhi,Delhi,VERIFIED,LOW,CRM
CRM000595,Demo Customer 0595,1995-01-01,customer0595@example.invalid,0000000595,DEMO000595,Nagpur,Maharashtra,VERIFIED,LOW,CRM
CRM000596,Demo Customer 0596,1996-01-01,customer0596@example.invalid,0000000596,DEMO000596,Bengaluru,Karnataka,VERIFIED,MEDIUM,CRM
CRM000597,Demo Customer 0597,1997-01-01,customer0597@example.invalid,0000000597,DEMO000597,Kolkata,West Bengal,PENDING,LOW,CRM
CRM000598,Demo Customer 0598,1998-01-01,customer0598@example.invalid,0000000598,DEMO000598,Kolkata,West Bengal,VERIFIED,LOW,CRM
CRM000599,Demo Customer 0599,1999-01-01,customer0599@example.invalid,0000000599,DEMO000599,Delhi,Delhi,VERIFIED,LOW,CRM
CRM000600,Demo Customer 0600,1970-01-01,customer0600@example.invalid,0000000600,DEMO000600,Pune,Maharashtra,VERIFIED,LOW,CRM
CRM000601,Demo Customer 0601,1971-01-01,customer0601@example.invalid,0000000601,DEMO000601,Delhi,Delhi,VERIFIED,MEDIUM,CRM
CRM000602,Demo Customer 0602,1972-01-01,customer0602@example.invalid,0000000602,DEMO000602,Nagpur,Maharashtra,PENDING,LOW,CRM
CRM000603,Demo Customer 0603,1973-01-01,customer0603@example.invalid,0000000603,DEMO000603,Bengaluru,Karnataka,VERIFIED,LOW,CRM
CRM000604,Demo Customer 0604,1974-01-01,customer0604@example.invalid,0000000604,DEMO000604,Hyderabad,Telangana,VERIFIED,MEDIUM,CRM
CRM000605,Demo Customer 0605,1975-01-01,customer0605@example.invalid,0000000605,DEMO000605,Delhi,Delhi,VERIFIED,LOW,CRM
CRM000606,Demo Customer 0606,1976-01-01,customer0606@example.invalid,0000000606,DEMO000606,Pune,Maharashtra,VERIFIED,LOW,CRM
CRM000607,Demo Customer 0607,1977-01-01,customer0607@example.invalid,0000000607,DEMO000607,Hyderabad,Telangana,VERIFIED,LOW,CRM
CRM000608,Demo Customer 0608,1978-01-01,customer0608@example.invalid,0000000608,DEMO000608,Mumbai,Maharashtra,VERIFIED,LOW,CRM
CRM000609,Demo Customer 0609,1979-01-01,customer0609@example.invalid,0000000609,DEMO000609,Pune,Maharashtra,VERIFIED,LOW,CRM
CRM000610,Demo Customer 0610,1980-01-01,customer0610@example.invalid,0000000610,DEMO000610,Nagpur,Maharashtra,PENDING,LOW,CRM
CRM000611,Demo Customer 0611,1981-01-01,customer0611@example.invalid,0000000611,DEMO000611,Chennai,Tamil Nadu,VERIFIED,LOW,CRM
CRM000612,Demo Customer 0612,1982-01-01,customer0612@example.invalid,0000000612,DEMO000612,Ahmedabad,Gujarat,VERIFIED,LOW,CRM
CRM000613,Demo Customer 0613,1983-01-01,customer0613@example.invalid,0000000613,DEMO000613,Ahmedabad,Gujarat,REJECTED,LOW,CRM
CRM000614,Demo Customer 0614,1984-01-01,customer0614@example.invalid,0000000614,DEMO000614,Nagpur,Maharashtra,VERIFIED,MEDIUM,CRM
CRM000615,Demo Customer 0615,1985-01-01,customer0615@example.invalid,0000000615,DEMO000615,Mumbai,Maharashtra,VERIFIED,LOW,CRM
CRM000616,Demo Customer 0616,1986-01-01,customer0616@example.invalid,0000000616,DEMO000616,Delhi,Delhi,VERIFIED,LOW,CRM
CRM000617,Demo Customer 0617,1987-01-01,customer0617@example.invalid,0000000617,DEMO000617,Pune,Maharashtra,VERIFIED,HIGH,CRM
CRM000618,Demo Customer 0618,1988-01-01,customer0618@example.invalid,0000000618,DEMO000618,Ahmedabad,Gujarat,VERIFIED,LOW,CRM
CRM000619,Demo Customer 0619,1989-01-01,customer0619@example.invalid,0000000619,DEMO000619,Mumbai,Maharashtra,VERIFIED,LOW,CRM
CRM000620,Demo Customer 0620,1990-01-01,customer0620@example.invalid,0000000620,DEMO000620,Nagpur,Maharashtra,VERIFIED,LOW,CRM
CRM000621,Demo Customer 0621,1991-01-01,customer0621@example.invalid,0000000621,DEMO000621,Pune,Maharashtra,VERIFIED,LOW,CRM
CRM000622,Demo Customer 0622,1992-01-01,customer0622@example.invalid,0000000622,DEMO000622,Nagpur,Maharashtra,VERIFIED,LOW,CRM
CRM000623,Demo Customer 0623,1993-01-01,customer0623@example.invalid,0000000623,DEMO000623,Delhi,Delhi,VERIFIED,LOW,CRM
CRM000624,Demo Customer 0624,1994-01-01,customer0624@example.invalid,0000000624,DEMO000624,Pune,Maharashtra,VERIFIED,LOW,CRM
CRM000625,Demo Customer 0625,1995-01-01,customer0625@example.invalid,0000000625,DEMO000625,Ahmedabad,Gujarat,VERIFIED,HIGH,CRM
CRM000626,Demo Customer 0626,1996-01-01,customer0626@example.invalid,0000000626,DEMO000626,Bengaluru,Karnataka,VERIFIED,MEDIUM,CRM
CRM000627,Demo Customer 0627,1997-01-01,customer0627@example.invalid,0000000627,DEMO000627,Bengaluru,Karnataka,VERIFIED,LOW,CRM
CRM000628,Demo Customer 0628,1998-01-01,customer0628@example.invalid,0000000628,DEMO000628,Pune,Maharashtra,PENDING,MEDIUM,CRM
CRM000629,Demo Customer 0629,1999-01-01,customer0629@example.invalid,0000000629,DEMO000629,Ahmedabad,Gujarat,PENDING,LOW,CRM
CRM000630,Demo Customer 0630,1970-01-01,customer0630@example.invalid,0000000630,DEMO000630,Hyderabad,Telangana,VERIFIED,LOW,CRM
CRM000631,Demo Customer 0631,1971-01-01,customer0631@example.invalid,0000000631,DEMO000631,Gurugram,Haryana,PENDING,LOW,CRM
CRM000632,Demo Customer 0632,1972-01-01,customer0632@example.invalid,0000000632,DEMO000632,Hyderabad,Telangana,VERIFIED,LOW,CRM
CRM000633,Demo Customer 0633,1973-01-01,customer0633@example.invalid,0000000633,DEMO000633,Mumbai,Maharashtra,VERIFIED,LOW,CRM
CRM000634,Demo Customer 0634,1974-01-01,customer0634@example.invalid,0000000634,DEMO000634,Mumbai,Maharashtra,VERIFIED,LOW,CRM
CRM000635,Demo Customer 0635,1975-01-01,customer0635@example.invalid,0000000635,DEMO000635,Bengaluru,Karnataka,VERIFIED,MEDIUM,CRM
CRM000636,Demo Customer 0636,1976-01-01,customer0636@example.invalid,0000000636,DEMO000636,Kolkata,West Bengal,VERIFIED,LOW,CRM
CRM000637,Demo Customer 0637,1977-01-01,customer0637@example.invalid,0000000637,DEMO000637,Ahmedabad,Gujarat,VERIFIED,LOW,CRM
CRM000638,Demo Customer 0638,1978-01-01,customer0638@example.invalid,0000000638,DEMO000638,Nagpur,Maharashtra,VERIFIED,LOW,CRM
CRM000639,Demo Customer 0639,1979-01-01,customer0639@example.invalid,0000000639,DEMO000639,Hyderabad,Telangana,VERIFIED,LOW,CRM
CRM000640,Demo Customer 0640,1980-01-01,customer0640@example.invalid,0000000640,DEMO000640,Gurugram,Haryana,VERIFIED,HIGH,CRM
CRM000641,Demo Customer 0641,1981-01-01,customer0641@example.invalid,0000000641,DEMO000641,Pune,Maharashtra,VERIFIED,LOW,CRM
CRM000642,Demo Customer 0642,1982-01-01,customer0642@example.invalid,0000000642,DEMO000642,Gurugram,Haryana,VERIFIED,MEDIUM,CRM
CRM000643,Demo Customer 0643,1983-01-01,customer0643@example.invalid,0000000643,DEMO000643,Kolkata,West Bengal,VERIFIED,LOW,CRM
CRM000644,Demo Customer 0644,1984-01-01,customer0644@example.invalid,0000000644,DEMO000644,Hyderabad,Telangana,VERIFIED,LOW,CRM
CRM000645,Demo Customer 0645,1985-01-01,customer0645@example.invalid,0000000645,DEMO000645,Pune,Maharashtra,VERIFIED,LOW,CRM
CRM000646,Demo Customer 0646,1986-01-01,customer0646@example.invalid,0000000646,DEMO000646,Kolkata,West Bengal,VERIFIED,MEDIUM,CRM
CRM000647,Demo Customer 0647,1987-01-01,customer0647@example.invalid,0000000647,DEMO000647,Kolkata,West Bengal,VERIFIED,LOW,CRM
CRM000648,Demo Customer 0648,1988-01-01,customer0648@example.invalid,0000000648,DEMO000648,Hyderabad,Telangana,VERIFIED,MEDIUM,CRM
CRM000649,Demo Customer 0649,1989-01-01,customer0649@example.invalid,0000000649,DEMO000649,Hyderabad,Telangana,VERIFIED,LOW,CRM
CRM000650,Demo Customer 0650,1990-01-01,customer0650@example.invalid,0000000650,DEMO000650,Kolkata,West Bengal,VERIFIED,LOW,CRM
CRM000651,Demo Customer 0651,1991-01-01,customer0651@example.invalid,0000000651,DEMO000651,Pune,Maharashtra,VERIFIED,LOW,CRM
CRM000652,Demo Customer 0652,1992-01-01,customer0652@example.invalid,0000000652,DEMO000652,Bengaluru,Karnataka,VERIFIED,LOW,CRM
CRM000653,Demo Customer 0653,1993-01-01,customer0653@example.invalid,0000000653,DEMO000653,Bengaluru,Karnataka,PENDING,LOW,CRM
CRM000654,Demo Customer 0654,1994-01-01,customer0654@example.invalid,0000000654,DEMO000654,Nagpur,Maharashtra,VERIFIED,LOW,CRM
CRM000655,Demo Customer 0655,1995-01-01,customer0655@example.invalid,0000000655,DEMO000655,Mumbai,Maharashtra,VERIFIED,MEDIUM,CRM
CRM000656,Demo Customer 0656,1996-01-01,customer0656@example.invalid,0000000656,DEMO000656,Delhi,Delhi,PENDING,LOW,CRM
CRM000657,Demo Customer 0657,1997-01-01,customer0657@example.invalid,0000000657,DEMO000657,Pune,Maharashtra,PENDING,LOW,CRM
CRM000658,Demo Customer 0658,1998-01-01,customer0658@example.invalid,0000000658,DEMO000658,Mumbai,Maharashtra,VERIFIED,LOW,CRM
CRM000659,Demo Customer 0659,1999-01-01,customer0659@example.invalid,0000000659,DEMO000659,Nagpur,Maharashtra,VERIFIED,MEDIUM,CRM
CRM000660,Demo Customer 0660,1970-01-01,customer0660@example.invalid,0000000660,DEMO000660,Mumbai,Maharashtra,PENDING,MEDIUM,CRM
CRM000661,Demo Customer 0661,1971-01-01,customer0661@example.invalid,0000000661,DEMO000661,Nagpur,Maharashtra,VERIFIED,LOW,CRM
CRM000662,Demo Customer 0662,1972-01-01,customer0662@example.invalid,0000000662,DEMO000662,Hyderabad,Telangana,VERIFIED,LOW,CRM
CRM000663,Demo Customer 0663,1973-01-01,customer0663@example.invalid,0000000663,DEMO000663,Nagpur,Maharashtra,VERIFIED,MEDIUM,CRM
CRM000664,Demo Customer 0664,1974-01-01,customer0664@example.invalid,0000000664,DEMO000664,Ahmedabad,Gujarat,VERIFIED,LOW,CRM
CRM000665,Demo Customer 0665,1975-01-01,customer0665@example.invalid,0000000665,DEMO000665,Kolkata,West Bengal,VERIFIED,LOW,CRM
CRM000666,Demo Customer 0666,1976-01-01,customer0666@example.invalid,0000000666,DEMO000666,Mumbai,Maharashtra,VERIFIED,LOW,CRM
CRM000667,Demo Customer 0667,1977-01-01,customer0667@example.invalid,0000000667,DEMO000667,Mumbai,Maharashtra,VERIFIED,LOW,CRM
CRM000668,Demo Customer 0668,1978-01-01,customer0668@example.invalid,0000000668,DEMO000668,Mumbai,Maharashtra,PENDING,MEDIUM,CRM
CRM000669,Demo Customer 0669,1979-01-01,customer0669@example.invalid,0000000669,DEMO000669,Gurugram,Haryana,PENDING,MEDIUM,CRM
CRM000670,Demo Customer 0670,1980-01-01,customer0670@example.invalid,0000000670,DEMO000670,Chennai,Tamil Nadu,VERIFIED,LOW,CRM
CRM000671,Demo Customer 0671,1981-01-01,customer0671@example.invalid,0000000671,DEMO000671,Delhi,Delhi,VERIFIED,HIGH,CRM
CRM000672,Demo Customer 0672,1982-01-01,customer0672@example.invalid,0000000672,DEMO000672,Gurugram,Haryana,VERIFIED,LOW,CRM
CRM000673,Demo Customer 0673,1983-01-01,customer0673@example.invalid,0000000673,DEMO000673,Nagpur,Maharashtra,VERIFIED,LOW,CRM
CRM000674,Demo Customer 0674,1984-01-01,customer0674@example.invalid,0000000674,DEMO000674,Mumbai,Maharashtra,VERIFIED,LOW,CRM
CRM000675,Demo Customer 0675,1985-01-01,customer0675@example.invalid,0000000675,DEMO000675,Bengaluru,Karnataka,VERIFIED,LOW,CRM
CRM000676,Demo Customer 0676,1986-01-01,customer0676@example.invalid,0000000676,DEMO000676,Kolkata,West Bengal,VERIFIED,LOW,CRM
CRM000677,Demo Customer 0677,1987-01-01,customer0677@example.invalid,0000000677,DEMO000677,Mumbai,Maharashtra,VERIFIED,LOW,CRM
CRM000678,Demo Customer 0678,1988-01-01,customer0678@example.invalid,0000000678,DEMO000678,Chennai,Tamil Nadu,VERIFIED,LOW,CRM
CRM000679,Demo Customer 0679,1989-01-01,customer0679@example.invalid,0000000679,DEMO000679,Mumbai,Maharashtra,VERIFIED,MEDIUM,CRM
CRM000680,Demo Customer 0680,1990-01-01,customer0680@example.invalid,0000000680,DEMO000680,Mumbai,Maharashtra,VERIFIED,LOW,CRM
CRM000681,Demo Customer 0681,1991-01-01,customer0681@example.invalid,0000000681,DEMO000681,Ahmedabad,Gujarat,PENDING,HIGH,CRM
CRM000682,Demo Customer 0682,1992-01-01,customer0682@example.invalid,0000000682,DEMO000682,Pune,Maharashtra,VERIFIED,HIGH,CRM
CRM000683,Demo Customer 0683,1993-01-01,customer0683@example.invalid,0000000683,DEMO000683,Delhi,Delhi,REJECTED,MEDIUM,CRM
CRM000684,Demo Customer 0684,1994-01-01,customer0684@example.invalid,0000000684,DEMO000684,Kolkata,West Bengal,PENDING,LOW,CRM
CRM000685,Demo Customer 0685,1995-01-01,customer0685@example.invalid,0000000685,DEMO000685,Ahmedabad,Gujarat,VERIFIED,LOW,CRM
CRM000686,Demo Customer 0686,1996-01-01,customer0686@example.invalid,0000000686,DEMO000686,Gurugram,Haryana,VERIFIED,LOW,CRM
CRM000687,Demo Customer 0687,1997-01-01,customer0687@example.invalid,0000000687,DEMO000687,Ahmedabad,Gujarat,VERIFIED,LOW,CRM
CRM000688,Demo Customer 0688,1998-01-01,customer0688@example.invalid,0000000688,DEMO000688,Kolkata,West Bengal,VERIFIED,MEDIUM,CRM
CRM000689,Demo Customer 0689,1999-01-01,customer0689@example.invalid,0000000689,DEMO000689,Bengaluru,Karnataka,PENDING,LOW,CRM
CRM000690,Demo Customer 0690,1970-01-01,customer0690@example.invalid,0000000690,DEMO000690,Chennai,Tamil Nadu,VERIFIED,LOW,CRM
CRM000691,Demo Customer 0691,1971-01-01,customer0691@example.invalid,0000000691,DEMO000691,Mumbai,Maharashtra,REJECTED,LOW,CRM
CRM000692,Demo Customer 0692,1972-01-01,customer0692@example.invalid,0000000692,DEMO000692,Chennai,Tamil Nadu,PENDING,LOW,CRM
CRM000693,Demo Customer 0693,1973-01-01,customer0693@example.invalid,0000000693,DEMO000693,Chennai,Tamil Nadu,VERIFIED,LOW,CRM
CRM000694,Demo Customer 0694,1974-01-01,customer0694@example.invalid,0000000694,DEMO000694,Kolkata,West Bengal,VERIFIED,LOW,CRM
CRM000695,Demo Customer 0695,1975-01-01,customer0695@example.invalid,0000000695,DEMO000695,Chennai,Tamil Nadu,VERIFIED,LOW,CRM
CRM000696,Demo Customer 0696,1976-01-01,customer0696@example.invalid,0000000696,DEMO000696,Mumbai,Maharashtra,VERIFIED,MEDIUM,CRM
CRM000697,Demo Customer 0697,1977-01-01,customer0697@example.invalid,0000000697,DEMO000697,Kolkata,West Bengal,PENDING,LOW,CRM
CRM000698,Demo Customer 0698,1978-01-01,customer0698@example.invalid,0000000698,DEMO000698,Gurugram,Haryana,VERIFIED,HIGH,CRM
CRM000699,Demo Customer 0699,1979-01-01,customer0699@example.invalid,0000000699,DEMO000699,Gurugram,Haryana,VERIFIED,LOW,CRM
CRM000700,Demo Customer 0700,1980-01-01,customer0700@example.invalid,0000000700,DEMO000700,Kolkata,West Bengal,VERIFIED,LOW,CRM
CRM000701,Demo Customer 0701,1981-01-01,customer0701@example.invalid,0000000701,DEMO000701,Mumbai,Maharashtra,PENDING,LOW,CRM
CRM000702,Demo Customer 0702,1982-01-01,customer0702@example.invalid,0000000702,DEMO000702,Pune,Maharashtra,VERIFIED,MEDIUM,CRM
CRM000703,Demo Customer 0703,1983-01-01,customer0703@example.invalid,0000000703,DEMO000703,Mumbai,Maharashtra,VERIFIED,LOW,CRM
CRM000704,Demo Customer 0704,1984-01-01,customer0704@example.invalid,0000000704,DEMO000704,Ahmedabad,Gujarat,VERIFIED,LOW,CRM
CRM000705,Demo Customer 0705,1985-01-01,customer0705@example.invalid,0000000705,DEMO000705,Pune,Maharashtra,VERIFIED,LOW,CRM
CRM000706,Demo Customer 0706,1986-01-01,customer0706@example.invalid,0000000706,DEMO000706,Hyderabad,Telangana,VERIFIED,LOW,CRM
CRM000707,Demo Customer 0707,1987-01-01,customer0707@example.invalid,0000000707,DEMO000707,Kolkata,West Bengal,VERIFIED,MEDIUM,CRM
CRM000708,Demo Customer 0708,1988-01-01,customer0708@example.invalid,0000000708,DEMO000708,Ahmedabad,Gujarat,VERIFIED,LOW,CRM
CRM000709,Demo Customer 0709,1989-01-01,customer0709@example.invalid,0000000709,DEMO000709,Hyderabad,Telangana,VERIFIED,LOW,CRM
CRM000710,Demo Customer 0710,1990-01-01,customer0710@example.invalid,0000000710,DEMO000710,Kolkata,West Bengal,VERIFIED,MEDIUM,CRM
CRM000711,Demo Customer 0711,1991-01-01,customer0711@example.invalid,0000000711,DEMO000711,Kolkata,West Bengal,VERIFIED,LOW,CRM
CRM000712,Demo Customer 0712,1992-01-01,customer0712@example.invalid,0000000712,DEMO000712,Ahmedabad,Gujarat,VERIFIED,LOW,CRM
CRM000713,Demo Customer 0713,1993-01-01,customer0713@example.invalid,0000000713,DEMO000713,Kolkata,West Bengal,VERIFIED,HIGH,CRM
CRM000714,Demo Customer 0714,1994-01-01,customer0714@example.invalid,0000000714,DEMO000714,Delhi,Delhi,REJECTED,LOW,CRM
CRM000715,Demo Customer 0715,1995-01-01,customer0715@example.invalid,0000000715,DEMO000715,Mumbai,Maharashtra,VERIFIED,MEDIUM,CRM
CRM000716,Demo Customer 0716,1996-01-01,customer0716@example.invalid,0000000716,DEMO000716,Ahmedabad,Gujarat,VERIFIED,LOW,CRM
CRM000717,Demo Customer 0717,1997-01-01,customer0717@example.invalid,0000000717,DEMO000717,Delhi,Delhi,VERIFIED,LOW,CRM
CRM000718,Demo Customer 0718,1998-01-01,customer0718@example.invalid,0000000718,DEMO000718,Ahmedabad,Gujarat,VERIFIED,LOW,CRM
CRM000719,Demo Customer 0719,1999-01-01,customer0719@example.invalid,0000000719,DEMO000719,Gurugram,Haryana,VERIFIED,LOW,CRM
CRM000720,Demo Customer 0720,1970-01-01,customer0720@example.invalid,0000000720,DEMO000720,Delhi,Delhi,VERIFIED,MEDIUM,CRM
CRM000721,Demo Customer 0721,1971-01-01,customer0721@example.invalid,0000000721,DEMO000721,Gurugram,Haryana,VERIFIED,MEDIUM,CRM
CRM000722,Demo Customer 0722,1972-01-01,customer0722@example.invalid,0000000722,DEMO000722,Mumbai,Maharashtra,VERIFIED,LOW,CRM
CRM000723,Demo Customer 0723,1973-01-01,customer0723@example.invalid,0000000723,DEMO000723,Chennai,Tamil Nadu,VERIFIED,LOW,CRM
CRM000724,Demo Customer 0724,1974-01-01,customer0724@example.invalid,0000000724,DEMO000724,Hyderabad,Telangana,VERIFIED,LOW,CRM
CRM000725,Demo Customer 0725,1975-01-01,customer0725@example.invalid,0000000725,DEMO000725,Hyderabad,Telangana,VERIFIED,LOW,CRM
CRM000726,Demo Customer 0726,1976-01-01,customer0726@example.invalid,0000000726,DEMO000726,Ahmedabad,Gujarat,VERIFIED,LOW,CRM
CRM000727,Demo Customer 0727,1977-01-01,customer0727@example.invalid,0000000727,DEMO000727,Nagpur,Maharashtra,VERIFIED,LOW,CRM
CRM000728,Demo Customer 0728,1978-01-01,customer0728@example.invalid,0000000728,DEMO000728,Hyderabad,Telangana,VERIFIED,LOW,CRM
CRM000729,Demo Customer 0729,1979-01-01,customer0729@example.invalid,0000000729,DEMO000729,Delhi,Delhi,VERIFIED,LOW,CRM
CRM000730,Demo Customer 0730,1980-01-01,customer0730@example.invalid,0000000730,DEMO000730,Ahmedabad,Gujarat,VERIFIED,MEDIUM,CRM
CRM000731,Demo Customer 0731,1981-01-01,customer0731@example.invalid,0000000731,DEMO000731,Pune,Maharashtra,PENDING,LOW,CRM
CRM000732,Demo Customer 0732,1982-01-01,customer0732@example.invalid,0000000732,DEMO000732,Nagpur,Maharashtra,VERIFIED,LOW,CRM
CRM000733,Demo Customer 0733,1983-01-01,customer0733@example.invalid,0000000733,DEMO000733,Ahmedabad,Gujarat,VERIFIED,MEDIUM,CRM
CRM000734,Demo Customer 0734,1984-01-01,customer0734@example.invalid,0000000734,DEMO000734,Pune,Maharashtra,REJECTED,LOW,CRM
CRM000735,Demo Customer 0735,1985-01-01,customer0735@example.invalid,0000000735,DEMO000735,Gurugram,Haryana,VERIFIED,LOW,CRM
CRM000736,Demo Customer 0736,1986-01-01,customer0736@example.invalid,0000000736,DEMO000736,Kolkata,West Bengal,VERIFIED,HIGH,CRM
CRM000737,Demo Customer 0737,1987-01-01,customer0737@example.invalid,0000000737,DEMO000737,Gurugram,Haryana,VERIFIED,LOW,CRM
CRM000738,Demo Customer 0738,1988-01-01,customer0738@example.invalid,0000000738,DEMO000738,Nagpur,Maharashtra,VERIFIED,LOW,CRM
CRM000739,Demo Customer 0739,1989-01-01,customer0739@example.invalid,0000000739,DEMO000739,Gurugram,Haryana,PENDING,MEDIUM,CRM
CRM000740,Demo Customer 0740,1990-01-01,customer0740@example.invalid,0000000740,DEMO000740,Gurugram,Haryana,VERIFIED,MEDIUM,CRM
CRM000741,Demo Customer 0741,1991-01-01,customer0741@example.invalid,0000000741,DEMO000741,Gurugram,Haryana,VERIFIED,MEDIUM,CRM
CRM000742,Demo Customer 0742,1992-01-01,customer0742@example.invalid,0000000742,DEMO000742,Chennai,Tamil Nadu,PENDING,LOW,CRM
CRM000743,Demo Customer 0743,1993-01-01,customer0743@example.invalid,0000000743,DEMO000743,Ahmedabad,Gujarat,VERIFIED,LOW,CRM
CRM000744,Demo Customer 0744,1994-01-01,customer0744@example.invalid,0000000744,DEMO000744,Hyderabad,Telangana,VERIFIED,LOW,CRM
CRM000745,Demo Customer 0745,1995-01-01,customer0745@example.invalid,0000000745,DEMO000745,Bengaluru,Karnataka,VERIFIED,MEDIUM,CRM
CRM000746,Demo Customer 0746,1996-01-01,customer0746@example.invalid,0000000746,DEMO000746,Gurugram,Haryana,VERIFIED,MEDIUM,CRM
CRM000747,Demo Customer 0747,1997-01-01,customer0747@example.invalid,0000000747,DEMO000747,Nagpur,Maharashtra,VERIFIED,MEDIUM,CRM
CRM000748,Demo Customer 0748,1998-01-01,customer0748@example.invalid,0000000748,DEMO000748,Nagpur,Maharashtra,VERIFIED,LOW,CRM
CRM000749,Demo Customer 0749,1999-01-01,customer0749@example.invalid,0000000749,DEMO000749,Delhi,Delhi,VERIFIED,MEDIUM,CRM
CRM000750,Demo Customer 0750,1970-01-01,customer0750@example.invalid,0000000750,DEMO000750,Delhi,Delhi,VERIFIED,LOW,CRM
CRM000751,Demo Customer 0751,1971-01-01,customer0751@example.invalid,0000000751,DEMO000751,Bengaluru,Karnataka,VERIFIED,LOW,CRM
CRM000752,Demo Customer 0752,1972-01-01,customer0752@example.invalid,0000000752,DEMO000752,Delhi,Delhi,VERIFIED,LOW,CRM
CRM000753,Demo Customer 0753,1973-01-01,customer0753@example.invalid,0000000753,DEMO000753,Ahmedabad,Gujarat,VERIFIED,MEDIUM,CRM
CRM000754,Demo Customer 0754,1974-01-01,customer0754@example.invalid,0000000754,DEMO000754,Mumbai,Maharashtra,VERIFIED,LOW,CRM
CRM000755,Demo Customer 0755,1975-01-01,customer0755@example.invalid,0000000755,DEMO000755,Delhi,Delhi,PENDING,MEDIUM,CRM
CRM000756,Demo Customer 0756,1976-01-01,customer0756@example.invalid,0000000756,DEMO000756,Pune,Maharashtra,VERIFIED,MEDIUM,CRM
CRM000757,Demo Customer 0757,1977-01-01,customer0757@example.invalid,0000000757,DEMO000757,Mumbai,Maharashtra,PENDING,LOW,CRM
CRM000758,Demo Customer 0758,1978-01-01,customer0758@example.invalid,0000000758,DEMO000758,Bengaluru,Karnataka,VERIFIED,LOW,CRM
CRM000759,Demo Customer 0759,1979-01-01,customer0759@example.invalid,0000000759,DEMO000759,Kolkata,West Bengal,VERIFIED,LOW,CRM
CRM000760,Demo Customer 0760,1980-01-01,customer0760@example.invalid,0000000760,DEMO000760,Gurugram,Haryana,VERIFIED,LOW,CRM
CRM000761,Demo Customer 0761,1981-01-01,customer0761@example.invalid,0000000761,DEMO000761,Ahmedabad,Gujarat,VERIFIED,LOW,CRM
CRM000762,Demo Customer 0762,1982-01-01,customer0762@example.invalid,0000000762,DEMO000762,Delhi,Delhi,PENDING,LOW,CRM
CRM000763,Demo Customer 0763,1983-01-01,customer0763@example.invalid,0000000763,DEMO000763,Chennai,Tamil Nadu,VERIFIED,LOW,CRM
CRM000764,Demo Customer 0764,1984-01-01,customer0764@example.invalid,0000000764,DEMO000764,Pune,Maharashtra,VERIFIED,LOW,CRM
CRM000765,Demo Customer 0765,1985-01-01,customer0765@example.invalid,0000000765,DEMO000765,Mumbai,Maharashtra,VERIFIED,MEDIUM,CRM
CRM000766,Demo Customer 0766,1986-01-01,customer0766@example.invalid,0000000766,DEMO000766,Delhi,Delhi,VERIFIED,LOW,CRM
CRM000767,Demo Customer 0767,1987-01-01,customer0767@example.invalid,0000000767,DEMO000767,Delhi,Delhi,VERIFIED,LOW,CRM
CRM000768,Demo Customer 0768,1988-01-01,customer0768@example.invalid,0000000768,DEMO000768,Mumbai,Maharashtra,VERIFIED,LOW,CRM
CRM000769,Demo Customer 0769,1989-01-01,customer0769@example.invalid,0000000769,DEMO000769,Nagpur,Maharashtra,PENDING,LOW,CRM
CRM000770,Demo Customer 0770,1990-01-01,customer0770@example.invalid,0000000770,DEMO000770,Delhi,Delhi,PENDING,LOW,CRM
CRM000771,Demo Customer 0771,1991-01-01,customer0771@example.invalid,0000000771,DEMO000771,Ahmedabad,Gujarat,PENDING,LOW,CRM
CRM000772,Demo Customer 0772,1992-01-01,customer0772@example.invalid,0000000772,DEMO000772,Ahmedabad,Gujarat,VERIFIED,LOW,CRM
CRM000773,Demo Customer 0773,1993-01-01,customer0773@example.invalid,0000000773,DEMO000773,Bengaluru,Karnataka,VERIFIED,LOW,CRM
CRM000774,Demo Customer 0774,1994-01-01,customer0774@example.invalid,0000000774,DEMO000774,Bengaluru,Karnataka,PENDING,LOW,CRM
CRM000775,Demo Customer 0775,1995-01-01,customer0775@example.invalid,0000000775,DEMO000775,Bengaluru,Karnataka,VERIFIED,LOW,CRM
CRM000776,Demo Customer 0776,1996-01-01,customer0776@example.invalid,0000000776,DEMO000776,Delhi,Delhi,VERIFIED,MEDIUM,CRM
CRM000777,Demo Customer 0777,1997-01-01,customer0777@example.invalid,0000000777,DEMO000777,Gurugram,Haryana,VERIFIED,LOW,CRM
CRM000778,Demo Customer 0778,1998-01-01,customer0778@example.invalid,0000000778,DEMO000778,Ahmedabad,Gujarat,PENDING,LOW,CRM
CRM000779,Demo Customer 0779,1999-01-01,customer0779@example.invalid,0000000779,DEMO000779,Gurugram,Haryana,VERIFIED,HIGH,CRM
CRM000780,Demo Customer 0780,1970-01-01,customer0780@example.invalid,0000000780,DEMO000780,Pune,Maharashtra,VERIFIED,LOW,CRM
CRM000781,Demo Customer 0781,1971-01-01,customer0781@example.invalid,0000000781,DEMO000781,Nagpur,Maharashtra,VERIFIED,LOW,CRM
CRM000782,Demo Customer 0782,1972-01-01,customer0782@example.invalid,0000000782,DEMO000782,Kolkata,West Bengal,VERIFIED,LOW,CRM
CRM000783,Demo Customer 0783,1973-01-01,customer0783@example.invalid,0000000783,DEMO000783,Nagpur,Maharashtra,VERIFIED,MEDIUM,CRM
CRM000784,Demo Customer 0784,1974-01-01,customer0784@example.invalid,0000000784,DEMO000784,Bengaluru,Karnataka,VERIFIED,LOW,CRM
CRM000785,Demo Customer 0785,1975-01-01,customer0785@example.invalid,0000000785,DEMO000785,Pune,Maharashtra,VERIFIED,LOW,CRM
CRM000786,Demo Customer 0786,1976-01-01,customer0786@example.invalid,0000000786,DEMO000786,Pune,Maharashtra,VERIFIED,LOW,CRM
CRM000787,Demo Customer 0787,1977-01-01,customer0787@example.invalid,0000000787,DEMO000787,Chennai,Tamil Nadu,VERIFIED,MEDIUM,CRM
CRM000788,Demo Customer 0788,1978-01-01,customer0788@example.invalid,0000000788,DEMO000788,Delhi,Delhi,VERIFIED,LOW,CRM
CRM000789,Demo Customer 0789,1979-01-01,customer0789@example.invalid,0000000789,DEMO000789,Gurugram,Haryana,VERIFIED,LOW,CRM
CRM000790,Demo Customer 0790,1980-01-01,customer0790@example.invalid,0000000790,DEMO000790,Bengaluru,Karnataka,VERIFIED,LOW,CRM
CRM000791,Demo Customer 0791,1981-01-01,customer0791@example.invalid,0000000791,DEMO000791,Delhi,Delhi,VERIFIED,LOW,CRM
CRM000792,Demo Customer 0792,1982-01-01,customer0792@example.invalid,0000000792,DEMO000792,Gurugram,Haryana,VERIFIED,LOW,CRM
CRM000793,Demo Customer 0793,1983-01-01,customer0793@example.invalid,0000000793,DEMO000793,Nagpur,Maharashtra,VERIFIED,LOW,CRM
CRM000794,Demo Customer 0794,1984-01-01,customer0794@example.invalid,0000000794,DEMO000794,Nagpur,Maharashtra,VERIFIED,MEDIUM,CRM
CRM000795,Demo Customer 0795,1985-01-01,customer0795@example.invalid,0000000795,DEMO000795,Delhi,Delhi,VERIFIED,LOW,CRM
CRM000796,Demo Customer 0796,1986-01-01,customer0796@example.invalid,0000000796,DEMO000796,Ahmedabad,Gujarat,VERIFIED,LOW,CRM
CRM000797,Demo Customer 0797,1987-01-01,customer0797@example.invalid,0000000797,DEMO000797,Mumbai,Maharashtra,VERIFIED,MEDIUM,CRM
CRM000798,Demo Customer 0798,1988-01-01,customer0798@example.invalid,0000000798,DEMO000798,Chennai,Tamil Nadu,VERIFIED,LOW,CRM
CRM000799,Demo Customer 0799,1989-01-01,customer0799@example.invalid,0000000799,DEMO000799,Chennai,Tamil Nadu,VERIFIED,LOW,CRM
CRM000800,Demo Customer 0800,1990-01-01,customer0800@example.invalid,0000000800,DEMO000800,Mumbai,Maharashtra,VERIFIED,MEDIUM,CRM
CRM000801,Demo Customer 0801,1991-01-01,customer0801@example.invalid,0000000801,DEMO000801,Ahmedabad,Gujarat,PENDING,MEDIUM,CRM
CRM000802,Demo Customer 0802,1992-01-01,customer0802@example.invalid,0000000802,DEMO000802,Kolkata,West Bengal,VERIFIED,LOW,CRM
CRM000803,Demo Customer 0803,1993-01-01,customer0803@example.invalid,0000000803,DEMO000803,Delhi,Delhi,VERIFIED,LOW,CRM
CRM000804,Demo Customer 0804,1994-01-01,customer0804@example.invalid,0000000804,DEMO000804,Chennai,Tamil Nadu,VERIFIED,LOW,CRM
CRM000805,Demo Customer 0805,1995-01-01,customer0805@example.invalid,0000000805,DEMO000805,Ahmedabad,Gujarat,VERIFIED,LOW,CRM
CRM000806,Demo Customer 0806,1996-01-01,customer0806@example.invalid,0000000806,DEMO000806,Delhi,Delhi,VERIFIED,LOW,CRM
CRM000807,Demo Customer 0807,1997-01-01,customer0807@example.invalid,0000000807,DEMO000807,Bengaluru,Karnataka,VERIFIED,LOW,CRM
CRM000808,Demo Customer 0808,1998-01-01,customer0808@example.invalid,0000000808,DEMO000808,Kolkata,West Bengal,VERIFIED,MEDIUM,CRM
CRM000809,Demo Customer 0809,1999-01-01,customer0809@example.invalid,0000000809,DEMO000809,Gurugram,Haryana,VERIFIED,LOW,CRM
CRM000810,Demo Customer 0810,1970-01-01,customer0810@example.invalid,0000000810,DEMO000810,Ahmedabad,Gujarat,VERIFIED,MEDIUM,CRM
CRM000811,Demo Customer 0811,1971-01-01,customer0811@example.invalid,0000000811,DEMO000811,Chennai,Tamil Nadu,VERIFIED,LOW,CRM
CRM000812,Demo Customer 0812,1972-01-01,customer0812@example.invalid,0000000812,DEMO000812,Kolkata,West Bengal,VERIFIED,LOW,CRM
CRM000813,Demo Customer 0813,1973-01-01,customer0813@example.invalid,0000000813,DEMO000813,Gurugram,Haryana,VERIFIED,LOW,CRM
CRM000814,Demo Customer 0814,1974-01-01,customer0814@example.invalid,0000000814,DEMO000814,Delhi,Delhi,VERIFIED,LOW,CRM
CRM000815,Demo Customer 0815,1975-01-01,customer0815@example.invalid,0000000815,DEMO000815,Nagpur,Maharashtra,VERIFIED,MEDIUM,CRM
CRM000816,Demo Customer 0816,1976-01-01,customer0816@example.invalid,0000000816,DEMO000816,Ahmedabad,Gujarat,VERIFIED,LOW,CRM
CRM000817,Demo Customer 0817,1977-01-01,customer0817@example.invalid,0000000817,DEMO000817,Delhi,Delhi,VERIFIED,HIGH,CRM
CRM000818,Demo Customer 0818,1978-01-01,customer0818@example.invalid,0000000818,DEMO000818,Nagpur,Maharashtra,PENDING,LOW,CRM
CRM000819,Demo Customer 0819,1979-01-01,customer0819@example.invalid,0000000819,DEMO000819,Mumbai,Maharashtra,VERIFIED,HIGH,CRM
CRM000820,Demo Customer 0820,1980-01-01,customer0820@example.invalid,0000000820,DEMO000820,Kolkata,West Bengal,VERIFIED,MEDIUM,CRM
CRM000821,Demo Customer 0821,1981-01-01,customer0821@example.invalid,0000000821,DEMO000821,Nagpur,Maharashtra,VERIFIED,LOW,CRM
CRM000822,Demo Customer 0822,1982-01-01,customer0822@example.invalid,0000000822,DEMO000822,Hyderabad,Telangana,VERIFIED,LOW,CRM
CRM000823,Demo Customer 0823,1983-01-01,customer0823@example.invalid,0000000823,DEMO000823,Mumbai,Maharashtra,VERIFIED,LOW,CRM
CRM000824,Demo Customer 0824,1984-01-01,customer0824@example.invalid,0000000824,DEMO000824,Ahmedabad,Gujarat,VERIFIED,MEDIUM,CRM
CRM000825,Demo Customer 0825,1985-01-01,customer0825@example.invalid,0000000825,DEMO000825,Hyderabad,Telangana,VERIFIED,LOW,CRM
CRM000826,Demo Customer 0826,1986-01-01,customer0826@example.invalid,0000000826,DEMO000826,Kolkata,West Bengal,VERIFIED,LOW,CRM
CRM000827,Demo Customer 0827,1987-01-01,customer0827@example.invalid,0000000827,DEMO000827,Mumbai,Maharashtra,VERIFIED,MEDIUM,CRM
CRM000828,Demo Customer 0828,1988-01-01,customer0828@example.invalid,0000000828,DEMO000828,Bengaluru,Karnataka,VERIFIED,LOW,CRM
CRM000829,Demo Customer 0829,1989-01-01,customer0829@example.invalid,0000000829,DEMO000829,Bengaluru,Karnataka,VERIFIED,HIGH,CRM
CRM000830,Demo Customer 0830,1990-01-01,customer0830@example.invalid,0000000830,DEMO000830,Bengaluru,Karnataka,REJECTED,LOW,CRM
CRM000831,Demo Customer 0831,1991-01-01,customer0831@example.invalid,0000000831,DEMO000831,Hyderabad,Telangana,VERIFIED,MEDIUM,CRM
CRM000832,Demo Customer 0832,1992-01-01,customer0832@example.invalid,0000000832,DEMO000832,Nagpur,Maharashtra,VERIFIED,LOW,CRM
CRM000833,Demo Customer 0833,1993-01-01,customer0833@example.invalid,0000000833,DEMO000833,Nagpur,Maharashtra,VERIFIED,LOW,CRM
CRM000834,Demo Customer 0834,1994-01-01,customer0834@example.invalid,0000000834,DEMO000834,Hyderabad,Telangana,VERIFIED,MEDIUM,CRM
CRM000835,Demo Customer 0835,1995-01-01,customer0835@example.invalid,0000000835,DEMO000835,Gurugram,Haryana,VERIFIED,MEDIUM,CRM
CRM000836,Demo Customer 0836,1996-01-01,customer0836@example.invalid,0000000836,DEMO000836,Gurugram,Haryana,VERIFIED,LOW,CRM
CRM000837,Demo Customer 0837,1997-01-01,customer0837@example.invalid,0000000837,DEMO000837,Ahmedabad,Gujarat,VERIFIED,MEDIUM,CRM
CRM000838,Demo Customer 0838,1998-01-01,customer0838@example.invalid,0000000838,DEMO000838,Ahmedabad,Gujarat,VERIFIED,LOW,CRM
CRM000839,Demo Customer 0839,1999-01-01,customer0839@example.invalid,0000000839,DEMO000839,Mumbai,Maharashtra,VERIFIED,MEDIUM,CRM
CRM000840,Demo Customer 0840,1970-01-01,customer0840@example.invalid,0000000840,DEMO000840,Chennai,Tamil Nadu,VERIFIED,LOW,CRM
CRM000841,Demo Customer 0841,1971-01-01,customer0841@example.invalid,0000000841,DEMO000841,Nagpur,Maharashtra,VERIFIED,HIGH,CRM
CRM000842,Demo Customer 0842,1972-01-01,customer0842@example.invalid,0000000842,DEMO000842,Bengaluru,Karnataka,VERIFIED,LOW,CRM
CRM000843,Demo Customer 0843,1973-01-01,customer0843@example.invalid,0000000843,DEMO000843,Kolkata,West Bengal,VERIFIED,MEDIUM,CRM
CRM000844,Demo Customer 0844,1974-01-01,customer0844@example.invalid,0000000844,DEMO000844,Ahmedabad,Gujarat,VERIFIED,MEDIUM,CRM
CRM000845,Demo Customer 0845,1975-01-01,customer0845@example.invalid,0000000845,DEMO000845,Kolkata,West Bengal,VERIFIED,LOW,CRM
CRM000846,Demo Customer 0846,1976-01-01,customer0846@example.invalid,0000000846,DEMO000846,Hyderabad,Telangana,REJECTED,LOW,CRM
CRM000847,Demo Customer 0847,1977-01-01,customer0847@example.invalid,0000000847,DEMO000847,Gurugram,Haryana,VERIFIED,LOW,CRM
CRM000848,Demo Customer 0848,1978-01-01,customer0848@example.invalid,0000000848,DEMO000848,Nagpur,Maharashtra,VERIFIED,MEDIUM,CRM
CRM000849,Demo Customer 0849,1979-01-01,customer0849@example.invalid,0000000849,DEMO000849,Ahmedabad,Gujarat,VERIFIED,LOW,CRM
CRM000850,Demo Customer 0850,1980-01-01,customer0850@example.invalid,0000000850,DEMO000850,Chennai,Tamil Nadu,VERIFIED,MEDIUM,CRM
CRM000851,Demo Customer 0851,1981-01-01,customer0851@example.invalid,0000000851,DEMO000851,Chennai,Tamil Nadu,VERIFIED,LOW,CRM
CRM000852,Demo Customer 0852,1982-01-01,customer0852@example.invalid,0000000852,DEMO000852,Mumbai,Maharashtra,PENDING,MEDIUM,CRM
CRM000853,Demo Customer 0853,1983-01-01,customer0853@example.invalid,0000000853,DEMO000853,Hyderabad,Telangana,PENDING,LOW,CRM
CRM000854,Demo Customer 0854,1984-01-01,customer0854@example.invalid,0000000854,DEMO000854,Mumbai,Maharashtra,VERIFIED,LOW,CRM
CRM000855,Demo Customer 0855,1985-01-01,customer0855@example.invalid,0000000855,DEMO000855,Gurugram,Haryana,PENDING,LOW,CRM
CRM000856,Demo Customer 0856,1986-01-01,customer0856@example.invalid,0000000856,DEMO000856,Chennai,Tamil Nadu,VERIFIED,MEDIUM,CRM
CRM000857,Demo Customer 0857,1987-01-01,customer0857@example.invalid,0000000857,DEMO000857,Nagpur,Maharashtra,PENDING,LOW,CRM
CRM000858,Demo Customer 0858,1988-01-01,customer0858@example.invalid,0000000858,DEMO000858,Kolkata,West Bengal,VERIFIED,HIGH,CRM
CRM000859,Demo Customer 0859,1989-01-01,customer0859@example.invalid,0000000859,DEMO000859,Pune,Maharashtra,VERIFIED,MEDIUM,CRM
CRM000860,Demo Customer 0860,1990-01-01,customer0860@example.invalid,0000000860,DEMO000860,Ahmedabad,Gujarat,VERIFIED,MEDIUM,CRM
CRM000861,Demo Customer 0861,1991-01-01,customer0861@example.invalid,0000000861,DEMO000861,Ahmedabad,Gujarat,VERIFIED,LOW,CRM
CRM000862,Demo Customer 0862,1992-01-01,customer0862@example.invalid,0000000862,DEMO000862,Gurugram,Haryana,PENDING,MEDIUM,CRM
CRM000863,Demo Customer 0863,1993-01-01,customer0863@example.invalid,0000000863,DEMO000863,Mumbai,Maharashtra,PENDING,LOW,CRM
CRM000864,Demo Customer 0864,1994-01-01,customer0864@example.invalid,0000000864,DEMO000864,Kolkata,West Bengal,PENDING,LOW,CRM
CRM000865,Demo Customer 0865,1995-01-01,customer0865@example.invalid,0000000865,DEMO000865,Pune,Maharashtra,VERIFIED,MEDIUM,CRM
CRM000866,Demo Customer 0866,1996-01-01,customer0866@example.invalid,0000000866,DEMO000866,Delhi,Delhi,VERIFIED,MEDIUM,CRM
CRM000867,Demo Customer 0867,1997-01-01,customer0867@example.invalid,0000000867,DEMO000867,Delhi,Delhi,VERIFIED,LOW,CRM
CRM000868,Demo Customer 0868,1998-01-01,customer0868@example.invalid,0000000868,DEMO000868,Pune,Maharashtra,VERIFIED,HIGH,CRM
CRM000869,Demo Customer 0869,1999-01-01,customer0869@example.invalid,0000000869,DEMO000869,Pune,Maharashtra,PENDING,MEDIUM,CRM
CRM000870,Demo Customer 0870,1970-01-01,customer0870@example.invalid,0000000870,DEMO000870,Gurugram,Haryana,VERIFIED,LOW,CRM
CRM000871,Demo Customer 0871,1971-01-01,customer0871@example.invalid,0000000871,DEMO000871,Pune,Maharashtra,VERIFIED,LOW,CRM
CRM000872,Demo Customer 0872,1972-01-01,customer0872@example.invalid,0000000872,DEMO000872,Hyderabad,Telangana,VERIFIED,LOW,CRM
CRM000873,Demo Customer 0873,1973-01-01,customer0873@example.invalid,0000000873,DEMO000873,Mumbai,Maharashtra,VERIFIED,MEDIUM,CRM
CRM000874,Demo Customer 0874,1974-01-01,customer0874@example.invalid,0000000874,DEMO000874,Kolkata,West Bengal,VERIFIED,MEDIUM,CRM
CRM000875,Demo Customer 0875,1975-01-01,customer0875@example.invalid,0000000875,DEMO000875,Gurugram,Haryana,PENDING,LOW,CRM
CRM000876,Demo Customer 0876,1976-01-01,customer0876@example.invalid,0000000876,DEMO000876,Hyderabad,Telangana,VERIFIED,MEDIUM,CRM
CRM000877,Demo Customer 0877,1977-01-01,customer0877@example.invalid,0000000877,DEMO000877,Hyderabad,Telangana,VERIFIED,LOW,CRM
CRM000878,Demo Customer 0878,1978-01-01,customer0878@example.invalid,0000000878,DEMO000878,Hyderabad,Telangana,VERIFIED,MEDIUM,CRM
CRM000879,Demo Customer 0879,1979-01-01,customer0879@example.invalid,0000000879,DEMO000879,Chennai,Tamil Nadu,VERIFIED,LOW,CRM
CRM000880,Demo Customer 0880,1980-01-01,customer0880@example.invalid,0000000880,DEMO000880,Ahmedabad,Gujarat,VERIFIED,MEDIUM,CRM
CRM000881,Demo Customer 0881,1981-01-01,customer0881@example.invalid,0000000881,DEMO000881,Kolkata,West Bengal,VERIFIED,MEDIUM,CRM
CRM000882,Demo Customer 0882,1982-01-01,customer0882@example.invalid,0000000882,DEMO000882,Bengaluru,Karnataka,VERIFIED,HIGH,CRM
CRM000883,Demo Customer 0883,1983-01-01,customer0883@example.invalid,0000000883,DEMO000883,Gurugram,Haryana,VERIFIED,MEDIUM,CRM
CRM000884,Demo Customer 0884,1984-01-01,customer0884@example.invalid,0000000884,DEMO000884,Chennai,Tamil Nadu,VERIFIED,HIGH,CRM
CRM000885,Demo Customer 0885,1985-01-01,customer0885@example.invalid,0000000885,DEMO000885,Pune,Maharashtra,VERIFIED,LOW,CRM
CRM000886,Demo Customer 0886,1986-01-01,customer0886@example.invalid,0000000886,DEMO000886,Nagpur,Maharashtra,VERIFIED,MEDIUM,CRM
CRM000887,Demo Customer 0887,1987-01-01,customer0887@example.invalid,0000000887,DEMO000887,Nagpur,Maharashtra,VERIFIED,LOW,CRM
CRM000888,Demo Customer 0888,1988-01-01,customer0888@example.invalid,0000000888,DEMO000888,Nagpur,Maharashtra,VERIFIED,LOW,CRM
CRM000889,Demo Customer 0889,1989-01-01,customer0889@example.invalid,0000000889,DEMO000889,Delhi,Delhi,VERIFIED,LOW,CRM
CRM000890,Demo Customer 0890,1990-01-01,customer0890@example.invalid,0000000890,DEMO000890,Ahmedabad,Gujarat,VERIFIED,LOW,CRM
CRM000891,Demo Customer 0891,1991-01-01,customer0891@example.invalid,0000000891,DEMO000891,Pune,Maharashtra,VERIFIED,LOW,CRM
CRM000892,Demo Customer 0892,1992-01-01,customer0892@example.invalid,0000000892,DEMO000892,Bengaluru,Karnataka,VERIFIED,LOW,CRM
CRM000893,Demo Customer 0893,1993-01-01,customer0893@example.invalid,0000000893,DEMO000893,Chennai,Tamil Nadu,VERIFIED,LOW,CRM
CRM000894,Demo Customer 0894,1994-01-01,customer0894@example.invalid,0000000894,DEMO000894,Delhi,Delhi,VERIFIED,LOW,CRM
CRM000895,Demo Customer 0895,1995-01-01,customer0895@example.invalid,0000000895,DEMO000895,Chennai,Tamil Nadu,VERIFIED,LOW,CRM
CRM000896,Demo Customer 0896,1996-01-01,customer0896@example.invalid,0000000896,DEMO000896,Ahmedabad,Gujarat,VERIFIED,LOW,CRM
CRM000897,Demo Customer 0897,1997-01-01,customer0897@example.invalid,0000000897,DEMO000897,Pune,Maharashtra,VERIFIED,LOW,CRM
CRM000898,Demo Customer 0898,1998-01-01,customer0898@example.invalid,0000000898,DEMO000898,Ahmedabad,Gujarat,VERIFIED,LOW,CRM
CRM000899,Demo Customer 0899,1999-01-01,customer0899@example.invalid,0000000899,DEMO000899,Bengaluru,Karnataka,VERIFIED,MEDIUM,CRM
CRM000900,Demo Customer 0900,1970-01-01,customer0900@example.invalid,0000000900,DEMO000900,Kolkata,West Bengal,VERIFIED,LOW,CRM
CRM000901,Demo Customer 0901,1971-01-01,customer0901@example.invalid,0000000901,DEMO000901,Gurugram,Haryana,VERIFIED,LOW,CRM
CRM000902,Demo Customer 0902,1972-01-01,customer0902@example.invalid,0000000902,DEMO000902,Kolkata,West Bengal,VERIFIED,MEDIUM,CRM
CRM000903,Demo Customer 0903,1973-01-01,customer0903@example.invalid,0000000903,DEMO000903,Bengaluru,Karnataka,VERIFIED,LOW,CRM
CRM000904,Demo Customer 0904,1974-01-01,customer0904@example.invalid,0000000904,DEMO000904,Hyderabad,Telangana,VERIFIED,LOW,CRM
CRM000905,Demo Customer 0905,1975-01-01,customer0905@example.invalid,0000000905,DEMO000905,Ahmedabad,Gujarat,PENDING,LOW,CRM
CRM000906,Demo Customer 0906,1976-01-01,customer0906@example.invalid,0000000906,DEMO000906,Delhi,Delhi,VERIFIED,LOW,CRM
CRM000907,Demo Customer 0907,1977-01-01,customer0907@example.invalid,0000000907,DEMO000907,Mumbai,Maharashtra,PENDING,MEDIUM,CRM
CRM000908,Demo Customer 0908,1978-01-01,customer0908@example.invalid,0000000908,DEMO000908,Delhi,Delhi,VERIFIED,LOW,CRM
CRM000909,Demo Customer 0909,1979-01-01,customer0909@example.invalid,0000000909,DEMO000909,Ahmedabad,Gujarat,VERIFIED,LOW,CRM
CRM000910,Demo Customer 0910,1980-01-01,customer0910@example.invalid,0000000910,DEMO000910,Hyderabad,Telangana,VERIFIED,MEDIUM,CRM
CRM000911,Demo Customer 0911,1981-01-01,customer0911@example.invalid,0000000911,DEMO000911,Delhi,Delhi,VERIFIED,MEDIUM,CRM
CRM000912,Demo Customer 0912,1982-01-01,customer0912@example.invalid,0000000912,DEMO000912,Bengaluru,Karnataka,VERIFIED,LOW,CRM
CRM000913,Demo Customer 0913,1983-01-01,customer0913@example.invalid,0000000913,DEMO000913,Pune,Maharashtra,VERIFIED,HIGH,CRM
CRM000914,Demo Customer 0914,1984-01-01,customer0914@example.invalid,0000000914,DEMO000914,Chennai,Tamil Nadu,VERIFIED,MEDIUM,CRM
CRM000915,Demo Customer 0915,1985-01-01,customer0915@example.invalid,0000000915,DEMO000915,Pune,Maharashtra,VERIFIED,LOW,CRM
CRM000916,Demo Customer 0916,1986-01-01,customer0916@example.invalid,0000000916,DEMO000916,Kolkata,West Bengal,VERIFIED,MEDIUM,CRM
CRM000917,Demo Customer 0917,1987-01-01,customer0917@example.invalid,0000000917,DEMO000917,Pune,Maharashtra,VERIFIED,LOW,CRM
CRM000918,Demo Customer 0918,1988-01-01,customer0918@example.invalid,0000000918,DEMO000918,Kolkata,West Bengal,PENDING,LOW,CRM
CRM000919,Demo Customer 0919,1989-01-01,customer0919@example.invalid,0000000919,DEMO000919,Hyderabad,Telangana,VERIFIED,MEDIUM,CRM
CRM000920,Demo Customer 0920,1990-01-01,customer0920@example.invalid,0000000920,DEMO000920,Hyderabad,Telangana,VERIFIED,LOW,CRM
CRM000921,Demo Customer 0921,1991-01-01,customer0921@example.invalid,0000000921,DEMO000921,Kolkata,West Bengal,VERIFIED,HIGH,CRM
CRM000922,Demo Customer 0922,1992-01-01,customer0922@example.invalid,0000000922,DEMO000922,Hyderabad,Telangana,VERIFIED,HIGH,CRM
CRM000923,Demo Customer 0923,1993-01-01,customer0923@example.invalid,0000000923,DEMO000923,Delhi,Delhi,VERIFIED,LOW,CRM
CRM000924,Demo Customer 0924,1994-01-01,customer0924@example.invalid,0000000924,DEMO000924,Kolkata,West Bengal,VERIFIED,LOW,CRM
CRM000925,Demo Customer 0925,1995-01-01,customer0925@example.invalid,0000000925,DEMO000925,Delhi,Delhi,VERIFIED,LOW,CRM
CRM000926,Demo Customer 0926,1996-01-01,customer0926@example.invalid,0000000926,DEMO000926,Nagpur,Maharashtra,VERIFIED,LOW,CRM
CRM000927,Demo Customer 0927,1997-01-01,customer0927@example.invalid,0000000927,DEMO000927,Chennai,Tamil Nadu,VERIFIED,MEDIUM,CRM
CRM000928,Demo Customer 0928,1998-01-01,customer0928@example.invalid,0000000928,DEMO000928,Ahmedabad,Gujarat,VERIFIED,MEDIUM,CRM
CRM000929,Demo Customer 0929,1999-01-01,customer0929@example.invalid,0000000929,DEMO000929,Bengaluru,Karnataka,VERIFIED,LOW,CRM
CRM000930,Demo Customer 0930,1970-01-01,customer0930@example.invalid,0000000930,DEMO000930,Ahmedabad,Gujarat,REJECTED,LOW,CRM
CRM000931,Demo Customer 0931,1971-01-01,customer0931@example.invalid,0000000931,DEMO000931,Chennai,Tamil Nadu,VERIFIED,LOW,CRM
CRM000932,Demo Customer 0932,1972-01-01,customer0932@example.invalid,0000000932,DEMO000932,Kolkata,West Bengal,PENDING,LOW,CRM
CRM000933,Demo Customer 0933,1973-01-01,customer0933@example.invalid,0000000933,DEMO000933,Kolkata,West Bengal,VERIFIED,LOW,CRM
CRM000934,Demo Customer 0934,1974-01-01,customer0934@example.invalid,0000000934,DEMO000934,Delhi,Delhi,VERIFIED,MEDIUM,CRM
CRM000935,Demo Customer 0935,1975-01-01,customer0935@example.invalid,0000000935,DEMO000935,Pune,Maharashtra,VERIFIED,LOW,CRM
CRM000936,Demo Customer 0936,1976-01-01,customer0936@example.invalid,0000000936,DEMO000936,Delhi,Delhi,VERIFIED,MEDIUM,CRM
CRM000937,Demo Customer 0937,1977-01-01,customer0937@example.invalid,0000000937,DEMO000937,Chennai,Tamil Nadu,VERIFIED,LOW,CRM
CRM000938,Demo Customer 0938,1978-01-01,customer0938@example.invalid,0000000938,DEMO000938,Ahmedabad,Gujarat,VERIFIED,LOW,CRM
CRM000939,Demo Customer 0939,1979-01-01,customer0939@example.invalid,0000000939,DEMO000939,Gurugram,Haryana,VERIFIED,LOW,CRM
CRM000940,Demo Customer 0940,1980-01-01,customer0940@example.invalid,0000000940,DEMO000940,Ahmedabad,Gujarat,VERIFIED,MEDIUM,CRM
CRM000941,Demo Customer 0941,1981-01-01,customer0941@example.invalid,0000000941,DEMO000941,Hyderabad,Telangana,PENDING,LOW,CRM
CRM000942,Demo Customer 0942,1982-01-01,customer0942@example.invalid,0000000942,DEMO000942,Ahmedabad,Gujarat,PENDING,LOW,CRM
CRM000943,Demo Customer 0943,1983-01-01,customer0943@example.invalid,0000000943,DEMO000943,Ahmedabad,Gujarat,VERIFIED,LOW,CRM
CRM000944,Demo Customer 0944,1984-01-01,customer0944@example.invalid,0000000944,DEMO000944,Chennai,Tamil Nadu,VERIFIED,LOW,CRM
CRM000945,Demo Customer 0945,1985-01-01,customer0945@example.invalid,0000000945,DEMO000945,Chennai,Tamil Nadu,PENDING,LOW,CRM
CRM000946,Demo Customer 0946,1986-01-01,customer0946@example.invalid,0000000946,DEMO000946,Chennai,Tamil Nadu,VERIFIED,LOW,CRM
CRM000947,Demo Customer 0947,1987-01-01,customer0947@example.invalid,0000000947,DEMO000947,Bengaluru,Karnataka,VERIFIED,LOW,CRM
CRM000948,Demo Customer 0948,1988-01-01,customer0948@example.invalid,0000000948,DEMO000948,Delhi,Delhi,VERIFIED,LOW,CRM
CRM000949,Demo Customer 0949,1989-01-01,customer0949@example.invalid,0000000949,DEMO000949,Delhi,Delhi,VERIFIED,LOW,CRM
CRM000950,Demo Customer 0950,1990-01-01,customer0950@example.invalid,0000000950,DEMO000950,Hyderabad,Telangana,VERIFIED,LOW,CRM
CRM000951,Demo Customer 0951,1991-01-01,customer0951@example.invalid,0000000951,DEMO000951,Hyderabad,Telangana,VERIFIED,LOW,CRM
CRM000952,Demo Customer 0952,1992-01-01,customer0952@example.invalid,0000000952,DEMO000952,Bengaluru,Karnataka,VERIFIED,MEDIUM,CRM
CRM000953,Demo Customer 0953,1993-01-01,customer0953@example.invalid,0000000953,DEMO000953,Ahmedabad,Gujarat,PENDING,LOW,CRM
CRM000954,Demo Customer 0954,1994-01-01,customer0954@example.invalid,0000000954,DEMO000954,Hyderabad,Telangana,VERIFIED,LOW,CRM
CRM000955,Demo Customer 0955,1995-01-01,customer0955@example.invalid,0000000955,DEMO000955,Bengaluru,Karnataka,PENDING,LOW,CRM
CRM000956,Demo Customer 0956,1996-01-01,customer0956@example.invalid,0000000956,DEMO000956,Kolkata,West Bengal,VERIFIED,MEDIUM,CRM
CRM000957,Demo Customer 0957,1997-01-01,customer0957@example.invalid,0000000957,DEMO000957,Pune,Maharashtra,VERIFIED,HIGH,CRM
CRM000958,Demo Customer 0958,1998-01-01,customer0958@example.invalid,0000000958,DEMO000958,Delhi,Delhi,VERIFIED,MEDIUM,CRM
CRM000959,Demo Customer 0959,1999-01-01,customer0959@example.invalid,0000000959,DEMO000959,Hyderabad,Telangana,VERIFIED,LOW,CRM
CRM000960,Demo Customer 0960,1970-01-01,customer0960@example.invalid,0000000960,DEMO000960,Ahmedabad,Gujarat,VERIFIED,LOW,CRM
CRM000961,Demo Customer 0961,1971-01-01,customer0961@example.invalid,0000000961,DEMO000961,Mumbai,Maharashtra,VERIFIED,MEDIUM,CRM
CRM000962,Demo Customer 0962,1972-01-01,customer0962@example.invalid,0000000962,DEMO000962,Pune,Maharashtra,VERIFIED,LOW,CRM
CRM000963,Demo Customer 0963,1973-01-01,customer0963@example.invalid,0000000963,DEMO000963,Ahmedabad,Gujarat,VERIFIED,HIGH,CRM
CRM000964,Demo Customer 0964,1974-01-01,customer0964@example.invalid,0000000964,DEMO000964,Gurugram,Haryana,VERIFIED,LOW,CRM
CRM000965,Demo Customer 0965,1975-01-01,customer0965@example.invalid,0000000965,DEMO000965,Pune,Maharashtra,VERIFIED,LOW,CRM
CRM000966,Demo Customer 0966,1976-01-01,customer0966@example.invalid,0000000966,DEMO000966,Chennai,Tamil Nadu,VERIFIED,LOW,CRM
CRM000967,Demo Customer 0967,1977-01-01,customer0967@example.invalid,0000000967,DEMO000967,Chennai,Tamil Nadu,VERIFIED,LOW,CRM
CRM000968,Demo Customer 0968,1978-01-01,customer0968@example.invalid,0000000968,DEMO000968,Delhi,Delhi,VERIFIED,LOW,CRM
CRM000969,Demo Customer 0969,1979-01-01,customer0969@example.invalid,0000000969,DEMO000969,Chennai,Tamil Nadu,VERIFIED,LOW,CRM
CRM000970,Demo Customer 0970,1980-01-01,customer0970@example.invalid,0000000970,DEMO000970,Chennai,Tamil Nadu,PENDING,LOW,CRM
CRM000971,Demo Customer 0971,1981-01-01,customer0971@example.invalid,0000000971,DEMO000971,Kolkata,West Bengal,PENDING,LOW,CRM
CRM000972,Demo Customer 0972,1982-01-01,customer0972@example.invalid,0000000972,DEMO000972,Hyderabad,Telangana,VERIFIED,LOW,CRM
CRM000973,Demo Customer 0973,1983-01-01,customer0973@example.invalid,0000000973,DEMO000973,Chennai,Tamil Nadu,VERIFIED,LOW,CRM
CRM000974,Demo Customer 0974,1984-01-01,customer0974@example.invalid,0000000974,DEMO000974,Bengaluru,Karnataka,VERIFIED,MEDIUM,CRM
CRM000975,Demo Customer 0975,1985-01-01,customer0975@example.invalid,0000000975,DEMO000975,Bengaluru,Karnataka,PENDING,LOW,CRM
CRM000976,Demo Customer 0976,1986-01-01,customer0976@example.invalid,0000000976,DEMO000976,Mumbai,Maharashtra,VERIFIED,LOW,CRM
CRM000977,Demo Customer 0977,1987-01-01,customer0977@example.invalid,0000000977,DEMO000977,Delhi,Delhi,VERIFIED,LOW,CRM
CRM000978,Demo Customer 0978,1988-01-01,customer0978@example.invalid,0000000978,DEMO000978,Gurugram,Haryana,VERIFIED,LOW,CRM
CRM000979,Demo Customer 0979,1989-01-01,customer0979@example.invalid,0000000979,DEMO000979,Nagpur,Maharashtra,VERIFIED,LOW,CRM
CRM000980,Demo Customer 0980,1990-01-01,customer0980@example.invalid,0000000980,DEMO000980,Nagpur,Maharashtra,VERIFIED,LOW,CRM
CRM000981,Demo Customer 0981,1991-01-01,customer0981@example.invalid,0000000981,DEMO000981,Chennai,Tamil Nadu,VERIFIED,LOW,CRM
CRM000982,Demo Customer 0982,1992-01-01,customer0982@example.invalid,0000000982,DEMO000982,Chennai,Tamil Nadu,VERIFIED,LOW,CRM
CRM000983,Demo Customer 0983,1993-01-01,customer0983@example.invalid,0000000983,DEMO000983,Delhi,Delhi,VERIFIED,MEDIUM,CRM
CRM000984,Demo Customer 0984,1994-01-01,customer0984@example.invalid,0000000984,DEMO000984,Delhi,Delhi,VERIFIED,MEDIUM,CRM
CRM000985,Demo Customer 0985,1995-01-01,customer0985@example.invalid,0000000985,DEMO000985,Ahmedabad,Gujarat,VERIFIED,LOW,CRM
CRM000986,Demo Customer 0986,1996-01-01,customer0986@example.invalid,0000000986,DEMO000986,Bengaluru,Karnataka,VERIFIED,LOW,CRM
CRM000987,Demo Customer 0987,1997-01-01,customer0987@example.invalid,0000000987,DEMO000987,Hyderabad,Telangana,VERIFIED,MEDIUM,CRM
CRM000988,Demo Customer 0988,1998-01-01,customer0988@example.invalid,0000000988,DEMO000988,Pune,Maharashtra,PENDING,LOW,CRM
CRM000989,Demo Customer 0989,1999-01-01,customer0989@example.invalid,0000000989,DEMO000989,Gurugram,Haryana,VERIFIED,MEDIUM,CRM
CRM000990,Demo Customer 0990,1970-01-01,customer0990@example.invalid,0000000990,DEMO000990,Chennai,Tamil Nadu,VERIFIED,MEDIUM,CRM
CRM000991,Demo Customer 0991,1971-01-01,customer0991@example.invalid,0000000991,DEMO000991,Delhi,Delhi,PENDING,LOW,CRM
CRM000992,Demo Customer 0992,1972-01-01,customer0992@example.invalid,0000000992,DEMO000992,Bengaluru,Karnataka,PENDING,MEDIUM,CRM
CRM000993,Demo Customer 0993,1973-01-01,customer0993@example.invalid,0000000993,DEMO000993,Mumbai,Maharashtra,VERIFIED,LOW,CRM
CRM000994,Demo Customer 0994,1974-01-01,customer0994@example.invalid,0000000994,DEMO000994,Bengaluru,Karnataka,PENDING,LOW,CRM
CRM000995,Demo Customer 0995,1975-01-01,customer0995@example.invalid,0000000995,DEMO000995,Chennai,Tamil Nadu,VERIFIED,MEDIUM,CRM
CRM000996,Demo Customer 0996,1976-01-01,customer0996@example.invalid,0000000996,DEMO000996,Delhi,Delhi,VERIFIED,LOW,CRM
CRM000997,Demo Customer 0997,1977-01-01,customer0997@example.invalid,0000000997,DEMO000997,Bengaluru,Karnataka,VERIFIED,LOW,CRM
CRM000998,Demo Customer 0998,1978-01-01,customer0998@example.invalid,0000000998,DEMO000998,Bengaluru,Karnataka,PENDING,MEDIUM,CRM
CRM000999,Demo Customer 0999,1979-01-01,customer0999@example.invalid,0000000999,DEMO000999,Pune,Maharashtra,VERIFIED,LOW,CRM
CRM001000,Demo Customer 1000,1980-01-01,customer1000@example.invalid,0000001000,DEMO001000,Chennai,Tamil Nadu,VERIFIED,MEDIUM,CRM
CRM001001,Demo Customer 1001,1981-01-01,customer1001@example.invalid,0000001001,DEMO001001,Delhi,Delhi,VERIFIED,LOW,CRM
CRM001002,Demo Customer 1002,1982-01-01,customer1002@example.invalid,0000001002,DEMO001002,Mumbai,Maharashtra,VERIFIED,LOW,CRM
CRM001003,Demo Customer 1003,1983-01-01,customer1003@example.invalid,0000001003,DEMO001003,Chennai,Tamil Nadu,REJECTED,LOW,CRM
CRM001004,Demo Customer 1004,1984-01-01,customer1004@example.invalid,0000001004,DEMO001004,Nagpur,Maharashtra,VERIFIED,MEDIUM,CRM
CRM001005,Demo Customer 1005,1985-01-01,customer1005@example.invalid,0000001005,DEMO001005,Kolkata,West Bengal,PENDING,MEDIUM,CRM
CRM001006,Demo Customer 1006,1986-01-01,customer1006@example.invalid,0000001006,DEMO001006,Ahmedabad,Gujarat,REJECTED,LOW,CRM
CRM001007,Demo Customer 1007,1987-01-01,customer1007@example.invalid,0000001007,DEMO001007,Bengaluru,Karnataka,VERIFIED,LOW,CRM
CRM001008,Demo Customer 1008,1988-01-01,customer1008@example.invalid,0000001008,DEMO001008,Ahmedabad,Gujarat,PENDING,LOW,CRM
CRM001009,Demo Customer 1009,1989-01-01,customer1009@example.invalid,0000001009,DEMO001009,Gurugram,Haryana,VERIFIED,LOW,CRM
CRM001010,Demo Customer 1010,1990-01-01,customer1010@example.invalid,0000001010,DEMO001010,Delhi,Delhi,VERIFIED,LOW,CRM
CRM001011,Demo Customer 1011,1991-01-01,customer1011@example.invalid,0000001011,DEMO001011,Nagpur,Maharashtra,VERIFIED,MEDIUM,CRM
CRM001012,Demo Customer 1012,1992-01-01,customer1012@example.invalid,0000001012,DEMO001012,Kolkata,West Bengal,VERIFIED,LOW,CRM
CRM001013,Demo Customer 1013,1993-01-01,customer1013@example.invalid,0000001013,DEMO001013,Kolkata,West Bengal,VERIFIED,LOW,CRM
CRM001014,Demo Customer 1014,1994-01-01,customer1014@example.invalid,0000001014,DEMO001014,Mumbai,Maharashtra,VERIFIED,HIGH,CRM
CRM001015,Demo Customer 1015,1995-01-01,customer1015@example.invalid,0000001015,DEMO001015,Nagpur,Maharashtra,VERIFIED,LOW,CRM
CRM001016,Demo Customer 1016,1996-01-01,customer1016@example.invalid,0000001016,DEMO001016,Hyderabad,Telangana,VERIFIED,MEDIUM,CRM
CRM001017,Demo Customer 1017,1997-01-01,customer1017@example.invalid,0000001017,DEMO001017,Delhi,Delhi,VERIFIED,MEDIUM,CRM
CRM001018,Demo Customer 1018,1998-01-01,customer1018@example.invalid,0000001018,DEMO001018,Delhi,Delhi,VERIFIED,LOW,CRM
CRM001019,Demo Customer 1019,1999-01-01,customer1019@example.invalid,0000001019,DEMO001019,Chennai,Tamil Nadu,VERIFIED,LOW,CRM
CRM001020,Demo Customer 1020,1970-01-01,customer1020@example.invalid,0000001020,DEMO001020,Hyderabad,Telangana,VERIFIED,MEDIUM,CRM
CRM001021,Demo Customer 1021,1971-01-01,customer1021@example.invalid,0000001021,DEMO001021,Bengaluru,Karnataka,VERIFIED,LOW,CRM
CRM001022,Demo Customer 1022,1972-01-01,customer1022@example.invalid,0000001022,DEMO001022,Delhi,Delhi,VERIFIED,MEDIUM,CRM
CRM001023,Demo Customer 1023,1973-01-01,customer1023@example.invalid,0000001023,DEMO001023,Chennai,Tamil Nadu,VERIFIED,LOW,CRM
CRM001024,Demo Customer 1024,1974-01-01,customer1024@example.invalid,0000001024,DEMO001024,Chennai,Tamil Nadu,VERIFIED,MEDIUM,CRM
CRM001025,Demo Customer 1025,1975-01-01,customer1025@example.invalid,0000001025,DEMO001025,Chennai,Tamil Nadu,VERIFIED,MEDIUM,CRM
CRM001026,Demo Customer 1026,1976-01-01,customer1026@example.invalid,0000001026,DEMO001026,Nagpur,Maharashtra,VERIFIED,LOW,CRM
CRM001027,Demo Customer 1027,1977-01-01,customer1027@example.invalid,0000001027,DEMO001027,Mumbai,Maharashtra,VERIFIED,MEDIUM,CRM
CRM001028,Demo Customer 1028,1978-01-01,customer1028@example.invalid,0000001028,DEMO001028,Pune,Maharashtra,VERIFIED,LOW,CRM
CRM001029,Demo Customer 1029,1979-01-01,customer1029@example.invalid,0000001029,DEMO001029,Pune,Maharashtra,VERIFIED,LOW,CRM
CRM001030,Demo Customer 1030,1980-01-01,customer1030@example.invalid,0000001030,DEMO001030,Delhi,Delhi,VERIFIED,LOW,CRM
CRM001031,Demo Customer 1031,1981-01-01,customer1031@example.invalid,0000001031,DEMO001031,Delhi,Delhi,VERIFIED,MEDIUM,CRM
CRM001032,Demo Customer 1032,1982-01-01,customer1032@example.invalid,0000001032,DEMO001032,Ahmedabad,Gujarat,PENDING,LOW,CRM
CRM001033,Demo Customer 1033,1983-01-01,customer1033@example.invalid,0000001033,DEMO001033,Gurugram,Haryana,VERIFIED,LOW,CRM
CRM001034,Demo Customer 1034,1984-01-01,customer1034@example.invalid,0000001034,DEMO001034,Hyderabad,Telangana,VERIFIED,LOW,CRM
CRM001035,Demo Customer 1035,1985-01-01,customer1035@example.invalid,0000001035,DEMO001035,Bengaluru,Karnataka,VERIFIED,MEDIUM,CRM
CRM001036,Demo Customer 1036,1986-01-01,customer1036@example.invalid,0000001036,DEMO001036,Pune,Maharashtra,VERIFIED,LOW,CRM
CRM001037,Demo Customer 1037,1987-01-01,customer1037@example.invalid,0000001037,DEMO001037,Delhi,Delhi,VERIFIED,LOW,CRM
CRM001038,Demo Customer 1038,1988-01-01,customer1038@example.invalid,0000001038,DEMO001038,Bengaluru,Karnataka,VERIFIED,MEDIUM,CRM
CRM001039,Demo Customer 1039,1989-01-01,customer1039@example.invalid,0000001039,DEMO001039,Chennai,Tamil Nadu,VERIFIED,LOW,CRM
CRM001040,Demo Customer 1040,1990-01-01,customer1040@example.invalid,0000001040,DEMO001040,Pune,Maharashtra,VERIFIED,LOW,CRM
CRM001041,Demo Customer 1041,1991-01-01,customer1041@example.invalid,0000001041,DEMO001041,Hyderabad,Telangana,VERIFIED,MEDIUM,CRM
CRM001042,Demo Customer 1042,1992-01-01,customer1042@example.invalid,0000001042,DEMO001042,Hyderabad,Telangana,VERIFIED,LOW,CRM
CRM001043,Demo Customer 1043,1993-01-01,customer1043@example.invalid,0000001043,DEMO001043,Delhi,Delhi,VERIFIED,MEDIUM,CRM
CRM001044,Demo Customer 1044,1994-01-01,customer1044@example.invalid,0000001044,DEMO001044,Hyderabad,Telangana,VERIFIED,LOW,CRM
CRM001045,Demo Customer 1045,1995-01-01,customer1045@example.invalid,0000001045,DEMO001045,Hyderabad,Telangana,VERIFIED,LOW,CRM
CRM001046,Demo Customer 1046,1996-01-01,customer1046@example.invalid,0000001046,DEMO001046,Hyderabad,Telangana,VERIFIED,LOW,CRM
CRM001047,Demo Customer 1047,1997-01-01,customer1047@example.invalid,0000001047,DEMO001047,Hyderabad,Telangana,PENDING,LOW,CRM
CRM001048,Demo Customer 1048,1998-01-01,customer1048@example.invalid,0000001048,DEMO001048,Chennai,Tamil Nadu,VERIFIED,LOW,CRM
CRM001049,Demo Customer 1049,1999-01-01,customer1049@example.invalid,0000001049,DEMO001049,Pune,Maharashtra,VERIFIED,LOW,CRM
CRM001050,Demo Customer 1050,1970-01-01,customer1050@example.invalid,0000001050,DEMO001050,Nagpur,Maharashtra,VERIFIED,LOW,CRM
CRM001051,Demo Customer 1051,1971-01-01,customer1051@example.invalid,0000001051,DEMO001051,Gurugram,Haryana,VERIFIED,LOW,CRM
CRM001052,Demo Customer 1052,1972-01-01,customer1052@example.invalid,0000001052,DEMO001052,Kolkata,West Bengal,VERIFIED,MEDIUM,CRM
CRM001053,Demo Customer 1053,1973-01-01,customer1053@example.invalid,0000001053,DEMO001053,Bengaluru,Karnataka,VERIFIED,LOW,CRM
CRM001054,Demo Customer 1054,1974-01-01,customer1054@example.invalid,0000001054,DEMO001054,Hyderabad,Telangana,VERIFIED,HIGH,CRM
CRM001055,Demo Customer 1055,1975-01-01,customer1055@example.invalid,0000001055,DEMO001055,Bengaluru,Karnataka,PENDING,HIGH,CRM
CRM001056,Demo Customer 1056,1976-01-01,customer1056@example.invalid,0000001056,DEMO001056,Bengaluru,Karnataka,PENDING,LOW,CRM
CRM001057,Demo Customer 1057,1977-01-01,customer1057@example.invalid,0000001057,DEMO001057,Chennai,Tamil Nadu,VERIFIED,LOW,CRM
CRM001058,Demo Customer 1058,1978-01-01,customer1058@example.invalid,0000001058,DEMO001058,Mumbai,Maharashtra,PENDING,MEDIUM,CRM
CRM001059,Demo Customer 1059,1979-01-01,customer1059@example.invalid,0000001059,DEMO001059,Bengaluru,Karnataka,VERIFIED,LOW,CRM
CRM001060,Demo Customer 1060,1980-01-01,customer1060@example.invalid,0000001060,DEMO001060,Chennai,Tamil Nadu,VERIFIED,MEDIUM,CRM
CRM001061,Demo Customer 1061,1981-01-01,customer1061@example.invalid,0000001061,DEMO001061,Chennai,Tamil Nadu,VERIFIED,LOW,CRM
CRM001062,Demo Customer 1062,1982-01-01,customer1062@example.invalid,0000001062,DEMO001062,Chennai,Tamil Nadu,VERIFIED,LOW,CRM
CRM001063,Demo Customer 1063,1983-01-01,customer1063@example.invalid,0000001063,DEMO001063,Bengaluru,Karnataka,VERIFIED,MEDIUM,CRM
CRM001064,Demo Customer 1064,1984-01-01,customer1064@example.invalid,0000001064,DEMO001064,Chennai,Tamil Nadu,PENDING,LOW,CRM
CRM001065,Demo Customer 1065,1985-01-01,customer1065@example.invalid,0000001065,DEMO001065,Hyderabad,Telangana,VERIFIED,MEDIUM,CRM
CRM001066,Demo Customer 1066,1986-01-01,customer1066@example.invalid,0000001066,DEMO001066,Bengaluru,Karnataka,VERIFIED,LOW,CRM
CRM001067,Demo Customer 1067,1987-01-01,customer1067@example.invalid,0000001067,DEMO001067,Pune,Maharashtra,PENDING,LOW,CRM
CRM001068,Demo Customer 1068,1988-01-01,customer1068@example.invalid,0000001068,DEMO001068,Chennai,Tamil Nadu,VERIFIED,MEDIUM,CRM
CRM001069,Demo Customer 1069,1989-01-01,customer1069@example.invalid,0000001069,DEMO001069,Kolkata,West Bengal,REJECTED,LOW,CRM
CRM001070,Demo Customer 1070,1990-01-01,customer1070@example.invalid,0000001070,DEMO001070,Hyderabad,Telangana,VERIFIED,HIGH,CRM
CRM001071,Demo Customer 1071,1991-01-01,customer1071@example.invalid,0000001071,DEMO001071,Nagpur,Maharashtra,VERIFIED,LOW,CRM
CRM001072,Demo Customer 1072,1992-01-01,customer1072@example.invalid,0000001072,DEMO001072,Mumbai,Maharashtra,VERIFIED,MEDIUM,CRM
CRM001073,Demo Customer 1073,1993-01-01,customer1073@example.invalid,0000001073,DEMO001073,Pune,Maharashtra,VERIFIED,LOW,CRM
CRM001074,Demo Customer 1074,1994-01-01,customer1074@example.invalid,0000001074,DEMO001074,Kolkata,West Bengal,VERIFIED,LOW,CRM
CRM001075,Demo Customer 1075,1995-01-01,customer1075@example.invalid,0000001075,DEMO001075,Ahmedabad,Gujarat,PENDING,LOW,CRM
CRM001076,Demo Customer 1076,1996-01-01,customer1076@example.invalid,0000001076,DEMO001076,Chennai,Tamil Nadu,VERIFIED,LOW,CRM
CRM001077,Demo Customer 1077,1997-01-01,customer1077@example.invalid,0000001077,DEMO001077,Nagpur,Maharashtra,VERIFIED,MEDIUM,CRM
CRM001078,Demo Customer 1078,1998-01-01,customer1078@example.invalid,0000001078,DEMO001078,Pune,Maharashtra,VERIFIED,MEDIUM,CRM
CRM001079,Demo Customer 1079,1999-01-01,customer1079@example.invalid,0000001079,DEMO001079,Mumbai,Maharashtra,VERIFIED,HIGH,CRM
CRM001080,Demo Customer 1080,1970-01-01,customer1080@example.invalid,0000001080,DEMO001080,Kolkata,West Bengal,VERIFIED,LOW,CRM
CRM001081,Demo Customer 1081,1971-01-01,customer1081@example.invalid,0000001081,DEMO001081,Mumbai,Maharashtra,VERIFIED,MEDIUM,CRM
CRM001082,Demo Customer 1082,1972-01-01,customer1082@example.invalid,0000001082,DEMO001082,Delhi,Delhi,VERIFIED,MEDIUM,CRM
CRM001083,Demo Customer 1083,1973-01-01,customer1083@example.invalid,0000001083,DEMO001083,Nagpur,Maharashtra,VERIFIED,MEDIUM,CRM
CRM001084,Demo Customer 1084,1974-01-01,customer1084@example.invalid,0000001084,DEMO001084,Chennai,Tamil Nadu,VERIFIED,MEDIUM,CRM
CRM001085,Demo Customer 1085,1975-01-01,customer1085@example.invalid,0000001085,DEMO001085,Bengaluru,Karnataka,VERIFIED,LOW,CRM
CRM001086,Demo Customer 1086,1976-01-01,customer1086@example.invalid,0000001086,DEMO001086,Kolkata,West Bengal,REJECTED,LOW,CRM
CRM001087,Demo Customer 1087,1977-01-01,customer1087@example.invalid,0000001087,DEMO001087,Gurugram,Haryana,VERIFIED,LOW,CRM
CRM001088,Demo Customer 1088,1978-01-01,customer1088@example.invalid,0000001088,DEMO001088,Kolkata,West Bengal,VERIFIED,MEDIUM,CRM
CRM001089,Demo Customer 1089,1979-01-01,customer1089@example.invalid,0000001089,DEMO001089,Pune,Maharashtra,VERIFIED,LOW,CRM
CRM001090,Demo Customer 1090,1980-01-01,customer1090@example.invalid,0000001090,DEMO001090,Bengaluru,Karnataka,VERIFIED,LOW,CRM
CRM001091,Demo Customer 1091,1981-01-01,customer1091@example.invalid,0000001091,DEMO001091,Mumbai,Maharashtra,VERIFIED,MEDIUM,CRM
CRM001092,Demo Customer 1092,1982-01-01,customer1092@example.invalid,0000001092,DEMO001092,Delhi,Delhi,VERIFIED,LOW,CRM
CRM001093,Demo Customer 1093,1983-01-01,customer1093@example.invalid,0000001093,DEMO001093,Kolkata,West Bengal,VERIFIED,LOW,CRM
CRM001094,Demo Customer 1094,1984-01-01,customer1094@example.invalid,0000001094,DEMO001094,Ahmedabad,Gujarat,VERIFIED,LOW,CRM
CRM001095,Demo Customer 1095,1985-01-01,customer1095@example.invalid,0000001095,DEMO001095,Chennai,Tamil Nadu,VERIFIED,LOW,CRM
CRM001096,Demo Customer 1096,1986-01-01,customer1096@example.invalid,0000001096,DEMO001096,Pune,Maharashtra,VERIFIED,MEDIUM,CRM
CRM001097,Demo Customer 1097,1987-01-01,customer1097@example.invalid,0000001097,DEMO001097,Delhi,Delhi,VERIFIED,HIGH,CRM
CRM001098,Demo Customer 1098,1988-01-01,customer1098@example.invalid,0000001098,DEMO001098,Pune,Maharashtra,PENDING,LOW,CRM
CRM001099,Demo Customer 1099,1989-01-01,customer1099@example.invalid,0000001099,DEMO001099,Mumbai,Maharashtra,VERIFIED,MEDIUM,CRM
CRM001100,Demo Customer 1100,1990-01-01,customer1100@example.invalid,0000001100,DEMO001100,Kolkata,West Bengal,VERIFIED,MEDIUM,CRM
CRM001101,Demo Customer 1101,1991-01-01,customer1101@example.invalid,0000001101,DEMO001101,Chennai,Tamil Nadu,PENDING,MEDIUM,CRM
CRM001102,Demo Customer 1102,1992-01-01,customer1102@example.invalid,0000001102,DEMO001102,Delhi,Delhi,VERIFIED,LOW,CRM
CRM001103,Demo Customer 1103,1993-01-01,customer1103@example.invalid,0000001103,DEMO001103,Pune,Maharashtra,VERIFIED,LOW,CRM
CRM001104,Demo Customer 1104,1994-01-01,customer1104@example.invalid,0000001104,DEMO001104,Chennai,Tamil Nadu,VERIFIED,LOW,CRM
CRM001105,Demo Customer 1105,1995-01-01,customer1105@example.invalid,0000001105,DEMO001105,Gurugram,Haryana,VERIFIED,LOW,CRM
CRM001106,Demo Customer 1106,1996-01-01,customer1106@example.invalid,0000001106,DEMO001106,Kolkata,West Bengal,VERIFIED,LOW,CRM
CRM001107,Demo Customer 1107,1997-01-01,customer1107@example.invalid,0000001107,DEMO001107,Hyderabad,Telangana,VERIFIED,LOW,CRM
CRM001108,Demo Customer 1108,1998-01-01,customer1108@example.invalid,0000001108,DEMO001108,Chennai,Tamil Nadu,VERIFIED,LOW,CRM
CRM001109,Demo Customer 1109,1999-01-01,customer1109@example.invalid,0000001109,DEMO001109,Ahmedabad,Gujarat,VERIFIED,LOW,CRM
CRM001110,Demo Customer 1110,1970-01-01,customer1110@example.invalid,0000001110,DEMO001110,Delhi,Delhi,PENDING,LOW,CRM
CRM001111,Demo Customer 1111,1971-01-01,customer1111@example.invalid,0000001111,DEMO001111,Mumbai,Maharashtra,VERIFIED,LOW,CRM
CRM001112,Demo Customer 1112,1972-01-01,customer1112@example.invalid,0000001112,DEMO001112,Pune,Maharashtra,PENDING,LOW,CRM
CRM001113,Demo Customer 1113,1973-01-01,customer1113@example.invalid,0000001113,DEMO001113,Bengaluru,Karnataka,VERIFIED,LOW,CRM
CRM001114,Demo Customer 1114,1974-01-01,customer1114@example.invalid,0000001114,DEMO001114,Hyderabad,Telangana,PENDING,MEDIUM,CRM
CRM001115,Demo Customer 1115,1975-01-01,customer1115@example.invalid,0000001115,DEMO001115,Pune,Maharashtra,VERIFIED,LOW,CRM
CRM001116,Demo Customer 1116,1976-01-01,customer1116@example.invalid,0000001116,DEMO001116,Mumbai,Maharashtra,VERIFIED,LOW,CRM
CRM001117,Demo Customer 1117,1977-01-01,customer1117@example.invalid,0000001117,DEMO001117,Hyderabad,Telangana,VERIFIED,HIGH,CRM
CRM001118,Demo Customer 1118,1978-01-01,customer1118@example.invalid,0000001118,DEMO001118,Nagpur,Maharashtra,PENDING,MEDIUM,CRM
CRM001119,Demo Customer 1119,1979-01-01,customer1119@example.invalid,0000001119,DEMO001119,Hyderabad,Telangana,PENDING,LOW,CRM
CRM001120,Demo Customer 1120,1980-01-01,customer1120@example.invalid,0000001120,DEMO001120,Pune,Maharashtra,VERIFIED,LOW,CRM
CRM001121,Demo Customer 1121,1981-01-01,customer1121@example.invalid,0000001121,DEMO001121,Hyderabad,Telangana,VERIFIED,LOW,CRM
CRM001122,Demo Customer 1122,1982-01-01,customer1122@example.invalid,0000001122,DEMO001122,Kolkata,West Bengal,VERIFIED,LOW,CRM
CRM001123,Demo Customer 1123,1983-01-01,customer1123@example.invalid,0000001123,DEMO001123,Ahmedabad,Gujarat,VERIFIED,LOW,CRM
CRM001124,Demo Customer 1124,1984-01-01,customer1124@example.invalid,0000001124,DEMO001124,Ahmedabad,Gujarat,VERIFIED,MEDIUM,CRM
CRM001125,Demo Customer 1125,1985-01-01,customer1125@example.invalid,0000001125,DEMO001125,Pune,Maharashtra,VERIFIED,LOW,CRM
CRM001126,Demo Customer 1126,1986-01-01,customer1126@example.invalid,0000001126,DEMO001126,Nagpur,Maharashtra,VERIFIED,MEDIUM,CRM
CRM001127,Demo Customer 1127,1987-01-01,customer1127@example.invalid,0000001127,DEMO001127,Mumbai,Maharashtra,VERIFIED,MEDIUM,CRM
CRM001128,Demo Customer 1128,1988-01-01,customer1128@example.invalid,0000001128,DEMO001128,Bengaluru,Karnataka,VERIFIED,MEDIUM,CRM
CRM001129,Demo Customer 1129,1989-01-01,customer1129@example.invalid,0000001129,DEMO001129,Bengaluru,Karnataka,VERIFIED,LOW,CRM
CRM001130,Demo Customer 1130,1990-01-01,customer1130@example.invalid,0000001130,DEMO001130,Chennai,Tamil Nadu,VERIFIED,MEDIUM,CRM
CRM001131,Demo Customer 1131,1991-01-01,customer1131@example.invalid,0000001131,DEMO001131,Gurugram,Haryana,PENDING,LOW,CRM
CRM001132,Demo Customer 1132,1992-01-01,customer1132@example.invalid,0000001132,DEMO001132,Delhi,Delhi,PENDING,LOW,CRM
CRM001133,Demo Customer 1133,1993-01-01,customer1133@example.invalid,0000001133,DEMO001133,Delhi,Delhi,VERIFIED,MEDIUM,CRM
CRM001134,Demo Customer 1134,1994-01-01,customer1134@example.invalid,0000001134,DEMO001134,Bengaluru,Karnataka,VERIFIED,LOW,CRM
CRM001135,Demo Customer 1135,1995-01-01,customer1135@example.invalid,0000001135,DEMO001135,Kolkata,West Bengal,VERIFIED,HIGH,CRM
CRM001136,Demo Customer 1136,1996-01-01,customer1136@example.invalid,0000001136,DEMO001136,Delhi,Delhi,VERIFIED,HIGH,CRM
CRM001137,Demo Customer 1137,1997-01-01,customer1137@example.invalid,0000001137,DEMO001137,Gurugram,Haryana,VERIFIED,LOW,CRM
CRM001138,Demo Customer 1138,1998-01-01,customer1138@example.invalid,0000001138,DEMO001138,Delhi,Delhi,VERIFIED,LOW,CRM
CRM001139,Demo Customer 1139,1999-01-01,customer1139@example.invalid,0000001139,DEMO001139,Bengaluru,Karnataka,VERIFIED,LOW,CRM
CRM001140,Demo Customer 1140,1970-01-01,customer1140@example.invalid,0000001140,DEMO001140,Hyderabad,Telangana,VERIFIED,LOW,CRM
CRM001141,Demo Customer 1141,1971-01-01,customer1141@example.invalid,0000001141,DEMO001141,Gurugram,Haryana,VERIFIED,LOW,CRM
CRM001142,Demo Customer 1142,1972-01-01,customer1142@example.invalid,0000001142,DEMO001142,Ahmedabad,Gujarat,VERIFIED,LOW,CRM
CRM001143,Demo Customer 1143,1973-01-01,customer1143@example.invalid,0000001143,DEMO001143,Mumbai,Maharashtra,VERIFIED,LOW,CRM
CRM001144,Demo Customer 1144,1974-01-01,customer1144@example.invalid,0000001144,DEMO001144,Chennai,Tamil Nadu,VERIFIED,HIGH,CRM
CRM001145,Demo Customer 1145,1975-01-01,customer1145@example.invalid,0000001145,DEMO001145,Bengaluru,Karnataka,VERIFIED,LOW,CRM
CRM001146,Demo Customer 1146,1976-01-01,customer1146@example.invalid,0000001146,DEMO001146,Bengaluru,Karnataka,VERIFIED,MEDIUM,CRM
CRM001147,Demo Customer 1147,1977-01-01,customer1147@example.invalid,0000001147,DEMO001147,Mumbai,Maharashtra,VERIFIED,LOW,CRM
CRM001148,Demo Customer 1148,1978-01-01,customer1148@example.invalid,0000001148,DEMO001148,Chennai,Tamil Nadu,VERIFIED,MEDIUM,CRM
CRM001149,Demo Customer 1149,1979-01-01,customer1149@example.invalid,0000001149,DEMO001149,Ahmedabad,Gujarat,VERIFIED,LOW,CRM
CRM001150,Demo Customer 1150,1980-01-01,customer1150@example.invalid,0000001150,DEMO001150,Pune,Maharashtra,VERIFIED,MEDIUM,CRM
CRM001151,Demo Customer 1151,1981-01-01,customer1151@example.invalid,0000001151,DEMO001151,Pune,Maharashtra,VERIFIED,MEDIUM,CRM
CRM001152,Demo Customer 1152,1982-01-01,customer1152@example.invalid,0000001152,DEMO001152,Gurugram,Haryana,VERIFIED,LOW,CRM
CRM001153,Demo Customer 1153,1983-01-01,customer1153@example.invalid,0000001153,DEMO001153,Kolkata,West Bengal,VERIFIED,LOW,CRM
CRM001154,Demo Customer 1154,1984-01-01,customer1154@example.invalid,0000001154,DEMO001154,Ahmedabad,Gujarat,PENDING,LOW,CRM
CRM001155,Demo Customer 1155,1985-01-01,customer1155@example.invalid,0000001155,DEMO001155,Chennai,Tamil Nadu,VERIFIED,LOW,CRM
CRM001156,Demo Customer 1156,1986-01-01,customer1156@example.invalid,0000001156,DEMO001156,Hyderabad,Telangana,VERIFIED,LOW,CRM
CRM001157,Demo Customer 1157,1987-01-01,customer1157@example.invalid,0000001157,DEMO001157,Chennai,Tamil Nadu,VERIFIED,LOW,CRM
CRM001158,Demo Customer 1158,1988-01-01,customer1158@example.invalid,0000001158,DEMO001158,Kolkata,West Bengal,VERIFIED,MEDIUM,CRM
CRM001159,Demo Customer 1159,1989-01-01,customer1159@example.invalid,0000001159,DEMO001159,Nagpur,Maharashtra,VERIFIED,LOW,CRM
CRM001160,Demo Customer 1160,1990-01-01,customer1160@example.invalid,0000001160,DEMO001160,Pune,Maharashtra,VERIFIED,MEDIUM,CRM
CRM001161,Demo Customer 1161,1991-01-01,customer1161@example.invalid,0000001161,DEMO001161,Hyderabad,Telangana,VERIFIED,MEDIUM,CRM
CRM001162,Demo Customer 1162,1992-01-01,customer1162@example.invalid,0000001162,DEMO001162,Chennai,Tamil Nadu,VERIFIED,LOW,CRM
CRM001163,Demo Customer 1163,1993-01-01,customer1163@example.invalid,0000001163,DEMO001163,Mumbai,Maharashtra,VERIFIED,LOW,CRM
CRM001164,Demo Customer 1164,1994-01-01,customer1164@example.invalid,0000001164,DEMO001164,Gurugram,Haryana,VERIFIED,MEDIUM,CRM
CRM001165,Demo Customer 1165,1995-01-01,customer1165@example.invalid,0000001165,DEMO001165,Nagpur,Maharashtra,VERIFIED,LOW,CRM
CRM001166,Demo Customer 1166,1996-01-01,customer1166@example.invalid,0000001166,DEMO001166,Mumbai,Maharashtra,VERIFIED,LOW,CRM
CRM001167,Demo Customer 1167,1997-01-01,customer1167@example.invalid,0000001167,DEMO001167,Chennai,Tamil Nadu,VERIFIED,LOW,CRM
CRM001168,Demo Customer 1168,1998-01-01,customer1168@example.invalid,0000001168,DEMO001168,Ahmedabad,Gujarat,VERIFIED,LOW,CRM
CRM001169,Demo Customer 1169,1999-01-01,customer1169@example.invalid,0000001169,DEMO001169,Nagpur,Maharashtra,VERIFIED,LOW,CRM
CRM001170,Demo Customer 1170,1970-01-01,customer1170@example.invalid,0000001170,DEMO001170,Nagpur,Maharashtra,VERIFIED,MEDIUM,CRM
CRM001171,Demo Customer 1171,1971-01-01,customer1171@example.invalid,0000001171,DEMO001171,Bengaluru,Karnataka,VERIFIED,LOW,CRM
CRM001172,Demo Customer 1172,1972-01-01,customer1172@example.invalid,0000001172,DEMO001172,Bengaluru,Karnataka,PENDING,MEDIUM,CRM
CRM001173,Demo Customer 1173,1973-01-01,customer1173@example.invalid,0000001173,DEMO001173,Hyderabad,Telangana,VERIFIED,LOW,CRM
CRM001174,Demo Customer 1174,1974-01-01,customer1174@example.invalid,0000001174,DEMO001174,Bengaluru,Karnataka,VERIFIED,LOW,CRM
CRM001175,Demo Customer 1175,1975-01-01,customer1175@example.invalid,0000001175,DEMO001175,Bengaluru,Karnataka,PENDING,MEDIUM,CRM
CRM001176,Demo Customer 1176,1976-01-01,customer1176@example.invalid,0000001176,DEMO001176,Bengaluru,Karnataka,PENDING,LOW,CRM
CRM001177,Demo Customer 1177,1977-01-01,customer1177@example.invalid,0000001177,DEMO001177,Mumbai,Maharashtra,VERIFIED,LOW,CRM
CRM001178,Demo Customer 1178,1978-01-01,customer1178@example.invalid,0000001178,DEMO001178,Bengaluru,Karnataka,VERIFIED,HIGH,CRM
CRM001179,Demo Customer 1179,1979-01-01,customer1179@example.invalid,0000001179,DEMO001179,Ahmedabad,Gujarat,VERIFIED,MEDIUM,CRM
CRM001180,Demo Customer 1180,1980-01-01,customer1180@example.invalid,0000001180,DEMO001180,Delhi,Delhi,PENDING,LOW,CRM
CRM001181,Demo Customer 1181,1981-01-01,customer1181@example.invalid,0000001181,DEMO001181,Kolkata,West Bengal,VERIFIED,LOW,CRM
CRM001182,Demo Customer 1182,1982-01-01,customer1182@example.invalid,0000001182,DEMO001182,Ahmedabad,Gujarat,VERIFIED,MEDIUM,CRM
CRM001183,Demo Customer 1183,1983-01-01,customer1183@example.invalid,0000001183,DEMO001183,Delhi,Delhi,VERIFIED,HIGH,CRM
CRM001184,Demo Customer 1184,1984-01-01,customer1184@example.invalid,0000001184,DEMO001184,Bengaluru,Karnataka,PENDING,LOW,CRM
CRM001185,Demo Customer 1185,1985-01-01,customer1185@example.invalid,0000001185,DEMO001185,Delhi,Delhi,VERIFIED,LOW,CRM
CRM001186,Demo Customer 1186,1986-01-01,customer1186@example.invalid,0000001186,DEMO001186,Bengaluru,Karnataka,VERIFIED,LOW,CRM
CRM001187,Demo Customer 1187,1987-01-01,customer1187@example.invalid,0000001187,DEMO001187,Nagpur,Maharashtra,VERIFIED,MEDIUM,CRM
CRM001188,Demo Customer 1188,1988-01-01,customer1188@example.invalid,0000001188,DEMO001188,Mumbai,Maharashtra,VERIFIED,LOW,CRM
CRM001189,Demo Customer 1189,1989-01-01,customer1189@example.invalid,0000001189,DEMO001189,Bengaluru,Karnataka,VERIFIED,LOW,CRM
CRM001190,Demo Customer 1190,1990-01-01,customer1190@example.invalid,0000001190,DEMO001190,Ahmedabad,Gujarat,PENDING,LOW,CRM
CRM001191,Demo Customer 1191,1991-01-01,customer1191@example.invalid,0000001191,DEMO001191,Chennai,Tamil Nadu,PENDING,LOW,CRM
CRM001192,Demo Customer 1192,1992-01-01,customer1192@example.invalid,0000001192,DEMO001192,Nagpur,Maharashtra,VERIFIED,LOW,CRM
CRM001193,Demo Customer 1193,1993-01-01,customer1193@example.invalid,0000001193,DEMO001193,Mumbai,Maharashtra,VERIFIED,MEDIUM,CRM
CRM001194,Demo Customer 1194,1994-01-01,customer1194@example.invalid,0000001194,DEMO001194,Nagpur,Maharashtra,VERIFIED,HIGH,CRM
CRM001195,Demo Customer 1195,1995-01-01,customer1195@example.invalid,0000001195,DEMO001195,Gurugram,Haryana,VERIFIED,LOW,CRM
CRM001196,Demo Customer 1196,1996-01-01,customer1196@example.invalid,0000001196,DEMO001196,Pune,Maharashtra,VERIFIED,MEDIUM,CRM
CRM001197,Demo Customer 1197,1997-01-01,customer1197@example.invalid,0000001197,DEMO001197,Ahmedabad,Gujarat,PENDING,LOW,CRM
CRM001198,Demo Customer 1198,1998-01-01,customer1198@example.invalid,0000001198,DEMO001198,Hyderabad,Telangana,VERIFIED,LOW,CRM
CRM001199,Demo Customer 1199,1999-01-01,customer1199@example.invalid,0000001199,DEMO001199,Bengaluru,Karnataka,VERIFIED,MEDIUM,CRM
CRM001200,Demo Customer 1200,1970-01-01,customer1200@example.invalid,0000001200,DEMO001200,Ahmedabad,Gujarat,VERIFIED,MEDIUM,CRM
CRM001201,Demo Customer 1201,1971-01-01,customer1201@example.invalid,0000001201,DEMO001201,Delhi,Delhi,VERIFIED,LOW,CRM
CRM001202,Demo Customer 1202,1972-01-01,customer1202@example.invalid,0000001202,DEMO001202,Bengaluru,Karnataka,VERIFIED,LOW,CRM
CRM001203,Demo Customer 1203,1973-01-01,customer1203@example.invalid,0000001203,DEMO001203,Nagpur,Maharashtra,VERIFIED,MEDIUM,CRM
CRM001204,Demo Customer 1204,1974-01-01,customer1204@example.invalid,0000001204,DEMO001204,Kolkata,West Bengal,VERIFIED,MEDIUM,CRM
CRM001205,Demo Customer 1205,1975-01-01,customer1205@example.invalid,0000001205,DEMO001205,Chennai,Tamil Nadu,VERIFIED,HIGH,CRM
CRM001206,Demo Customer 1206,1976-01-01,customer1206@example.invalid,0000001206,DEMO001206,Gurugram,Haryana,VERIFIED,LOW,CRM
CRM001207,Demo Customer 1207,1977-01-01,customer1207@example.invalid,0000001207,DEMO001207,Gurugram,Haryana,VERIFIED,MEDIUM,CRM
CRM001208,Demo Customer 1208,1978-01-01,customer1208@example.invalid,0000001208,DEMO001208,Mumbai,Maharashtra,PENDING,MEDIUM,CRM
CRM001209,Demo Customer 1209,1979-01-01,customer1209@example.invalid,0000001209,DEMO001209,Bengaluru,Karnataka,VERIFIED,LOW,CRM
CRM001210,Demo Customer 1210,1980-01-01,customer1210@example.invalid,0000001210,DEMO001210,Bengaluru,Karnataka,VERIFIED,LOW,CRM
CRM001211,Demo Customer 1211,1981-01-01,customer1211@example.invalid,0000001211,DEMO001211,Bengaluru,Karnataka,VERIFIED,MEDIUM,CRM
CRM001212,Demo Customer 1212,1982-01-01,customer1212@example.invalid,0000001212,DEMO001212,Kolkata,West Bengal,VERIFIED,LOW,CRM
CRM001213,Demo Customer 1213,1983-01-01,customer1213@example.invalid,0000001213,DEMO001213,Hyderabad,Telangana,PENDING,LOW,CRM
CRM001214,Demo Customer 1214,1984-01-01,customer1214@example.invalid,0000001214,DEMO001214,Hyderabad,Telangana,VERIFIED,LOW,CRM
CRM001215,Demo Customer 1215,1985-01-01,customer1215@example.invalid,0000001215,DEMO001215,Kolkata,West Bengal,VERIFIED,MEDIUM,CRM
CRM001216,Demo Customer 1216,1986-01-01,customer1216@example.invalid,0000001216,DEMO001216,Delhi,Delhi,VERIFIED,LOW,CRM
CRM001217,Demo Customer 1217,1987-01-01,customer1217@example.invalid,0000001217,DEMO001217,Gurugram,Haryana,VERIFIED,LOW,CRM
CRM001218,Demo Customer 1218,1988-01-01,customer1218@example.invalid,0000001218,DEMO001218,Hyderabad,Telangana,VERIFIED,LOW,CRM
CRM001219,Demo Customer 1219,1989-01-01,customer1219@example.invalid,0000001219,DEMO001219,Kolkata,West Bengal,VERIFIED,LOW,CRM
CRM001220,Demo Customer 1220,1990-01-01,customer1220@example.invalid,0000001220,DEMO001220,Gurugram,Haryana,VERIFIED,LOW,CRM
CRM001221,Demo Customer 1221,1991-01-01,customer1221@example.invalid,0000001221,DEMO001221,Nagpur,Maharashtra,VERIFIED,LOW,CRM
CRM001222,Demo Customer 1222,1992-01-01,customer1222@example.invalid,0000001222,DEMO001222,Delhi,Delhi,PENDING,LOW,CRM
CRM001223,Demo Customer 1223,1993-01-01,customer1223@example.invalid,0000001223,DEMO001223,Delhi,Delhi,VERIFIED,LOW,CRM
CRM001224,Demo Customer 1224,1994-01-01,customer1224@example.invalid,0000001224,DEMO001224,Nagpur,Maharashtra,VERIFIED,LOW,CRM
CRM001225,Demo Customer 1225,1995-01-01,customer1225@example.invalid,0000001225,DEMO001225,Delhi,Delhi,VERIFIED,LOW,CRM
CRM001226,Demo Customer 1226,1996-01-01,customer1226@example.invalid,0000001226,DEMO001226,Bengaluru,Karnataka,REJECTED,HIGH,CRM
CRM001227,Demo Customer 1227,1997-01-01,customer1227@example.invalid,0000001227,DEMO001227,Pune,Maharashtra,VERIFIED,LOW,CRM
CRM001228,Demo Customer 1228,1998-01-01,customer1228@example.invalid,0000001228,DEMO001228,Gurugram,Haryana,VERIFIED,LOW,CRM
CRM001229,Demo Customer 1229,1999-01-01,customer1229@example.invalid,0000001229,DEMO001229,Chennai,Tamil Nadu,REJECTED,LOW,CRM
CRM001230,Demo Customer 1230,1970-01-01,customer1230@example.invalid,0000001230,DEMO001230,Mumbai,Maharashtra,PENDING,LOW,CRM
CRM001231,Demo Customer 1231,1971-01-01,customer1231@example.invalid,0000001231,DEMO001231,Delhi,Delhi,VERIFIED,MEDIUM,CRM
CRM001232,Demo Customer 1232,1972-01-01,customer1232@example.invalid,0000001232,DEMO001232,Delhi,Delhi,VERIFIED,MEDIUM,CRM
CRM001233,Demo Customer 1233,1973-01-01,customer1233@example.invalid,0000001233,DEMO001233,Hyderabad,Telangana,VERIFIED,LOW,CRM
CRM001234,Demo Customer 1234,1974-01-01,customer1234@example.invalid,0000001234,DEMO001234,Kolkata,West Bengal,VERIFIED,HIGH,CRM
CRM001235,Demo Customer 1235,1975-01-01,customer1235@example.invalid,0000001235,DEMO001235,Hyderabad,Telangana,VERIFIED,LOW,CRM
CRM001236,Demo Customer 1236,1976-01-01,customer1236@example.invalid,0000001236,DEMO001236,Mumbai,Maharashtra,VERIFIED,LOW,CRM
CRM001237,Demo Customer 1237,1977-01-01,customer1237@example.invalid,0000001237,DEMO001237,Ahmedabad,Gujarat,VERIFIED,MEDIUM,CRM
CRM001238,Demo Customer 1238,1978-01-01,customer1238@example.invalid,0000001238,DEMO001238,Gurugram,Haryana,VERIFIED,MEDIUM,CRM
CRM001239,Demo Customer 1239,1979-01-01,customer1239@example.invalid,0000001239,DEMO001239,Hyderabad,Telangana,VERIFIED,MEDIUM,CRM
CRM001240,Demo Customer 1240,1980-01-01,customer1240@example.invalid,0000001240,DEMO001240,Delhi,Delhi,VERIFIED,LOW,CRM
CRM001241,Demo Customer 1241,1981-01-01,customer1241@example.invalid,0000001241,DEMO001241,Gurugram,Haryana,PENDING,LOW,CRM
CRM001242,Demo Customer 1242,1982-01-01,customer1242@example.invalid,0000001242,DEMO001242,Pune,Maharashtra,VERIFIED,LOW,CRM
CRM001243,Demo Customer 1243,1983-01-01,customer1243@example.invalid,0000001243,DEMO001243,Ahmedabad,Gujarat,VERIFIED,LOW,CRM
CRM001244,Demo Customer 1244,1984-01-01,customer1244@example.invalid,0000001244,DEMO001244,Nagpur,Maharashtra,VERIFIED,LOW,CRM
CRM001245,Demo Customer 1245,1985-01-01,customer1245@example.invalid,0000001245,DEMO001245,Chennai,Tamil Nadu,VERIFIED,LOW,CRM
CRM001246,Demo Customer 1246,1986-01-01,customer1246@example.invalid,0000001246,DEMO001246,Chennai,Tamil Nadu,VERIFIED,LOW,CRM
CRM001247,Demo Customer 1247,1987-01-01,customer1247@example.invalid,0000001247,DEMO001247,Gurugram,Haryana,VERIFIED,LOW,CRM
CRM001248,Demo Customer 1248,1988-01-01,customer1248@example.invalid,0000001248,DEMO001248,Nagpur,Maharashtra,VERIFIED,MEDIUM,CRM
CRM001249,Demo Customer 1249,1989-01-01,customer1249@example.invalid,0000001249,DEMO001249,Bengaluru,Karnataka,VERIFIED,LOW,CRM
CRM001250,Demo Customer 1250,1990-01-01,customer1250@example.invalid,0000001250,DEMO001250,Ahmedabad,Gujarat,VERIFIED,MEDIUM,CRM
CRM001251,Demo Customer 1251,1991-01-01,customer1251@example.invalid,0000001251,DEMO001251,Nagpur,Maharashtra,VERIFIED,MEDIUM,CRM
CRM001252,Demo Customer 1252,1992-01-01,customer1252@example.invalid,0000001252,DEMO001252,Kolkata,West Bengal,VERIFIED,LOW,CRM
CRM001253,Demo Customer 1253,1993-01-01,customer1253@example.invalid,0000001253,DEMO001253,Gurugram,Haryana,VERIFIED,LOW,CRM
CRM001254,Demo Customer 1254,1994-01-01,customer1254@example.invalid,0000001254,DEMO001254,Gurugram,Haryana,VERIFIED,LOW,CRM
CRM001255,Demo Customer 1255,1995-01-01,customer1255@example.invalid,0000001255,DEMO001255,Pune,Maharashtra,VERIFIED,LOW,CRM
CRM001256,Demo Customer 1256,1996-01-01,customer1256@example.invalid,0000001256,DEMO001256,Pune,Maharashtra,VERIFIED,LOW,CRM
CRM001257,Demo Customer 1257,1997-01-01,customer1257@example.invalid,0000001257,DEMO001257,Bengaluru,Karnataka,REJECTED,LOW,CRM
CRM001258,Demo Customer 1258,1998-01-01,customer1258@example.invalid,0000001258,DEMO001258,Delhi,Delhi,VERIFIED,LOW,CRM
CRM001259,Demo Customer 1259,1999-01-01,customer1259@example.invalid,0000001259,DEMO001259,Gurugram,Haryana,VERIFIED,HIGH,CRM
CRM001260,Demo Customer 1260,1970-01-01,customer1260@example.invalid,0000001260,DEMO001260,Pune,Maharashtra,VERIFIED,LOW,CRM
CRM001261,Demo Customer 1261,1971-01-01,customer1261@example.invalid,0000001261,DEMO001261,Hyderabad,Telangana,VERIFIED,LOW,CRM
CRM001262,Demo Customer 1262,1972-01-01,customer1262@example.invalid,0000001262,DEMO001262,Nagpur,Maharashtra,VERIFIED,MEDIUM,CRM
CRM001263,Demo Customer 1263,1973-01-01,customer1263@example.invalid,0000001263,DEMO001263,Pune,Maharashtra,VERIFIED,MEDIUM,CRM
CRM001264,Demo Customer 1264,1974-01-01,customer1264@example.invalid,0000001264,DEMO001264,Ahmedabad,Gujarat,VERIFIED,LOW,CRM
CRM001265,Demo Customer 1265,1975-01-01,customer1265@example.invalid,0000001265,DEMO001265,Kolkata,West Bengal,VERIFIED,MEDIUM,CRM
CRM001266,Demo Customer 1266,1976-01-01,customer1266@example.invalid,0000001266,DEMO001266,Gurugram,Haryana,VERIFIED,LOW,CRM
CRM001267,Demo Customer 1267,1977-01-01,customer1267@example.invalid,0000001267,DEMO001267,Nagpur,Maharashtra,VERIFIED,LOW,CRM
CRM001268,Demo Customer 1268,1978-01-01,customer1268@example.invalid,0000001268,DEMO001268,Ahmedabad,Gujarat,PENDING,MEDIUM,CRM
CRM001269,Demo Customer 1269,1979-01-01,customer1269@example.invalid,0000001269,DEMO001269,Delhi,Delhi,VERIFIED,LOW,CRM
CRM001270,Demo Customer 1270,1980-01-01,customer1270@example.invalid,0000001270,DEMO001270,Mumbai,Maharashtra,PENDING,MEDIUM,CRM
CRM001271,Demo Customer 1271,1981-01-01,customer1271@example.invalid,0000001271,DEMO001271,Hyderabad,Telangana,PENDING,MEDIUM,CRM
CRM001272,Demo Customer 1272,1982-01-01,customer1272@example.invalid,0000001272,DEMO001272,Chennai,Tamil Nadu,VERIFIED,LOW,CRM
CRM001273,Demo Customer 1273,1983-01-01,customer1273@example.invalid,0000001273,DEMO001273,Delhi,Delhi,VERIFIED,LOW,CRM
CRM001274,Demo Customer 1274,1984-01-01,customer1274@example.invalid,0000001274,DEMO001274,Hyderabad,Telangana,PENDING,LOW,CRM
CRM001275,Demo Customer 1275,1985-01-01,customer1275@example.invalid,0000001275,DEMO001275,Hyderabad,Telangana,VERIFIED,LOW,CRM
CRM001276,Demo Customer 1276,1986-01-01,customer1276@example.invalid,0000001276,DEMO001276,Mumbai,Maharashtra,VERIFIED,LOW,CRM
CRM001277,Demo Customer 1277,1987-01-01,customer1277@example.invalid,0000001277,DEMO001277,Bengaluru,Karnataka,VERIFIED,LOW,CRM
CRM001278,Demo Customer 1278,1988-01-01,customer1278@example.invalid,0000001278,DEMO001278,Nagpur,Maharashtra,VERIFIED,MEDIUM,CRM
CRM001279,Demo Customer 1279,1989-01-01,customer1279@example.invalid,0000001279,DEMO001279,Nagpur,Maharashtra,VERIFIED,LOW,CRM
CRM001280,Demo Customer 1280,1990-01-01,customer1280@example.invalid,0000001280,DEMO001280,Ahmedabad,Gujarat,VERIFIED,MEDIUM,CRM
CRM001281,Demo Customer 1281,1991-01-01,customer1281@example.invalid,0000001281,DEMO001281,Delhi,Delhi,VERIFIED,LOW,CRM
CRM001282,Demo Customer 1282,1992-01-01,customer1282@example.invalid,0000001282,DEMO001282,Chennai,Tamil Nadu,VERIFIED,LOW,CRM
CRM001283,Demo Customer 1283,1993-01-01,customer1283@example.invalid,0000001283,DEMO001283,Gurugram,Haryana,VERIFIED,LOW,CRM
CRM001284,Demo Customer 1284,1994-01-01,customer1284@example.invalid,0000001284,DEMO001284,Delhi,Delhi,VERIFIED,LOW,CRM
CRM001285,Demo Customer 1285,1995-01-01,customer1285@example.invalid,0000001285,DEMO001285,Kolkata,West Bengal,VERIFIED,LOW,CRM
CRM001286,Demo Customer 1286,1996-01-01,customer1286@example.invalid,0000001286,DEMO001286,Ahmedabad,Gujarat,VERIFIED,LOW,CRM
CRM001287,Demo Customer 1287,1997-01-01,customer1287@example.invalid,0000001287,DEMO001287,Mumbai,Maharashtra,VERIFIED,MEDIUM,CRM
CRM001288,Demo Customer 1288,1998-01-01,customer1288@example.invalid,0000001288,DEMO001288,Gurugram,Haryana,VERIFIED,LOW,CRM
CRM001289,Demo Customer 1289,1999-01-01,customer1289@example.invalid,0000001289,DEMO001289,Bengaluru,Karnataka,VERIFIED,MEDIUM,CRM
CRM001290,Demo Customer 1290,1970-01-01,customer1290@example.invalid,0000001290,DEMO001290,Gurugram,Haryana,VERIFIED,MEDIUM,CRM
CRM001291,Demo Customer 1291,1971-01-01,customer1291@example.invalid,0000001291,DEMO001291,Chennai,Tamil Nadu,VERIFIED,LOW,CRM
CRM001292,Demo Customer 1292,1972-01-01,customer1292@example.invalid,0000001292,DEMO001292,Nagpur,Maharashtra,VERIFIED,HIGH,CRM
CRM001293,Demo Customer 1293,1973-01-01,customer1293@example.invalid,0000001293,DEMO001293,Pune,Maharashtra,VERIFIED,LOW,CRM
CRM001294,Demo Customer 1294,1974-01-01,customer1294@example.invalid,0000001294,DEMO001294,Chennai,Tamil Nadu,REJECTED,LOW,CRM
CRM001295,Demo Customer 1295,1975-01-01,customer1295@example.invalid,0000001295,DEMO001295,Chennai,Tamil Nadu,VERIFIED,LOW,CRM
CRM001296,Demo Customer 1296,1976-01-01,customer1296@example.invalid,0000001296,DEMO001296,Pune,Maharashtra,VERIFIED,LOW,CRM
CRM001297,Demo Customer 1297,1977-01-01,customer1297@example.invalid,0000001297,DEMO001297,Hyderabad,Telangana,PENDING,MEDIUM,CRM
CRM001298,Demo Customer 1298,1978-01-01,customer1298@example.invalid,0000001298,DEMO001298,Gurugram,Haryana,VERIFIED,LOW,CRM
CRM001299,Demo Customer 1299,1979-01-01,customer1299@example.invalid,0000001299,DEMO001299,Delhi,Delhi,VERIFIED,LOW,CRM
CRM001300,Demo Customer 1300,1980-01-01,customer1300@example.invalid,0000001300,DEMO001300,Nagpur,Maharashtra,PENDING,LOW,CRM
CRM001301,Demo Customer 1301,1981-01-01,customer1301@example.invalid,0000001301,DEMO001301,Delhi,Delhi,VERIFIED,LOW,CRM
CRM001302,Demo Customer 1302,1982-01-01,customer1302@example.invalid,0000001302,DEMO001302,Pune,Maharashtra,PENDING,LOW,CRM
CRM001303,Demo Customer 1303,1983-01-01,customer1303@example.invalid,0000001303,DEMO001303,Hyderabad,Telangana,VERIFIED,LOW,CRM
CRM001304,Demo Customer 1304,1984-01-01,customer1304@example.invalid,0000001304,DEMO001304,Bengaluru,Karnataka,PENDING,LOW,CRM
CRM001305,Demo Customer 1305,1985-01-01,customer1305@example.invalid,0000001305,DEMO001305,Gurugram,Haryana,PENDING,MEDIUM,CRM
CRM001306,Demo Customer 1306,1986-01-01,customer1306@example.invalid,0000001306,DEMO001306,Chennai,Tamil Nadu,PENDING,LOW,CRM
CRM001307,Demo Customer 1307,1987-01-01,customer1307@example.invalid,0000001307,DEMO001307,Ahmedabad,Gujarat,VERIFIED,LOW,CRM
CRM001308,Demo Customer 1308,1988-01-01,customer1308@example.invalid,0000001308,DEMO001308,Mumbai,Maharashtra,VERIFIED,HIGH,CRM
CRM001309,Demo Customer 1309,1989-01-01,customer1309@example.invalid,0000001309,DEMO001309,Delhi,Delhi,PENDING,LOW,CRM
CRM001310,Demo Customer 1310,1990-01-01,customer1310@example.invalid,0000001310,DEMO001310,Chennai,Tamil Nadu,VERIFIED,LOW,CRM
CRM001311,Demo Customer 1311,1991-01-01,customer1311@example.invalid,0000001311,DEMO001311,Gurugram,Haryana,PENDING,LOW,CRM
CRM001312,Demo Customer 1312,1992-01-01,customer1312@example.invalid,0000001312,DEMO001312,Kolkata,West Bengal,PENDING,LOW,CRM
CRM001313,Demo Customer 1313,1993-01-01,customer1313@example.invalid,0000001313,DEMO001313,Bengaluru,Karnataka,VERIFIED,MEDIUM,CRM
CRM001314,Demo Customer 1314,1994-01-01,customer1314@example.invalid,0000001314,DEMO001314,Delhi,Delhi,PENDING,LOW,CRM
CRM001315,Demo Customer 1315,1995-01-01,customer1315@example.invalid,0000001315,DEMO001315,Delhi,Delhi,VERIFIED,LOW,CRM
CRM001316,Demo Customer 1316,1996-01-01,customer1316@example.invalid,0000001316,DEMO001316,Pune,Maharashtra,PENDING,LOW,CRM
CRM001317,Demo Customer 1317,1997-01-01,customer1317@example.invalid,0000001317,DEMO001317,Delhi,Delhi,VERIFIED,LOW,CRM
CRM001318,Demo Customer 1318,1998-01-01,customer1318@example.invalid,0000001318,DEMO001318,Bengaluru,Karnataka,VERIFIED,HIGH,CRM
CRM001319,Demo Customer 1319,1999-01-01,customer1319@example.invalid,0000001319,DEMO001319,Bengaluru,Karnataka,VERIFIED,LOW,CRM
CRM001320,Demo Customer 1320,1970-01-01,customer1320@example.invalid,0000001320,DEMO001320,Kolkata,West Bengal,VERIFIED,LOW,CRM
CRM001321,Demo Customer 1321,1971-01-01,customer1321@example.invalid,0000001321,DEMO001321,Hyderabad,Telangana,VERIFIED,MEDIUM,CRM
CRM001322,Demo Customer 1322,1972-01-01,customer1322@example.invalid,0000001322,DEMO001322,Ahmedabad,Gujarat,VERIFIED,MEDIUM,CRM
CRM001323,Demo Customer 1323,1973-01-01,customer1323@example.invalid,0000001323,DEMO001323,Kolkata,West Bengal,VERIFIED,LOW,CRM
CRM001324,Demo Customer 1324,1974-01-01,customer1324@example.invalid,0000001324,DEMO001324,Delhi,Delhi,VERIFIED,MEDIUM,CRM
CRM001325,Demo Customer 1325,1975-01-01,customer1325@example.invalid,0000001325,DEMO001325,Bengaluru,Karnataka,VERIFIED,LOW,CRM
CRM001326,Demo Customer 1326,1976-01-01,customer1326@example.invalid,0000001326,DEMO001326,Delhi,Delhi,VERIFIED,LOW,CRM
CRM001327,Demo Customer 1327,1977-01-01,customer1327@example.invalid,0000001327,DEMO001327,Delhi,Delhi,VERIFIED,LOW,CRM
CRM001328,Demo Customer 1328,1978-01-01,customer1328@example.invalid,0000001328,DEMO001328,Hyderabad,Telangana,VERIFIED,LOW,CRM
CRM001329,Demo Customer 1329,1979-01-01,customer1329@example.invalid,0000001329,DEMO001329,Bengaluru,Karnataka,VERIFIED,LOW,CRM
CRM001330,Demo Customer 1330,1980-01-01,customer1330@example.invalid,0000001330,DEMO001330,Bengaluru,Karnataka,PENDING,LOW,CRM
CRM001331,Demo Customer 1331,1981-01-01,customer1331@example.invalid,0000001331,DEMO001331,Nagpur,Maharashtra,VERIFIED,LOW,CRM
CRM001332,Demo Customer 1332,1982-01-01,customer1332@example.invalid,0000001332,DEMO001332,Bengaluru,Karnataka,VERIFIED,MEDIUM,CRM
CRM001333,Demo Customer 1333,1983-01-01,customer1333@example.invalid,0000001333,DEMO001333,Hyderabad,Telangana,VERIFIED,MEDIUM,CRM
CRM001334,Demo Customer 1334,1984-01-01,customer1334@example.invalid,0000001334,DEMO001334,Gurugram,Haryana,PENDING,LOW,CRM
CRM001335,Demo Customer 1335,1985-01-01,customer1335@example.invalid,0000001335,DEMO001335,Chennai,Tamil Nadu,VERIFIED,LOW,CRM
CRM001336,Demo Customer 1336,1986-01-01,customer1336@example.invalid,0000001336,DEMO001336,Hyderabad,Telangana,VERIFIED,LOW,CRM
CRM001337,Demo Customer 1337,1987-01-01,customer1337@example.invalid,0000001337,DEMO001337,Ahmedabad,Gujarat,VERIFIED,LOW,CRM
CRM001338,Demo Customer 1338,1988-01-01,customer1338@example.invalid,0000001338,DEMO001338,Mumbai,Maharashtra,VERIFIED,LOW,CRM
CRM001339,Demo Customer 1339,1989-01-01,customer1339@example.invalid,0000001339,DEMO001339,Mumbai,Maharashtra,VERIFIED,MEDIUM,CRM
CRM001340,Demo Customer 1340,1990-01-01,customer1340@example.invalid,0000001340,DEMO001340,Chennai,Tamil Nadu,VERIFIED,MEDIUM,CRM
CRM001341,Demo Customer 1341,1991-01-01,customer1341@example.invalid,0000001341,DEMO001341,Ahmedabad,Gujarat,VERIFIED,MEDIUM,CRM
CRM001342,Demo Customer 1342,1992-01-01,customer1342@example.invalid,0000001342,DEMO001342,Chennai,Tamil Nadu,VERIFIED,LOW,CRM
CRM001343,Demo Customer 1343,1993-01-01,customer1343@example.invalid,0000001343,DEMO001343,Nagpur,Maharashtra,VERIFIED,LOW,CRM
CRM001344,Demo Customer 1344,1994-01-01,customer1344@example.invalid,0000001344,DEMO001344,Mumbai,Maharashtra,VERIFIED,MEDIUM,CRM
CRM001345,Demo Customer 1345,1995-01-01,customer1345@example.invalid,0000001345,DEMO001345,Gurugram,Haryana,VERIFIED,LOW,CRM
CRM001346,Demo Customer 1346,1996-01-01,customer1346@example.invalid,0000001346,DEMO001346,Chennai,Tamil Nadu,VERIFIED,LOW,CRM
CRM001347,Demo Customer 1347,1997-01-01,customer1347@example.invalid,0000001347,DEMO001347,Ahmedabad,Gujarat,VERIFIED,LOW,CRM
CRM001348,Demo Customer 1348,1998-01-01,customer1348@example.invalid,0000001348,DEMO001348,Pune,Maharashtra,VERIFIED,LOW,CRM
CRM001349,Demo Customer 1349,1999-01-01,customer1349@example.invalid,0000001349,DEMO001349,Bengaluru,Karnataka,VERIFIED,MEDIUM,CRM
CRM001350,Demo Customer 1350,1970-01-01,customer1350@example.invalid,0000001350,DEMO001350,Gurugram,Haryana,PENDING,MEDIUM,CRM
CRM001351,Demo Customer 1351,1971-01-01,customer1351@example.invalid,0000001351,DEMO001351,Gurugram,Haryana,VERIFIED,LOW,CRM
CRM001352,Demo Customer 1352,1972-01-01,customer1352@example.invalid,0000001352,DEMO001352,Hyderabad,Telangana,VERIFIED,LOW,CRM
CRM001353,Demo Customer 1353,1973-01-01,customer1353@example.invalid,0000001353,DEMO001353,Pune,Maharashtra,VERIFIED,LOW,CRM
CRM001354,Demo Customer 1354,1974-01-01,customer1354@example.invalid,0000001354,DEMO001354,Delhi,Delhi,VERIFIED,LOW,CRM
CRM001355,Demo Customer 1355,1975-01-01,customer1355@example.invalid,0000001355,DEMO001355,Kolkata,West Bengal,VERIFIED,LOW,CRM
CRM001356,Demo Customer 1356,1976-01-01,customer1356@example.invalid,0000001356,DEMO001356,Mumbai,Maharashtra,VERIFIED,HIGH,CRM
CRM001357,Demo Customer 1357,1977-01-01,customer1357@example.invalid,0000001357,DEMO001357,Delhi,Delhi,VERIFIED,LOW,CRM
CRM001358,Demo Customer 1358,1978-01-01,customer1358@example.invalid,0000001358,DEMO001358,Chennai,Tamil Nadu,VERIFIED,MEDIUM,CRM
CRM001359,Demo Customer 1359,1979-01-01,customer1359@example.invalid,0000001359,DEMO001359,Gurugram,Haryana,VERIFIED,LOW,CRM
CRM001360,Demo Customer 1360,1980-01-01,customer1360@example.invalid,0000001360,DEMO001360,Nagpur,Maharashtra,VERIFIED,LOW,CRM
CRM001361,Demo Customer 1361,1981-01-01,customer1361@example.invalid,0000001361,DEMO001361,Ahmedabad,Gujarat,PENDING,LOW,CRM
CRM001362,Demo Customer 1362,1982-01-01,customer1362@example.invalid,0000001362,DEMO001362,Ahmedabad,Gujarat,PENDING,LOW,CRM
CRM001363,Demo Customer 1363,1983-01-01,customer1363@example.invalid,0000001363,DEMO001363,Delhi,Delhi,PENDING,LOW,CRM
CRM001364,Demo Customer 1364,1984-01-01,customer1364@example.invalid,0000001364,DEMO001364,Mumbai,Maharashtra,VERIFIED,MEDIUM,CRM
CRM001365,Demo Customer 1365,1985-01-01,customer1365@example.invalid,0000001365,DEMO001365,Kolkata,West Bengal,VERIFIED,MEDIUM,CRM
CRM001366,Demo Customer 1366,1986-01-01,customer1366@example.invalid,0000001366,DEMO001366,Pune,Maharashtra,VERIFIED,MEDIUM,CRM
CRM001367,Demo Customer 1367,1987-01-01,customer1367@example.invalid,0000001367,DEMO001367,Gurugram,Haryana,VERIFIED,LOW,CRM
CRM001368,Demo Customer 1368,1988-01-01,customer1368@example.invalid,0000001368,DEMO001368,Ahmedabad,Gujarat,VERIFIED,LOW,CRM
CRM001369,Demo Customer 1369,1989-01-01,customer1369@example.invalid,0000001369,DEMO001369,Bengaluru,Karnataka,VERIFIED,MEDIUM,CRM
CRM001370,Demo Customer 1370,1990-01-01,customer1370@example.invalid,0000001370,DEMO001370,Kolkata,West Bengal,VERIFIED,LOW,CRM
CRM001371,Demo Customer 1371,1991-01-01,customer1371@example.invalid,0000001371,DEMO001371,Gurugram,Haryana,VERIFIED,LOW,CRM
CRM001372,Demo Customer 1372,1992-01-01,customer1372@example.invalid,0000001372,DEMO001372,Chennai,Tamil Nadu,PENDING,LOW,CRM
CRM001373,Demo Customer 1373,1993-01-01,customer1373@example.invalid,0000001373,DEMO001373,Chennai,Tamil Nadu,VERIFIED,MEDIUM,CRM
CRM001374,Demo Customer 1374,1994-01-01,customer1374@example.invalid,0000001374,DEMO001374,Chennai,Tamil Nadu,VERIFIED,LOW,CRM
CRM001375,Demo Customer 1375,1995-01-01,customer1375@example.invalid,0000001375,DEMO001375,Nagpur,Maharashtra,VERIFIED,HIGH,CRM
CRM001376,Demo Customer 1376,1996-01-01,customer1376@example.invalid,0000001376,DEMO001376,Gurugram,Haryana,VERIFIED,LOW,CRM
CRM001377,Demo Customer 1377,1997-01-01,customer1377@example.invalid,0000001377,DEMO001377,Gurugram,Haryana,PENDING,LOW,CRM
CRM001378,Demo Customer 1378,1998-01-01,customer1378@example.invalid,0000001378,DEMO001378,Pune,Maharashtra,VERIFIED,MEDIUM,CRM
CRM001379,Demo Customer 1379,1999-01-01,customer1379@example.invalid,0000001379,DEMO001379,Chennai,Tamil Nadu,VERIFIED,LOW,CRM
CRM001380,Demo Customer 1380,1970-01-01,customer1380@example.invalid,0000001380,DEMO001380,Delhi,Delhi,VERIFIED,MEDIUM,CRM
CRM001381,Demo Customer 1381,1971-01-01,customer1381@example.invalid,0000001381,DEMO001381,Ahmedabad,Gujarat,VERIFIED,LOW,CRM
CRM001382,Demo Customer 1382,1972-01-01,customer1382@example.invalid,0000001382,DEMO001382,Delhi,Delhi,VERIFIED,MEDIUM,CRM
CRM001383,Demo Customer 1383,1973-01-01,customer1383@example.invalid,0000001383,DEMO001383,Bengaluru,Karnataka,VERIFIED,LOW,CRM
CRM001384,Demo Customer 1384,1974-01-01,customer1384@example.invalid,0000001384,DEMO001384,Gurugram,Haryana,VERIFIED,LOW,CRM
CRM001385,Demo Customer 1385,1975-01-01,customer1385@example.invalid,0000001385,DEMO001385,Bengaluru,Karnataka,VERIFIED,LOW,CRM
CRM001386,Demo Customer 1386,1976-01-01,customer1386@example.invalid,0000001386,DEMO001386,Delhi,Delhi,VERIFIED,LOW,CRM
CRM001387,Demo Customer 1387,1977-01-01,customer1387@example.invalid,0000001387,DEMO001387,Bengaluru,Karnataka,PENDING,HIGH,CRM
CRM001388,Demo Customer 1388,1978-01-01,customer1388@example.invalid,0000001388,DEMO001388,Nagpur,Maharashtra,VERIFIED,LOW,CRM
CRM001389,Demo Customer 1389,1979-01-01,customer1389@example.invalid,0000001389,DEMO001389,Mumbai,Maharashtra,VERIFIED,LOW,CRM
CRM001390,Demo Customer 1390,1980-01-01,customer1390@example.invalid,0000001390,DEMO001390,Delhi,Delhi,VERIFIED,HIGH,CRM
CRM001391,Demo Customer 1391,1981-01-01,customer1391@example.invalid,0000001391,DEMO001391,Ahmedabad,Gujarat,VERIFIED,LOW,CRM
CRM001392,Demo Customer 1392,1982-01-01,customer1392@example.invalid,0000001392,DEMO001392,Chennai,Tamil Nadu,VERIFIED,LOW,CRM
CRM001393,Demo Customer 1393,1983-01-01,customer1393@example.invalid,0000001393,DEMO001393,Ahmedabad,Gujarat,VERIFIED,MEDIUM,CRM
CRM001394,Demo Customer 1394,1984-01-01,customer1394@example.invalid,0000001394,DEMO001394,Chennai,Tamil Nadu,PENDING,LOW,CRM
CRM001395,Demo Customer 1395,1985-01-01,customer1395@example.invalid,0000001395,DEMO001395,Hyderabad,Telangana,VERIFIED,LOW,CRM
CRM001396,Demo Customer 1396,1986-01-01,customer1396@example.invalid,0000001396,DEMO001396,Kolkata,West Bengal,PENDING,MEDIUM,CRM
CRM001397,Demo Customer 1397,1987-01-01,customer1397@example.invalid,0000001397,DEMO001397,Hyderabad,Telangana,VERIFIED,LOW,CRM
CRM001398,Demo Customer 1398,1988-01-01,customer1398@example.invalid,0000001398,DEMO001398,Pune,Maharashtra,REJECTED,LOW,CRM
CRM001399,Demo Customer 1399,1989-01-01,customer1399@example.invalid,0000001399,DEMO001399,Chennai,Tamil Nadu,VERIFIED,HIGH,CRM
CRM001400,Demo Customer 1400,1990-01-01,customer1400@example.invalid,0000001400,DEMO001400,Pune,Maharashtra,VERIFIED,MEDIUM,CRM
CRM001401,Demo Customer 1401,1991-01-01,customer1401@example.invalid,0000001401,DEMO001401,Chennai,Tamil Nadu,VERIFIED,MEDIUM,CRM
CRM001402,Demo Customer 1402,1992-01-01,customer1402@example.invalid,0000001402,DEMO001402,Chennai,Tamil Nadu,VERIFIED,MEDIUM,CRM
CRM001403,Demo Customer 1403,1993-01-01,customer1403@example.invalid,0000001403,DEMO001403,Kolkata,West Bengal,VERIFIED,LOW,CRM
CRM001404,Demo Customer 1404,1994-01-01,customer1404@example.invalid,0000001404,DEMO001404,Gurugram,Haryana,VERIFIED,MEDIUM,CRM
CRM001405,Demo Customer 1405,1995-01-01,customer1405@example.invalid,0000001405,DEMO001405,Nagpur,Maharashtra,VERIFIED,MEDIUM,CRM
CRM001406,Demo Customer 1406,1996-01-01,customer1406@example.invalid,0000001406,DEMO001406,Bengaluru,Karnataka,VERIFIED,LOW,CRM
CRM001407,Demo Customer 1407,1997-01-01,customer1407@example.invalid,0000001407,DEMO001407,Nagpur,Maharashtra,VERIFIED,LOW,CRM
CRM001408,Demo Customer 1408,1998-01-01,customer1408@example.invalid,0000001408,DEMO001408,Hyderabad,Telangana,PENDING,LOW,CRM
CRM001409,Demo Customer 1409,1999-01-01,customer1409@example.invalid,0000001409,DEMO001409,Gurugram,Haryana,PENDING,HIGH,CRM
CRM001410,Demo Customer 1410,1970-01-01,customer1410@example.invalid,0000001410,DEMO001410,Kolkata,West Bengal,VERIFIED,LOW,CRM
CRM001411,Demo Customer 1411,1971-01-01,customer1411@example.invalid,0000001411,DEMO001411,Pune,Maharashtra,PENDING,LOW,CRM
CRM001412,Demo Customer 1412,1972-01-01,customer1412@example.invalid,0000001412,DEMO001412,Delhi,Delhi,VERIFIED,HIGH,CRM
CRM001413,Demo Customer 1413,1973-01-01,customer1413@example.invalid,0000001413,DEMO001413,Pune,Maharashtra,VERIFIED,LOW,CRM
CRM001414,Demo Customer 1414,1974-01-01,customer1414@example.invalid,0000001414,DEMO001414,Kolkata,West Bengal,VERIFIED,MEDIUM,CRM
CRM001415,Demo Customer 1415,1975-01-01,customer1415@example.invalid,0000001415,DEMO001415,Chennai,Tamil Nadu,VERIFIED,LOW,CRM
CRM001416,Demo Customer 1416,1976-01-01,customer1416@example.invalid,0000001416,DEMO001416,Delhi,Delhi,PENDING,LOW,CRM
CRM001417,Demo Customer 1417,1977-01-01,customer1417@example.invalid,0000001417,DEMO001417,Hyderabad,Telangana,VERIFIED,LOW,CRM
CRM001418,Demo Customer 1418,1978-01-01,customer1418@example.invalid,0000001418,DEMO001418,Bengaluru,Karnataka,VERIFIED,LOW,CRM
CRM001419,Demo Customer 1419,1979-01-01,customer1419@example.invalid,0000001419,DEMO001419,Nagpur,Maharashtra,PENDING,MEDIUM,CRM
CRM001420,Demo Customer 1420,1980-01-01,customer1420@example.invalid,0000001420,DEMO001420,Ahmedabad,Gujarat,VERIFIED,LOW,CRM
CRM001421,Demo Customer 1421,1981-01-01,customer1421@example.invalid,0000001421,DEMO001421,Delhi,Delhi,VERIFIED,LOW,CRM
CRM001422,Demo Customer 1422,1982-01-01,customer1422@example.invalid,0000001422,DEMO001422,Delhi,Delhi,VERIFIED,HIGH,CRM
CRM001423,Demo Customer 1423,1983-01-01,customer1423@example.invalid,0000001423,DEMO001423,Bengaluru,Karnataka,VERIFIED,LOW,CRM
CRM001424,Demo Customer 1424,1984-01-01,customer1424@example.invalid,0000001424,DEMO001424,Gurugram,Haryana,VERIFIED,LOW,CRM
CRM001425,Demo Customer 1425,1985-01-01,customer1425@example.invalid,0000001425,DEMO001425,Mumbai,Maharashtra,VERIFIED,MEDIUM,CRM
CRM001426,Demo Customer 1426,1986-01-01,customer1426@example.invalid,0000001426,DEMO001426,Mumbai,Maharashtra,VERIFIED,LOW,CRM
CRM001427,Demo Customer 1427,1987-01-01,customer1427@example.invalid,0000001427,DEMO001427,Kolkata,West Bengal,VERIFIED,MEDIUM,CRM
CRM001428,Demo Customer 1428,1988-01-01,customer1428@example.invalid,0000001428,DEMO001428,Nagpur,Maharashtra,VERIFIED,LOW,CRM
CRM001429,Demo Customer 1429,1989-01-01,customer1429@example.invalid,0000001429,DEMO001429,Gurugram,Haryana,VERIFIED,MEDIUM,CRM
CRM001430,Demo Customer 1430,1990-01-01,customer1430@example.invalid,0000001430,DEMO001430,Pune,Maharashtra,VERIFIED,LOW,CRM
CRM001431,Demo Customer 1431,1991-01-01,customer1431@example.invalid,0000001431,DEMO001431,Chennai,Tamil Nadu,PENDING,LOW,CRM
CRM001432,Demo Customer 1432,1992-01-01,customer1432@example.invalid,0000001432,DEMO001432,Pune,Maharashtra,VERIFIED,LOW,CRM
CRM001433,Demo Customer 1433,1993-01-01,customer1433@example.invalid,0000001433,DEMO001433,Mumbai,Maharashtra,PENDING,LOW,CRM
CRM001434,Demo Customer 1434,1994-01-01,customer1434@example.invalid,0000001434,DEMO001434,Hyderabad,Telangana,VERIFIED,LOW,CRM
CRM001435,Demo Customer 1435,1995-01-01,customer1435@example.invalid,0000001435,DEMO001435,Nagpur,Maharashtra,VERIFIED,LOW,CRM
CRM001436,Demo Customer 1436,1996-01-01,customer1436@example.invalid,0000001436,DEMO001436,Ahmedabad,Gujarat,VERIFIED,LOW,CRM
CRM001437,Demo Customer 1437,1997-01-01,customer1437@example.invalid,0000001437,DEMO001437,Kolkata,West Bengal,VERIFIED,LOW,CRM
CRM001438,Demo Customer 1438,1998-01-01,customer1438@example.invalid,0000001438,DEMO001438,Chennai,Tamil Nadu,VERIFIED,MEDIUM,CRM
CRM001439,Demo Customer 1439,1999-01-01,customer1439@example.invalid,0000001439,DEMO001439,Delhi,Delhi,PENDING,LOW,CRM
CRM001440,Demo Customer 1440,1970-01-01,customer1440@example.invalid,0000001440,DEMO001440,Hyderabad,Telangana,PENDING,LOW,CRM
CRM001441,Demo Customer 1441,1971-01-01,customer1441@example.invalid,0000001441,DEMO001441,Hyderabad,Telangana,PENDING,LOW,CRM
CRM001442,Demo Customer 1442,1972-01-01,customer1442@example.invalid,0000001442,DEMO001442,Hyderabad,Telangana,VERIFIED,LOW,CRM
CRM001443,Demo Customer 1443,1973-01-01,customer1443@example.invalid,0000001443,DEMO001443,Delhi,Delhi,PENDING,LOW,CRM
CRM001444,Demo Customer 1444,1974-01-01,customer1444@example.invalid,0000001444,DEMO001444,Bengaluru,Karnataka,VERIFIED,MEDIUM,CRM
CRM001445,Demo Customer 1445,1975-01-01,customer1445@example.invalid,0000001445,DEMO001445,Nagpur,Maharashtra,VERIFIED,MEDIUM,CRM
CRM001446,Demo Customer 1446,1976-01-01,customer1446@example.invalid,0000001446,DEMO001446,Nagpur,Maharashtra,PENDING,LOW,CRM
CRM001447,Demo Customer 1447,1977-01-01,customer1447@example.invalid,0000001447,DEMO001447,Gurugram,Haryana,PENDING,LOW,CRM
CRM001448,Demo Customer 1448,1978-01-01,customer1448@example.invalid,0000001448,DEMO001448,Pune,Maharashtra,VERIFIED,LOW,CRM
CRM001449,Demo Customer 1449,1979-01-01,customer1449@example.invalid,0000001449,DEMO001449,Chennai,Tamil Nadu,VERIFIED,LOW,CRM
CRM001450,Demo Customer 1450,1980-01-01,customer1450@example.invalid,0000001450,DEMO001450,Delhi,Delhi,VERIFIED,LOW,CRM
CRM001451,Demo Customer 1451,1981-01-01,customer1451@example.invalid,0000001451,DEMO001451,Pune,Maharashtra,VERIFIED,LOW,CRM
CRM001452,Demo Customer 1452,1982-01-01,customer1452@example.invalid,0000001452,DEMO001452,Nagpur,Maharashtra,VERIFIED,MEDIUM,CRM
CRM001453,Demo Customer 1453,1983-01-01,customer1453@example.invalid,0000001453,DEMO001453,Chennai,Tamil Nadu,VERIFIED,MEDIUM,CRM
CRM001454,Demo Customer 1454,1984-01-01,customer1454@example.invalid,0000001454,DEMO001454,Gurugram,Haryana,VERIFIED,MEDIUM,CRM
CRM001455,Demo Customer 1455,1985-01-01,customer1455@example.invalid,0000001455,DEMO001455,Bengaluru,Karnataka,VERIFIED,MEDIUM,CRM
CRM001456,Demo Customer 1456,1986-01-01,customer1456@example.invalid,0000001456,DEMO001456,Bengaluru,Karnataka,VERIFIED,LOW,CRM
CRM001457,Demo Customer 1457,1987-01-01,customer1457@example.invalid,0000001457,DEMO001457,Ahmedabad,Gujarat,VERIFIED,MEDIUM,CRM
CRM001458,Demo Customer 1458,1988-01-01,customer1458@example.invalid,0000001458,DEMO001458,Bengaluru,Karnataka,VERIFIED,HIGH,CRM
CRM001459,Demo Customer 1459,1989-01-01,customer1459@example.invalid,0000001459,DEMO001459,Delhi,Delhi,VERIFIED,LOW,CRM
CRM001460,Demo Customer 1460,1990-01-01,customer1460@example.invalid,0000001460,DEMO001460,Kolkata,West Bengal,VERIFIED,LOW,CRM
CRM001461,Demo Customer 1461,1991-01-01,customer1461@example.invalid,0000001461,DEMO001461,Chennai,Tamil Nadu,VERIFIED,LOW,CRM
CRM001462,Demo Customer 1462,1992-01-01,customer1462@example.invalid,0000001462,DEMO001462,Gurugram,Haryana,VERIFIED,MEDIUM,CRM
CRM001463,Demo Customer 1463,1993-01-01,customer1463@example.invalid,0000001463,DEMO001463,Chennai,Tamil Nadu,PENDING,LOW,CRM
CRM001464,Demo Customer 1464,1994-01-01,customer1464@example.invalid,0000001464,DEMO001464,Ahmedabad,Gujarat,VERIFIED,LOW,CRM
CRM001465,Demo Customer 1465,1995-01-01,customer1465@example.invalid,0000001465,DEMO001465,Hyderabad,Telangana,VERIFIED,LOW,CRM
CRM001466,Demo Customer 1466,1996-01-01,customer1466@example.invalid,0000001466,DEMO001466,Mumbai,Maharashtra,VERIFIED,MEDIUM,CRM
CRM001467,Demo Customer 1467,1997-01-01,customer1467@example.invalid,0000001467,DEMO001467,Ahmedabad,Gujarat,VERIFIED,MEDIUM,CRM
CRM001468,Demo Customer 1468,1998-01-01,customer1468@example.invalid,0000001468,DEMO001468,Chennai,Tamil Nadu,PENDING,MEDIUM,CRM
CRM001469,Demo Customer 1469,1999-01-01,customer1469@example.invalid,0000001469,DEMO001469,Mumbai,Maharashtra,VERIFIED,LOW,CRM
CRM001470,Demo Customer 1470,1970-01-01,customer1470@example.invalid,0000001470,DEMO001470,Nagpur,Maharashtra,VERIFIED,LOW,CRM
CRM001471,Demo Customer 1471,1971-01-01,customer1471@example.invalid,0000001471,DEMO001471,Hyderabad,Telangana,VERIFIED,LOW,CRM
CRM001472,Demo Customer 1472,1972-01-01,customer1472@example.invalid,0000001472,DEMO001472,Nagpur,Maharashtra,VERIFIED,MEDIUM,CRM
CRM001473,Demo Customer 1473,1973-01-01,customer1473@example.invalid,0000001473,DEMO001473,Hyderabad,Telangana,VERIFIED,LOW,CRM
CRM001474,Demo Customer 1474,1974-01-01,customer1474@example.invalid,0000001474,DEMO001474,Chennai,Tamil Nadu,VERIFIED,MEDIUM,CRM
CRM001475,Demo Customer 1475,1975-01-01,customer1475@example.invalid,0000001475,DEMO001475,Bengaluru,Karnataka,REJECTED,LOW,CRM
CRM001476,Demo Customer 1476,1976-01-01,customer1476@example.invalid,0000001476,DEMO001476,Delhi,Delhi,VERIFIED,LOW,CRM
CRM001477,Demo Customer 1477,1977-01-01,customer1477@example.invalid,0000001477,DEMO001477,Pune,Maharashtra,VERIFIED,LOW,CRM
CRM001478,Demo Customer 1478,1978-01-01,customer1478@example.invalid,0000001478,DEMO001478,Chennai,Tamil Nadu,VERIFIED,LOW,CRM
CRM001479,Demo Customer 1479,1979-01-01,customer1479@example.invalid,0000001479,DEMO001479,Delhi,Delhi,PENDING,MEDIUM,CRM
CRM001480,Demo Customer 1480,1980-01-01,customer1480@example.invalid,0000001480,DEMO001480,Pune,Maharashtra,VERIFIED,MEDIUM,CRM
CRM001481,Demo Customer 1481,1981-01-01,customer1481@example.invalid,0000001481,DEMO001481,Ahmedabad,Gujarat,VERIFIED,MEDIUM,CRM
CRM001482,Demo Customer 1482,1982-01-01,customer1482@example.invalid,0000001482,DEMO001482,Pune,Maharashtra,VERIFIED,LOW,CRM
CRM001483,Demo Customer 1483,1983-01-01,customer1483@example.invalid,0000001483,DEMO001483,Bengaluru,Karnataka,VERIFIED,LOW,CRM
CRM001484,Demo Customer 1484,1984-01-01,customer1484@example.invalid,0000001484,DEMO001484,Nagpur,Maharashtra,VERIFIED,LOW,CRM
CRM001485,Demo Customer 1485,1985-01-01,customer1485@example.invalid,0000001485,DEMO001485,Chennai,Tamil Nadu,VERIFIED,HIGH,CRM
CRM001486,Demo Customer 1486,1986-01-01,customer1486@example.invalid,0000001486,DEMO001486,Nagpur,Maharashtra,PENDING,LOW,CRM
CRM001487,Demo Customer 1487,1987-01-01,customer1487@example.invalid,0000001487,DEMO001487,Delhi,Delhi,VERIFIED,LOW,CRM
CRM001488,Demo Customer 1488,1988-01-01,customer1488@example.invalid,0000001488,DEMO001488,Pune,Maharashtra,VERIFIED,MEDIUM,CRM
CRM001489,Demo Customer 1489,1989-01-01,customer1489@example.invalid,0000001489,DEMO001489,Chennai,Tamil Nadu,PENDING,MEDIUM,CRM
CRM001490,Demo Customer 1490,1990-01-01,customer1490@example.invalid,0000001490,DEMO001490,Delhi,Delhi,VERIFIED,LOW,CRM
CRM001491,Demo Customer 1491,1991-01-01,customer1491@example.invalid,0000001491,DEMO001491,Chennai,Tamil Nadu,VERIFIED,LOW,CRM
CRM001492,Demo Customer 1492,1992-01-01,customer1492@example.invalid,0000001492,DEMO001492,Mumbai,Maharashtra,VERIFIED,LOW,CRM
CRM001493,Demo Customer 1493,1993-01-01,customer1493@example.invalid,0000001493,DEMO001493,Chennai,Tamil Nadu,VERIFIED,LOW,CRM
CRM001494,Demo Customer 1494,1994-01-01,customer1494@example.invalid,0000001494,DEMO001494,Mumbai,Maharashtra,VERIFIED,MEDIUM,CRM
CRM001495,Demo Customer 1495,1995-01-01,customer1495@example.invalid,0000001495,DEMO001495,Ahmedabad,Gujarat,VERIFIED,LOW,CRM
CRM001496,Demo Customer 1496,1996-01-01,customer1496@example.invalid,0000001496,DEMO001496,Bengaluru,Karnataka,VERIFIED,LOW,CRM
CRM001497,Demo Customer 1497,1997-01-01,customer1497@example.invalid,0000001497,DEMO001497,Nagpur,Maharashtra,VERIFIED,LOW,CRM
CRM001498,Demo Customer 1498,1998-01-01,customer1498@example.invalid,0000001498,DEMO001498,Pune,Maharashtra,PENDING,LOW,CRM
CRM001499,Demo Customer 1499,1999-01-01,customer1499@example.invalid,0000001499,DEMO001499,Gurugram,Haryana,VERIFIED,HIGH,CRM
CRM001500,Demo Customer 1500,1970-01-01,customer1500@example.invalid,0000001500,DEMO001500,Hyderabad,Telangana,VERIFIED,LOW,CRM
CRM001501,Demo Customer 1501,1971-01-01,customer1501@example.invalid,0000001501,DEMO001501,Delhi,Delhi,VERIFIED,LOW,CRM
CRM001502,Demo Customer 1502,1972-01-01,customer1502@example.invalid,0000001502,DEMO001502,Gurugram,Haryana,VERIFIED,LOW,CRM
CRM001503,Demo Customer 1503,1973-01-01,customer1503@example.invalid,0000001503,DEMO001503,Kolkata,West Bengal,REJECTED,LOW,CRM
CRM001504,Demo Customer 1504,1974-01-01,customer1504@example.invalid,0000001504,DEMO001504,Nagpur,Maharashtra,VERIFIED,LOW,CRM
CRM001505,Demo Customer 1505,1975-01-01,customer1505@example.invalid,0000001505,DEMO001505,Nagpur,Maharashtra,VERIFIED,LOW,CRM
CRM001506,Demo Customer 1506,1976-01-01,customer1506@example.invalid,0000001506,DEMO001506,Mumbai,Maharashtra,VERIFIED,LOW,CRM
CRM001507,Demo Customer 1507,1977-01-01,customer1507@example.invalid,0000001507,DEMO001507,Kolkata,West Bengal,VERIFIED,LOW,CRM
CRM001508,Demo Customer 1508,1978-01-01,customer1508@example.invalid,0000001508,DEMO001508,Ahmedabad,Gujarat,PENDING,LOW,CRM
CRM001509,Demo Customer 1509,1979-01-01,customer1509@example.invalid,0000001509,DEMO001509,Gurugram,Haryana,VERIFIED,LOW,CRM
CRM001510,Demo Customer 1510,1980-01-01,customer1510@example.invalid,0000001510,DEMO001510,Chennai,Tamil Nadu,VERIFIED,LOW,CRM
CRM001511,Demo Customer 1511,1981-01-01,customer1511@example.invalid,0000001511,DEMO001511,Hyderabad,Telangana,VERIFIED,LOW,CRM
CRM001512,Demo Customer 1512,1982-01-01,customer1512@example.invalid,0000001512,DEMO001512,Pune,Maharashtra,REJECTED,LOW,CRM
CRM001513,Demo Customer 1513,1983-01-01,customer1513@example.invalid,0000001513,DEMO001513,Kolkata,West Bengal,VERIFIED,LOW,CRM
CRM001514,Demo Customer 1514,1984-01-01,customer1514@example.invalid,0000001514,DEMO001514,Delhi,Delhi,REJECTED,LOW,CRM
CRM001515,Demo Customer 1515,1985-01-01,customer1515@example.invalid,0000001515,DEMO001515,Chennai,Tamil Nadu,VERIFIED,LOW,CRM
CRM001516,Demo Customer 1516,1986-01-01,customer1516@example.invalid,0000001516,DEMO001516,Hyderabad,Telangana,VERIFIED,LOW,CRM
CRM001517,Demo Customer 1517,1987-01-01,customer1517@example.invalid,0000001517,DEMO001517,Hyderabad,Telangana,VERIFIED,LOW,CRM
CRM001518,Demo Customer 1518,1988-01-01,customer1518@example.invalid,0000001518,DEMO001518,Pune,Maharashtra,VERIFIED,MEDIUM,CRM
CRM001519,Demo Customer 1519,1989-01-01,customer1519@example.invalid,0000001519,DEMO001519,Delhi,Delhi,VERIFIED,LOW,CRM
CRM001520,Demo Customer 1520,1990-01-01,customer1520@example.invalid,0000001520,DEMO001520,Pune,Maharashtra,VERIFIED,MEDIUM,CRM
CRM001521,Demo Customer 1521,1991-01-01,customer1521@example.invalid,0000001521,DEMO001521,Bengaluru,Karnataka,PENDING,MEDIUM,CRM
CRM001522,Demo Customer 1522,1992-01-01,customer1522@example.invalid,0000001522,DEMO001522,Ahmedabad,Gujarat,VERIFIED,LOW,CRM
CRM001523,Demo Customer 1523,1993-01-01,customer1523@example.invalid,0000001523,DEMO001523,Hyderabad,Telangana,VERIFIED,LOW,CRM
CRM001524,Demo Customer 1524,1994-01-01,customer1524@example.invalid,0000001524,DEMO001524,Gurugram,Haryana,VERIFIED,LOW,CRM
CRM001525,Demo Customer 1525,1995-01-01,customer1525@example.invalid,0000001525,DEMO001525,Mumbai,Maharashtra,PENDING,LOW,CRM
CRM001526,Demo Customer 1526,1996-01-01,customer1526@example.invalid,0000001526,DEMO001526,Nagpur,Maharashtra,VERIFIED,HIGH,CRM
CRM001527,Demo Customer 1527,1997-01-01,customer1527@example.invalid,0000001527,DEMO001527,Chennai,Tamil Nadu,VERIFIED,LOW,CRM
CRM001528,Demo Customer 1528,1998-01-01,customer1528@example.invalid,0000001528,DEMO001528,Bengaluru,Karnataka,VERIFIED,HIGH,CRM
CRM001529,Demo Customer 1529,1999-01-01,customer1529@example.invalid,0000001529,DEMO001529,Ahmedabad,Gujarat,VERIFIED,MEDIUM,CRM
CRM001530,Demo Customer 1530,1970-01-01,customer1530@example.invalid,0000001530,DEMO001530,Delhi,Delhi,VERIFIED,LOW,CRM
CRM001531,Demo Customer 1531,1971-01-01,customer1531@example.invalid,0000001531,DEMO001531,Gurugram,Haryana,VERIFIED,LOW,CRM
CRM001532,Demo Customer 1532,1972-01-01,customer1532@example.invalid,0000001532,DEMO001532,Hyderabad,Telangana,VERIFIED,LOW,CRM
CRM001533,Demo Customer 1533,1973-01-01,customer1533@example.invalid,0000001533,DEMO001533,Bengaluru,Karnataka,VERIFIED,MEDIUM,CRM
CRM001534,Demo Customer 1534,1974-01-01,customer1534@example.invalid,0000001534,DEMO001534,Chennai,Tamil Nadu,VERIFIED,LOW,CRM
CRM001535,Demo Customer 1535,1975-01-01,customer1535@example.invalid,0000001535,DEMO001535,Nagpur,Maharashtra,VERIFIED,MEDIUM,CRM
CRM001536,Demo Customer 1536,1976-01-01,customer1536@example.invalid,0000001536,DEMO001536,Gurugram,Haryana,VERIFIED,MEDIUM,CRM
CRM001537,Demo Customer 1537,1977-01-01,customer1537@example.invalid,0000001537,DEMO001537,Delhi,Delhi,VERIFIED,LOW,CRM
CRM001538,Demo Customer 1538,1978-01-01,customer1538@example.invalid,0000001538,DEMO001538,Ahmedabad,Gujarat,PENDING,LOW,CRM
CRM001539,Demo Customer 1539,1979-01-01,customer1539@example.invalid,0000001539,DEMO001539,Ahmedabad,Gujarat,VERIFIED,LOW,CRM
CRM001540,Demo Customer 1540,1980-01-01,customer1540@example.invalid,0000001540,DEMO001540,Hyderabad,Telangana,PENDING,MEDIUM,CRM
CRM001541,Demo Customer 1541,1981-01-01,customer1541@example.invalid,0000001541,DEMO001541,Hyderabad,Telangana,VERIFIED,LOW,CRM
CRM001542,Demo Customer 1542,1982-01-01,customer1542@example.invalid,0000001542,DEMO001542,Delhi,Delhi,VERIFIED,LOW,CRM
CRM001543,Demo Customer 1543,1983-01-01,customer1543@example.invalid,0000001543,DEMO001543,Pune,Maharashtra,PENDING,LOW,CRM
CRM001544,Demo Customer 1544,1984-01-01,customer1544@example.invalid,0000001544,DEMO001544,Delhi,Delhi,VERIFIED,MEDIUM,CRM
CRM001545,Demo Customer 1545,1985-01-01,customer1545@example.invalid,0000001545,DEMO001545,Gurugram,Haryana,VERIFIED,LOW,CRM
CRM001546,Demo Customer 1546,1986-01-01,customer1546@example.invalid,0000001546,DEMO001546,Chennai,Tamil Nadu,VERIFIED,LOW,CRM
CRM001547,Demo Customer 1547,1987-01-01,customer1547@example.invalid,0000001547,DEMO001547,Nagpur,Maharashtra,VERIFIED,LOW,CRM
CRM001548,Demo Customer 1548,1988-01-01,customer1548@example.invalid,0000001548,DEMO001548,Pune,Maharashtra,VERIFIED,MEDIUM,CRM
CRM001549,Demo Customer 1549,1989-01-01,customer1549@example.invalid,0000001549,DEMO001549,Gurugram,Haryana,VERIFIED,LOW,CRM
CRM001550,Demo Customer 1550,1990-01-01,customer1550@example.invalid,0000001550,DEMO001550,Bengaluru,Karnataka,VERIFIED,LOW,CRM
CRM001551,Demo Customer 1551,1991-01-01,customer1551@example.invalid,0000001551,DEMO001551,Hyderabad,Telangana,VERIFIED,MEDIUM,CRM
CRM001552,Demo Customer 1552,1992-01-01,customer1552@example.invalid,0000001552,DEMO001552,Bengaluru,Karnataka,VERIFIED,LOW,CRM
CRM001553,Demo Customer 1553,1993-01-01,customer1553@example.invalid,0000001553,DEMO001553,Hyderabad,Telangana,VERIFIED,HIGH,CRM
CRM001554,Demo Customer 1554,1994-01-01,customer1554@example.invalid,0000001554,DEMO001554,Mumbai,Maharashtra,VERIFIED,MEDIUM,CRM
CRM001555,Demo Customer 1555,1995-01-01,customer1555@example.invalid,0000001555,DEMO001555,Delhi,Delhi,PENDING,LOW,CRM
CRM001556,Demo Customer 1556,1996-01-01,customer1556@example.invalid,0000001556,DEMO001556,Bengaluru,Karnataka,VERIFIED,LOW,CRM
CRM001557,Demo Customer 1557,1997-01-01,customer1557@example.invalid,0000001557,DEMO001557,Nagpur,Maharashtra,VERIFIED,LOW,CRM
CRM001558,Demo Customer 1558,1998-01-01,customer1558@example.invalid,0000001558,DEMO001558,Delhi,Delhi,PENDING,LOW,CRM
CRM001559,Demo Customer 1559,1999-01-01,customer1559@example.invalid,0000001559,DEMO001559,Gurugram,Haryana,VERIFIED,MEDIUM,CRM
CRM001560,Demo Customer 1560,1970-01-01,customer1560@example.invalid,0000001560,DEMO001560,Pune,Maharashtra,VERIFIED,LOW,CRM
CRM001561,Demo Customer 1561,1971-01-01,customer1561@example.invalid,0000001561,DEMO001561,Delhi,Delhi,VERIFIED,MEDIUM,CRM
CRM001562,Demo Customer 1562,1972-01-01,customer1562@example.invalid,0000001562,DEMO001562,Gurugram,Haryana,VERIFIED,LOW,CRM
CRM001563,Demo Customer 1563,1973-01-01,customer1563@example.invalid,0000001563,DEMO001563,Pune,Maharashtra,VERIFIED,LOW,CRM
CRM001564,Demo Customer 1564,1974-01-01,customer1564@example.invalid,0000001564,DEMO001564,Gurugram,Haryana,PENDING,LOW,CRM
CRM001565,Demo Customer 1565,1975-01-01,customer1565@example.invalid,0000001565,DEMO001565,Kolkata,West Bengal,VERIFIED,LOW,CRM
CRM001566,Demo Customer 1566,1976-01-01,customer1566@example.invalid,0000001566,DEMO001566,Gurugram,Haryana,VERIFIED,MEDIUM,CRM
CRM001567,Demo Customer 1567,1977-01-01,customer1567@example.invalid,0000001567,DEMO001567,Mumbai,Maharashtra,VERIFIED,LOW,CRM
CRM001568,Demo Customer 1568,1978-01-01,customer1568@example.invalid,0000001568,DEMO001568,Delhi,Delhi,VERIFIED,LOW,CRM
CRM001569,Demo Customer 1569,1979-01-01,customer1569@example.invalid,0000001569,DEMO001569,Mumbai,Maharashtra,VERIFIED,MEDIUM,CRM
CRM001570,Demo Customer 1570,1980-01-01,customer1570@example.invalid,0000001570,DEMO001570,Gurugram,Haryana,VERIFIED,LOW,CRM
CRM001571,Demo Customer 1571,1981-01-01,customer1571@example.invalid,0000001571,DEMO001571,Bengaluru,Karnataka,PENDING,LOW,CRM
CRM001572,Demo Customer 1572,1982-01-01,customer1572@example.invalid,0000001572,DEMO001572,Nagpur,Maharashtra,VERIFIED,MEDIUM,CRM
CRM001573,Demo Customer 1573,1983-01-01,customer1573@example.invalid,0000001573,DEMO001573,Chennai,Tamil Nadu,VERIFIED,LOW,CRM
CRM001574,Demo Customer 1574,1984-01-01,customer1574@example.invalid,0000001574,DEMO001574,Gurugram,Haryana,VERIFIED,HIGH,CRM
CRM001575,Demo Customer 1575,1985-01-01,customer1575@example.invalid,0000001575,DEMO001575,Pune,Maharashtra,VERIFIED,LOW,CRM
CRM001576,Demo Customer 1576,1986-01-01,customer1576@example.invalid,0000001576,DEMO001576,Mumbai,Maharashtra,PENDING,LOW,CRM
CRM001577,Demo Customer 1577,1987-01-01,customer1577@example.invalid,0000001577,DEMO001577,Delhi,Delhi,VERIFIED,MEDIUM,CRM
CRM001578,Demo Customer 1578,1988-01-01,customer1578@example.invalid,0000001578,DEMO001578,Hyderabad,Telangana,VERIFIED,LOW,CRM
CRM001579,Demo Customer 1579,1989-01-01,customer1579@example.invalid,0000001579,DEMO001579,Mumbai,Maharashtra,VERIFIED,LOW,CRM
CRM001580,Demo Customer 1580,1990-01-01,customer1580@example.invalid,0000001580,DEMO001580,Bengaluru,Karnataka,VERIFIED,LOW,CRM
CRM001581,Demo Customer 1581,1991-01-01,customer1581@example.invalid,0000001581,DEMO001581,Mumbai,Maharashtra,VERIFIED,LOW,CRM
CRM001582,Demo Customer 1582,1992-01-01,customer1582@example.invalid,0000001582,DEMO001582,Gurugram,Haryana,VERIFIED,LOW,CRM
CRM001583,Demo Customer 1583,1993-01-01,customer1583@example.invalid,0000001583,DEMO001583,Kolkata,West Bengal,PENDING,LOW,CRM
CRM001584,Demo Customer 1584,1994-01-01,customer1584@example.invalid,0000001584,DEMO001584,Pune,Maharashtra,PENDING,LOW,CRM
CRM001585,Demo Customer 1585,1995-01-01,customer1585@example.invalid,0000001585,DEMO001585,Bengaluru,Karnataka,VERIFIED,LOW,CRM
CRM001586,Demo Customer 1586,1996-01-01,customer1586@example.invalid,0000001586,DEMO001586,Nagpur,Maharashtra,VERIFIED,LOW,CRM
CRM001587,Demo Customer 1587,1997-01-01,customer1587@example.invalid,0000001587,DEMO001587,Gurugram,Haryana,VERIFIED,LOW,CRM
CRM001588,Demo Customer 1588,1998-01-01,customer1588@example.invalid,0000001588,DEMO001588,Delhi,Delhi,VERIFIED,LOW,CRM
CRM001589,Demo Customer 1589,1999-01-01,customer1589@example.invalid,0000001589,DEMO001589,Nagpur,Maharashtra,VERIFIED,MEDIUM,CRM
CRM001590,Demo Customer 1590,1970-01-01,customer1590@example.invalid,0000001590,DEMO001590,Pune,Maharashtra,VERIFIED,MEDIUM,CRM
CRM001591,Demo Customer 1591,1971-01-01,customer1591@example.invalid,0000001591,DEMO001591,Pune,Maharashtra,VERIFIED,MEDIUM,CRM
CRM001592,Demo Customer 1592,1972-01-01,customer1592@example.invalid,0000001592,DEMO001592,Hyderabad,Telangana,VERIFIED,LOW,CRM
CRM001593,Demo Customer 1593,1973-01-01,customer1593@example.invalid,0000001593,DEMO001593,Mumbai,Maharashtra,VERIFIED,LOW,CRM
CRM001594,Demo Customer 1594,1974-01-01,customer1594@example.invalid,0000001594,DEMO001594,Nagpur,Maharashtra,VERIFIED,LOW,CRM
CRM001595,Demo Customer 1595,1975-01-01,customer1595@example.invalid,0000001595,DEMO001595,Ahmedabad,Gujarat,VERIFIED,LOW,CRM
CRM001596,Demo Customer 1596,1976-01-01,customer1596@example.invalid,0000001596,DEMO001596,Mumbai,Maharashtra,VERIFIED,LOW,CRM
CRM001597,Demo Customer 1597,1977-01-01,customer1597@example.invalid,0000001597,DEMO001597,Mumbai,Maharashtra,PENDING,LOW,CRM
CRM001598,Demo Customer 1598,1978-01-01,customer1598@example.invalid,0000001598,DEMO001598,Pune,Maharashtra,VERIFIED,MEDIUM,CRM
CRM001599,Demo Customer 1599,1979-01-01,customer1599@example.invalid,0000001599,DEMO001599,Chennai,Tamil Nadu,VERIFIED,LOW,CRM
CRM001600,Demo Customer 1600,1980-01-01,customer1600@example.invalid,0000001600,DEMO001600,Nagpur,Maharashtra,VERIFIED,LOW,CRM
CRM001601,Demo Customer 1601,1981-01-01,customer1601@example.invalid,0000001601,DEMO001601,Kolkata,West Bengal,VERIFIED,LOW,CRM
CRM001602,Demo Customer 1602,1982-01-01,customer1602@example.invalid,0000001602,DEMO001602,Hyderabad,Telangana,VERIFIED,LOW,CRM
CRM001603,Demo Customer 1603,1983-01-01,customer1603@example.invalid,0000001603,DEMO001603,Chennai,Tamil Nadu,VERIFIED,HIGH,CRM
CRM001604,Demo Customer 1604,1984-01-01,customer1604@example.invalid,0000001604,DEMO001604,Mumbai,Maharashtra,VERIFIED,HIGH,CRM
CRM001605,Demo Customer 1605,1985-01-01,customer1605@example.invalid,0000001605,DEMO001605,Gurugram,Haryana,VERIFIED,MEDIUM,CRM
CRM001606,Demo Customer 1606,1986-01-01,customer1606@example.invalid,0000001606,DEMO001606,Pune,Maharashtra,VERIFIED,MEDIUM,CRM
CRM001607,Demo Customer 1607,1987-01-01,customer1607@example.invalid,0000001607,DEMO001607,Delhi,Delhi,VERIFIED,LOW,CRM
CRM001608,Demo Customer 1608,1988-01-01,customer1608@example.invalid,0000001608,DEMO001608,Kolkata,West Bengal,VERIFIED,LOW,CRM
CRM001609,Demo Customer 1609,1989-01-01,customer1609@example.invalid,0000001609,DEMO001609,Bengaluru,Karnataka,VERIFIED,LOW,CRM
CRM001610,Demo Customer 1610,1990-01-01,customer1610@example.invalid,0000001610,DEMO001610,Ahmedabad,Gujarat,VERIFIED,MEDIUM,CRM
CRM001611,Demo Customer 1611,1991-01-01,customer1611@example.invalid,0000001611,DEMO001611,Chennai,Tamil Nadu,VERIFIED,HIGH,CRM
CRM001612,Demo Customer 1612,1992-01-01,customer1612@example.invalid,0000001612,DEMO001612,Hyderabad,Telangana,VERIFIED,LOW,CRM
CRM001613,Demo Customer 1613,1993-01-01,customer1613@example.invalid,0000001613,DEMO001613,Gurugram,Haryana,VERIFIED,HIGH,CRM
CRM001614,Demo Customer 1614,1994-01-01,customer1614@example.invalid,0000001614,DEMO001614,Mumbai,Maharashtra,VERIFIED,LOW,CRM
CRM001615,Demo Customer 1615,1995-01-01,customer1615@example.invalid,0000001615,DEMO001615,Pune,Maharashtra,VERIFIED,LOW,CRM
CRM001616,Demo Customer 1616,1996-01-01,customer1616@example.invalid,0000001616,DEMO001616,Delhi,Delhi,PENDING,LOW,CRM
CRM001617,Demo Customer 1617,1997-01-01,customer1617@example.invalid,0000001617,DEMO001617,Pune,Maharashtra,VERIFIED,MEDIUM,CRM
CRM001618,Demo Customer 1618,1998-01-01,customer1618@example.invalid,0000001618,DEMO001618,Delhi,Delhi,PENDING,MEDIUM,CRM
CRM001619,Demo Customer 1619,1999-01-01,customer1619@example.invalid,0000001619,DEMO001619,Kolkata,West Bengal,VERIFIED,LOW,CRM
CRM001620,Demo Customer 1620,1970-01-01,customer1620@example.invalid,0000001620,DEMO001620,Delhi,Delhi,VERIFIED,HIGH,CRM
CRM001621,Demo Customer 1621,1971-01-01,customer1621@example.invalid,0000001621,DEMO001621,Pune,Maharashtra,VERIFIED,MEDIUM,CRM
CRM001622,Demo Customer 1622,1972-01-01,customer1622@example.invalid,0000001622,DEMO001622,Bengaluru,Karnataka,VERIFIED,LOW,CRM
CRM001623,Demo Customer 1623,1973-01-01,customer1623@example.invalid,0000001623,DEMO001623,Chennai,Tamil Nadu,VERIFIED,HIGH,CRM
CRM001624,Demo Customer 1624,1974-01-01,customer1624@example.invalid,0000001624,DEMO001624,Gurugram,Haryana,VERIFIED,LOW,CRM
CRM001625,Demo Customer 1625,1975-01-01,customer1625@example.invalid,0000001625,DEMO001625,Ahmedabad,Gujarat,VERIFIED,MEDIUM,CRM
CRM001626,Demo Customer 1626,1976-01-01,customer1626@example.invalid,0000001626,DEMO001626,Bengaluru,Karnataka,VERIFIED,LOW,CRM
CRM001627,Demo Customer 1627,1977-01-01,customer1627@example.invalid,0000001627,DEMO001627,Hyderabad,Telangana,VERIFIED,LOW,CRM
CRM001628,Demo Customer 1628,1978-01-01,customer1628@example.invalid,0000001628,DEMO001628,Bengaluru,Karnataka,VERIFIED,LOW,CRM
CRM001629,Demo Customer 1629,1979-01-01,customer1629@example.invalid,0000001629,DEMO001629,Ahmedabad,Gujarat,VERIFIED,MEDIUM,CRM
CRM001630,Demo Customer 1630,1980-01-01,customer1630@example.invalid,0000001630,DEMO001630,Chennai,Tamil Nadu,VERIFIED,LOW,CRM
CRM001631,Demo Customer 1631,1981-01-01,customer1631@example.invalid,0000001631,DEMO001631,Bengaluru,Karnataka,VERIFIED,LOW,CRM
CRM001632,Demo Customer 1632,1982-01-01,customer1632@example.invalid,0000001632,DEMO001632,Kolkata,West Bengal,VERIFIED,LOW,CRM
CRM001633,Demo Customer 1633,1983-01-01,customer1633@example.invalid,0000001633,DEMO001633,Nagpur,Maharashtra,VERIFIED,LOW,CRM
CRM001634,Demo Customer 1634,1984-01-01,customer1634@example.invalid,0000001634,DEMO001634,Mumbai,Maharashtra,VERIFIED,LOW,CRM
CRM001635,Demo Customer 1635,1985-01-01,customer1635@example.invalid,0000001635,DEMO001635,Kolkata,West Bengal,VERIFIED,HIGH,CRM
CRM001636,Demo Customer 1636,1986-01-01,customer1636@example.invalid,0000001636,DEMO001636,Mumbai,Maharashtra,VERIFIED,LOW,CRM
CRM001637,Demo Customer 1637,1987-01-01,customer1637@example.invalid,0000001637,DEMO001637,Mumbai,Maharashtra,VERIFIED,LOW,CRM
CRM001638,Demo Customer 1638,1988-01-01,customer1638@example.invalid,0000001638,DEMO001638,Chennai,Tamil Nadu,VERIFIED,LOW,CRM
CRM001639,Demo Customer 1639,1989-01-01,customer1639@example.invalid,0000001639,DEMO001639,Chennai,Tamil Nadu,VERIFIED,MEDIUM,CRM
CRM001640,Demo Customer 1640,1990-01-01,customer1640@example.invalid,0000001640,DEMO001640,Pune,Maharashtra,PENDING,LOW,CRM
CRM001641,Demo Customer 1641,1991-01-01,customer1641@example.invalid,0000001641,DEMO001641,Nagpur,Maharashtra,VERIFIED,HIGH,CRM
CRM001642,Demo Customer 1642,1992-01-01,customer1642@example.invalid,0000001642,DEMO001642,Kolkata,West Bengal,VERIFIED,MEDIUM,CRM
CRM001643,Demo Customer 1643,1993-01-01,customer1643@example.invalid,0000001643,DEMO001643,Nagpur,Maharashtra,PENDING,LOW,CRM
CRM001644,Demo Customer 1644,1994-01-01,customer1644@example.invalid,0000001644,DEMO001644,Hyderabad,Telangana,VERIFIED,LOW,CRM
CRM001645,Demo Customer 1645,1995-01-01,customer1645@example.invalid,0000001645,DEMO001645,Nagpur,Maharashtra,VERIFIED,LOW,CRM
CRM001646,Demo Customer 1646,1996-01-01,customer1646@example.invalid,0000001646,DEMO001646,Bengaluru,Karnataka,PENDING,LOW,CRM
CRM001647,Demo Customer 1647,1997-01-01,customer1647@example.invalid,0000001647,DEMO001647,Chennai,Tamil Nadu,VERIFIED,MEDIUM,CRM
CRM001648,Demo Customer 1648,1998-01-01,customer1648@example.invalid,0000001648,DEMO001648,Nagpur,Maharashtra,PENDING,MEDIUM,CRM
CRM001649,Demo Customer 1649,1999-01-01,customer1649@example.invalid,0000001649,DEMO001649,Kolkata,West Bengal,VERIFIED,MEDIUM,CRM
CRM001650,Demo Customer 1650,1970-01-01,customer1650@example.invalid,0000001650,DEMO001650,Chennai,Tamil Nadu,VERIFIED,MEDIUM,CRM
CRM001651,Demo Customer 1651,1971-01-01,customer1651@example.invalid,0000001651,DEMO001651,Gurugram,Haryana,VERIFIED,LOW,CRM
CRM001652,Demo Customer 1652,1972-01-01,customer1652@example.invalid,0000001652,DEMO001652,Gurugram,Haryana,VERIFIED,HIGH,CRM
CRM001653,Demo Customer 1653,1973-01-01,customer1653@example.invalid,0000001653,DEMO001653,Kolkata,West Bengal,VERIFIED,LOW,CRM
CRM001654,Demo Customer 1654,1974-01-01,customer1654@example.invalid,0000001654,DEMO001654,Delhi,Delhi,VERIFIED,LOW,CRM
CRM001655,Demo Customer 1655,1975-01-01,customer1655@example.invalid,0000001655,DEMO001655,Gurugram,Haryana,VERIFIED,LOW,CRM
CRM001656,Demo Customer 1656,1976-01-01,customer1656@example.invalid,0000001656,DEMO001656,Bengaluru,Karnataka,VERIFIED,MEDIUM,CRM
CRM001657,Demo Customer 1657,1977-01-01,customer1657@example.invalid,0000001657,DEMO001657,Kolkata,West Bengal,VERIFIED,LOW,CRM
CRM001658,Demo Customer 1658,1978-01-01,customer1658@example.invalid,0000001658,DEMO001658,Mumbai,Maharashtra,PENDING,LOW,CRM
CRM001659,Demo Customer 1659,1979-01-01,customer1659@example.invalid,0000001659,DEMO001659,Hyderabad,Telangana,VERIFIED,LOW,CRM
CRM001660,Demo Customer 1660,1980-01-01,customer1660@example.invalid,0000001660,DEMO001660,Gurugram,Haryana,PENDING,MEDIUM,CRM
CRM001661,Demo Customer 1661,1981-01-01,customer1661@example.invalid,0000001661,DEMO001661,Ahmedabad,Gujarat,VERIFIED,LOW,CRM
CRM001662,Demo Customer 1662,1982-01-01,customer1662@example.invalid,0000001662,DEMO001662,Nagpur,Maharashtra,VERIFIED,LOW,CRM
CRM001663,Demo Customer 1663,1983-01-01,customer1663@example.invalid,0000001663,DEMO001663,Hyderabad,Telangana,VERIFIED,MEDIUM,CRM
CRM001664,Demo Customer 1664,1984-01-01,customer1664@example.invalid,0000001664,DEMO001664,Bengaluru,Karnataka,VERIFIED,LOW,CRM
CRM001665,Demo Customer 1665,1985-01-01,customer1665@example.invalid,0000001665,DEMO001665,Delhi,Delhi,VERIFIED,LOW,CRM
CRM001666,Demo Customer 1666,1986-01-01,customer1666@example.invalid,0000001666,DEMO001666,Pune,Maharashtra,VERIFIED,LOW,CRM
CRM001667,Demo Customer 1667,1987-01-01,customer1667@example.invalid,0000001667,DEMO001667,Gurugram,Haryana,VERIFIED,LOW,CRM
CRM001668,Demo Customer 1668,1988-01-01,customer1668@example.invalid,0000001668,DEMO001668,Delhi,Delhi,VERIFIED,LOW,CRM
CRM001669,Demo Customer 1669,1989-01-01,customer1669@example.invalid,0000001669,DEMO001669,Nagpur,Maharashtra,VERIFIED,LOW,CRM
CRM001670,Demo Customer 1670,1990-01-01,customer1670@example.invalid,0000001670,DEMO001670,Nagpur,Maharashtra,VERIFIED,LOW,CRM
CRM001671,Demo Customer 1671,1991-01-01,customer1671@example.invalid,0000001671,DEMO001671,Mumbai,Maharashtra,VERIFIED,LOW,CRM
CRM001672,Demo Customer 1672,1992-01-01,customer1672@example.invalid,0000001672,DEMO001672,Ahmedabad,Gujarat,PENDING,LOW,CRM
CRM001673,Demo Customer 1673,1993-01-01,customer1673@example.invalid,0000001673,DEMO001673,Hyderabad,Telangana,VERIFIED,LOW,CRM
CRM001674,Demo Customer 1674,1994-01-01,customer1674@example.invalid,0000001674,DEMO001674,Chennai,Tamil Nadu,VERIFIED,LOW,CRM
CRM001675,Demo Customer 1675,1995-01-01,customer1675@example.invalid,0000001675,DEMO001675,Delhi,Delhi,PENDING,LOW,CRM
CRM001676,Demo Customer 1676,1996-01-01,customer1676@example.invalid,0000001676,DEMO001676,Mumbai,Maharashtra,VERIFIED,LOW,CRM
CRM001677,Demo Customer 1677,1997-01-01,customer1677@example.invalid,0000001677,DEMO001677,Gurugram,Haryana,VERIFIED,LOW,CRM
CRM001678,Demo Customer 1678,1998-01-01,customer1678@example.invalid,0000001678,DEMO001678,Delhi,Delhi,VERIFIED,MEDIUM,CRM
CRM001679,Demo Customer 1679,1999-01-01,customer1679@example.invalid,0000001679,DEMO001679,Pune,Maharashtra,VERIFIED,MEDIUM,CRM
CRM001680,Demo Customer 1680,1970-01-01,customer1680@example.invalid,0000001680,DEMO001680,Ahmedabad,Gujarat,VERIFIED,LOW,CRM
CRM001681,Demo Customer 1681,1971-01-01,customer1681@example.invalid,0000001681,DEMO001681,Nagpur,Maharashtra,VERIFIED,MEDIUM,CRM
CRM001682,Demo Customer 1682,1972-01-01,customer1682@example.invalid,0000001682,DEMO001682,Chennai,Tamil Nadu,PENDING,LOW,CRM
CRM001683,Demo Customer 1683,1973-01-01,customer1683@example.invalid,0000001683,DEMO001683,Gurugram,Haryana,PENDING,LOW,CRM
CRM001684,Demo Customer 1684,1974-01-01,customer1684@example.invalid,0000001684,DEMO001684,Bengaluru,Karnataka,VERIFIED,MEDIUM,CRM
CRM001685,Demo Customer 1685,1975-01-01,customer1685@example.invalid,0000001685,DEMO001685,Nagpur,Maharashtra,VERIFIED,MEDIUM,CRM
CRM001686,Demo Customer 1686,1976-01-01,customer1686@example.invalid,0000001686,DEMO001686,Gurugram,Haryana,VERIFIED,LOW,CRM
CRM001687,Demo Customer 1687,1977-01-01,customer1687@example.invalid,0000001687,DEMO001687,Mumbai,Maharashtra,VERIFIED,MEDIUM,CRM
CRM001688,Demo Customer 1688,1978-01-01,customer1688@example.invalid,0000001688,DEMO001688,Chennai,Tamil Nadu,PENDING,LOW,CRM
CRM001689,Demo Customer 1689,1979-01-01,customer1689@example.invalid,0000001689,DEMO001689,Pune,Maharashtra,VERIFIED,LOW,CRM
CRM001690,Demo Customer 1690,1980-01-01,customer1690@example.invalid,0000001690,DEMO001690,Delhi,Delhi,VERIFIED,MEDIUM,CRM
CRM001691,Demo Customer 1691,1981-01-01,customer1691@example.invalid,0000001691,DEMO001691,Bengaluru,Karnataka,VERIFIED,LOW,CRM
CRM001692,Demo Customer 1692,1982-01-01,customer1692@example.invalid,0000001692,DEMO001692,Mumbai,Maharashtra,PENDING,LOW,CRM
CRM001693,Demo Customer 1693,1983-01-01,customer1693@example.invalid,0000001693,DEMO001693,Chennai,Tamil Nadu,VERIFIED,MEDIUM,CRM
CRM001694,Demo Customer 1694,1984-01-01,customer1694@example.invalid,0000001694,DEMO001694,Mumbai,Maharashtra,VERIFIED,MEDIUM,CRM
CRM001695,Demo Customer 1695,1985-01-01,customer1695@example.invalid,0000001695,DEMO001695,Hyderabad,Telangana,VERIFIED,LOW,CRM
CRM001696,Demo Customer 1696,1986-01-01,customer1696@example.invalid,0000001696,DEMO001696,Ahmedabad,Gujarat,VERIFIED,MEDIUM,CRM
CRM001697,Demo Customer 1697,1987-01-01,customer1697@example.invalid,0000001697,DEMO001697,Bengaluru,Karnataka,PENDING,LOW,CRM
CRM001698,Demo Customer 1698,1988-01-01,customer1698@example.invalid,0000001698,DEMO001698,Chennai,Tamil Nadu,VERIFIED,LOW,CRM
CRM001699,Demo Customer 1699,1989-01-01,customer1699@example.invalid,0000001699,DEMO001699,Ahmedabad,Gujarat,PENDING,MEDIUM,CRM
CRM001700,Demo Customer 1700,1990-01-01,customer1700@example.invalid,0000001700,DEMO001700,Delhi,Delhi,VERIFIED,LOW,CRM
CRM001701,Demo Customer 1701,1991-01-01,customer1701@example.invalid,0000001701,DEMO001701,Hyderabad,Telangana,VERIFIED,LOW,CRM
CRM001702,Demo Customer 1702,1992-01-01,customer1702@example.invalid,0000001702,DEMO001702,Chennai,Tamil Nadu,REJECTED,MEDIUM,CRM
CRM001703,Demo Customer 1703,1993-01-01,customer1703@example.invalid,0000001703,DEMO001703,Nagpur,Maharashtra,VERIFIED,LOW,CRM
CRM001704,Demo Customer 1704,1994-01-01,customer1704@example.invalid,0000001704,DEMO001704,Bengaluru,Karnataka,VERIFIED,LOW,CRM
CRM001705,Demo Customer 1705,1995-01-01,customer1705@example.invalid,0000001705,DEMO001705,Bengaluru,Karnataka,VERIFIED,LOW,CRM
CRM001706,Demo Customer 1706,1996-01-01,customer1706@example.invalid,0000001706,DEMO001706,Kolkata,West Bengal,VERIFIED,LOW,CRM
CRM001707,Demo Customer 1707,1997-01-01,customer1707@example.invalid,0000001707,DEMO001707,Gurugram,Haryana,VERIFIED,HIGH,CRM
CRM001708,Demo Customer 1708,1998-01-01,customer1708@example.invalid,0000001708,DEMO001708,Ahmedabad,Gujarat,VERIFIED,LOW,CRM
CRM001709,Demo Customer 1709,1999-01-01,customer1709@example.invalid,0000001709,DEMO001709,Gurugram,Haryana,VERIFIED,MEDIUM,CRM
CRM001710,Demo Customer 1710,1970-01-01,customer1710@example.invalid,0000001710,DEMO001710,Bengaluru,Karnataka,VERIFIED,LOW,CRM
CRM001711,Demo Customer 1711,1971-01-01,customer1711@example.invalid,0000001711,DEMO001711,Delhi,Delhi,VERIFIED,LOW,CRM
CRM001712,Demo Customer 1712,1972-01-01,customer1712@example.invalid,0000001712,DEMO001712,Bengaluru,Karnataka,PENDING,LOW,CRM
CRM001713,Demo Customer 1713,1973-01-01,customer1713@example.invalid,0000001713,DEMO001713,Kolkata,West Bengal,PENDING,LOW,CRM
CRM001714,Demo Customer 1714,1974-01-01,customer1714@example.invalid,0000001714,DEMO001714,Pune,Maharashtra,VERIFIED,MEDIUM,CRM
CRM001715,Demo Customer 1715,1975-01-01,customer1715@example.invalid,0000001715,DEMO001715,Chennai,Tamil Nadu,PENDING,LOW,CRM
CRM001716,Demo Customer 1716,1976-01-01,customer1716@example.invalid,0000001716,DEMO001716,Bengaluru,Karnataka,VERIFIED,MEDIUM,CRM
CRM001717,Demo Customer 1717,1977-01-01,customer1717@example.invalid,0000001717,DEMO001717,Delhi,Delhi,REJECTED,LOW,CRM
CRM001718,Demo Customer 1718,1978-01-01,customer1718@example.invalid,0000001718,DEMO001718,Gurugram,Haryana,VERIFIED,LOW,CRM
CRM001719,Demo Customer 1719,1979-01-01,customer1719@example.invalid,0000001719,DEMO001719,Kolkata,West Bengal,VERIFIED,LOW,CRM
CRM001720,Demo Customer 1720,1980-01-01,customer1720@example.invalid,0000001720,DEMO001720,Bengaluru,Karnataka,VERIFIED,MEDIUM,CRM
CRM001721,Demo Customer 1721,1981-01-01,customer1721@example.invalid,0000001721,DEMO001721,Gurugram,Haryana,VERIFIED,LOW,CRM
CRM001722,Demo Customer 1722,1982-01-01,customer1722@example.invalid,0000001722,DEMO001722,Pune,Maharashtra,PENDING,LOW,CRM
CRM001723,Demo Customer 1723,1983-01-01,customer1723@example.invalid,0000001723,DEMO001723,Mumbai,Maharashtra,VERIFIED,LOW,CRM
CRM001724,Demo Customer 1724,1984-01-01,customer1724@example.invalid,0000001724,DEMO001724,Delhi,Delhi,PENDING,LOW,CRM
CRM001725,Demo Customer 1725,1985-01-01,customer1725@example.invalid,0000001725,DEMO001725,Mumbai,Maharashtra,VERIFIED,MEDIUM,CRM
CRM001726,Demo Customer 1726,1986-01-01,customer1726@example.invalid,0000001726,DEMO001726,Pune,Maharashtra,VERIFIED,LOW,CRM
CRM001727,Demo Customer 1727,1987-01-01,customer1727@example.invalid,0000001727,DEMO001727,Hyderabad,Telangana,VERIFIED,LOW,CRM
CRM001728,Demo Customer 1728,1988-01-01,customer1728@example.invalid,0000001728,DEMO001728,Kolkata,West Bengal,VERIFIED,LOW,CRM
CRM001729,Demo Customer 1729,1989-01-01,customer1729@example.invalid,0000001729,DEMO001729,Nagpur,Maharashtra,VERIFIED,LOW,CRM
CRM001730,Demo Customer 1730,1990-01-01,customer1730@example.invalid,0000001730,DEMO001730,Hyderabad,Telangana,VERIFIED,HIGH,CRM
CRM001731,Demo Customer 1731,1991-01-01,customer1731@example.invalid,0000001731,DEMO001731,Pune,Maharashtra,VERIFIED,LOW,CRM
CRM001732,Demo Customer 1732,1992-01-01,customer1732@example.invalid,0000001732,DEMO001732,Mumbai,Maharashtra,PENDING,LOW,CRM
CRM001733,Demo Customer 1733,1993-01-01,customer1733@example.invalid,0000001733,DEMO001733,Pune,Maharashtra,VERIFIED,LOW,CRM
CRM001734,Demo Customer 1734,1994-01-01,customer1734@example.invalid,0000001734,DEMO001734,Bengaluru,Karnataka,VERIFIED,MEDIUM,CRM
CRM001735,Demo Customer 1735,1995-01-01,customer1735@example.invalid,0000001735,DEMO001735,Ahmedabad,Gujarat,VERIFIED,MEDIUM,CRM
CRM001736,Demo Customer 1736,1996-01-01,customer1736@example.invalid,0000001736,DEMO001736,Ahmedabad,Gujarat,PENDING,LOW,CRM
CRM001737,Demo Customer 1737,1997-01-01,customer1737@example.invalid,0000001737,DEMO001737,Ahmedabad,Gujarat,VERIFIED,LOW,CRM
CRM001738,Demo Customer 1738,1998-01-01,customer1738@example.invalid,0000001738,DEMO001738,Gurugram,Haryana,VERIFIED,HIGH,CRM
CRM001739,Demo Customer 1739,1999-01-01,customer1739@example.invalid,0000001739,DEMO001739,Hyderabad,Telangana,VERIFIED,MEDIUM,CRM
CRM001740,Demo Customer 1740,1970-01-01,customer1740@example.invalid,0000001740,DEMO001740,Chennai,Tamil Nadu,VERIFIED,LOW,CRM
CRM001741,Demo Customer 1741,1971-01-01,customer1741@example.invalid,0000001741,DEMO001741,Ahmedabad,Gujarat,VERIFIED,LOW,CRM
CRM001742,Demo Customer 1742,1972-01-01,customer1742@example.invalid,0000001742,DEMO001742,Pune,Maharashtra,VERIFIED,MEDIUM,CRM
CRM001743,Demo Customer 1743,1973-01-01,customer1743@example.invalid,0000001743,DEMO001743,Gurugram,Haryana,VERIFIED,LOW,CRM
CRM001744,Demo Customer 1744,1974-01-01,customer1744@example.invalid,0000001744,DEMO001744,Gurugram,Haryana,VERIFIED,LOW,CRM
CRM001745,Demo Customer 1745,1975-01-01,customer1745@example.invalid,0000001745,DEMO001745,Pune,Maharashtra,VERIFIED,LOW,CRM
CRM001746,Demo Customer 1746,1976-01-01,customer1746@example.invalid,0000001746,DEMO001746,Kolkata,West Bengal,VERIFIED,MEDIUM,CRM
CRM001747,Demo Customer 1747,1977-01-01,customer1747@example.invalid,0000001747,DEMO001747,Pune,Maharashtra,VERIFIED,LOW,CRM
CRM001748,Demo Customer 1748,1978-01-01,customer1748@example.invalid,0000001748,DEMO001748,Nagpur,Maharashtra,REJECTED,MEDIUM,CRM
CRM001749,Demo Customer 1749,1979-01-01,customer1749@example.invalid,0000001749,DEMO001749,Chennai,Tamil Nadu,VERIFIED,LOW,CRM
CRM001750,Demo Customer 1750,1980-01-01,customer1750@example.invalid,0000001750,DEMO001750,Mumbai,Maharashtra,VERIFIED,LOW,CRM
CRM001751,Demo Customer 1751,1981-01-01,customer1751@example.invalid,0000001751,DEMO001751,Gurugram,Haryana,VERIFIED,LOW,CRM
CRM001752,Demo Customer 1752,1982-01-01,customer1752@example.invalid,0000001752,DEMO001752,Mumbai,Maharashtra,VERIFIED,MEDIUM,CRM
CRM001753,Demo Customer 1753,1983-01-01,customer1753@example.invalid,0000001753,DEMO001753,Ahmedabad,Gujarat,VERIFIED,LOW,CRM
CRM001754,Demo Customer 1754,1984-01-01,customer1754@example.invalid,0000001754,DEMO001754,Mumbai,Maharashtra,PENDING,LOW,CRM
CRM001755,Demo Customer 1755,1985-01-01,customer1755@example.invalid,0000001755,DEMO001755,Pune,Maharashtra,VERIFIED,LOW,CRM
CRM001756,Demo Customer 1756,1986-01-01,customer1756@example.invalid,0000001756,DEMO001756,Gurugram,Haryana,VERIFIED,MEDIUM,CRM
CRM001757,Demo Customer 1757,1987-01-01,customer1757@example.invalid,0000001757,DEMO001757,Bengaluru,Karnataka,VERIFIED,MEDIUM,CRM
CRM001758,Demo Customer 1758,1988-01-01,customer1758@example.invalid,0000001758,DEMO001758,Bengaluru,Karnataka,VERIFIED,LOW,CRM
CRM001759,Demo Customer 1759,1989-01-01,customer1759@example.invalid,0000001759,DEMO001759,Kolkata,West Bengal,PENDING,LOW,CRM
CRM001760,Demo Customer 1760,1990-01-01,customer1760@example.invalid,0000001760,DEMO001760,Pune,Maharashtra,REJECTED,MEDIUM,CRM
CRM001761,Demo Customer 1761,1991-01-01,customer1761@example.invalid,0000001761,DEMO001761,Ahmedabad,Gujarat,PENDING,LOW,CRM
CRM001762,Demo Customer 1762,1992-01-01,customer1762@example.invalid,0000001762,DEMO001762,Hyderabad,Telangana,VERIFIED,LOW,CRM
CRM001763,Demo Customer 1763,1993-01-01,customer1763@example.invalid,0000001763,DEMO001763,Bengaluru,Karnataka,PENDING,LOW,CRM
CRM001764,Demo Customer 1764,1994-01-01,customer1764@example.invalid,0000001764,DEMO001764,Ahmedabad,Gujarat,VERIFIED,LOW,CRM
CRM001765,Demo Customer 1765,1995-01-01,customer1765@example.invalid,0000001765,DEMO001765,Nagpur,Maharashtra,VERIFIED,LOW,CRM
CRM001766,Demo Customer 1766,1996-01-01,customer1766@example.invalid,0000001766,DEMO001766,Pune,Maharashtra,VERIFIED,LOW,CRM
CRM001767,Demo Customer 1767,1997-01-01,customer1767@example.invalid,0000001767,DEMO001767,Pune,Maharashtra,VERIFIED,LOW,CRM
CRM001768,Demo Customer 1768,1998-01-01,customer1768@example.invalid,0000001768,DEMO001768,Hyderabad,Telangana,VERIFIED,LOW,CRM
CRM001769,Demo Customer 1769,1999-01-01,customer1769@example.invalid,0000001769,DEMO001769,Nagpur,Maharashtra,VERIFIED,MEDIUM,CRM
CRM001770,Demo Customer 1770,1970-01-01,customer1770@example.invalid,0000001770,DEMO001770,Bengaluru,Karnataka,VERIFIED,LOW,CRM
CRM001771,Demo Customer 1771,1971-01-01,customer1771@example.invalid,0000001771,DEMO001771,Delhi,Delhi,VERIFIED,LOW,CRM
CRM001772,Demo Customer 1772,1972-01-01,customer1772@example.invalid,0000001772,DEMO001772,Kolkata,West Bengal,VERIFIED,LOW,CRM
CRM001773,Demo Customer 1773,1973-01-01,customer1773@example.invalid,0000001773,DEMO001773,Nagpur,Maharashtra,PENDING,LOW,CRM
CRM001774,Demo Customer 1774,1974-01-01,customer1774@example.invalid,0000001774,DEMO001774,Mumbai,Maharashtra,PENDING,MEDIUM,CRM
CRM001775,Demo Customer 1775,1975-01-01,customer1775@example.invalid,0000001775,DEMO001775,Mumbai,Maharashtra,VERIFIED,LOW,CRM
CRM001776,Demo Customer 1776,1976-01-01,customer1776@example.invalid,0000001776,DEMO001776,Gurugram,Haryana,VERIFIED,MEDIUM,CRM
CRM001777,Demo Customer 1777,1977-01-01,customer1777@example.invalid,0000001777,DEMO001777,Mumbai,Maharashtra,VERIFIED,LOW,CRM
CRM001778,Demo Customer 1778,1978-01-01,customer1778@example.invalid,0000001778,DEMO001778,Kolkata,West Bengal,PENDING,LOW,CRM
CRM001779,Demo Customer 1779,1979-01-01,customer1779@example.invalid,0000001779,DEMO001779,Delhi,Delhi,VERIFIED,MEDIUM,CRM
CRM001780,Demo Customer 1780,1980-01-01,customer1780@example.invalid,0000001780,DEMO001780,Delhi,Delhi,PENDING,HIGH,CRM
CRM001781,Demo Customer 1781,1981-01-01,customer1781@example.invalid,0000001781,DEMO001781,Mumbai,Maharashtra,VERIFIED,LOW,CRM
CRM001782,Demo Customer 1782,1982-01-01,customer1782@example.invalid,0000001782,DEMO001782,Hyderabad,Telangana,VERIFIED,LOW,CRM
CRM001783,Demo Customer 1783,1983-01-01,customer1783@example.invalid,0000001783,DEMO001783,Kolkata,West Bengal,VERIFIED,LOW,CRM
CRM001784,Demo Customer 1784,1984-01-01,customer1784@example.invalid,0000001784,DEMO001784,Hyderabad,Telangana,VERIFIED,MEDIUM,CRM
CRM001785,Demo Customer 1785,1985-01-01,customer1785@example.invalid,0000001785,DEMO001785,Gurugram,Haryana,VERIFIED,LOW,CRM
CRM001786,Demo Customer 1786,1986-01-01,customer1786@example.invalid,0000001786,DEMO001786,Chennai,Tamil Nadu,VERIFIED,HIGH,CRM
CRM001787,Demo Customer 1787,1987-01-01,customer1787@example.invalid,0000001787,DEMO001787,Kolkata,West Bengal,VERIFIED,LOW,CRM
CRM001788,Demo Customer 1788,1988-01-01,customer1788@example.invalid,0000001788,DEMO001788,Gurugram,Haryana,VERIFIED,MEDIUM,CRM
CRM001789,Demo Customer 1789,1989-01-01,customer1789@example.invalid,0000001789,DEMO001789,Mumbai,Maharashtra,VERIFIED,LOW,CRM
CRM001790,Demo Customer 1790,1990-01-01,customer1790@example.invalid,0000001790,DEMO001790,Chennai,Tamil Nadu,VERIFIED,MEDIUM,CRM
CRM001791,Demo Customer 1791,1991-01-01,customer1791@example.invalid,0000001791,DEMO001791,Gurugram,Haryana,VERIFIED,MEDIUM,CRM
CRM001792,Demo Customer 1792,1992-01-01,customer1792@example.invalid,0000001792,DEMO001792,Mumbai,Maharashtra,PENDING,LOW,CRM
CRM001793,Demo Customer 1793,1993-01-01,customer1793@example.invalid,0000001793,DEMO001793,Pune,Maharashtra,VERIFIED,MEDIUM,CRM
CRM001794,Demo Customer 1794,1994-01-01,customer1794@example.invalid,0000001794,DEMO001794,Hyderabad,Telangana,VERIFIED,MEDIUM,CRM
CRM001795,Demo Customer 1795,1995-01-01,customer1795@example.invalid,0000001795,DEMO001795,Chennai,Tamil Nadu,VERIFIED,LOW,CRM
CRM001796,Demo Customer 1796,1996-01-01,customer1796@example.invalid,0000001796,DEMO001796,Pune,Maharashtra,VERIFIED,LOW,CRM
CRM001797,Demo Customer 1797,1997-01-01,customer1797@example.invalid,0000001797,DEMO001797,Chennai,Tamil Nadu,VERIFIED,LOW,CRM
CRM001798,Demo Customer 1798,1998-01-01,customer1798@example.invalid,0000001798,DEMO001798,Chennai,Tamil Nadu,VERIFIED,LOW,CRM
CRM001799,Demo Customer 1799,1999-01-01,customer1799@example.invalid,0000001799,DEMO001799,Gurugram,Haryana,VERIFIED,LOW,CRM
CRM001800,Demo Customer 1800,1970-01-01,customer1800@example.invalid,0000001800,DEMO001800,Mumbai,Maharashtra,VERIFIED,MEDIUM,CRM
CRM001801,Demo Customer 1801,1971-01-01,customer1801@example.invalid,0000001801,DEMO001801,Bengaluru,Karnataka,VERIFIED,LOW,CRM
CRM001802,Demo Customer 1802,1972-01-01,customer1802@example.invalid,0000001802,DEMO001802,Pune,Maharashtra,VERIFIED,LOW,CRM
CRM001803,Demo Customer 1803,1973-01-01,customer1803@example.invalid,0000001803,DEMO001803,Ahmedabad,Gujarat,PENDING,HIGH,CRM
CRM001804,Demo Customer 1804,1974-01-01,customer1804@example.invalid,0000001804,DEMO001804,Pune,Maharashtra,VERIFIED,MEDIUM,CRM
CRM001805,Demo Customer 1805,1975-01-01,customer1805@example.invalid,0000001805,DEMO001805,Nagpur,Maharashtra,VERIFIED,LOW,CRM
CRM001806,Demo Customer 1806,1976-01-01,customer1806@example.invalid,0000001806,DEMO001806,Mumbai,Maharashtra,VERIFIED,MEDIUM,CRM
CRM001807,Demo Customer 1807,1977-01-01,customer1807@example.invalid,0000001807,DEMO001807,Delhi,Delhi,VERIFIED,MEDIUM,CRM
CRM001808,Demo Customer 1808,1978-01-01,customer1808@example.invalid,0000001808,DEMO001808,Bengaluru,Karnataka,VERIFIED,LOW,CRM
CRM001809,Demo Customer 1809,1979-01-01,customer1809@example.invalid,0000001809,DEMO001809,Chennai,Tamil Nadu,VERIFIED,MEDIUM,CRM
CRM001810,Demo Customer 1810,1980-01-01,customer1810@example.invalid,0000001810,DEMO001810,Mumbai,Maharashtra,VERIFIED,MEDIUM,CRM
CRM001811,Demo Customer 1811,1981-01-01,customer1811@example.invalid,0000001811,DEMO001811,Nagpur,Maharashtra,VERIFIED,HIGH,CRM
CRM001812,Demo Customer 1812,1982-01-01,customer1812@example.invalid,0000001812,DEMO001812,Mumbai,Maharashtra,PENDING,HIGH,CRM
CRM001813,Demo Customer 1813,1983-01-01,customer1813@example.invalid,0000001813,DEMO001813,Chennai,Tamil Nadu,VERIFIED,LOW,CRM
CRM001814,Demo Customer 1814,1984-01-01,customer1814@example.invalid,0000001814,DEMO001814,Nagpur,Maharashtra,VERIFIED,LOW,CRM
CRM001815,Demo Customer 1815,1985-01-01,customer1815@example.invalid,0000001815,DEMO001815,Ahmedabad,Gujarat,VERIFIED,LOW,CRM
CRM001816,Demo Customer 1816,1986-01-01,customer1816@example.invalid,0000001816,DEMO001816,Chennai,Tamil Nadu,VERIFIED,MEDIUM,CRM
CRM001817,Demo Customer 1817,1987-01-01,customer1817@example.invalid,0000001817,DEMO001817,Ahmedabad,Gujarat,VERIFIED,MEDIUM,CRM
CRM001818,Demo Customer 1818,1988-01-01,customer1818@example.invalid,0000001818,DEMO001818,Nagpur,Maharashtra,VERIFIED,LOW,CRM
CRM001819,Demo Customer 1819,1989-01-01,customer1819@example.invalid,0000001819,DEMO001819,Ahmedabad,Gujarat,VERIFIED,LOW,CRM
CRM001820,Demo Customer 1820,1990-01-01,customer1820@example.invalid,0000001820,DEMO001820,Kolkata,West Bengal,VERIFIED,LOW,CRM
CRM001821,Demo Customer 1821,1991-01-01,customer1821@example.invalid,0000001821,DEMO001821,Kolkata,West Bengal,VERIFIED,LOW,CRM
CRM001822,Demo Customer 1822,1992-01-01,customer1822@example.invalid,0000001822,DEMO001822,Mumbai,Maharashtra,VERIFIED,LOW,CRM
CRM001823,Demo Customer 1823,1993-01-01,customer1823@example.invalid,0000001823,DEMO001823,Bengaluru,Karnataka,VERIFIED,LOW,CRM
CRM001824,Demo Customer 1824,1994-01-01,customer1824@example.invalid,0000001824,DEMO001824,Mumbai,Maharashtra,VERIFIED,LOW,CRM
CRM001825,Demo Customer 1825,1995-01-01,customer1825@example.invalid,0000001825,DEMO001825,Bengaluru,Karnataka,VERIFIED,LOW,CRM
CRM001826,Demo Customer 1826,1996-01-01,customer1826@example.invalid,0000001826,DEMO001826,Bengaluru,Karnataka,VERIFIED,LOW,CRM
CRM001827,Demo Customer 1827,1997-01-01,customer1827@example.invalid,0000001827,DEMO001827,Chennai,Tamil Nadu,PENDING,HIGH,CRM
CRM001828,Demo Customer 1828,1998-01-01,customer1828@example.invalid,0000001828,DEMO001828,Mumbai,Maharashtra,VERIFIED,LOW,CRM
CRM001829,Demo Customer 1829,1999-01-01,customer1829@example.invalid,0000001829,DEMO001829,Ahmedabad,Gujarat,VERIFIED,HIGH,CRM
CRM001830,Demo Customer 1830,1970-01-01,customer1830@example.invalid,0000001830,DEMO001830,Chennai,Tamil Nadu,VERIFIED,LOW,CRM
CRM001831,Demo Customer 1831,1971-01-01,customer1831@example.invalid,0000001831,DEMO001831,Nagpur,Maharashtra,VERIFIED,MEDIUM,CRM
CRM001832,Demo Customer 1832,1972-01-01,customer1832@example.invalid,0000001832,DEMO001832,Kolkata,West Bengal,VERIFIED,LOW,CRM
CRM001833,Demo Customer 1833,1973-01-01,customer1833@example.invalid,0000001833,DEMO001833,Chennai,Tamil Nadu,VERIFIED,MEDIUM,CRM
CRM001834,Demo Customer 1834,1974-01-01,customer1834@example.invalid,0000001834,DEMO001834,Kolkata,West Bengal,VERIFIED,LOW,CRM
CRM001835,Demo Customer 1835,1975-01-01,customer1835@example.invalid,0000001835,DEMO001835,Mumbai,Maharashtra,VERIFIED,LOW,CRM
CRM001836,Demo Customer 1836,1976-01-01,customer1836@example.invalid,0000001836,DEMO001836,Nagpur,Maharashtra,VERIFIED,LOW,CRM
CRM001837,Demo Customer 1837,1977-01-01,customer1837@example.invalid,0000001837,DEMO001837,Hyderabad,Telangana,VERIFIED,LOW,CRM
CRM001838,Demo Customer 1838,1978-01-01,customer1838@example.invalid,0000001838,DEMO001838,Nagpur,Maharashtra,VERIFIED,MEDIUM,CRM
CRM001839,Demo Customer 1839,1979-01-01,customer1839@example.invalid,0000001839,DEMO001839,Delhi,Delhi,VERIFIED,HIGH,CRM
CRM001840,Demo Customer 1840,1980-01-01,customer1840@example.invalid,0000001840,DEMO001840,Kolkata,West Bengal,VERIFIED,LOW,CRM
CRM001841,Demo Customer 1841,1981-01-01,customer1841@example.invalid,0000001841,DEMO001841,Nagpur,Maharashtra,VERIFIED,LOW,CRM
CRM001842,Demo Customer 1842,1982-01-01,customer1842@example.invalid,0000001842,DEMO001842,Pune,Maharashtra,VERIFIED,MEDIUM,CRM
CRM001843,Demo Customer 1843,1983-01-01,customer1843@example.invalid,0000001843,DEMO001843,Delhi,Delhi,PENDING,LOW,CRM
CRM001844,Demo Customer 1844,1984-01-01,customer1844@example.invalid,0000001844,DEMO001844,Delhi,Delhi,VERIFIED,LOW,CRM
CRM001845,Demo Customer 1845,1985-01-01,customer1845@example.invalid,0000001845,DEMO001845,Hyderabad,Telangana,VERIFIED,MEDIUM,CRM
CRM001846,Demo Customer 1846,1986-01-01,customer1846@example.invalid,0000001846,DEMO001846,Nagpur,Maharashtra,VERIFIED,MEDIUM,CRM
CRM001847,Demo Customer 1847,1987-01-01,customer1847@example.invalid,0000001847,DEMO001847,Kolkata,West Bengal,VERIFIED,MEDIUM,CRM
CRM001848,Demo Customer 1848,1988-01-01,customer1848@example.invalid,0000001848,DEMO001848,Kolkata,West Bengal,VERIFIED,HIGH,CRM
CRM001849,Demo Customer 1849,1989-01-01,customer1849@example.invalid,0000001849,DEMO001849,Hyderabad,Telangana,PENDING,LOW,CRM
CRM001850,Demo Customer 1850,1990-01-01,customer1850@example.invalid,0000001850,DEMO001850,Kolkata,West Bengal,VERIFIED,LOW,CRM
CRM001851,Demo Customer 1851,1991-01-01,customer1851@example.invalid,0000001851,DEMO001851,Nagpur,Maharashtra,VERIFIED,LOW,CRM
CRM001852,Demo Customer 1852,1992-01-01,customer1852@example.invalid,0000001852,DEMO001852,Mumbai,Maharashtra,VERIFIED,LOW,CRM
CRM001853,Demo Customer 1853,1993-01-01,customer1853@example.invalid,0000001853,DEMO001853,Mumbai,Maharashtra,PENDING,LOW,CRM
CRM001854,Demo Customer 1854,1994-01-01,customer1854@example.invalid,0000001854,DEMO001854,Gurugram,Haryana,VERIFIED,MEDIUM,CRM
CRM001855,Demo Customer 1855,1995-01-01,customer1855@example.invalid,0000001855,DEMO001855,Chennai,Tamil Nadu,PENDING,LOW,CRM
CRM001856,Demo Customer 1856,1996-01-01,customer1856@example.invalid,0000001856,DEMO001856,Chennai,Tamil Nadu,VERIFIED,MEDIUM,CRM
CRM001857,Demo Customer 1857,1997-01-01,customer1857@example.invalid,0000001857,DEMO001857,Hyderabad,Telangana,VERIFIED,LOW,CRM
CRM001858,Demo Customer 1858,1998-01-01,customer1858@example.invalid,0000001858,DEMO001858,Pune,Maharashtra,VERIFIED,MEDIUM,CRM
CRM001859,Demo Customer 1859,1999-01-01,customer1859@example.invalid,0000001859,DEMO001859,Gurugram,Haryana,REJECTED,HIGH,CRM
CRM001860,Demo Customer 1860,1970-01-01,customer1860@example.invalid,0000001860,DEMO001860,Chennai,Tamil Nadu,VERIFIED,LOW,CRM
CRM001861,Demo Customer 1861,1971-01-01,customer1861@example.invalid,0000001861,DEMO001861,Gurugram,Haryana,VERIFIED,HIGH,CRM
CRM001862,Demo Customer 1862,1972-01-01,customer1862@example.invalid,0000001862,DEMO001862,Delhi,Delhi,PENDING,LOW,CRM
CRM001863,Demo Customer 1863,1973-01-01,customer1863@example.invalid,0000001863,DEMO001863,Nagpur,Maharashtra,VERIFIED,LOW,CRM
CRM001864,Demo Customer 1864,1974-01-01,customer1864@example.invalid,0000001864,DEMO001864,Mumbai,Maharashtra,VERIFIED,LOW,CRM
CRM001865,Demo Customer 1865,1975-01-01,customer1865@example.invalid,0000001865,DEMO001865,Bengaluru,Karnataka,VERIFIED,MEDIUM,CRM
CRM001866,Demo Customer 1866,1976-01-01,customer1866@example.invalid,0000001866,DEMO001866,Mumbai,Maharashtra,VERIFIED,LOW,CRM
CRM001867,Demo Customer 1867,1977-01-01,customer1867@example.invalid,0000001867,DEMO001867,Kolkata,West Bengal,VERIFIED,LOW,CRM
CRM001868,Demo Customer 1868,1978-01-01,customer1868@example.invalid,0000001868,DEMO001868,Nagpur,Maharashtra,VERIFIED,LOW,CRM
CRM001869,Demo Customer 1869,1979-01-01,customer1869@example.invalid,0000001869,DEMO001869,Mumbai,Maharashtra,PENDING,LOW,CRM
CRM001870,Demo Customer 1870,1980-01-01,customer1870@example.invalid,0000001870,DEMO001870,Kolkata,West Bengal,PENDING,LOW,CRM
CRM001871,Demo Customer 1871,1981-01-01,customer1871@example.invalid,0000001871,DEMO001871,Nagpur,Maharashtra,VERIFIED,LOW,CRM
CRM001872,Demo Customer 1872,1982-01-01,customer1872@example.invalid,0000001872,DEMO001872,Pune,Maharashtra,VERIFIED,LOW,CRM
CRM001873,Demo Customer 1873,1983-01-01,customer1873@example.invalid,0000001873,DEMO001873,Pune,Maharashtra,VERIFIED,LOW,CRM
CRM001874,Demo Customer 1874,1984-01-01,customer1874@example.invalid,0000001874,DEMO001874,Kolkata,West Bengal,VERIFIED,LOW,CRM
CRM001875,Demo Customer 1875,1985-01-01,customer1875@example.invalid,0000001875,DEMO001875,Chennai,Tamil Nadu,PENDING,LOW,CRM
CRM001876,Demo Customer 1876,1986-01-01,customer1876@example.invalid,0000001876,DEMO001876,Ahmedabad,Gujarat,VERIFIED,LOW,CRM
CRM001877,Demo Customer 1877,1987-01-01,customer1877@example.invalid,0000001877,DEMO001877,Bengaluru,Karnataka,VERIFIED,LOW,CRM
CRM001878,Demo Customer 1878,1988-01-01,customer1878@example.invalid,0000001878,DEMO001878,Bengaluru,Karnataka,VERIFIED,LOW,CRM
CRM001879,Demo Customer 1879,1989-01-01,customer1879@example.invalid,0000001879,DEMO001879,Hyderabad,Telangana,VERIFIED,LOW,CRM
CRM001880,Demo Customer 1880,1990-01-01,customer1880@example.invalid,0000001880,DEMO001880,Kolkata,West Bengal,VERIFIED,MEDIUM,CRM
CRM001881,Demo Customer 1881,1991-01-01,customer1881@example.invalid,0000001881,DEMO001881,Bengaluru,Karnataka,VERIFIED,LOW,CRM
CRM001882,Demo Customer 1882,1992-01-01,customer1882@example.invalid,0000001882,DEMO001882,Delhi,Delhi,VERIFIED,LOW,CRM
CRM001883,Demo Customer 1883,1993-01-01,customer1883@example.invalid,0000001883,DEMO001883,Hyderabad,Telangana,VERIFIED,MEDIUM,CRM
CRM001884,Demo Customer 1884,1994-01-01,customer1884@example.invalid,0000001884,DEMO001884,Mumbai,Maharashtra,VERIFIED,MEDIUM,CRM
CRM001885,Demo Customer 1885,1995-01-01,customer1885@example.invalid,0000001885,DEMO001885,Gurugram,Haryana,VERIFIED,MEDIUM,CRM
CRM001886,Demo Customer 1886,1996-01-01,customer1886@example.invalid,0000001886,DEMO001886,Chennai,Tamil Nadu,VERIFIED,HIGH,CRM
CRM001887,Demo Customer 1887,1997-01-01,customer1887@example.invalid,0000001887,DEMO001887,Hyderabad,Telangana,VERIFIED,LOW,CRM
CRM001888,Demo Customer 1888,1998-01-01,customer1888@example.invalid,0000001888,DEMO001888,Chennai,Tamil Nadu,PENDING,LOW,CRM
CRM001889,Demo Customer 1889,1999-01-01,customer1889@example.invalid,0000001889,DEMO001889,Kolkata,West Bengal,VERIFIED,LOW,CRM
CRM001890,Demo Customer 1890,1970-01-01,customer1890@example.invalid,0000001890,DEMO001890,Delhi,Delhi,VERIFIED,LOW,CRM
CRM001891,Demo Customer 1891,1971-01-01,customer1891@example.invalid,0000001891,DEMO001891,Pune,Maharashtra,PENDING,LOW,CRM
CRM001892,Demo Customer 1892,1972-01-01,customer1892@example.invalid,0000001892,DEMO001892,Nagpur,Maharashtra,VERIFIED,MEDIUM,CRM
CRM001893,Demo Customer 1893,1973-01-01,customer1893@example.invalid,0000001893,DEMO001893,Mumbai,Maharashtra,VERIFIED,LOW,CRM
CRM001894,Demo Customer 1894,1974-01-01,customer1894@example.invalid,0000001894,DEMO001894,Nagpur,Maharashtra,VERIFIED,LOW,CRM
CRM001895,Demo Customer 1895,1975-01-01,customer1895@example.invalid,0000001895,DEMO001895,Ahmedabad,Gujarat,VERIFIED,LOW,CRM
CRM001896,Demo Customer 1896,1976-01-01,customer1896@example.invalid,0000001896,DEMO001896,Nagpur,Maharashtra,VERIFIED,LOW,CRM
CRM001897,Demo Customer 1897,1977-01-01,customer1897@example.invalid,0000001897,DEMO001897,Pune,Maharashtra,VERIFIED,LOW,CRM
CRM001898,Demo Customer 1898,1978-01-01,customer1898@example.invalid,0000001898,DEMO001898,Nagpur,Maharashtra,PENDING,LOW,CRM
CRM001899,Demo Customer 1899,1979-01-01,customer1899@example.invalid,0000001899,DEMO001899,Bengaluru,Karnataka,VERIFIED,LOW,CRM
CRM001900,Demo Customer 1900,1980-01-01,customer1900@example.invalid,0000001900,DEMO001900,Delhi,Delhi,VERIFIED,LOW,CRM
CRM001901,Demo Customer 1901,1981-01-01,customer1901@example.invalid,0000001901,DEMO001901,Delhi,Delhi,VERIFIED,MEDIUM,CRM
CRM001902,Demo Customer 1902,1982-01-01,customer1902@example.invalid,0000001902,DEMO001902,Chennai,Tamil Nadu,VERIFIED,MEDIUM,CRM
CRM001903,Demo Customer 1903,1983-01-01,customer1903@example.invalid,0000001903,DEMO001903,Hyderabad,Telangana,VERIFIED,LOW,CRM
CRM001904,Demo Customer 1904,1984-01-01,customer1904@example.invalid,0000001904,DEMO001904,Pune,Maharashtra,VERIFIED,LOW,CRM
CRM001905,Demo Customer 1905,1985-01-01,customer1905@example.invalid,0000001905,DEMO001905,Bengaluru,Karnataka,VERIFIED,LOW,CRM
CRM001906,Demo Customer 1906,1986-01-01,customer1906@example.invalid,0000001906,DEMO001906,Chennai,Tamil Nadu,VERIFIED,LOW,CRM
CRM001907,Demo Customer 1907,1987-01-01,customer1907@example.invalid,0000001907,DEMO001907,Nagpur,Maharashtra,VERIFIED,LOW,CRM
CRM001908,Demo Customer 1908,1988-01-01,customer1908@example.invalid,0000001908,DEMO001908,Bengaluru,Karnataka,VERIFIED,LOW,CRM
CRM001909,Demo Customer 1909,1989-01-01,customer1909@example.invalid,0000001909,DEMO001909,Mumbai,Maharashtra,VERIFIED,LOW,CRM
CRM001910,Demo Customer 1910,1990-01-01,customer1910@example.invalid,0000001910,DEMO001910,Mumbai,Maharashtra,VERIFIED,LOW,CRM
CRM001911,Demo Customer 1911,1991-01-01,customer1911@example.invalid,0000001911,DEMO001911,Kolkata,West Bengal,VERIFIED,MEDIUM,CRM
CRM001912,Demo Customer 1912,1992-01-01,customer1912@example.invalid,0000001912,DEMO001912,Nagpur,Maharashtra,PENDING,LOW,CRM
CRM001913,Demo Customer 1913,1993-01-01,customer1913@example.invalid,0000001913,DEMO001913,Hyderabad,Telangana,VERIFIED,LOW,CRM
CRM001914,Demo Customer 1914,1994-01-01,customer1914@example.invalid,0000001914,DEMO001914,Mumbai,Maharashtra,VERIFIED,LOW,CRM
CRM001915,Demo Customer 1915,1995-01-01,customer1915@example.invalid,0000001915,DEMO001915,Nagpur,Maharashtra,VERIFIED,LOW,CRM
CRM001916,Demo Customer 1916,1996-01-01,customer1916@example.invalid,0000001916,DEMO001916,Bengaluru,Karnataka,VERIFIED,LOW,CRM
CRM001917,Demo Customer 1917,1997-01-01,customer1917@example.invalid,0000001917,DEMO001917,Kolkata,West Bengal,VERIFIED,MEDIUM,CRM
CRM001918,Demo Customer 1918,1998-01-01,customer1918@example.invalid,0000001918,DEMO001918,Chennai,Tamil Nadu,VERIFIED,LOW,CRM
CRM001919,Demo Customer 1919,1999-01-01,customer1919@example.invalid,0000001919,DEMO001919,Chennai,Tamil Nadu,VERIFIED,LOW,CRM
CRM001920,Demo Customer 1920,1970-01-01,customer1920@example.invalid,0000001920,DEMO001920,Mumbai,Maharashtra,VERIFIED,MEDIUM,CRM
CRM001921,Demo Customer 1921,1971-01-01,customer1921@example.invalid,0000001921,DEMO001921,Nagpur,Maharashtra,VERIFIED,LOW,CRM
CRM001922,Demo Customer 1922,1972-01-01,customer1922@example.invalid,0000001922,DEMO001922,Gurugram,Haryana,VERIFIED,MEDIUM,CRM
CRM001923,Demo Customer 1923,1973-01-01,customer1923@example.invalid,0000001923,DEMO001923,Nagpur,Maharashtra,VERIFIED,LOW,CRM
CRM001924,Demo Customer 1924,1974-01-01,customer1924@example.invalid,0000001924,DEMO001924,Ahmedabad,Gujarat,VERIFIED,LOW,CRM
CRM001925,Demo Customer 1925,1975-01-01,customer1925@example.invalid,0000001925,DEMO001925,Hyderabad,Telangana,VERIFIED,LOW,CRM
CRM001926,Demo Customer 1926,1976-01-01,customer1926@example.invalid,0000001926,DEMO001926,Chennai,Tamil Nadu,VERIFIED,LOW,CRM
CRM001927,Demo Customer 1927,1977-01-01,customer1927@example.invalid,0000001927,DEMO001927,Pune,Maharashtra,VERIFIED,LOW,CRM
CRM001928,Demo Customer 1928,1978-01-01,customer1928@example.invalid,0000001928,DEMO001928,Ahmedabad,Gujarat,VERIFIED,LOW,CRM
CRM001929,Demo Customer 1929,1979-01-01,customer1929@example.invalid,0000001929,DEMO001929,Nagpur,Maharashtra,VERIFIED,LOW,CRM
CRM001930,Demo Customer 1930,1980-01-01,customer1930@example.invalid,0000001930,DEMO001930,Delhi,Delhi,VERIFIED,HIGH,CRM
CRM001931,Demo Customer 1931,1981-01-01,customer1931@example.invalid,0000001931,DEMO001931,Pune,Maharashtra,VERIFIED,LOW,CRM
CRM001932,Demo Customer 1932,1982-01-01,customer1932@example.invalid,0000001932,DEMO001932,Bengaluru,Karnataka,VERIFIED,LOW,CRM
CRM001933,Demo Customer 1933,1983-01-01,customer1933@example.invalid,0000001933,DEMO001933,Bengaluru,Karnataka,VERIFIED,LOW,CRM
CRM001934,Demo Customer 1934,1984-01-01,customer1934@example.invalid,0000001934,DEMO001934,Chennai,Tamil Nadu,VERIFIED,MEDIUM,CRM
CRM001935,Demo Customer 1935,1985-01-01,customer1935@example.invalid,0000001935,DEMO001935,Bengaluru,Karnataka,VERIFIED,LOW,CRM
CRM001936,Demo Customer 1936,1986-01-01,customer1936@example.invalid,0000001936,DEMO001936,Gurugram,Haryana,PENDING,LOW,CRM
CRM001937,Demo Customer 1937,1987-01-01,customer1937@example.invalid,0000001937,DEMO001937,Mumbai,Maharashtra,VERIFIED,LOW,CRM
CRM001938,Demo Customer 1938,1988-01-01,customer1938@example.invalid,0000001938,DEMO001938,Delhi,Delhi,VERIFIED,LOW,CRM
CRM001939,Demo Customer 1939,1989-01-01,customer1939@example.invalid,0000001939,DEMO001939,Chennai,Tamil Nadu,VERIFIED,HIGH,CRM
CRM001940,Demo Customer 1940,1990-01-01,customer1940@example.invalid,0000001940,DEMO001940,Gurugram,Haryana,VERIFIED,LOW,CRM
CRM001941,Demo Customer 1941,1991-01-01,customer1941@example.invalid,0000001941,DEMO001941,Gurugram,Haryana,VERIFIED,MEDIUM,CRM
CRM001942,Demo Customer 1942,1992-01-01,customer1942@example.invalid,0000001942,DEMO001942,Delhi,Delhi,VERIFIED,LOW,CRM
CRM001943,Demo Customer 1943,1993-01-01,customer1943@example.invalid,0000001943,DEMO001943,Chennai,Tamil Nadu,VERIFIED,MEDIUM,CRM
CRM001944,Demo Customer 1944,1994-01-01,customer1944@example.invalid,0000001944,DEMO001944,Mumbai,Maharashtra,VERIFIED,MEDIUM,CRM
CRM001945,Demo Customer 1945,1995-01-01,customer1945@example.invalid,0000001945,DEMO001945,Delhi,Delhi,VERIFIED,LOW,CRM
CRM001946,Demo Customer 1946,1996-01-01,customer1946@example.invalid,0000001946,DEMO001946,Gurugram,Haryana,VERIFIED,MEDIUM,CRM
CRM001947,Demo Customer 1947,1997-01-01,customer1947@example.invalid,0000001947,DEMO001947,Delhi,Delhi,VERIFIED,LOW,CRM
CRM001948,Demo Customer 1948,1998-01-01,customer1948@example.invalid,0000001948,DEMO001948,Chennai,Tamil Nadu,VERIFIED,MEDIUM,CRM
CRM001949,Demo Customer 1949,1999-01-01,customer1949@example.invalid,0000001949,DEMO001949,Nagpur,Maharashtra,PENDING,MEDIUM,CRM
CRM001950,Demo Customer 1950,1970-01-01,customer1950@example.invalid,0000001950,DEMO001950,Bengaluru,Karnataka,VERIFIED,MEDIUM,CRM
CRM001951,Demo Customer 1951,1971-01-01,customer1951@example.invalid,0000001951,DEMO001951,Pune,Maharashtra,VERIFIED,LOW,CRM
CRM001952,Demo Customer 1952,1972-01-01,customer1952@example.invalid,0000001952,DEMO001952,Nagpur,Maharashtra,VERIFIED,MEDIUM,CRM
CRM001953,Demo Customer 1953,1973-01-01,customer1953@example.invalid,0000001953,DEMO001953,Hyderabad,Telangana,REJECTED,LOW,CRM
CRM001954,Demo Customer 1954,1974-01-01,customer1954@example.invalid,0000001954,DEMO001954,Ahmedabad,Gujarat,VERIFIED,LOW,CRM
CRM001955,Demo Customer 1955,1975-01-01,customer1955@example.invalid,0000001955,DEMO001955,Chennai,Tamil Nadu,VERIFIED,LOW,CRM
CRM001956,Demo Customer 1956,1976-01-01,customer1956@example.invalid,0000001956,DEMO001956,Mumbai,Maharashtra,VERIFIED,LOW,CRM
CRM001957,Demo Customer 1957,1977-01-01,customer1957@example.invalid,0000001957,DEMO001957,Chennai,Tamil Nadu,VERIFIED,MEDIUM,CRM
CRM001958,Demo Customer 1958,1978-01-01,customer1958@example.invalid,0000001958,DEMO001958,Gurugram,Haryana,PENDING,LOW,CRM
CRM001959,Demo Customer 1959,1979-01-01,customer1959@example.invalid,0000001959,DEMO001959,Hyderabad,Telangana,VERIFIED,LOW,CRM
CRM001960,Demo Customer 1960,1980-01-01,customer1960@example.invalid,0000001960,DEMO001960,Gurugram,Haryana,VERIFIED,LOW,CRM
CRM001961,Demo Customer 1961,1981-01-01,customer1961@example.invalid,0000001961,DEMO001961,Delhi,Delhi,VERIFIED,MEDIUM,CRM
CRM001962,Demo Customer 1962,1982-01-01,customer1962@example.invalid,0000001962,DEMO001962,Pune,Maharashtra,VERIFIED,MEDIUM,CRM
CRM001963,Demo Customer 1963,1983-01-01,customer1963@example.invalid,0000001963,DEMO001963,Nagpur,Maharashtra,VERIFIED,LOW,CRM
CRM001964,Demo Customer 1964,1984-01-01,customer1964@example.invalid,0000001964,DEMO001964,Delhi,Delhi,VERIFIED,LOW,CRM
CRM001965,Demo Customer 1965,1985-01-01,customer1965@example.invalid,0000001965,DEMO001965,Hyderabad,Telangana,VERIFIED,MEDIUM,CRM
CRM001966,Demo Customer 1966,1986-01-01,customer1966@example.invalid,0000001966,DEMO001966,Mumbai,Maharashtra,PENDING,LOW,CRM
CRM001967,Demo Customer 1967,1987-01-01,customer1967@example.invalid,0000001967,DEMO001967,Nagpur,Maharashtra,VERIFIED,MEDIUM,CRM
CRM001968,Demo Customer 1968,1988-01-01,customer1968@example.invalid,0000001968,DEMO001968,Gurugram,Haryana,VERIFIED,HIGH,CRM
CRM001969,Demo Customer 1969,1989-01-01,customer1969@example.invalid,0000001969,DEMO001969,Hyderabad,Telangana,VERIFIED,LOW,CRM
CRM001970,Demo Customer 1970,1990-01-01,customer1970@example.invalid,0000001970,DEMO001970,Gurugram,Haryana,VERIFIED,LOW,CRM
CRM001971,Demo Customer 1971,1991-01-01,customer1971@example.invalid,0000001971,DEMO001971,Delhi,Delhi,VERIFIED,LOW,CRM
CRM001972,Demo Customer 1972,1992-01-01,customer1972@example.invalid,0000001972,DEMO001972,Kolkata,West Bengal,VERIFIED,MEDIUM,CRM
CRM001973,Demo Customer 1973,1993-01-01,customer1973@example.invalid,0000001973,DEMO001973,Delhi,Delhi,PENDING,LOW,CRM
CRM001974,Demo Customer 1974,1994-01-01,customer1974@example.invalid,0000001974,DEMO001974,Delhi,Delhi,VERIFIED,LOW,CRM
CRM001975,Demo Customer 1975,1995-01-01,customer1975@example.invalid,0000001975,DEMO001975,Ahmedabad,Gujarat,VERIFIED,HIGH,CRM
CRM001976,Demo Customer 1976,1996-01-01,customer1976@example.invalid,0000001976,DEMO001976,Chennai,Tamil Nadu,VERIFIED,LOW,CRM
CRM001977,Demo Customer 1977,1997-01-01,customer1977@example.invalid,0000001977,DEMO001977,Delhi,Delhi,VERIFIED,LOW,CRM
CRM001978,Demo Customer 1978,1998-01-01,customer1978@example.invalid,0000001978,DEMO001978,Nagpur,Maharashtra,VERIFIED,MEDIUM,CRM
CRM001979,Demo Customer 1979,1999-01-01,customer1979@example.invalid,0000001979,DEMO001979,Nagpur,Maharashtra,VERIFIED,LOW,CRM
CRM001980,Demo Customer 1980,1970-01-01,customer1980@example.invalid,0000001980,DEMO001980,Delhi,Delhi,VERIFIED,MEDIUM,CRM
CRM001981,Demo Customer 1981,1971-01-01,customer1981@example.invalid,0000001981,DEMO001981,Hyderabad,Telangana,VERIFIED,LOW,CRM
CRM001982,Demo Customer 1982,1972-01-01,customer1982@example.invalid,0000001982,DEMO001982,Delhi,Delhi,PENDING,LOW,CRM
CRM001983,Demo Customer 1983,1973-01-01,customer1983@example.invalid,0000001983,DEMO001983,Bengaluru,Karnataka,VERIFIED,LOW,CRM
CRM001984,Demo Customer 1984,1974-01-01,customer1984@example.invalid,0000001984,DEMO001984,Hyderabad,Telangana,VERIFIED,LOW,CRM
CRM001985,Demo Customer 1985,1975-01-01,customer1985@example.invalid,0000001985,DEMO001985,Kolkata,West Bengal,VERIFIED,LOW,CRM
CRM001986,Demo Customer 1986,1976-01-01,customer1986@example.invalid,0000001986,DEMO001986,Bengaluru,Karnataka,VERIFIED,LOW,CRM
CRM001987,Demo Customer 1987,1977-01-01,customer1987@example.invalid,0000001987,DEMO001987,Pune,Maharashtra,VERIFIED,LOW,CRM
CRM001988,Demo Customer 1988,1978-01-01,customer1988@example.invalid,0000001988,DEMO001988,Gurugram,Haryana,PENDING,MEDIUM,CRM
CRM001989,Demo Customer 1989,1979-01-01,customer1989@example.invalid,0000001989,DEMO001989,Mumbai,Maharashtra,VERIFIED,LOW,CRM
CRM001990,Demo Customer 1990,1980-01-01,customer1990@example.invalid,0000001990,DEMO001990,Pune,Maharashtra,VERIFIED,LOW,CRM
CRM001991,Demo Customer 1991,1981-01-01,customer1991@example.invalid,0000001991,DEMO001991,Chennai,Tamil Nadu,VERIFIED,LOW,CRM
CRM001992,Demo Customer 1992,1982-01-01,customer1992@example.invalid,0000001992,DEMO001992,Pune,Maharashtra,PENDING,LOW,CRM
CRM001993,Demo Customer 1993,1983-01-01,customer1993@example.invalid,0000001993,DEMO001993,Bengaluru,Karnataka,PENDING,LOW,CRM
CRM001994,Demo Customer 1994,1984-01-01,customer1994@example.invalid,0000001994,DEMO001994,Hyderabad,Telangana,VERIFIED,LOW,CRM
CRM001995,Demo Customer 1995,1985-01-01,customer1995@example.invalid,0000001995,DEMO001995,Hyderabad,Telangana,VERIFIED,LOW,CRM
CRM001996,Demo Customer 1996,1986-01-01,customer1996@example.invalid,0000001996,DEMO001996,Gurugram,Haryana,VERIFIED,MEDIUM,CRM
CRM001997,Demo Customer 1997,1987-01-01,customer1997@example.invalid,0000001997,DEMO001997,Bengaluru,Karnataka,VERIFIED,MEDIUM,CRM
CRM001998,Demo Customer 1998,1988-01-01,customer1998@example.invalid,0000001998,DEMO001998,Bengaluru,Karnataka,VERIFIED,LOW,CRM
CRM001999,Demo Customer 1999,1989-01-01,customer1999@example.invalid,0000001999,DEMO001999,Nagpur,Maharashtra,VERIFIED,MEDIUM,CRM
CRM002000,Demo Customer 2000,1990-01-01,customer2000@example.invalid,0000002000,DEMO002000,Nagpur,Maharashtra,VERIFIED,LOW,CRM
CRM002001,Demo Customer 2001,1991-01-01,customer2001@example.invalid,0000002001,DEMO002001,Mumbai,Maharashtra,VERIFIED,LOW,CRM
CRM002002,Demo Customer 2002,1992-01-01,customer2002@example.invalid,0000002002,DEMO002002,Hyderabad,Telangana,VERIFIED,LOW,CRM
CRM002003,Demo Customer 2003,1993-01-01,customer2003@example.invalid,0000002003,DEMO002003,Hyderabad,Telangana,VERIFIED,LOW,CRM
CRM002004,Demo Customer 2004,1994-01-01,customer2004@example.invalid,0000002004,DEMO002004,Nagpur,Maharashtra,VERIFIED,LOW,CRM
CRM002005,Demo Customer 2005,1995-01-01,customer2005@example.invalid,0000002005,DEMO002005,Pune,Maharashtra,VERIFIED,MEDIUM,CRM
CRM002006,Demo Customer 2006,1996-01-01,customer2006@example.invalid,0000002006,DEMO002006,Nagpur,Maharashtra,VERIFIED,LOW,CRM
CRM002007,Demo Customer 2007,1997-01-01,customer2007@example.invalid,0000002007,DEMO002007,Chennai,Tamil Nadu,PENDING,LOW,CRM
CRM002008,Demo Customer 2008,1998-01-01,customer2008@example.invalid,0000002008,DEMO002008,Pune,Maharashtra,VERIFIED,LOW,CRM
CRM002009,Demo Customer 2009,1999-01-01,customer2009@example.invalid,0000002009,DEMO002009,Kolkata,West Bengal,VERIFIED,MEDIUM,CRM
CRM002010,Demo Customer 2010,1970-01-01,customer2010@example.invalid,0000002010,DEMO002010,Bengaluru,Karnataka,VERIFIED,MEDIUM,CRM
CRM002011,Demo Customer 2011,1971-01-01,customer2011@example.invalid,0000002011,DEMO002011,Nagpur,Maharashtra,VERIFIED,HIGH,CRM
CRM002012,Demo Customer 2012,1972-01-01,customer2012@example.invalid,0000002012,DEMO002012,Mumbai,Maharashtra,VERIFIED,LOW,CRM
CRM002013,Demo Customer 2013,1973-01-01,customer2013@example.invalid,0000002013,DEMO002013,Delhi,Delhi,VERIFIED,LOW,CRM
CRM002014,Demo Customer 2014,1974-01-01,customer2014@example.invalid,0000002014,DEMO002014,Kolkata,West Bengal,VERIFIED,MEDIUM,CRM
CRM002015,Demo Customer 2015,1975-01-01,customer2015@example.invalid,0000002015,DEMO002015,Mumbai,Maharashtra,PENDING,LOW,CRM
CRM002016,Demo Customer 2016,1976-01-01,customer2016@example.invalid,0000002016,DEMO002016,Pune,Maharashtra,VERIFIED,LOW,CRM
CRM002017,Demo Customer 2017,1977-01-01,customer2017@example.invalid,0000002017,DEMO002017,Hyderabad,Telangana,VERIFIED,LOW,CRM
CRM002018,Demo Customer 2018,1978-01-01,customer2018@example.invalid,0000002018,DEMO002018,Bengaluru,Karnataka,VERIFIED,LOW,CRM
CRM002019,Demo Customer 2019,1979-01-01,customer2019@example.invalid,0000002019,DEMO002019,Delhi,Delhi,REJECTED,LOW,CRM
CRM002020,Demo Customer 2020,1980-01-01,customer2020@example.invalid,0000002020,DEMO002020,Bengaluru,Karnataka,VERIFIED,LOW,CRM
CRM002021,Demo Customer 2021,1981-01-01,customer2021@example.invalid,0000002021,DEMO002021,Gurugram,Haryana,PENDING,LOW,CRM
CRM002022,Demo Customer 2022,1982-01-01,customer2022@example.invalid,0000002022,DEMO002022,Hyderabad,Telangana,VERIFIED,MEDIUM,CRM
CRM002023,Demo Customer 2023,1983-01-01,customer2023@example.invalid,0000002023,DEMO002023,Nagpur,Maharashtra,VERIFIED,LOW,CRM
CRM002024,Demo Customer 2024,1984-01-01,customer2024@example.invalid,0000002024,DEMO002024,Pune,Maharashtra,PENDING,LOW,CRM
CRM002025,Demo Customer 2025,1985-01-01,customer2025@example.invalid,0000002025,DEMO002025,Hyderabad,Telangana,VERIFIED,MEDIUM,CRM
CRM002026,Demo Customer 2026,1986-01-01,customer2026@example.invalid,0000002026,DEMO002026,Ahmedabad,Gujarat,VERIFIED,LOW,CRM
CRM002027,Demo Customer 2027,1987-01-01,customer2027@example.invalid,0000002027,DEMO002027,Ahmedabad,Gujarat,VERIFIED,LOW,CRM
CRM002028,Demo Customer 2028,1988-01-01,customer2028@example.invalid,0000002028,DEMO002028,Hyderabad,Telangana,VERIFIED,LOW,CRM
CRM002029,Demo Customer 2029,1989-01-01,customer2029@example.invalid,0000002029,DEMO002029,Pune,Maharashtra,VERIFIED,MEDIUM,CRM
CRM002030,Demo Customer 2030,1990-01-01,customer2030@example.invalid,0000002030,DEMO002030,Pune,Maharashtra,VERIFIED,LOW,CRM
CRM002031,Demo Customer 2031,1991-01-01,customer2031@example.invalid,0000002031,DEMO002031,Gurugram,Haryana,VERIFIED,HIGH,CRM
CRM002032,Demo Customer 2032,1992-01-01,customer2032@example.invalid,0000002032,DEMO002032,Ahmedabad,Gujarat,VERIFIED,LOW,CRM
CRM002033,Demo Customer 2033,1993-01-01,customer2033@example.invalid,0000002033,DEMO002033,Delhi,Delhi,PENDING,LOW,CRM
CRM002034,Demo Customer 2034,1994-01-01,customer2034@example.invalid,0000002034,DEMO002034,Ahmedabad,Gujarat,VERIFIED,LOW,CRM
CRM002035,Demo Customer 2035,1995-01-01,customer2035@example.invalid,0000002035,DEMO002035,Delhi,Delhi,VERIFIED,LOW,CRM
CRM002036,Demo Customer 2036,1996-01-01,customer2036@example.invalid,0000002036,DEMO002036,Delhi,Delhi,VERIFIED,LOW,CRM
CRM002037,Demo Customer 2037,1997-01-01,customer2037@example.invalid,0000002037,DEMO002037,Hyderabad,Telangana,VERIFIED,LOW,CRM
CRM002038,Demo Customer 2038,1998-01-01,customer2038@example.invalid,0000002038,DEMO002038,Hyderabad,Telangana,VERIFIED,HIGH,CRM
CRM002039,Demo Customer 2039,1999-01-01,customer2039@example.invalid,0000002039,DEMO002039,Hyderabad,Telangana,VERIFIED,MEDIUM,CRM
CRM002040,Demo Customer 2040,1970-01-01,customer2040@example.invalid,0000002040,DEMO002040,Delhi,Delhi,PENDING,HIGH,CRM
CRM002041,Demo Customer 2041,1971-01-01,customer2041@example.invalid,0000002041,DEMO002041,Chennai,Tamil Nadu,VERIFIED,LOW,CRM
CRM002042,Demo Customer 2042,1972-01-01,customer2042@example.invalid,0000002042,DEMO002042,Chennai,Tamil Nadu,VERIFIED,LOW,CRM
CRM002043,Demo Customer 2043,1973-01-01,customer2043@example.invalid,0000002043,DEMO002043,Bengaluru,Karnataka,REJECTED,LOW,CRM
CRM002044,Demo Customer 2044,1974-01-01,customer2044@example.invalid,0000002044,DEMO002044,Bengaluru,Karnataka,VERIFIED,LOW,CRM
CRM002045,Demo Customer 2045,1975-01-01,customer2045@example.invalid,0000002045,DEMO002045,Nagpur,Maharashtra,VERIFIED,MEDIUM,CRM
CRM002046,Demo Customer 2046,1976-01-01,customer2046@example.invalid,0000002046,DEMO002046,Delhi,Delhi,PENDING,MEDIUM,CRM
CRM002047,Demo Customer 2047,1977-01-01,customer2047@example.invalid,0000002047,DEMO002047,Kolkata,West Bengal,VERIFIED,LOW,CRM
CRM002048,Demo Customer 2048,1978-01-01,customer2048@example.invalid,0000002048,DEMO002048,Chennai,Tamil Nadu,VERIFIED,LOW,CRM
CRM002049,Demo Customer 2049,1979-01-01,customer2049@example.invalid,0000002049,DEMO002049,Chennai,Tamil Nadu,VERIFIED,LOW,CRM
CRM002050,Demo Customer 2050,1980-01-01,customer2050@example.invalid,0000002050,DEMO002050,Nagpur,Maharashtra,VERIFIED,HIGH,CRM
CRM002051,Demo Customer 2051,1981-01-01,customer2051@example.invalid,0000002051,DEMO002051,Ahmedabad,Gujarat,PENDING,LOW,CRM
CRM002052,Demo Customer 2052,1982-01-01,customer2052@example.invalid,0000002052,DEMO002052,Mumbai,Maharashtra,VERIFIED,LOW,CRM
CRM002053,Demo Customer 2053,1983-01-01,customer2053@example.invalid,0000002053,DEMO002053,Bengaluru,Karnataka,VERIFIED,MEDIUM,CRM
CRM002054,Demo Customer 2054,1984-01-01,customer2054@example.invalid,0000002054,DEMO002054,Mumbai,Maharashtra,VERIFIED,HIGH,CRM
CRM002055,Demo Customer 2055,1985-01-01,customer2055@example.invalid,0000002055,DEMO002055,Delhi,Delhi,VERIFIED,LOW,CRM
CRM002056,Demo Customer 2056,1986-01-01,customer2056@example.invalid,0000002056,DEMO002056,Hyderabad,Telangana,VERIFIED,LOW,CRM
CRM002057,Demo Customer 2057,1987-01-01,customer2057@example.invalid,0000002057,DEMO002057,Kolkata,West Bengal,VERIFIED,LOW,CRM
CRM002058,Demo Customer 2058,1988-01-01,customer2058@example.invalid,0000002058,DEMO002058,Bengaluru,Karnataka,VERIFIED,LOW,CRM
CRM002059,Demo Customer 2059,1989-01-01,customer2059@example.invalid,0000002059,DEMO002059,Ahmedabad,Gujarat,VERIFIED,LOW,CRM
CRM002060,Demo Customer 2060,1990-01-01,customer2060@example.invalid,0000002060,DEMO002060,Kolkata,West Bengal,VERIFIED,LOW,CRM
CRM002061,Demo Customer 2061,1991-01-01,customer2061@example.invalid,0000002061,DEMO002061,Ahmedabad,Gujarat,VERIFIED,LOW,CRM
CRM002062,Demo Customer 2062,1992-01-01,customer2062@example.invalid,0000002062,DEMO002062,Chennai,Tamil Nadu,VERIFIED,LOW,CRM
CRM002063,Demo Customer 2063,1993-01-01,customer2063@example.invalid,0000002063,DEMO002063,Bengaluru,Karnataka,VERIFIED,LOW,CRM
CRM002064,Demo Customer 2064,1994-01-01,customer2064@example.invalid,0000002064,DEMO002064,Bengaluru,Karnataka,VERIFIED,LOW,CRM
CRM002065,Demo Customer 2065,1995-01-01,customer2065@example.invalid,0000002065,DEMO002065,Mumbai,Maharashtra,VERIFIED,LOW,CRM
CRM002066,Demo Customer 2066,1996-01-01,customer2066@example.invalid,0000002066,DEMO002066,Mumbai,Maharashtra,VERIFIED,LOW,CRM
CRM002067,Demo Customer 2067,1997-01-01,customer2067@example.invalid,0000002067,DEMO002067,Mumbai,Maharashtra,VERIFIED,LOW,CRM
CRM002068,Demo Customer 2068,1998-01-01,customer2068@example.invalid,0000002068,DEMO002068,Nagpur,Maharashtra,VERIFIED,MEDIUM,CRM
CRM002069,Demo Customer 2069,1999-01-01,customer2069@example.invalid,0000002069,DEMO002069,Bengaluru,Karnataka,VERIFIED,LOW,CRM
CRM002070,Demo Customer 2070,1970-01-01,customer2070@example.invalid,0000002070,DEMO002070,Hyderabad,Telangana,VERIFIED,LOW,CRM
CRM002071,Demo Customer 2071,1971-01-01,customer2071@example.invalid,0000002071,DEMO002071,Gurugram,Haryana,VERIFIED,LOW,CRM
CRM002072,Demo Customer 2072,1972-01-01,customer2072@example.invalid,0000002072,DEMO002072,Hyderabad,Telangana,VERIFIED,LOW,CRM
CRM002073,Demo Customer 2073,1973-01-01,customer2073@example.invalid,0000002073,DEMO002073,Gurugram,Haryana,VERIFIED,HIGH,CRM
CRM002074,Demo Customer 2074,1974-01-01,customer2074@example.invalid,0000002074,DEMO002074,Mumbai,Maharashtra,VERIFIED,LOW,CRM
CRM002075,Demo Customer 2075,1975-01-01,customer2075@example.invalid,0000002075,DEMO002075,Ahmedabad,Gujarat,VERIFIED,MEDIUM,CRM
CRM002076,Demo Customer 2076,1976-01-01,customer2076@example.invalid,0000002076,DEMO002076,Mumbai,Maharashtra,VERIFIED,LOW,CRM
CRM002077,Demo Customer 2077,1977-01-01,customer2077@example.invalid,0000002077,DEMO002077,Ahmedabad,Gujarat,VERIFIED,LOW,CRM
CRM002078,Demo Customer 2078,1978-01-01,customer2078@example.invalid,0000002078,DEMO002078,Mumbai,Maharashtra,VERIFIED,LOW,CRM
CRM002079,Demo Customer 2079,1979-01-01,customer2079@example.invalid,0000002079,DEMO002079,Ahmedabad,Gujarat,VERIFIED,LOW,CRM
CRM002080,Demo Customer 2080,1980-01-01,customer2080@example.invalid,0000002080,DEMO002080,Bengaluru,Karnataka,VERIFIED,LOW,CRM
CRM002081,Demo Customer 2081,1981-01-01,customer2081@example.invalid,0000002081,DEMO002081,Ahmedabad,Gujarat,PENDING,LOW,CRM
CRM002082,Demo Customer 2082,1982-01-01,customer2082@example.invalid,0000002082,DEMO002082,Kolkata,West Bengal,VERIFIED,LOW,CRM
CRM002083,Demo Customer 2083,1983-01-01,customer2083@example.invalid,0000002083,DEMO002083,Kolkata,West Bengal,VERIFIED,LOW,CRM
CRM002084,Demo Customer 2084,1984-01-01,customer2084@example.invalid,0000002084,DEMO002084,Delhi,Delhi,VERIFIED,MEDIUM,CRM
CRM002085,Demo Customer 2085,1985-01-01,customer2085@example.invalid,0000002085,DEMO002085,Bengaluru,Karnataka,VERIFIED,LOW,CRM
CRM002086,Demo Customer 2086,1986-01-01,customer2086@example.invalid,0000002086,DEMO002086,Kolkata,West Bengal,VERIFIED,LOW,CRM
CRM002087,Demo Customer 2087,1987-01-01,customer2087@example.invalid,0000002087,DEMO002087,Chennai,Tamil Nadu,VERIFIED,LOW,CRM
CRM002088,Demo Customer 2088,1988-01-01,customer2088@example.invalid,0000002088,DEMO002088,Chennai,Tamil Nadu,VERIFIED,MEDIUM,CRM
CRM002089,Demo Customer 2089,1989-01-01,customer2089@example.invalid,0000002089,DEMO002089,Gurugram,Haryana,VERIFIED,MEDIUM,CRM
CRM002090,Demo Customer 2090,1990-01-01,customer2090@example.invalid,0000002090,DEMO002090,Kolkata,West Bengal,VERIFIED,LOW,CRM
CRM002091,Demo Customer 2091,1991-01-01,customer2091@example.invalid,0000002091,DEMO002091,Delhi,Delhi,PENDING,LOW,CRM
CRM002092,Demo Customer 2092,1992-01-01,customer2092@example.invalid,0000002092,DEMO002092,Ahmedabad,Gujarat,VERIFIED,LOW,CRM
CRM002093,Demo Customer 2093,1993-01-01,customer2093@example.invalid,0000002093,DEMO002093,Ahmedabad,Gujarat,VERIFIED,LOW,CRM
CRM002094,Demo Customer 2094,1994-01-01,customer2094@example.invalid,0000002094,DEMO002094,Ahmedabad,Gujarat,VERIFIED,MEDIUM,CRM
CRM002095,Demo Customer 2095,1995-01-01,customer2095@example.invalid,0000002095,DEMO002095,Pune,Maharashtra,PENDING,LOW,CRM
CRM002096,Demo Customer 2096,1996-01-01,customer2096@example.invalid,0000002096,DEMO002096,Pune,Maharashtra,VERIFIED,MEDIUM,CRM
CRM002097,Demo Customer 2097,1997-01-01,customer2097@example.invalid,0000002097,DEMO002097,Kolkata,West Bengal,PENDING,MEDIUM,CRM
CRM002098,Demo Customer 2098,1998-01-01,customer2098@example.invalid,0000002098,DEMO002098,Mumbai,Maharashtra,VERIFIED,HIGH,CRM
CRM002099,Demo Customer 2099,1999-01-01,customer2099@example.invalid,0000002099,DEMO002099,Ahmedabad,Gujarat,VERIFIED,LOW,CRM
CRM002100,Demo Customer 2100,1970-01-01,customer2100@example.invalid,0000002100,DEMO002100,Delhi,Delhi,VERIFIED,HIGH,CRM
CRM002101,Demo Customer 2101,1971-01-01,customer2101@example.invalid,0000002101,DEMO002101,Hyderabad,Telangana,VERIFIED,MEDIUM,CRM
CRM002102,Demo Customer 2102,1972-01-01,customer2102@example.invalid,0000002102,DEMO002102,Mumbai,Maharashtra,VERIFIED,MEDIUM,CRM
CRM002103,Demo Customer 2103,1973-01-01,customer2103@example.invalid,0000002103,DEMO002103,Gurugram,Haryana,VERIFIED,LOW,CRM
CRM002104,Demo Customer 2104,1974-01-01,customer2104@example.invalid,0000002104,DEMO002104,Gurugram,Haryana,VERIFIED,LOW,CRM
CRM002105,Demo Customer 2105,1975-01-01,customer2105@example.invalid,0000002105,DEMO002105,Pune,Maharashtra,VERIFIED,MEDIUM,CRM
CRM002106,Demo Customer 2106,1976-01-01,customer2106@example.invalid,0000002106,DEMO002106,Delhi,Delhi,VERIFIED,LOW,CRM
CRM002107,Demo Customer 2107,1977-01-01,customer2107@example.invalid,0000002107,DEMO002107,Ahmedabad,Gujarat,VERIFIED,MEDIUM,CRM
CRM002108,Demo Customer 2108,1978-01-01,customer2108@example.invalid,0000002108,DEMO002108,Mumbai,Maharashtra,VERIFIED,LOW,CRM
CRM002109,Demo Customer 2109,1979-01-01,customer2109@example.invalid,0000002109,DEMO002109,Nagpur,Maharashtra,PENDING,LOW,CRM
CRM002110,Demo Customer 2110,1980-01-01,customer2110@example.invalid,0000002110,DEMO002110,Chennai,Tamil Nadu,VERIFIED,MEDIUM,CRM
CRM002111,Demo Customer 2111,1981-01-01,customer2111@example.invalid,0000002111,DEMO002111,Chennai,Tamil Nadu,REJECTED,MEDIUM,CRM
CRM002112,Demo Customer 2112,1982-01-01,customer2112@example.invalid,0000002112,DEMO002112,Chennai,Tamil Nadu,VERIFIED,MEDIUM,CRM
CRM002113,Demo Customer 2113,1983-01-01,customer2113@example.invalid,0000002113,DEMO002113,Bengaluru,Karnataka,PENDING,LOW,CRM
CRM002114,Demo Customer 2114,1984-01-01,customer2114@example.invalid,0000002114,DEMO002114,Pune,Maharashtra,PENDING,LOW,CRM
CRM002115,Demo Customer 2115,1985-01-01,customer2115@example.invalid,0000002115,DEMO002115,Bengaluru,Karnataka,PENDING,LOW,CRM
CRM002116,Demo Customer 2116,1986-01-01,customer2116@example.invalid,0000002116,DEMO002116,Hyderabad,Telangana,VERIFIED,LOW,CRM
CRM002117,Demo Customer 2117,1987-01-01,customer2117@example.invalid,0000002117,DEMO002117,Ahmedabad,Gujarat,PENDING,LOW,CRM
CRM002118,Demo Customer 2118,1988-01-01,customer2118@example.invalid,0000002118,DEMO002118,Gurugram,Haryana,VERIFIED,MEDIUM,CRM
CRM002119,Demo Customer 2119,1989-01-01,customer2119@example.invalid,0000002119,DEMO002119,Nagpur,Maharashtra,VERIFIED,LOW,CRM
CRM002120,Demo Customer 2120,1990-01-01,customer2120@example.invalid,0000002120,DEMO002120,Hyderabad,Telangana,VERIFIED,LOW,CRM
CRM002121,Demo Customer 2121,1991-01-01,customer2121@example.invalid,0000002121,DEMO002121,Pune,Maharashtra,VERIFIED,LOW,CRM
CRM002122,Demo Customer 2122,1992-01-01,customer2122@example.invalid,0000002122,DEMO002122,Bengaluru,Karnataka,VERIFIED,MEDIUM,CRM
CRM002123,Demo Customer 2123,1993-01-01,customer2123@example.invalid,0000002123,DEMO002123,Gurugram,Haryana,VERIFIED,MEDIUM,CRM
CRM002124,Demo Customer 2124,1994-01-01,customer2124@example.invalid,0000002124,DEMO002124,Chennai,Tamil Nadu,VERIFIED,LOW,CRM
CRM002125,Demo Customer 2125,1995-01-01,customer2125@example.invalid,0000002125,DEMO002125,Hyderabad,Telangana,VERIFIED,LOW,CRM
CRM002126,Demo Customer 2126,1996-01-01,customer2126@example.invalid,0000002126,DEMO002126,Gurugram,Haryana,VERIFIED,LOW,CRM
CRM002127,Demo Customer 2127,1997-01-01,customer2127@example.invalid,0000002127,DEMO002127,Pune,Maharashtra,PENDING,HIGH,CRM
CRM002128,Demo Customer 2128,1998-01-01,customer2128@example.invalid,0000002128,DEMO002128,Kolkata,West Bengal,VERIFIED,LOW,CRM
CRM002129,Demo Customer 2129,1999-01-01,customer2129@example.invalid,0000002129,DEMO002129,Bengaluru,Karnataka,VERIFIED,MEDIUM,CRM
CRM002130,Demo Customer 2130,1970-01-01,customer2130@example.invalid,0000002130,DEMO002130,Mumbai,Maharashtra,VERIFIED,MEDIUM,CRM
CRM002131,Demo Customer 2131,1971-01-01,customer2131@example.invalid,0000002131,DEMO002131,Delhi,Delhi,VERIFIED,MEDIUM,CRM
CRM002132,Demo Customer 2132,1972-01-01,customer2132@example.invalid,0000002132,DEMO002132,Chennai,Tamil Nadu,VERIFIED,LOW,CRM
CRM002133,Demo Customer 2133,1973-01-01,customer2133@example.invalid,0000002133,DEMO002133,Chennai,Tamil Nadu,VERIFIED,LOW,CRM
CRM002134,Demo Customer 2134,1974-01-01,customer2134@example.invalid,0000002134,DEMO002134,Gurugram,Haryana,VERIFIED,LOW,CRM
CRM002135,Demo Customer 2135,1975-01-01,customer2135@example.invalid,0000002135,DEMO002135,Ahmedabad,Gujarat,PENDING,MEDIUM,CRM
CRM002136,Demo Customer 2136,1976-01-01,customer2136@example.invalid,0000002136,DEMO002136,Delhi,Delhi,PENDING,LOW,CRM
CRM002137,Demo Customer 2137,1977-01-01,customer2137@example.invalid,0000002137,DEMO002137,Pune,Maharashtra,VERIFIED,LOW,CRM
CRM002138,Demo Customer 2138,1978-01-01,customer2138@example.invalid,0000002138,DEMO002138,Kolkata,West Bengal,VERIFIED,LOW,CRM
CRM002139,Demo Customer 2139,1979-01-01,customer2139@example.invalid,0000002139,DEMO002139,Chennai,Tamil Nadu,VERIFIED,LOW,CRM
CRM002140,Demo Customer 2140,1980-01-01,customer2140@example.invalid,0000002140,DEMO002140,Delhi,Delhi,VERIFIED,MEDIUM,CRM
CRM002141,Demo Customer 2141,1981-01-01,customer2141@example.invalid,0000002141,DEMO002141,Delhi,Delhi,PENDING,MEDIUM,CRM
CRM002142,Demo Customer 2142,1982-01-01,customer2142@example.invalid,0000002142,DEMO002142,Chennai,Tamil Nadu,PENDING,MEDIUM,CRM
CRM002143,Demo Customer 2143,1983-01-01,customer2143@example.invalid,0000002143,DEMO002143,Mumbai,Maharashtra,VERIFIED,MEDIUM,CRM
CRM002144,Demo Customer 2144,1984-01-01,customer2144@example.invalid,0000002144,DEMO002144,Chennai,Tamil Nadu,VERIFIED,HIGH,CRM
CRM002145,Demo Customer 2145,1985-01-01,customer2145@example.invalid,0000002145,DEMO002145,Hyderabad,Telangana,VERIFIED,LOW,CRM
CRM002146,Demo Customer 2146,1986-01-01,customer2146@example.invalid,0000002146,DEMO002146,Gurugram,Haryana,VERIFIED,LOW,CRM
CRM002147,Demo Customer 2147,1987-01-01,customer2147@example.invalid,0000002147,DEMO002147,Pune,Maharashtra,VERIFIED,LOW,CRM
CRM002148,Demo Customer 2148,1988-01-01,customer2148@example.invalid,0000002148,DEMO002148,Hyderabad,Telangana,PENDING,LOW,CRM
CRM002149,Demo Customer 2149,1989-01-01,customer2149@example.invalid,0000002149,DEMO002149,Gurugram,Haryana,VERIFIED,MEDIUM,CRM
CRM002150,Demo Customer 2150,1990-01-01,customer2150@example.invalid,0000002150,DEMO002150,Delhi,Delhi,VERIFIED,HIGH,CRM
CRM002151,Demo Customer 2151,1991-01-01,customer2151@example.invalid,0000002151,DEMO002151,Pune,Maharashtra,PENDING,LOW,CRM
CRM002152,Demo Customer 2152,1992-01-01,customer2152@example.invalid,0000002152,DEMO002152,Bengaluru,Karnataka,VERIFIED,LOW,CRM
CRM002153,Demo Customer 2153,1993-01-01,customer2153@example.invalid,0000002153,DEMO002153,Bengaluru,Karnataka,VERIFIED,LOW,CRM
CRM002154,Demo Customer 2154,1994-01-01,customer2154@example.invalid,0000002154,DEMO002154,Delhi,Delhi,VERIFIED,LOW,CRM
CRM002155,Demo Customer 2155,1995-01-01,customer2155@example.invalid,0000002155,DEMO002155,Bengaluru,Karnataka,PENDING,MEDIUM,CRM
CRM002156,Demo Customer 2156,1996-01-01,customer2156@example.invalid,0000002156,DEMO002156,Delhi,Delhi,VERIFIED,LOW,CRM
CRM002157,Demo Customer 2157,1997-01-01,customer2157@example.invalid,0000002157,DEMO002157,Gurugram,Haryana,VERIFIED,MEDIUM,CRM
CRM002158,Demo Customer 2158,1998-01-01,customer2158@example.invalid,0000002158,DEMO002158,Nagpur,Maharashtra,PENDING,LOW,CRM
CRM002159,Demo Customer 2159,1999-01-01,customer2159@example.invalid,0000002159,DEMO002159,Delhi,Delhi,PENDING,MEDIUM,CRM
CRM002160,Demo Customer 2160,1970-01-01,customer2160@example.invalid,0000002160,DEMO002160,Hyderabad,Telangana,VERIFIED,LOW,CRM
CRM002161,Demo Customer 2161,1971-01-01,customer2161@example.invalid,0000002161,DEMO002161,Chennai,Tamil Nadu,VERIFIED,LOW,CRM
CRM002162,Demo Customer 2162,1972-01-01,customer2162@example.invalid,0000002162,DEMO002162,Delhi,Delhi,VERIFIED,LOW,CRM
CRM002163,Demo Customer 2163,1973-01-01,customer2163@example.invalid,0000002163,DEMO002163,Nagpur,Maharashtra,VERIFIED,LOW,CRM
CRM002164,Demo Customer 2164,1974-01-01,customer2164@example.invalid,0000002164,DEMO002164,Kolkata,West Bengal,PENDING,LOW,CRM
CRM002165,Demo Customer 2165,1975-01-01,customer2165@example.invalid,0000002165,DEMO002165,Kolkata,West Bengal,VERIFIED,MEDIUM,CRM
CRM002166,Demo Customer 2166,1976-01-01,customer2166@example.invalid,0000002166,DEMO002166,Gurugram,Haryana,VERIFIED,MEDIUM,CRM
CRM002167,Demo Customer 2167,1977-01-01,customer2167@example.invalid,0000002167,DEMO002167,Chennai,Tamil Nadu,PENDING,LOW,CRM
CRM002168,Demo Customer 2168,1978-01-01,customer2168@example.invalid,0000002168,DEMO002168,Hyderabad,Telangana,VERIFIED,LOW,CRM
CRM002169,Demo Customer 2169,1979-01-01,customer2169@example.invalid,0000002169,DEMO002169,Hyderabad,Telangana,VERIFIED,LOW,CRM
CRM002170,Demo Customer 2170,1980-01-01,customer2170@example.invalid,0000002170,DEMO002170,Gurugram,Haryana,PENDING,LOW,CRM
CRM002171,Demo Customer 2171,1981-01-01,customer2171@example.invalid,0000002171,DEMO002171,Hyderabad,Telangana,VERIFIED,MEDIUM,CRM
CRM002172,Demo Customer 2172,1982-01-01,customer2172@example.invalid,0000002172,DEMO002172,Mumbai,Maharashtra,VERIFIED,LOW,CRM
CRM002173,Demo Customer 2173,1983-01-01,customer2173@example.invalid,0000002173,DEMO002173,Nagpur,Maharashtra,VERIFIED,LOW,CRM
CRM002174,Demo Customer 2174,1984-01-01,customer2174@example.invalid,0000002174,DEMO002174,Chennai,Tamil Nadu,PENDING,LOW,CRM
CRM002175,Demo Customer 2175,1985-01-01,customer2175@example.invalid,0000002175,DEMO002175,Ahmedabad,Gujarat,VERIFIED,MEDIUM,CRM
CRM002176,Demo Customer 2176,1986-01-01,customer2176@example.invalid,0000002176,DEMO002176,Delhi,Delhi,VERIFIED,LOW,CRM
CRM002177,Demo Customer 2177,1987-01-01,customer2177@example.invalid,0000002177,DEMO002177,Gurugram,Haryana,VERIFIED,MEDIUM,CRM
CRM002178,Demo Customer 2178,1988-01-01,customer2178@example.invalid,0000002178,DEMO002178,Ahmedabad,Gujarat,VERIFIED,LOW,CRM
CRM002179,Demo Customer 2179,1989-01-01,customer2179@example.invalid,0000002179,DEMO002179,Pune,Maharashtra,VERIFIED,LOW,CRM
CRM002180,Demo Customer 2180,1990-01-01,customer2180@example.invalid,0000002180,DEMO002180,Mumbai,Maharashtra,VERIFIED,LOW,CRM
CRM002181,Demo Customer 2181,1991-01-01,customer2181@example.invalid,0000002181,DEMO002181,Nagpur,Maharashtra,VERIFIED,MEDIUM,CRM
CRM002182,Demo Customer 2182,1992-01-01,customer2182@example.invalid,0000002182,DEMO002182,Nagpur,Maharashtra,VERIFIED,LOW,CRM
CRM002183,Demo Customer 2183,1993-01-01,customer2183@example.invalid,0000002183,DEMO002183,Pune,Maharashtra,VERIFIED,MEDIUM,CRM
CRM002184,Demo Customer 2184,1994-01-01,customer2184@example.invalid,0000002184,DEMO002184,Chennai,Tamil Nadu,VERIFIED,LOW,CRM
CRM002185,Demo Customer 2185,1995-01-01,customer2185@example.invalid,0000002185,DEMO002185,Bengaluru,Karnataka,VERIFIED,MEDIUM,CRM
CRM002186,Demo Customer 2186,1996-01-01,customer2186@example.invalid,0000002186,DEMO002186,Pune,Maharashtra,VERIFIED,LOW,CRM
CRM002187,Demo Customer 2187,1997-01-01,customer2187@example.invalid,0000002187,DEMO002187,Kolkata,West Bengal,VERIFIED,MEDIUM,CRM
CRM002188,Demo Customer 2188,1998-01-01,customer2188@example.invalid,0000002188,DEMO002188,Ahmedabad,Gujarat,VERIFIED,LOW,CRM
CRM002189,Demo Customer 2189,1999-01-01,customer2189@example.invalid,0000002189,DEMO002189,Pune,Maharashtra,VERIFIED,LOW,CRM
CRM002190,Demo Customer 2190,1970-01-01,customer2190@example.invalid,0000002190,DEMO002190,Hyderabad,Telangana,VERIFIED,LOW,CRM
CRM002191,Demo Customer 2191,1971-01-01,customer2191@example.invalid,0000002191,DEMO002191,Mumbai,Maharashtra,VERIFIED,LOW,CRM
CRM002192,Demo Customer 2192,1972-01-01,customer2192@example.invalid,0000002192,DEMO002192,Hyderabad,Telangana,VERIFIED,LOW,CRM
CRM002193,Demo Customer 2193,1973-01-01,customer2193@example.invalid,0000002193,DEMO002193,Ahmedabad,Gujarat,VERIFIED,LOW,CRM
CRM002194,Demo Customer 2194,1974-01-01,customer2194@example.invalid,0000002194,DEMO002194,Mumbai,Maharashtra,VERIFIED,MEDIUM,CRM
CRM002195,Demo Customer 2195,1975-01-01,customer2195@example.invalid,0000002195,DEMO002195,Bengaluru,Karnataka,VERIFIED,LOW,CRM
CRM002196,Demo Customer 2196,1976-01-01,customer2196@example.invalid,0000002196,DEMO002196,Kolkata,West Bengal,PENDING,MEDIUM,CRM
CRM002197,Demo Customer 2197,1977-01-01,customer2197@example.invalid,0000002197,DEMO002197,Ahmedabad,Gujarat,VERIFIED,MEDIUM,CRM
CRM002198,Demo Customer 2198,1978-01-01,customer2198@example.invalid,0000002198,DEMO002198,Nagpur,Maharashtra,PENDING,MEDIUM,CRM
CRM002199,Demo Customer 2199,1979-01-01,customer2199@example.invalid,0000002199,DEMO002199,Kolkata,West Bengal,VERIFIED,LOW,CRM
CRM002200,Demo Customer 2200,1980-01-01,customer2200@example.invalid,0000002200,DEMO002200,Hyderabad,Telangana,VERIFIED,LOW,CRM
CRM002201,Demo Customer 2201,1981-01-01,customer2201@example.invalid,0000002201,DEMO002201,Pune,Maharashtra,VERIFIED,MEDIUM,CRM
CRM002202,Demo Customer 2202,1982-01-01,customer2202@example.invalid,0000002202,DEMO002202,Bengaluru,Karnataka,VERIFIED,LOW,CRM
CRM002203,Demo Customer 2203,1983-01-01,customer2203@example.invalid,0000002203,DEMO002203,Chennai,Tamil Nadu,VERIFIED,HIGH,CRM
CRM002204,Demo Customer 2204,1984-01-01,customer2204@example.invalid,0000002204,DEMO002204,Chennai,Tamil Nadu,VERIFIED,LOW,CRM
CRM002205,Demo Customer 2205,1985-01-01,customer2205@example.invalid,0000002205,DEMO002205,Delhi,Delhi,VERIFIED,LOW,CRM
CRM002206,Demo Customer 2206,1986-01-01,customer2206@example.invalid,0000002206,DEMO002206,Mumbai,Maharashtra,VERIFIED,MEDIUM,CRM
CRM002207,Demo Customer 2207,1987-01-01,customer2207@example.invalid,0000002207,DEMO002207,Gurugram,Haryana,PENDING,MEDIUM,CRM
CRM002208,Demo Customer 2208,1988-01-01,customer2208@example.invalid,0000002208,DEMO002208,Gurugram,Haryana,VERIFIED,MEDIUM,CRM
CRM002209,Demo Customer 2209,1989-01-01,customer2209@example.invalid,0000002209,DEMO002209,Gurugram,Haryana,VERIFIED,LOW,CRM
CRM002210,Demo Customer 2210,1990-01-01,customer2210@example.invalid,0000002210,DEMO002210,Chennai,Tamil Nadu,VERIFIED,LOW,CRM
CRM002211,Demo Customer 2211,1991-01-01,customer2211@example.invalid,0000002211,DEMO002211,Ahmedabad,Gujarat,VERIFIED,MEDIUM,CRM
CRM002212,Demo Customer 2212,1992-01-01,customer2212@example.invalid,0000002212,DEMO002212,Delhi,Delhi,VERIFIED,HIGH,CRM
CRM002213,Demo Customer 2213,1993-01-01,customer2213@example.invalid,0000002213,DEMO002213,Chennai,Tamil Nadu,VERIFIED,LOW,CRM
CRM002214,Demo Customer 2214,1994-01-01,customer2214@example.invalid,0000002214,DEMO002214,Bengaluru,Karnataka,REJECTED,MEDIUM,CRM
CRM002215,Demo Customer 2215,1995-01-01,customer2215@example.invalid,0000002215,DEMO002215,Mumbai,Maharashtra,VERIFIED,LOW,CRM
CRM002216,Demo Customer 2216,1996-01-01,customer2216@example.invalid,0000002216,DEMO002216,Delhi,Delhi,VERIFIED,LOW,CRM
CRM002217,Demo Customer 2217,1997-01-01,customer2217@example.invalid,0000002217,DEMO002217,Bengaluru,Karnataka,VERIFIED,MEDIUM,CRM
CRM002218,Demo Customer 2218,1998-01-01,customer2218@example.invalid,0000002218,DEMO002218,Bengaluru,Karnataka,VERIFIED,LOW,CRM
CRM002219,Demo Customer 2219,1999-01-01,customer2219@example.invalid,0000002219,DEMO002219,Kolkata,West Bengal,PENDING,HIGH,CRM
CRM002220,Demo Customer 2220,1970-01-01,customer2220@example.invalid,0000002220,DEMO002220,Mumbai,Maharashtra,VERIFIED,LOW,CRM
CRM002221,Demo Customer 2221,1971-01-01,customer2221@example.invalid,0000002221,DEMO002221,Gurugram,Haryana,VERIFIED,LOW,CRM
CRM002222,Demo Customer 2222,1972-01-01,customer2222@example.invalid,0000002222,DEMO002222,Pune,Maharashtra,VERIFIED,HIGH,CRM
CRM002223,Demo Customer 2223,1973-01-01,customer2223@example.invalid,0000002223,DEMO002223,Ahmedabad,Gujarat,PENDING,LOW,CRM
CRM002224,Demo Customer 2224,1974-01-01,customer2224@example.invalid,0000002224,DEMO002224,Chennai,Tamil Nadu,VERIFIED,MEDIUM,CRM
CRM002225,Demo Customer 2225,1975-01-01,customer2225@example.invalid,0000002225,DEMO002225,Pune,Maharashtra,VERIFIED,HIGH,CRM
CRM002226,Demo Customer 2226,1976-01-01,customer2226@example.invalid,0000002226,DEMO002226,Hyderabad,Telangana,VERIFIED,LOW,CRM
CRM002227,Demo Customer 2227,1977-01-01,customer2227@example.invalid,0000002227,DEMO002227,Hyderabad,Telangana,VERIFIED,MEDIUM,CRM
CRM002228,Demo Customer 2228,1978-01-01,customer2228@example.invalid,0000002228,DEMO002228,Kolkata,West Bengal,VERIFIED,MEDIUM,CRM
CRM002229,Demo Customer 2229,1979-01-01,customer2229@example.invalid,0000002229,DEMO002229,Nagpur,Maharashtra,VERIFIED,LOW,CRM
CRM002230,Demo Customer 2230,1980-01-01,customer2230@example.invalid,0000002230,DEMO002230,Nagpur,Maharashtra,VERIFIED,LOW,CRM
CRM002231,Demo Customer 2231,1981-01-01,customer2231@example.invalid,0000002231,DEMO002231,Mumbai,Maharashtra,VERIFIED,MEDIUM,CRM
CRM002232,Demo Customer 2232,1982-01-01,customer2232@example.invalid,0000002232,DEMO002232,Kolkata,West Bengal,VERIFIED,LOW,CRM
CRM002233,Demo Customer 2233,1983-01-01,customer2233@example.invalid,0000002233,DEMO002233,Pune,Maharashtra,PENDING,HIGH,CRM
CRM002234,Demo Customer 2234,1984-01-01,customer2234@example.invalid,0000002234,DEMO002234,Chennai,Tamil Nadu,VERIFIED,LOW,CRM
CRM002235,Demo Customer 2235,1985-01-01,customer2235@example.invalid,0000002235,DEMO002235,Mumbai,Maharashtra,VERIFIED,HIGH,CRM
CRM002236,Demo Customer 2236,1986-01-01,customer2236@example.invalid,0000002236,DEMO002236,Delhi,Delhi,VERIFIED,LOW,CRM
CRM002237,Demo Customer 2237,1987-01-01,customer2237@example.invalid,0000002237,DEMO002237,Mumbai,Maharashtra,VERIFIED,LOW,CRM
CRM002238,Demo Customer 2238,1988-01-01,customer2238@example.invalid,0000002238,DEMO002238,Chennai,Tamil Nadu,VERIFIED,MEDIUM,CRM
CRM002239,Demo Customer 2239,1989-01-01,customer2239@example.invalid,0000002239,DEMO002239,Nagpur,Maharashtra,VERIFIED,LOW,CRM
CRM002240,Demo Customer 2240,1990-01-01,customer2240@example.invalid,0000002240,DEMO002240,Delhi,Delhi,VERIFIED,LOW,CRM
CRM002241,Demo Customer 2241,1991-01-01,customer2241@example.invalid,0000002241,DEMO002241,Kolkata,West Bengal,VERIFIED,LOW,CRM
CRM002242,Demo Customer 2242,1992-01-01,customer2242@example.invalid,0000002242,DEMO002242,Gurugram,Haryana,PENDING,LOW,CRM
CRM002243,Demo Customer 2243,1993-01-01,customer2243@example.invalid,0000002243,DEMO002243,Mumbai,Maharashtra,VERIFIED,LOW,CRM
CRM002244,Demo Customer 2244,1994-01-01,customer2244@example.invalid,0000002244,DEMO002244,Delhi,Delhi,VERIFIED,MEDIUM,CRM
CRM002245,Demo Customer 2245,1995-01-01,customer2245@example.invalid,0000002245,DEMO002245,Ahmedabad,Gujarat,VERIFIED,LOW,CRM
CRM002246,Demo Customer 2246,1996-01-01,customer2246@example.invalid,0000002246,DEMO002246,Pune,Maharashtra,VERIFIED,LOW,CRM
CRM002247,Demo Customer 2247,1997-01-01,customer2247@example.invalid,0000002247,DEMO002247,Ahmedabad,Gujarat,VERIFIED,LOW,CRM
CRM002248,Demo Customer 2248,1998-01-01,customer2248@example.invalid,0000002248,DEMO002248,Gurugram,Haryana,PENDING,MEDIUM,CRM
CRM002249,Demo Customer 2249,1999-01-01,customer2249@example.invalid,0000002249,DEMO002249,Kolkata,West Bengal,VERIFIED,MEDIUM,CRM
CRM002250,Demo Customer 2250,1970-01-01,customer2250@example.invalid,0000002250,DEMO002250,Delhi,Delhi,VERIFIED,LOW,CRM
CRM002251,Demo Customer 2251,1971-01-01,customer2251@example.invalid,0000002251,DEMO002251,Pune,Maharashtra,VERIFIED,MEDIUM,CRM
CRM002252,Demo Customer 2252,1972-01-01,customer2252@example.invalid,0000002252,DEMO002252,Gurugram,Haryana,VERIFIED,LOW,CRM
CRM002253,Demo Customer 2253,1973-01-01,customer2253@example.invalid,0000002253,DEMO002253,Gurugram,Haryana,VERIFIED,LOW,CRM
CRM002254,Demo Customer 2254,1974-01-01,customer2254@example.invalid,0000002254,DEMO002254,Bengaluru,Karnataka,VERIFIED,HIGH,CRM
CRM002255,Demo Customer 2255,1975-01-01,customer2255@example.invalid,0000002255,DEMO002255,Ahmedabad,Gujarat,VERIFIED,LOW,CRM
CRM002256,Demo Customer 2256,1976-01-01,customer2256@example.invalid,0000002256,DEMO002256,Hyderabad,Telangana,VERIFIED,MEDIUM,CRM
CRM002257,Demo Customer 2257,1977-01-01,customer2257@example.invalid,0000002257,DEMO002257,Bengaluru,Karnataka,VERIFIED,LOW,CRM
CRM002258,Demo Customer 2258,1978-01-01,customer2258@example.invalid,0000002258,DEMO002258,Bengaluru,Karnataka,VERIFIED,LOW,CRM
CRM002259,Demo Customer 2259,1979-01-01,customer2259@example.invalid,0000002259,DEMO002259,Ahmedabad,Gujarat,VERIFIED,LOW,CRM
CRM002260,Demo Customer 2260,1980-01-01,customer2260@example.invalid,0000002260,DEMO002260,Nagpur,Maharashtra,VERIFIED,HIGH,CRM
CRM002261,Demo Customer 2261,1981-01-01,customer2261@example.invalid,0000002261,DEMO002261,Chennai,Tamil Nadu,VERIFIED,HIGH,CRM
CRM002262,Demo Customer 2262,1982-01-01,customer2262@example.invalid,0000002262,DEMO002262,Mumbai,Maharashtra,VERIFIED,MEDIUM,CRM
CRM002263,Demo Customer 2263,1983-01-01,customer2263@example.invalid,0000002263,DEMO002263,Pune,Maharashtra,VERIFIED,LOW,CRM
CRM002264,Demo Customer 2264,1984-01-01,customer2264@example.invalid,0000002264,DEMO002264,Pune,Maharashtra,VERIFIED,LOW,CRM
CRM002265,Demo Customer 2265,1985-01-01,customer2265@example.invalid,0000002265,DEMO002265,Gurugram,Haryana,VERIFIED,LOW,CRM
CRM002266,Demo Customer 2266,1986-01-01,customer2266@example.invalid,0000002266,DEMO002266,Kolkata,West Bengal,PENDING,LOW,CRM
CRM002267,Demo Customer 2267,1987-01-01,customer2267@example.invalid,0000002267,DEMO002267,Delhi,Delhi,VERIFIED,LOW,CRM
CRM002268,Demo Customer 2268,1988-01-01,customer2268@example.invalid,0000002268,DEMO002268,Chennai,Tamil Nadu,VERIFIED,MEDIUM,CRM
CRM002269,Demo Customer 2269,1989-01-01,customer2269@example.invalid,0000002269,DEMO002269,Ahmedabad,Gujarat,VERIFIED,MEDIUM,CRM
CRM002270,Demo Customer 2270,1990-01-01,customer2270@example.invalid,0000002270,DEMO002270,Mumbai,Maharashtra,VERIFIED,MEDIUM,CRM
CRM002271,Demo Customer 2271,1991-01-01,customer2271@example.invalid,0000002271,DEMO002271,Kolkata,West Bengal,VERIFIED,LOW,CRM
CRM002272,Demo Customer 2272,1992-01-01,customer2272@example.invalid,0000002272,DEMO002272,Ahmedabad,Gujarat,VERIFIED,LOW,CRM
CRM002273,Demo Customer 2273,1993-01-01,customer2273@example.invalid,0000002273,DEMO002273,Mumbai,Maharashtra,VERIFIED,MEDIUM,CRM
CRM002274,Demo Customer 2274,1994-01-01,customer2274@example.invalid,0000002274,DEMO002274,Kolkata,West Bengal,VERIFIED,MEDIUM,CRM
CRM002275,Demo Customer 2275,1995-01-01,customer2275@example.invalid,0000002275,DEMO002275,Ahmedabad,Gujarat,VERIFIED,MEDIUM,CRM
CRM002276,Demo Customer 2276,1996-01-01,customer2276@example.invalid,0000002276,DEMO002276,Gurugram,Haryana,VERIFIED,MEDIUM,CRM
CRM002277,Demo Customer 2277,1997-01-01,customer2277@example.invalid,0000002277,DEMO002277,Chennai,Tamil Nadu,VERIFIED,MEDIUM,CRM
CRM002278,Demo Customer 2278,1998-01-01,customer2278@example.invalid,0000002278,DEMO002278,Delhi,Delhi,PENDING,MEDIUM,CRM
CRM002279,Demo Customer 2279,1999-01-01,customer2279@example.invalid,0000002279,DEMO002279,Kolkata,West Bengal,PENDING,HIGH,CRM
CRM002280,Demo Customer 2280,1970-01-01,customer2280@example.invalid,0000002280,DEMO002280,Gurugram,Haryana,VERIFIED,LOW,CRM
CRM002281,Demo Customer 2281,1971-01-01,customer2281@example.invalid,0000002281,DEMO002281,Ahmedabad,Gujarat,VERIFIED,LOW,CRM
CRM002282,Demo Customer 2282,1972-01-01,customer2282@example.invalid,0000002282,DEMO002282,Pune,Maharashtra,VERIFIED,MEDIUM,CRM
CRM002283,Demo Customer 2283,1973-01-01,customer2283@example.invalid,0000002283,DEMO002283,Delhi,Delhi,VERIFIED,HIGH,CRM
CRM002284,Demo Customer 2284,1974-01-01,customer2284@example.invalid,0000002284,DEMO002284,Hyderabad,Telangana,REJECTED,LOW,CRM
CRM002285,Demo Customer 2285,1975-01-01,customer2285@example.invalid,0000002285,DEMO002285,Mumbai,Maharashtra,VERIFIED,MEDIUM,CRM
CRM002286,Demo Customer 2286,1976-01-01,customer2286@example.invalid,0000002286,DEMO002286,Gurugram,Haryana,VERIFIED,MEDIUM,CRM
CRM002287,Demo Customer 2287,1977-01-01,customer2287@example.invalid,0000002287,DEMO002287,Nagpur,Maharashtra,VERIFIED,LOW,CRM
CRM002288,Demo Customer 2288,1978-01-01,customer2288@example.invalid,0000002288,DEMO002288,Mumbai,Maharashtra,REJECTED,HIGH,CRM
CRM002289,Demo Customer 2289,1979-01-01,customer2289@example.invalid,0000002289,DEMO002289,Ahmedabad,Gujarat,PENDING,LOW,CRM
CRM002290,Demo Customer 2290,1980-01-01,customer2290@example.invalid,0000002290,DEMO002290,Bengaluru,Karnataka,VERIFIED,LOW,CRM
CRM002291,Demo Customer 2291,1981-01-01,customer2291@example.invalid,0000002291,DEMO002291,Delhi,Delhi,VERIFIED,LOW,CRM
CRM002292,Demo Customer 2292,1982-01-01,customer2292@example.invalid,0000002292,DEMO002292,Bengaluru,Karnataka,VERIFIED,LOW,CRM
CRM002293,Demo Customer 2293,1983-01-01,customer2293@example.invalid,0000002293,DEMO002293,Delhi,Delhi,PENDING,HIGH,CRM
CRM002294,Demo Customer 2294,1984-01-01,customer2294@example.invalid,0000002294,DEMO002294,Gurugram,Haryana,VERIFIED,LOW,CRM
CRM002295,Demo Customer 2295,1985-01-01,customer2295@example.invalid,0000002295,DEMO002295,Pune,Maharashtra,VERIFIED,MEDIUM,CRM
CRM002296,Demo Customer 2296,1986-01-01,customer2296@example.invalid,0000002296,DEMO002296,Gurugram,Haryana,PENDING,LOW,CRM
CRM002297,Demo Customer 2297,1987-01-01,customer2297@example.invalid,0000002297,DEMO002297,Kolkata,West Bengal,VERIFIED,HIGH,CRM
CRM002298,Demo Customer 2298,1988-01-01,customer2298@example.invalid,0000002298,DEMO002298,Chennai,Tamil Nadu,PENDING,MEDIUM,CRM
CRM002299,Demo Customer 2299,1989-01-01,customer2299@example.invalid,0000002299,DEMO002299,Hyderabad,Telangana,VERIFIED,LOW,CRM
CRM002300,Demo Customer 2300,1990-01-01,customer2300@example.invalid,0000002300,DEMO002300,Ahmedabad,Gujarat,VERIFIED,LOW,CRM
CRM002301,Demo Customer 2301,1991-01-01,customer2301@example.invalid,0000002301,DEMO002301,Mumbai,Maharashtra,PENDING,LOW,CRM
CRM002302,Demo Customer 2302,1992-01-01,customer2302@example.invalid,0000002302,DEMO002302,Chennai,Tamil Nadu,VERIFIED,LOW,CRM
CRM002303,Demo Customer 2303,1993-01-01,customer2303@example.invalid,0000002303,DEMO002303,Gurugram,Haryana,VERIFIED,LOW,CRM
CRM002304,Demo Customer 2304,1994-01-01,customer2304@example.invalid,0000002304,DEMO002304,Hyderabad,Telangana,VERIFIED,LOW,CRM
CRM002305,Demo Customer 2305,1995-01-01,customer2305@example.invalid,0000002305,DEMO002305,Ahmedabad,Gujarat,VERIFIED,LOW,CRM
CRM002306,Demo Customer 2306,1996-01-01,customer2306@example.invalid,0000002306,DEMO002306,Kolkata,West Bengal,VERIFIED,LOW,CRM
CRM002307,Demo Customer 2307,1997-01-01,customer2307@example.invalid,0000002307,DEMO002307,Delhi,Delhi,VERIFIED,MEDIUM,CRM
CRM002308,Demo Customer 2308,1998-01-01,customer2308@example.invalid,0000002308,DEMO002308,Delhi,Delhi,VERIFIED,LOW,CRM
CRM002309,Demo Customer 2309,1999-01-01,customer2309@example.invalid,0000002309,DEMO002309,Mumbai,Maharashtra,VERIFIED,LOW,CRM
CRM002310,Demo Customer 2310,1970-01-01,customer2310@example.invalid,0000002310,DEMO002310,Mumbai,Maharashtra,VERIFIED,LOW,CRM
CRM002311,Demo Customer 2311,1971-01-01,customer2311@example.invalid,0000002311,DEMO002311,Pune,Maharashtra,VERIFIED,LOW,CRM
CRM002312,Demo Customer 2312,1972-01-01,customer2312@example.invalid,0000002312,DEMO002312,Mumbai,Maharashtra,VERIFIED,LOW,CRM
CRM002313,Demo Customer 2313,1973-01-01,customer2313@example.invalid,0000002313,DEMO002313,Gurugram,Haryana,VERIFIED,LOW,CRM
CRM002314,Demo Customer 2314,1974-01-01,customer2314@example.invalid,0000002314,DEMO002314,Gurugram,Haryana,VERIFIED,MEDIUM,CRM
CRM002315,Demo Customer 2315,1975-01-01,customer2315@example.invalid,0000002315,DEMO002315,Pune,Maharashtra,VERIFIED,LOW,CRM
CRM002316,Demo Customer 2316,1976-01-01,customer2316@example.invalid,0000002316,DEMO002316,Pune,Maharashtra,VERIFIED,MEDIUM,CRM
CRM002317,Demo Customer 2317,1977-01-01,customer2317@example.invalid,0000002317,DEMO002317,Gurugram,Haryana,VERIFIED,LOW,CRM
CRM002318,Demo Customer 2318,1978-01-01,customer2318@example.invalid,0000002318,DEMO002318,Nagpur,Maharashtra,VERIFIED,LOW,CRM
CRM002319,Demo Customer 2319,1979-01-01,customer2319@example.invalid,0000002319,DEMO002319,Chennai,Tamil Nadu,VERIFIED,LOW,CRM
CRM002320,Demo Customer 2320,1980-01-01,customer2320@example.invalid,0000002320,DEMO002320,Chennai,Tamil Nadu,PENDING,LOW,CRM
CRM002321,Demo Customer 2321,1981-01-01,customer2321@example.invalid,0000002321,DEMO002321,Bengaluru,Karnataka,VERIFIED,MEDIUM,CRM
CRM002322,Demo Customer 2322,1982-01-01,customer2322@example.invalid,0000002322,DEMO002322,Nagpur,Maharashtra,VERIFIED,HIGH,CRM
CRM002323,Demo Customer 2323,1983-01-01,customer2323@example.invalid,0000002323,DEMO002323,Hyderabad,Telangana,VERIFIED,MEDIUM,CRM
CRM002324,Demo Customer 2324,1984-01-01,customer2324@example.invalid,0000002324,DEMO002324,Ahmedabad,Gujarat,REJECTED,MEDIUM,CRM
CRM002325,Demo Customer 2325,1985-01-01,customer2325@example.invalid,0000002325,DEMO002325,Nagpur,Maharashtra,PENDING,MEDIUM,CRM
CRM002326,Demo Customer 2326,1986-01-01,customer2326@example.invalid,0000002326,DEMO002326,Kolkata,West Bengal,VERIFIED,MEDIUM,CRM
CRM002327,Demo Customer 2327,1987-01-01,customer2327@example.invalid,0000002327,DEMO002327,Nagpur,Maharashtra,VERIFIED,LOW,CRM
CRM002328,Demo Customer 2328,1988-01-01,customer2328@example.invalid,0000002328,DEMO002328,Delhi,Delhi,VERIFIED,MEDIUM,CRM
CRM002329,Demo Customer 2329,1989-01-01,customer2329@example.invalid,0000002329,DEMO002329,Hyderabad,Telangana,VERIFIED,LOW,CRM
CRM002330,Demo Customer 2330,1990-01-01,customer2330@example.invalid,0000002330,DEMO002330,Pune,Maharashtra,PENDING,LOW,CRM
CRM002331,Demo Customer 2331,1991-01-01,customer2331@example.invalid,0000002331,DEMO002331,Nagpur,Maharashtra,VERIFIED,LOW,CRM
CRM002332,Demo Customer 2332,1992-01-01,customer2332@example.invalid,0000002332,DEMO002332,Bengaluru,Karnataka,PENDING,MEDIUM,CRM
CRM002333,Demo Customer 2333,1993-01-01,customer2333@example.invalid,0000002333,DEMO002333,Nagpur,Maharashtra,VERIFIED,LOW,CRM
CRM002334,Demo Customer 2334,1994-01-01,customer2334@example.invalid,0000002334,DEMO002334,Chennai,Tamil Nadu,VERIFIED,LOW,CRM
CRM002335,Demo Customer 2335,1995-01-01,customer2335@example.invalid,0000002335,DEMO002335,Gurugram,Haryana,VERIFIED,LOW,CRM
CRM002336,Demo Customer 2336,1996-01-01,customer2336@example.invalid,0000002336,DEMO002336,Ahmedabad,Gujarat,VERIFIED,LOW,CRM
CRM002337,Demo Customer 2337,1997-01-01,customer2337@example.invalid,0000002337,DEMO002337,Kolkata,West Bengal,VERIFIED,MEDIUM,CRM
CRM002338,Demo Customer 2338,1998-01-01,customer2338@example.invalid,0000002338,DEMO002338,Pune,Maharashtra,VERIFIED,MEDIUM,CRM
CRM002339,Demo Customer 2339,1999-01-01,customer2339@example.invalid,0000002339,DEMO002339,Bengaluru,Karnataka,VERIFIED,LOW,CRM
CRM002340,Demo Customer 2340,1970-01-01,customer2340@example.invalid,0000002340,DEMO002340,Delhi,Delhi,VERIFIED,MEDIUM,CRM
CRM002341,Demo Customer 2341,1971-01-01,customer2341@example.invalid,0000002341,DEMO002341,Hyderabad,Telangana,VERIFIED,LOW,CRM
CRM002342,Demo Customer 2342,1972-01-01,customer2342@example.invalid,0000002342,DEMO002342,Ahmedabad,Gujarat,VERIFIED,LOW,CRM
CRM002343,Demo Customer 2343,1973-01-01,customer2343@example.invalid,0000002343,DEMO002343,Ahmedabad,Gujarat,VERIFIED,LOW,CRM
CRM002344,Demo Customer 2344,1974-01-01,customer2344@example.invalid,0000002344,DEMO002344,Ahmedabad,Gujarat,VERIFIED,HIGH,CRM
CRM002345,Demo Customer 2345,1975-01-01,customer2345@example.invalid,0000002345,DEMO002345,Hyderabad,Telangana,VERIFIED,LOW,CRM
CRM002346,Demo Customer 2346,1976-01-01,customer2346@example.invalid,0000002346,DEMO002346,Pune,Maharashtra,VERIFIED,LOW,CRM
CRM002347,Demo Customer 2347,1977-01-01,customer2347@example.invalid,0000002347,DEMO002347,Hyderabad,Telangana,PENDING,MEDIUM,CRM
CRM002348,Demo Customer 2348,1978-01-01,customer2348@example.invalid,0000002348,DEMO002348,Chennai,Tamil Nadu,VERIFIED,LOW,CRM
CRM002349,Demo Customer 2349,1979-01-01,customer2349@example.invalid,0000002349,DEMO002349,Mumbai,Maharashtra,PENDING,LOW,CRM
CRM002350,Demo Customer 2350,1980-01-01,customer2350@example.invalid,0000002350,DEMO002350,Hyderabad,Telangana,VERIFIED,LOW,CRM
CRM002351,Demo Customer 2351,1981-01-01,customer2351@example.invalid,0000002351,DEMO002351,Mumbai,Maharashtra,PENDING,LOW,CRM
CRM002352,Demo Customer 2352,1982-01-01,customer2352@example.invalid,0000002352,DEMO002352,Mumbai,Maharashtra,VERIFIED,HIGH,CRM
CRM002353,Demo Customer 2353,1983-01-01,customer2353@example.invalid,0000002353,DEMO002353,Chennai,Tamil Nadu,PENDING,MEDIUM,CRM
CRM002354,Demo Customer 2354,1984-01-01,customer2354@example.invalid,0000002354,DEMO002354,Mumbai,Maharashtra,VERIFIED,MEDIUM,CRM
CRM002355,Demo Customer 2355,1985-01-01,customer2355@example.invalid,0000002355,DEMO002355,Nagpur,Maharashtra,VERIFIED,LOW,CRM
CRM002356,Demo Customer 2356,1986-01-01,customer2356@example.invalid,0000002356,DEMO002356,Mumbai,Maharashtra,VERIFIED,MEDIUM,CRM
CRM002357,Demo Customer 2357,1987-01-01,customer2357@example.invalid,0000002357,DEMO002357,Ahmedabad,Gujarat,VERIFIED,MEDIUM,CRM
CRM002358,Demo Customer 2358,1988-01-01,customer2358@example.invalid,0000002358,DEMO002358,Nagpur,Maharashtra,VERIFIED,MEDIUM,CRM
CRM002359,Demo Customer 2359,1989-01-01,customer2359@example.invalid,0000002359,DEMO002359,Pune,Maharashtra,VERIFIED,LOW,CRM
CRM002360,Demo Customer 2360,1990-01-01,customer2360@example.invalid,0000002360,DEMO002360,Gurugram,Haryana,VERIFIED,LOW,CRM
CRM002361,Demo Customer 2361,1991-01-01,customer2361@example.invalid,0000002361,DEMO002361,Bengaluru,Karnataka,PENDING,LOW,CRM
CRM002362,Demo Customer 2362,1992-01-01,customer2362@example.invalid,0000002362,DEMO002362,Ahmedabad,Gujarat,VERIFIED,HIGH,CRM
CRM002363,Demo Customer 2363,1993-01-01,customer2363@example.invalid,0000002363,DEMO002363,Delhi,Delhi,VERIFIED,LOW,CRM
CRM002364,Demo Customer 2364,1994-01-01,customer2364@example.invalid,0000002364,DEMO002364,Gurugram,Haryana,VERIFIED,LOW,CRM
CRM002365,Demo Customer 2365,1995-01-01,customer2365@example.invalid,0000002365,DEMO002365,Mumbai,Maharashtra,PENDING,MEDIUM,CRM
CRM002366,Demo Customer 2366,1996-01-01,customer2366@example.invalid,0000002366,DEMO002366,Gurugram,Haryana,REJECTED,LOW,CRM
CRM002367,Demo Customer 2367,1997-01-01,customer2367@example.invalid,0000002367,DEMO002367,Chennai,Tamil Nadu,VERIFIED,LOW,CRM
CRM002368,Demo Customer 2368,1998-01-01,customer2368@example.invalid,0000002368,DEMO002368,Gurugram,Haryana,VERIFIED,MEDIUM,CRM
CRM002369,Demo Customer 2369,1999-01-01,customer2369@example.invalid,0000002369,DEMO002369,Gurugram,Haryana,VERIFIED,LOW,CRM
CRM002370,Demo Customer 2370,1970-01-01,customer2370@example.invalid,0000002370,DEMO002370,Kolkata,West Bengal,VERIFIED,HIGH,CRM
CRM002371,Demo Customer 2371,1971-01-01,customer2371@example.invalid,0000002371,DEMO002371,Nagpur,Maharashtra,VERIFIED,LOW,CRM
CRM002372,Demo Customer 2372,1972-01-01,customer2372@example.invalid,0000002372,DEMO002372,Chennai,Tamil Nadu,VERIFIED,MEDIUM,CRM
CRM002373,Demo Customer 2373,1973-01-01,customer2373@example.invalid,0000002373,DEMO002373,Gurugram,Haryana,VERIFIED,LOW,CRM
CRM002374,Demo Customer 2374,1974-01-01,customer2374@example.invalid,0000002374,DEMO002374,Pune,Maharashtra,VERIFIED,MEDIUM,CRM
CRM002375,Demo Customer 2375,1975-01-01,customer2375@example.invalid,0000002375,DEMO002375,Pune,Maharashtra,VERIFIED,LOW,CRM
CRM002376,Demo Customer 2376,1976-01-01,customer2376@example.invalid,0000002376,DEMO002376,Nagpur,Maharashtra,VERIFIED,HIGH,CRM
CRM002377,Demo Customer 2377,1977-01-01,customer2377@example.invalid,0000002377,DEMO002377,Kolkata,West Bengal,VERIFIED,LOW,CRM
CRM002378,Demo Customer 2378,1978-01-01,customer2378@example.invalid,0000002378,DEMO002378,Nagpur,Maharashtra,VERIFIED,MEDIUM,CRM
CRM002379,Demo Customer 2379,1979-01-01,customer2379@example.invalid,0000002379,DEMO002379,Gurugram,Haryana,VERIFIED,LOW,CRM
CRM002380,Demo Customer 2380,1980-01-01,customer2380@example.invalid,0000002380,DEMO002380,Hyderabad,Telangana,VERIFIED,LOW,CRM
CRM002381,Demo Customer 2381,1981-01-01,customer2381@example.invalid,0000002381,DEMO002381,Hyderabad,Telangana,VERIFIED,MEDIUM,CRM
CRM002382,Demo Customer 2382,1982-01-01,customer2382@example.invalid,0000002382,DEMO002382,Chennai,Tamil Nadu,VERIFIED,MEDIUM,CRM
CRM002383,Demo Customer 2383,1983-01-01,customer2383@example.invalid,0000002383,DEMO002383,Gurugram,Haryana,PENDING,LOW,CRM
CRM002384,Demo Customer 2384,1984-01-01,customer2384@example.invalid,0000002384,DEMO002384,Ahmedabad,Gujarat,VERIFIED,HIGH,CRM
CRM002385,Demo Customer 2385,1985-01-01,customer2385@example.invalid,0000002385,DEMO002385,Hyderabad,Telangana,PENDING,LOW,CRM
CRM002386,Demo Customer 2386,1986-01-01,customer2386@example.invalid,0000002386,DEMO002386,Hyderabad,Telangana,VERIFIED,MEDIUM,CRM
CRM002387,Demo Customer 2387,1987-01-01,customer2387@example.invalid,0000002387,DEMO002387,Delhi,Delhi,VERIFIED,LOW,CRM
CRM002388,Demo Customer 2388,1988-01-01,customer2388@example.invalid,0000002388,DEMO002388,Nagpur,Maharashtra,PENDING,LOW,CRM
CRM002389,Demo Customer 2389,1989-01-01,customer2389@example.invalid,0000002389,DEMO002389,Bengaluru,Karnataka,VERIFIED,LOW,CRM
CRM002390,Demo Customer 2390,1990-01-01,customer2390@example.invalid,0000002390,DEMO002390,Delhi,Delhi,VERIFIED,LOW,CRM
CRM002391,Demo Customer 2391,1991-01-01,customer2391@example.invalid,0000002391,DEMO002391,Hyderabad,Telangana,VERIFIED,LOW,CRM
CRM002392,Demo Customer 2392,1992-01-01,customer2392@example.invalid,0000002392,DEMO002392,Kolkata,West Bengal,VERIFIED,LOW,CRM
CRM002393,Demo Customer 2393,1993-01-01,customer2393@example.invalid,0000002393,DEMO002393,Mumbai,Maharashtra,VERIFIED,LOW,CRM
CRM002394,Demo Customer 2394,1994-01-01,customer2394@example.invalid,0000002394,DEMO002394,Hyderabad,Telangana,VERIFIED,LOW,CRM
CRM002395,Demo Customer 2395,1995-01-01,customer2395@example.invalid,0000002395,DEMO002395,Pune,Maharashtra,VERIFIED,LOW,CRM
CRM002396,Demo Customer 2396,1996-01-01,customer2396@example.invalid,0000002396,DEMO002396,Nagpur,Maharashtra,VERIFIED,MEDIUM,CRM
CRM002397,Demo Customer 2397,1997-01-01,customer2397@example.invalid,0000002397,DEMO002397,Bengaluru,Karnataka,VERIFIED,LOW,CRM
CRM002398,Demo Customer 2398,1998-01-01,customer2398@example.invalid,0000002398,DEMO002398,Hyderabad,Telangana,PENDING,MEDIUM,CRM
CRM002399,Demo Customer 2399,1999-01-01,customer2399@example.invalid,0000002399,DEMO002399,Mumbai,Maharashtra,PENDING,MEDIUM,CRM
CRM002400,Demo Customer 2400,1970-01-01,customer2400@example.invalid,0000002400,DEMO002400,Nagpur,Maharashtra,VERIFIED,MEDIUM,CRM
CRM002401,Demo Customer 2401,1971-01-01,customer2401@example.invalid,0000002401,DEMO002401,Pune,Maharashtra,VERIFIED,LOW,CRM
CRM002402,Demo Customer 2402,1972-01-01,customer2402@example.invalid,0000002402,DEMO002402,Kolkata,West Bengal,PENDING,MEDIUM,CRM
CRM002403,Demo Customer 2403,1973-01-01,customer2403@example.invalid,0000002403,DEMO002403,Kolkata,West Bengal,VERIFIED,LOW,CRM
CRM002404,Demo Customer 2404,1974-01-01,customer2404@example.invalid,0000002404,DEMO002404,Delhi,Delhi,PENDING,MEDIUM,CRM
CRM002405,Demo Customer 2405,1975-01-01,customer2405@example.invalid,0000002405,DEMO002405,Gurugram,Haryana,VERIFIED,MEDIUM,CRM
CRM002406,Demo Customer 2406,1976-01-01,customer2406@example.invalid,0000002406,DEMO002406,Pune,Maharashtra,VERIFIED,LOW,CRM
CRM002407,Demo Customer 2407,1977-01-01,customer2407@example.invalid,0000002407,DEMO002407,Gurugram,Haryana,VERIFIED,MEDIUM,CRM
CRM002408,Demo Customer 2408,1978-01-01,customer2408@example.invalid,0000002408,DEMO002408,Ahmedabad,Gujarat,PENDING,LOW,CRM
CRM002409,Demo Customer 2409,1979-01-01,customer2409@example.invalid,0000002409,DEMO002409,Delhi,Delhi,VERIFIED,LOW,CRM
CRM002410,Demo Customer 2410,1980-01-01,customer2410@example.invalid,0000002410,DEMO002410,Pune,Maharashtra,VERIFIED,MEDIUM,CRM
CRM002411,Demo Customer 2411,1981-01-01,customer2411@example.invalid,0000002411,DEMO002411,Mumbai,Maharashtra,VERIFIED,MEDIUM,CRM
CRM002412,Demo Customer 2412,1982-01-01,customer2412@example.invalid,0000002412,DEMO002412,Bengaluru,Karnataka,VERIFIED,HIGH,CRM
CRM002413,Demo Customer 2413,1983-01-01,customer2413@example.invalid,0000002413,DEMO002413,Bengaluru,Karnataka,VERIFIED,LOW,CRM
CRM002414,Demo Customer 2414,1984-01-01,customer2414@example.invalid,0000002414,DEMO002414,Hyderabad,Telangana,VERIFIED,LOW,CRM
CRM002415,Demo Customer 2415,1985-01-01,customer2415@example.invalid,0000002415,DEMO002415,Ahmedabad,Gujarat,VERIFIED,LOW,CRM
CRM002416,Demo Customer 2416,1986-01-01,customer2416@example.invalid,0000002416,DEMO002416,Bengaluru,Karnataka,VERIFIED,LOW,CRM
CRM002417,Demo Customer 2417,1987-01-01,customer2417@example.invalid,0000002417,DEMO002417,Kolkata,West Bengal,VERIFIED,LOW,CRM
CRM002418,Demo Customer 2418,1988-01-01,customer2418@example.invalid,0000002418,DEMO002418,Delhi,Delhi,VERIFIED,LOW,CRM
CRM002419,Demo Customer 2419,1989-01-01,customer2419@example.invalid,0000002419,DEMO002419,Hyderabad,Telangana,VERIFIED,LOW,CRM
CRM002420,Demo Customer 2420,1990-01-01,customer2420@example.invalid,0000002420,DEMO002420,Chennai,Tamil Nadu,VERIFIED,MEDIUM,CRM
CRM002421,Demo Customer 2421,1991-01-01,customer2421@example.invalid,0000002421,DEMO002421,Nagpur,Maharashtra,VERIFIED,LOW,CRM
CRM002422,Demo Customer 2422,1992-01-01,customer2422@example.invalid,0000002422,DEMO002422,Delhi,Delhi,VERIFIED,HIGH,CRM
CRM002423,Demo Customer 2423,1993-01-01,customer2423@example.invalid,0000002423,DEMO002423,Mumbai,Maharashtra,VERIFIED,LOW,CRM
CRM002424,Demo Customer 2424,1994-01-01,customer2424@example.invalid,0000002424,DEMO002424,Chennai,Tamil Nadu,PENDING,MEDIUM,CRM
CRM002425,Demo Customer 2425,1995-01-01,customer2425@example.invalid,0000002425,DEMO002425,Kolkata,West Bengal,VERIFIED,LOW,CRM
CRM002426,Demo Customer 2426,1996-01-01,customer2426@example.invalid,0000002426,DEMO002426,Ahmedabad,Gujarat,VERIFIED,LOW,CRM
CRM002427,Demo Customer 2427,1997-01-01,customer2427@example.invalid,0000002427,DEMO002427,Ahmedabad,Gujarat,VERIFIED,MEDIUM,CRM
CRM002428,Demo Customer 2428,1998-01-01,customer2428@example.invalid,0000002428,DEMO002428,Pune,Maharashtra,PENDING,MEDIUM,CRM
CRM002429,Demo Customer 2429,1999-01-01,customer2429@example.invalid,0000002429,DEMO002429,Hyderabad,Telangana,VERIFIED,LOW,CRM
CRM002430,Demo Customer 2430,1970-01-01,customer2430@example.invalid,0000002430,DEMO002430,Ahmedabad,Gujarat,VERIFIED,MEDIUM,CRM
CRM002431,Demo Customer 2431,1971-01-01,customer2431@example.invalid,0000002431,DEMO002431,Mumbai,Maharashtra,PENDING,LOW,CRM
CRM002432,Demo Customer 2432,1972-01-01,customer2432@example.invalid,0000002432,DEMO002432,Hyderabad,Telangana,PENDING,HIGH,CRM
CRM002433,Demo Customer 2433,1973-01-01,customer2433@example.invalid,0000002433,DEMO002433,Hyderabad,Telangana,VERIFIED,LOW,CRM
CRM002434,Demo Customer 2434,1974-01-01,customer2434@example.invalid,0000002434,DEMO002434,Mumbai,Maharashtra,VERIFIED,LOW,CRM
CRM002435,Demo Customer 2435,1975-01-01,customer2435@example.invalid,0000002435,DEMO002435,Gurugram,Haryana,VERIFIED,LOW,CRM
CRM002436,Demo Customer 2436,1976-01-01,customer2436@example.invalid,0000002436,DEMO002436,Pune,Maharashtra,VERIFIED,LOW,CRM
CRM002437,Demo Customer 2437,1977-01-01,customer2437@example.invalid,0000002437,DEMO002437,Kolkata,West Bengal,PENDING,LOW,CRM
CRM002438,Demo Customer 2438,1978-01-01,customer2438@example.invalid,0000002438,DEMO002438,Kolkata,West Bengal,VERIFIED,LOW,CRM
CRM002439,Demo Customer 2439,1979-01-01,customer2439@example.invalid,0000002439,DEMO002439,Gurugram,Haryana,VERIFIED,LOW,CRM
CRM002440,Demo Customer 2440,1980-01-01,customer2440@example.invalid,0000002440,DEMO002440,Bengaluru,Karnataka,VERIFIED,LOW,CRM
CRM002441,Demo Customer 2441,1981-01-01,customer2441@example.invalid,0000002441,DEMO002441,Nagpur,Maharashtra,VERIFIED,MEDIUM,CRM
CRM002442,Demo Customer 2442,1982-01-01,customer2442@example.invalid,0000002442,DEMO002442,Hyderabad,Telangana,VERIFIED,MEDIUM,CRM
CRM002443,Demo Customer 2443,1983-01-01,customer2443@example.invalid,0000002443,DEMO002443,Ahmedabad,Gujarat,VERIFIED,MEDIUM,CRM
CRM002444,Demo Customer 2444,1984-01-01,customer2444@example.invalid,0000002444,DEMO002444,Mumbai,Maharashtra,PENDING,LOW,CRM
CRM002445,Demo Customer 2445,1985-01-01,customer2445@example.invalid,0000002445,DEMO002445,Mumbai,Maharashtra,VERIFIED,LOW,CRM
CRM002446,Demo Customer 2446,1986-01-01,customer2446@example.invalid,0000002446,DEMO002446,Ahmedabad,Gujarat,VERIFIED,LOW,CRM
CRM002447,Demo Customer 2447,1987-01-01,customer2447@example.invalid,0000002447,DEMO002447,Gurugram,Haryana,VERIFIED,MEDIUM,CRM
CRM002448,Demo Customer 2448,1988-01-01,customer2448@example.invalid,0000002448,DEMO002448,Nagpur,Maharashtra,VERIFIED,HIGH,CRM
CRM002449,Demo Customer 2449,1989-01-01,customer2449@example.invalid,0000002449,DEMO002449,Bengaluru,Karnataka,PENDING,LOW,CRM
CRM002450,Demo Customer 2450,1990-01-01,customer2450@example.invalid,0000002450,DEMO002450,Chennai,Tamil Nadu,VERIFIED,LOW,CRM
CRM002451,Demo Customer 2451,1991-01-01,customer2451@example.invalid,0000002451,DEMO002451,Chennai,Tamil Nadu,VERIFIED,LOW,CRM
CRM002452,Demo Customer 2452,1992-01-01,customer2452@example.invalid,0000002452,DEMO002452,Gurugram,Haryana,PENDING,MEDIUM,CRM
CRM002453,Demo Customer 2453,1993-01-01,customer2453@example.invalid,0000002453,DEMO002453,Bengaluru,Karnataka,VERIFIED,LOW,CRM
CRM002454,Demo Customer 2454,1994-01-01,customer2454@example.invalid,0000002454,DEMO002454,Delhi,Delhi,PENDING,LOW,CRM
CRM002455,Demo Customer 2455,1995-01-01,customer2455@example.invalid,0000002455,DEMO002455,Gurugram,Haryana,VERIFIED,MEDIUM,CRM
CRM002456,Demo Customer 2456,1996-01-01,customer2456@example.invalid,0000002456,DEMO002456,Kolkata,West Bengal,VERIFIED,LOW,CRM
CRM002457,Demo Customer 2457,1997-01-01,customer2457@example.invalid,0000002457,DEMO002457,Chennai,Tamil Nadu,VERIFIED,LOW,CRM
CRM002458,Demo Customer 2458,1998-01-01,customer2458@example.invalid,0000002458,DEMO002458,Delhi,Delhi,VERIFIED,LOW,CRM
CRM002459,Demo Customer 2459,1999-01-01,customer2459@example.invalid,0000002459,DEMO002459,Nagpur,Maharashtra,VERIFIED,LOW,CRM
CRM002460,Demo Customer 2460,1970-01-01,customer2460@example.invalid,0000002460,DEMO002460,Hyderabad,Telangana,VERIFIED,LOW,CRM
CRM002461,Demo Customer 2461,1971-01-01,customer2461@example.invalid,0000002461,DEMO002461,Hyderabad,Telangana,VERIFIED,LOW,CRM
CRM002462,Demo Customer 2462,1972-01-01,customer2462@example.invalid,0000002462,DEMO002462,Nagpur,Maharashtra,PENDING,LOW,CRM
CRM002463,Demo Customer 2463,1973-01-01,customer2463@example.invalid,0000002463,DEMO002463,Ahmedabad,Gujarat,REJECTED,LOW,CRM
CRM002464,Demo Customer 2464,1974-01-01,customer2464@example.invalid,0000002464,DEMO002464,Nagpur,Maharashtra,VERIFIED,MEDIUM,CRM
CRM002465,Demo Customer 2465,1975-01-01,customer2465@example.invalid,0000002465,DEMO002465,Hyderabad,Telangana,VERIFIED,LOW,CRM
CRM002466,Demo Customer 2466,1976-01-01,customer2466@example.invalid,0000002466,DEMO002466,Bengaluru,Karnataka,VERIFIED,LOW,CRM
CRM002467,Demo Customer 2467,1977-01-01,customer2467@example.invalid,0000002467,DEMO002467,Ahmedabad,Gujarat,VERIFIED,HIGH,CRM
CRM002468,Demo Customer 2468,1978-01-01,customer2468@example.invalid,0000002468,DEMO002468,Delhi,Delhi,VERIFIED,LOW,CRM
CRM002469,Demo Customer 2469,1979-01-01,customer2469@example.invalid,0000002469,DEMO002469,Bengaluru,Karnataka,VERIFIED,LOW,CRM
CRM002470,Demo Customer 2470,1980-01-01,customer2470@example.invalid,0000002470,DEMO002470,Chennai,Tamil Nadu,VERIFIED,MEDIUM,CRM
CRM002471,Demo Customer 2471,1981-01-01,customer2471@example.invalid,0000002471,DEMO002471,Delhi,Delhi,PENDING,LOW,CRM
CRM002472,Demo Customer 2472,1982-01-01,customer2472@example.invalid,0000002472,DEMO002472,Bengaluru,Karnataka,VERIFIED,MEDIUM,CRM
CRM002473,Demo Customer 2473,1983-01-01,customer2473@example.invalid,0000002473,DEMO002473,Bengaluru,Karnataka,PENDING,MEDIUM,CRM
CRM002474,Demo Customer 2474,1984-01-01,customer2474@example.invalid,0000002474,DEMO002474,Bengaluru,Karnataka,VERIFIED,LOW,CRM
CRM002475,Demo Customer 2475,1985-01-01,customer2475@example.invalid,0000002475,DEMO002475,Gurugram,Haryana,PENDING,LOW,CRM
CRM002476,Demo Customer 2476,1986-01-01,customer2476@example.invalid,0000002476,DEMO002476,Chennai,Tamil Nadu,VERIFIED,LOW,CRM
CRM002477,Demo Customer 2477,1987-01-01,customer2477@example.invalid,0000002477,DEMO002477,Kolkata,West Bengal,VERIFIED,LOW,CRM
CRM002478,Demo Customer 2478,1988-01-01,customer2478@example.invalid,0000002478,DEMO002478,Delhi,Delhi,VERIFIED,LOW,CRM
CRM002479,Demo Customer 2479,1989-01-01,customer2479@example.invalid,0000002479,DEMO002479,Gurugram,Haryana,VERIFIED,LOW,CRM
CRM002480,Demo Customer 2480,1990-01-01,customer2480@example.invalid,0000002480,DEMO002480,Gurugram,Haryana,VERIFIED,LOW,CRM
CRM002481,Demo Customer 2481,1991-01-01,customer2481@example.invalid,0000002481,DEMO002481,Mumbai,Maharashtra,VERIFIED,LOW,CRM
CRM002482,Demo Customer 2482,1992-01-01,customer2482@example.invalid,0000002482,DEMO002482,Gurugram,Haryana,VERIFIED,HIGH,CRM
CRM002483,Demo Customer 2483,1993-01-01,customer2483@example.invalid,0000002483,DEMO002483,Kolkata,West Bengal,PENDING,LOW,CRM
CRM002484,Demo Customer 2484,1994-01-01,customer2484@example.invalid,0000002484,DEMO002484,Ahmedabad,Gujarat,PENDING,LOW,CRM
CRM002485,Demo Customer 2485,1995-01-01,customer2485@example.invalid,0000002485,DEMO002485,Bengaluru,Karnataka,VERIFIED,LOW,CRM
CRM002486,Demo Customer 2486,1996-01-01,customer2486@example.invalid,0000002486,DEMO002486,Nagpur,Maharashtra,PENDING,LOW,CRM
CRM002487,Demo Customer 2487,1997-01-01,customer2487@example.invalid,0000002487,DEMO002487,Mumbai,Maharashtra,VERIFIED,LOW,CRM
CRM002488,Demo Customer 2488,1998-01-01,customer2488@example.invalid,0000002488,DEMO002488,Delhi,Delhi,VERIFIED,LOW,CRM
CRM002489,Demo Customer 2489,1999-01-01,customer2489@example.invalid,0000002489,DEMO002489,Delhi,Delhi,VERIFIED,LOW,CRM
CRM002490,Demo Customer 2490,1970-01-01,customer2490@example.invalid,0000002490,DEMO002490,Bengaluru,Karnataka,VERIFIED,LOW,CRM
CRM002491,Demo Customer 2491,1971-01-01,customer2491@example.invalid,0000002491,DEMO002491,Chennai,Tamil Nadu,VERIFIED,MEDIUM,CRM
CRM002492,Demo Customer 2492,1972-01-01,customer2492@example.invalid,0000002492,DEMO002492,Pune,Maharashtra,VERIFIED,MEDIUM,CRM
CRM002493,Demo Customer 2493,1973-01-01,customer2493@example.invalid,0000002493,DEMO002493,Pune,Maharashtra,VERIFIED,HIGH,CRM
CRM002494,Demo Customer 2494,1974-01-01,customer2494@example.invalid,0000002494,DEMO002494,Gurugram,Haryana,VERIFIED,LOW,CRM
CRM002495,Demo Customer 2495,1975-01-01,customer2495@example.invalid,0000002495,DEMO002495,Ahmedabad,Gujarat,VERIFIED,LOW,CRM
CRM002496,Demo Customer 2496,1976-01-01,customer2496@example.invalid,0000002496,DEMO002496,Mumbai,Maharashtra,VERIFIED,LOW,CRM
CRM002497,Demo Customer 2497,1977-01-01,customer2497@example.invalid,0000002497,DEMO002497,Bengaluru,Karnataka,VERIFIED,LOW,CRM
CRM002498,Demo Customer 2498,1978-01-01,customer2498@example.invalid,0000002498,DEMO002498,Chennai,Tamil Nadu,VERIFIED,LOW,CRM
CRM002499,Demo Customer 2499,1979-01-01,customer2499@example.invalid,0000002499,DEMO002499,Bengaluru,Karnataka,VERIFIED,MEDIUM,CRM
CRM002500,Demo Customer 2500,1980-01-01,customer2500@example.invalid,0000002500,DEMO002500,Pune,Maharashtra,VERIFIED,MEDIUM,CRM
CRM002501,Demo Customer 2501,1981-01-01,customer2501@example.invalid,0000002501,DEMO002501,Pune,Maharashtra,VERIFIED,LOW,CRM
CRM002502,Demo Customer 2502,1982-01-01,customer2502@example.invalid,0000002502,DEMO002502,Kolkata,West Bengal,PENDING,LOW,CRM
CRM002503,Demo Customer 2503,1983-01-01,customer2503@example.invalid,0000002503,DEMO002503,Kolkata,West Bengal,VERIFIED,LOW,CRM
CRM002504,Demo Customer 2504,1984-01-01,customer2504@example.invalid,0000002504,DEMO002504,Hyderabad,Telangana,VERIFIED,LOW,CRM
CRM002505,Demo Customer 2505,1985-01-01,customer2505@example.invalid,0000002505,DEMO002505,Delhi,Delhi,VERIFIED,LOW,CRM
CRM002506,Demo Customer 2506,1986-01-01,customer2506@example.invalid,0000002506,DEMO002506,Hyderabad,Telangana,VERIFIED,HIGH,CRM
CRM002507,Demo Customer 2507,1987-01-01,customer2507@example.invalid,0000002507,DEMO002507,Gurugram,Haryana,PENDING,LOW,CRM
CRM002508,Demo Customer 2508,1988-01-01,customer2508@example.invalid,0000002508,DEMO002508,Pune,Maharashtra,VERIFIED,LOW,CRM
CRM002509,Demo Customer 2509,1989-01-01,customer2509@example.invalid,0000002509,DEMO002509,Bengaluru,Karnataka,REJECTED,HIGH,CRM
CRM002510,Demo Customer 2510,1990-01-01,customer2510@example.invalid,0000002510,DEMO002510,Gurugram,Haryana,VERIFIED,MEDIUM,CRM
CRM002511,Demo Customer 2511,1991-01-01,customer2511@example.invalid,0000002511,DEMO002511,Delhi,Delhi,VERIFIED,LOW,CRM
CRM002512,Demo Customer 2512,1992-01-01,customer2512@example.invalid,0000002512,DEMO002512,Pune,Maharashtra,VERIFIED,MEDIUM,CRM
CRM002513,Demo Customer 2513,1993-01-01,customer2513@example.invalid,0000002513,DEMO002513,Kolkata,West Bengal,REJECTED,LOW,CRM
CRM002514,Demo Customer 2514,1994-01-01,customer2514@example.invalid,0000002514,DEMO002514,Ahmedabad,Gujarat,VERIFIED,LOW,CRM
CRM002515,Demo Customer 2515,1995-01-01,customer2515@example.invalid,0000002515,DEMO002515,Mumbai,Maharashtra,VERIFIED,LOW,CRM
CRM002516,Demo Customer 2516,1996-01-01,customer2516@example.invalid,0000002516,DEMO002516,Hyderabad,Telangana,VERIFIED,LOW,CRM
CRM002517,Demo Customer 2517,1997-01-01,customer2517@example.invalid,0000002517,DEMO002517,Chennai,Tamil Nadu,VERIFIED,LOW,CRM
CRM002518,Demo Customer 2518,1998-01-01,customer2518@example.invalid,0000002518,DEMO002518,Delhi,Delhi,VERIFIED,LOW,CRM
CRM002519,Demo Customer 2519,1999-01-01,customer2519@example.invalid,0000002519,DEMO002519,Kolkata,West Bengal,PENDING,MEDIUM,CRM
CRM002520,Demo Customer 2520,1970-01-01,customer2520@example.invalid,0000002520,DEMO002520,Chennai,Tamil Nadu,VERIFIED,HIGH,CRM
CRM002521,Demo Customer 2521,1971-01-01,customer2521@example.invalid,0000002521,DEMO002521,Chennai,Tamil Nadu,PENDING,LOW,CRM
CRM002522,Demo Customer 2522,1972-01-01,customer2522@example.invalid,0000002522,DEMO002522,Chennai,Tamil Nadu,VERIFIED,MEDIUM,CRM
CRM002523,Demo Customer 2523,1973-01-01,customer2523@example.invalid,0000002523,DEMO002523,Kolkata,West Bengal,VERIFIED,LOW,CRM
CRM002524,Demo Customer 2524,1974-01-01,customer2524@example.invalid,0000002524,DEMO002524,Kolkata,West Bengal,PENDING,LOW,CRM
CRM002525,Demo Customer 2525,1975-01-01,customer2525@example.invalid,0000002525,DEMO002525,Mumbai,Maharashtra,VERIFIED,HIGH,CRM
CRM002526,Demo Customer 2526,1976-01-01,customer2526@example.invalid,0000002526,DEMO002526,Pune,Maharashtra,VERIFIED,LOW,CRM
CRM002527,Demo Customer 2527,1977-01-01,customer2527@example.invalid,0000002527,DEMO002527,Kolkata,West Bengal,VERIFIED,LOW,CRM
CRM002528,Demo Customer 2528,1978-01-01,customer2528@example.invalid,0000002528,DEMO002528,Kolkata,West Bengal,VERIFIED,HIGH,CRM
CRM002529,Demo Customer 2529,1979-01-01,customer2529@example.invalid,0000002529,DEMO002529,Hyderabad,Telangana,VERIFIED,MEDIUM,CRM
CRM002530,Demo Customer 2530,1980-01-01,customer2530@example.invalid,0000002530,DEMO002530,Gurugram,Haryana,VERIFIED,MEDIUM,CRM
CRM002531,Demo Customer 2531,1981-01-01,customer2531@example.invalid,0000002531,DEMO002531,Nagpur,Maharashtra,VERIFIED,LOW,CRM
CRM002532,Demo Customer 2532,1982-01-01,customer2532@example.invalid,0000002532,DEMO002532,Hyderabad,Telangana,VERIFIED,LOW,CRM
CRM002533,Demo Customer 2533,1983-01-01,customer2533@example.invalid,0000002533,DEMO002533,Bengaluru,Karnataka,VERIFIED,LOW,CRM
CRM002534,Demo Customer 2534,1984-01-01,customer2534@example.invalid,0000002534,DEMO002534,Ahmedabad,Gujarat,VERIFIED,MEDIUM,CRM
CRM002535,Demo Customer 2535,1985-01-01,customer2535@example.invalid,0000002535,DEMO002535,Ahmedabad,Gujarat,VERIFIED,MEDIUM,CRM
CRM002536,Demo Customer 2536,1986-01-01,customer2536@example.invalid,0000002536,DEMO002536,Nagpur,Maharashtra,PENDING,LOW,CRM
CRM002537,Demo Customer 2537,1987-01-01,customer2537@example.invalid,0000002537,DEMO002537,Pune,Maharashtra,VERIFIED,MEDIUM,CRM
CRM002538,Demo Customer 2538,1988-01-01,customer2538@example.invalid,0000002538,DEMO002538,Nagpur,Maharashtra,VERIFIED,LOW,CRM
CRM002539,Demo Customer 2539,1989-01-01,customer2539@example.invalid,0000002539,DEMO002539,Bengaluru,Karnataka,VERIFIED,LOW,CRM
CRM002540,Demo Customer 2540,1990-01-01,customer2540@example.invalid,0000002540,DEMO002540,Ahmedabad,Gujarat,VERIFIED,LOW,CRM
CRM002541,Demo Customer 2541,1991-01-01,customer2541@example.invalid,0000002541,DEMO002541,Hyderabad,Telangana,VERIFIED,LOW,CRM
CRM002542,Demo Customer 2542,1992-01-01,customer2542@example.invalid,0000002542,DEMO002542,Bengaluru,Karnataka,VERIFIED,LOW,CRM
CRM002543,Demo Customer 2543,1993-01-01,customer2543@example.invalid,0000002543,DEMO002543,Pune,Maharashtra,VERIFIED,MEDIUM,CRM
CRM002544,Demo Customer 2544,1994-01-01,customer2544@example.invalid,0000002544,DEMO002544,Bengaluru,Karnataka,VERIFIED,LOW,CRM
CRM002545,Demo Customer 2545,1995-01-01,customer2545@example.invalid,0000002545,DEMO002545,Gurugram,Haryana,VERIFIED,LOW,CRM
CRM002546,Demo Customer 2546,1996-01-01,customer2546@example.invalid,0000002546,DEMO002546,Ahmedabad,Gujarat,PENDING,LOW,CRM
CRM002547,Demo Customer 2547,1997-01-01,customer2547@example.invalid,0000002547,DEMO002547,Nagpur,Maharashtra,VERIFIED,LOW,CRM
CRM002548,Demo Customer 2548,1998-01-01,customer2548@example.invalid,0000002548,DEMO002548,Bengaluru,Karnataka,VERIFIED,LOW,CRM
CRM002549,Demo Customer 2549,1999-01-01,customer2549@example.invalid,0000002549,DEMO002549,Hyderabad,Telangana,VERIFIED,MEDIUM,CRM
CRM002550,Demo Customer 2550,1970-01-01,customer2550@example.invalid,0000002550,DEMO002550,Gurugram,Haryana,PENDING,HIGH,CRM
CRM002551,Demo Customer 2551,1971-01-01,customer2551@example.invalid,0000002551,DEMO002551,Mumbai,Maharashtra,PENDING,LOW,CRM
CRM002552,Demo Customer 2552,1972-01-01,customer2552@example.invalid,0000002552,DEMO002552,Hyderabad,Telangana,VERIFIED,LOW,CRM
CRM002553,Demo Customer 2553,1973-01-01,customer2553@example.invalid,0000002553,DEMO002553,Bengaluru,Karnataka,VERIFIED,MEDIUM,CRM
CRM002554,Demo Customer 2554,1974-01-01,customer2554@example.invalid,0000002554,DEMO002554,Hyderabad,Telangana,PENDING,LOW,CRM
CRM002555,Demo Customer 2555,1975-01-01,customer2555@example.invalid,0000002555,DEMO002555,Pune,Maharashtra,VERIFIED,MEDIUM,CRM
CRM002556,Demo Customer 2556,1976-01-01,customer2556@example.invalid,0000002556,DEMO002556,Bengaluru,Karnataka,VERIFIED,LOW,CRM
CRM002557,Demo Customer 2557,1977-01-01,customer2557@example.invalid,0000002557,DEMO002557,Mumbai,Maharashtra,VERIFIED,LOW,CRM
CRM002558,Demo Customer 2558,1978-01-01,customer2558@example.invalid,0000002558,DEMO002558,Bengaluru,Karnataka,VERIFIED,LOW,CRM
CRM002559,Demo Customer 2559,1979-01-01,customer2559@example.invalid,0000002559,DEMO002559,Gurugram,Haryana,PENDING,LOW,CRM
CRM002560,Demo Customer 2560,1980-01-01,customer2560@example.invalid,0000002560,DEMO002560,Delhi,Delhi,VERIFIED,LOW,CRM
CRM002561,Demo Customer 2561,1981-01-01,customer2561@example.invalid,0000002561,DEMO002561,Bengaluru,Karnataka,VERIFIED,LOW,CRM
CRM002562,Demo Customer 2562,1982-01-01,customer2562@example.invalid,0000002562,DEMO002562,Kolkata,West Bengal,VERIFIED,LOW,CRM
CRM002563,Demo Customer 2563,1983-01-01,customer2563@example.invalid,0000002563,DEMO002563,Mumbai,Maharashtra,VERIFIED,LOW,CRM
CRM002564,Demo Customer 2564,1984-01-01,customer2564@example.invalid,0000002564,DEMO002564,Pune,Maharashtra,VERIFIED,LOW,CRM
CRM002565,Demo Customer 2565,1985-01-01,customer2565@example.invalid,0000002565,DEMO002565,Kolkata,West Bengal,VERIFIED,HIGH,CRM
CRM002566,Demo Customer 2566,1986-01-01,customer2566@example.invalid,0000002566,DEMO002566,Hyderabad,Telangana,VERIFIED,LOW,CRM
CRM002567,Demo Customer 2567,1987-01-01,customer2567@example.invalid,0000002567,DEMO002567,Bengaluru,Karnataka,VERIFIED,LOW,CRM
CRM002568,Demo Customer 2568,1988-01-01,customer2568@example.invalid,0000002568,DEMO002568,Hyderabad,Telangana,VERIFIED,LOW,CRM
CRM002569,Demo Customer 2569,1989-01-01,customer2569@example.invalid,0000002569,DEMO002569,Ahmedabad,Gujarat,VERIFIED,HIGH,CRM
CRM002570,Demo Customer 2570,1990-01-01,customer2570@example.invalid,0000002570,DEMO002570,Kolkata,West Bengal,VERIFIED,LOW,CRM
CRM002571,Demo Customer 2571,1991-01-01,customer2571@example.invalid,0000002571,DEMO002571,Ahmedabad,Gujarat,VERIFIED,HIGH,CRM
CRM002572,Demo Customer 2572,1992-01-01,customer2572@example.invalid,0000002572,DEMO002572,Bengaluru,Karnataka,VERIFIED,LOW,CRM
CRM002573,Demo Customer 2573,1993-01-01,customer2573@example.invalid,0000002573,DEMO002573,Nagpur,Maharashtra,VERIFIED,MEDIUM,CRM
CRM002574,Demo Customer 2574,1994-01-01,customer2574@example.invalid,0000002574,DEMO002574,Ahmedabad,Gujarat,VERIFIED,LOW,CRM
CRM002575,Demo Customer 2575,1995-01-01,customer2575@example.invalid,0000002575,DEMO002575,Pune,Maharashtra,VERIFIED,LOW,CRM
CRM002576,Demo Customer 2576,1996-01-01,customer2576@example.invalid,0000002576,DEMO002576,Hyderabad,Telangana,VERIFIED,LOW,CRM
CRM002577,Demo Customer 2577,1997-01-01,customer2577@example.invalid,0000002577,DEMO002577,Bengaluru,Karnataka,VERIFIED,LOW,CRM
CRM002578,Demo Customer 2578,1998-01-01,customer2578@example.invalid,0000002578,DEMO002578,Gurugram,Haryana,VERIFIED,HIGH,CRM
CRM002579,Demo Customer 2579,1999-01-01,customer2579@example.invalid,0000002579,DEMO002579,Kolkata,West Bengal,VERIFIED,MEDIUM,CRM
CRM002580,Demo Customer 2580,1970-01-01,customer2580@example.invalid,0000002580,DEMO002580,Mumbai,Maharashtra,VERIFIED,MEDIUM,CRM
CRM002581,Demo Customer 2581,1971-01-01,customer2581@example.invalid,0000002581,DEMO002581,Hyderabad,Telangana,PENDING,LOW,CRM
CRM002582,Demo Customer 2582,1972-01-01,customer2582@example.invalid,0000002582,DEMO002582,Kolkata,West Bengal,VERIFIED,MEDIUM,CRM
CRM002583,Demo Customer 2583,1973-01-01,customer2583@example.invalid,0000002583,DEMO002583,Kolkata,West Bengal,PENDING,MEDIUM,CRM
CRM002584,Demo Customer 2584,1974-01-01,customer2584@example.invalid,0000002584,DEMO002584,Gurugram,Haryana,VERIFIED,LOW,CRM
CRM002585,Demo Customer 2585,1975-01-01,customer2585@example.invalid,0000002585,DEMO002585,Delhi,Delhi,PENDING,LOW,CRM
CRM002586,Demo Customer 2586,1976-01-01,customer2586@example.invalid,0000002586,DEMO002586,Delhi,Delhi,VERIFIED,MEDIUM,CRM
CRM002587,Demo Customer 2587,1977-01-01,customer2587@example.invalid,0000002587,DEMO002587,Delhi,Delhi,VERIFIED,MEDIUM,CRM
CRM002588,Demo Customer 2588,1978-01-01,customer2588@example.invalid,0000002588,DEMO002588,Chennai,Tamil Nadu,VERIFIED,MEDIUM,CRM
CRM002589,Demo Customer 2589,1979-01-01,customer2589@example.invalid,0000002589,DEMO002589,Ahmedabad,Gujarat,VERIFIED,MEDIUM,CRM
CRM002590,Demo Customer 2590,1980-01-01,customer2590@example.invalid,0000002590,DEMO002590,Delhi,Delhi,VERIFIED,LOW,CRM
CRM002591,Demo Customer 2591,1981-01-01,customer2591@example.invalid,0000002591,DEMO002591,Ahmedabad,Gujarat,VERIFIED,MEDIUM,CRM
CRM002592,Demo Customer 2592,1982-01-01,customer2592@example.invalid,0000002592,DEMO002592,Ahmedabad,Gujarat,VERIFIED,MEDIUM,CRM
CRM002593,Demo Customer 2593,1983-01-01,customer2593@example.invalid,0000002593,DEMO002593,Bengaluru,Karnataka,VERIFIED,LOW,CRM
CRM002594,Demo Customer 2594,1984-01-01,customer2594@example.invalid,0000002594,DEMO002594,Chennai,Tamil Nadu,VERIFIED,LOW,CRM
CRM002595,Demo Customer 2595,1985-01-01,customer2595@example.invalid,0000002595,DEMO002595,Mumbai,Maharashtra,VERIFIED,LOW,CRM
CRM002596,Demo Customer 2596,1986-01-01,customer2596@example.invalid,0000002596,DEMO002596,Kolkata,West Bengal,VERIFIED,LOW,CRM
CRM002597,Demo Customer 2597,1987-01-01,customer2597@example.invalid,0000002597,DEMO002597,Mumbai,Maharashtra,VERIFIED,LOW,CRM
CRM002598,Demo Customer 2598,1988-01-01,customer2598@example.invalid,0000002598,DEMO002598,Chennai,Tamil Nadu,PENDING,LOW,CRM
CRM002599,Demo Customer 2599,1989-01-01,customer2599@example.invalid,0000002599,DEMO002599,Delhi,Delhi,VERIFIED,LOW,CRM
CRM002600,Demo Customer 2600,1990-01-01,customer2600@example.invalid,0000002600,DEMO002600,Mumbai,Maharashtra,PENDING,LOW,CRM
CRM002601,Demo Customer 2601,1991-01-01,customer2601@example.invalid,0000002601,DEMO002601,Nagpur,Maharashtra,VERIFIED,LOW,CRM
CRM002602,Demo Customer 2602,1992-01-01,customer2602@example.invalid,0000002602,DEMO002602,Gurugram,Haryana,VERIFIED,MEDIUM,CRM
CRM002603,Demo Customer 2603,1993-01-01,customer2603@example.invalid,0000002603,DEMO002603,Mumbai,Maharashtra,PENDING,LOW,CRM
CRM002604,Demo Customer 2604,1994-01-01,customer2604@example.invalid,0000002604,DEMO002604,Kolkata,West Bengal,VERIFIED,LOW,CRM
CRM002605,Demo Customer 2605,1995-01-01,customer2605@example.invalid,0000002605,DEMO002605,Bengaluru,Karnataka,VERIFIED,LOW,CRM
CRM002606,Demo Customer 2606,1996-01-01,customer2606@example.invalid,0000002606,DEMO002606,Kolkata,West Bengal,PENDING,MEDIUM,CRM
CRM002607,Demo Customer 2607,1997-01-01,customer2607@example.invalid,0000002607,DEMO002607,Bengaluru,Karnataka,VERIFIED,LOW,CRM
CRM002608,Demo Customer 2608,1998-01-01,customer2608@example.invalid,0000002608,DEMO002608,Kolkata,West Bengal,VERIFIED,LOW,CRM
CRM002609,Demo Customer 2609,1999-01-01,customer2609@example.invalid,0000002609,DEMO002609,Hyderabad,Telangana,VERIFIED,LOW,CRM
CRM002610,Demo Customer 2610,1970-01-01,customer2610@example.invalid,0000002610,DEMO002610,Gurugram,Haryana,PENDING,LOW,CRM
CRM002611,Demo Customer 2611,1971-01-01,customer2611@example.invalid,0000002611,DEMO002611,Chennai,Tamil Nadu,VERIFIED,LOW,CRM
CRM002612,Demo Customer 2612,1972-01-01,customer2612@example.invalid,0000002612,DEMO002612,Kolkata,West Bengal,VERIFIED,LOW,CRM
CRM002613,Demo Customer 2613,1973-01-01,customer2613@example.invalid,0000002613,DEMO002613,Kolkata,West Bengal,VERIFIED,LOW,CRM
CRM002614,Demo Customer 2614,1974-01-01,customer2614@example.invalid,0000002614,DEMO002614,Chennai,Tamil Nadu,PENDING,HIGH,CRM
CRM002615,Demo Customer 2615,1975-01-01,customer2615@example.invalid,0000002615,DEMO002615,Chennai,Tamil Nadu,VERIFIED,LOW,CRM
CRM002616,Demo Customer 2616,1976-01-01,customer2616@example.invalid,0000002616,DEMO002616,Bengaluru,Karnataka,VERIFIED,HIGH,CRM
CRM002617,Demo Customer 2617,1977-01-01,customer2617@example.invalid,0000002617,DEMO002617,Hyderabad,Telangana,VERIFIED,LOW,CRM
CRM002618,Demo Customer 2618,1978-01-01,customer2618@example.invalid,0000002618,DEMO002618,Mumbai,Maharashtra,VERIFIED,LOW,CRM
CRM002619,Demo Customer 2619,1979-01-01,customer2619@example.invalid,0000002619,DEMO002619,Mumbai,Maharashtra,PENDING,LOW,CRM
CRM002620,Demo Customer 2620,1980-01-01,customer2620@example.invalid,0000002620,DEMO002620,Nagpur,Maharashtra,VERIFIED,HIGH,CRM
CRM002621,Demo Customer 2621,1981-01-01,customer2621@example.invalid,0000002621,DEMO002621,Bengaluru,Karnataka,PENDING,LOW,CRM
CRM002622,Demo Customer 2622,1982-01-01,customer2622@example.invalid,0000002622,DEMO002622,Kolkata,West Bengal,VERIFIED,MEDIUM,CRM
CRM002623,Demo Customer 2623,1983-01-01,customer2623@example.invalid,0000002623,DEMO002623,Mumbai,Maharashtra,VERIFIED,LOW,CRM
CRM002624,Demo Customer 2624,1984-01-01,customer2624@example.invalid,0000002624,DEMO002624,Chennai,Tamil Nadu,VERIFIED,LOW,CRM
CRM002625,Demo Customer 2625,1985-01-01,customer2625@example.invalid,0000002625,DEMO002625,Kolkata,West Bengal,VERIFIED,LOW,CRM
CRM002626,Demo Customer 2626,1986-01-01,customer2626@example.invalid,0000002626,DEMO002626,Pune,Maharashtra,VERIFIED,LOW,CRM
CRM002627,Demo Customer 2627,1987-01-01,customer2627@example.invalid,0000002627,DEMO002627,Chennai,Tamil Nadu,VERIFIED,LOW,CRM
CRM002628,Demo Customer 2628,1988-01-01,customer2628@example.invalid,0000002628,DEMO002628,Chennai,Tamil Nadu,PENDING,LOW,CRM
CRM002629,Demo Customer 2629,1989-01-01,customer2629@example.invalid,0000002629,DEMO002629,Chennai,Tamil Nadu,VERIFIED,LOW,CRM
CRM002630,Demo Customer 2630,1990-01-01,customer2630@example.invalid,0000002630,DEMO002630,Delhi,Delhi,VERIFIED,LOW,CRM
CRM002631,Demo Customer 2631,1991-01-01,customer2631@example.invalid,0000002631,DEMO002631,Kolkata,West Bengal,VERIFIED,LOW,CRM
CRM002632,Demo Customer 2632,1992-01-01,customer2632@example.invalid,0000002632,DEMO002632,Delhi,Delhi,VERIFIED,MEDIUM,CRM
CRM002633,Demo Customer 2633,1993-01-01,customer2633@example.invalid,0000002633,DEMO002633,Delhi,Delhi,VERIFIED,LOW,CRM
CRM002634,Demo Customer 2634,1994-01-01,customer2634@example.invalid,0000002634,DEMO002634,Mumbai,Maharashtra,REJECTED,MEDIUM,CRM
CRM002635,Demo Customer 2635,1995-01-01,customer2635@example.invalid,0000002635,DEMO002635,Hyderabad,Telangana,VERIFIED,LOW,CRM
CRM002636,Demo Customer 2636,1996-01-01,customer2636@example.invalid,0000002636,DEMO002636,Ahmedabad,Gujarat,VERIFIED,LOW,CRM
CRM002637,Demo Customer 2637,1997-01-01,customer2637@example.invalid,0000002637,DEMO002637,Pune,Maharashtra,VERIFIED,MEDIUM,CRM
CRM002638,Demo Customer 2638,1998-01-01,customer2638@example.invalid,0000002638,DEMO002638,Hyderabad,Telangana,VERIFIED,HIGH,CRM
CRM002639,Demo Customer 2639,1999-01-01,customer2639@example.invalid,0000002639,DEMO002639,Pune,Maharashtra,VERIFIED,LOW,CRM
CRM002640,Demo Customer 2640,1970-01-01,customer2640@example.invalid,0000002640,DEMO002640,Pune,Maharashtra,VERIFIED,MEDIUM,CRM
CRM002641,Demo Customer 2641,1971-01-01,customer2641@example.invalid,0000002641,DEMO002641,Chennai,Tamil Nadu,PENDING,LOW,CRM
CRM002642,Demo Customer 2642,1972-01-01,customer2642@example.invalid,0000002642,DEMO002642,Delhi,Delhi,PENDING,MEDIUM,CRM
CRM002643,Demo Customer 2643,1973-01-01,customer2643@example.invalid,0000002643,DEMO002643,Delhi,Delhi,VERIFIED,LOW,CRM
CRM002644,Demo Customer 2644,1974-01-01,customer2644@example.invalid,0000002644,DEMO002644,Bengaluru,Karnataka,VERIFIED,LOW,CRM
CRM002645,Demo Customer 2645,1975-01-01,customer2645@example.invalid,0000002645,DEMO002645,Nagpur,Maharashtra,VERIFIED,HIGH,CRM
CRM002646,Demo Customer 2646,1976-01-01,customer2646@example.invalid,0000002646,DEMO002646,Delhi,Delhi,VERIFIED,MEDIUM,CRM
CRM002647,Demo Customer 2647,1977-01-01,customer2647@example.invalid,0000002647,DEMO002647,Kolkata,West Bengal,VERIFIED,MEDIUM,CRM
CRM002648,Demo Customer 2648,1978-01-01,customer2648@example.invalid,0000002648,DEMO002648,Mumbai,Maharashtra,VERIFIED,LOW,CRM
CRM002649,Demo Customer 2649,1979-01-01,customer2649@example.invalid,0000002649,DEMO002649,Bengaluru,Karnataka,VERIFIED,MEDIUM,CRM
CRM002650,Demo Customer 2650,1980-01-01,customer2650@example.invalid,0000002650,DEMO002650,Kolkata,West Bengal,VERIFIED,MEDIUM,CRM
CRM002651,Demo Customer 2651,1981-01-01,customer2651@example.invalid,0000002651,DEMO002651,Bengaluru,Karnataka,PENDING,LOW,CRM
CRM002652,Demo Customer 2652,1982-01-01,customer2652@example.invalid,0000002652,DEMO002652,Pune,Maharashtra,VERIFIED,LOW,CRM
CRM002653,Demo Customer 2653,1983-01-01,customer2653@example.invalid,0000002653,DEMO002653,Bengaluru,Karnataka,VERIFIED,LOW,CRM
CRM002654,Demo Customer 2654,1984-01-01,customer2654@example.invalid,0000002654,DEMO002654,Chennai,Tamil Nadu,VERIFIED,LOW,CRM
CRM002655,Demo Customer 2655,1985-01-01,customer2655@example.invalid,0000002655,DEMO002655,Gurugram,Haryana,VERIFIED,HIGH,CRM
CRM002656,Demo Customer 2656,1986-01-01,customer2656@example.invalid,0000002656,DEMO002656,Ahmedabad,Gujarat,VERIFIED,LOW,CRM
CRM002657,Demo Customer 2657,1987-01-01,customer2657@example.invalid,0000002657,DEMO002657,Gurugram,Haryana,VERIFIED,LOW,CRM
CRM002658,Demo Customer 2658,1988-01-01,customer2658@example.invalid,0000002658,DEMO002658,Chennai,Tamil Nadu,VERIFIED,LOW,CRM
CRM002659,Demo Customer 2659,1989-01-01,customer2659@example.invalid,0000002659,DEMO002659,Bengaluru,Karnataka,VERIFIED,LOW,CRM
CRM002660,Demo Customer 2660,1990-01-01,customer2660@example.invalid,0000002660,DEMO002660,Nagpur,Maharashtra,VERIFIED,LOW,CRM
CRM002661,Demo Customer 2661,1991-01-01,customer2661@example.invalid,0000002661,DEMO002661,Kolkata,West Bengal,VERIFIED,LOW,CRM
CRM002662,Demo Customer 2662,1992-01-01,customer2662@example.invalid,0000002662,DEMO002662,Pune,Maharashtra,VERIFIED,LOW,CRM
CRM002663,Demo Customer 2663,1993-01-01,customer2663@example.invalid,0000002663,DEMO002663,Pune,Maharashtra,VERIFIED,LOW,CRM
CRM002664,Demo Customer 2664,1994-01-01,customer2664@example.invalid,0000002664,DEMO002664,Gurugram,Haryana,VERIFIED,MEDIUM,CRM
CRM002665,Demo Customer 2665,1995-01-01,customer2665@example.invalid,0000002665,DEMO002665,Ahmedabad,Gujarat,VERIFIED,LOW,CRM
CRM002666,Demo Customer 2666,1996-01-01,customer2666@example.invalid,0000002666,DEMO002666,Hyderabad,Telangana,VERIFIED,LOW,CRM
CRM002667,Demo Customer 2667,1997-01-01,customer2667@example.invalid,0000002667,DEMO002667,Chennai,Tamil Nadu,VERIFIED,MEDIUM,CRM
CRM002668,Demo Customer 2668,1998-01-01,customer2668@example.invalid,0000002668,DEMO002668,Delhi,Delhi,PENDING,LOW,CRM
CRM002669,Demo Customer 2669,1999-01-01,customer2669@example.invalid,0000002669,DEMO002669,Gurugram,Haryana,VERIFIED,LOW,CRM
CRM002670,Demo Customer 2670,1970-01-01,customer2670@example.invalid,0000002670,DEMO002670,Bengaluru,Karnataka,VERIFIED,LOW,CRM
CRM002671,Demo Customer 2671,1971-01-01,customer2671@example.invalid,0000002671,DEMO002671,Chennai,Tamil Nadu,VERIFIED,LOW,CRM
CRM002672,Demo Customer 2672,1972-01-01,customer2672@example.invalid,0000002672,DEMO002672,Delhi,Delhi,VERIFIED,LOW,CRM
CRM002673,Demo Customer 2673,1973-01-01,customer2673@example.invalid,0000002673,DEMO002673,Bengaluru,Karnataka,VERIFIED,LOW,CRM
CRM002674,Demo Customer 2674,1974-01-01,customer2674@example.invalid,0000002674,DEMO002674,Chennai,Tamil Nadu,PENDING,LOW,CRM
CRM002675,Demo Customer 2675,1975-01-01,customer2675@example.invalid,0000002675,DEMO002675,Nagpur,Maharashtra,VERIFIED,MEDIUM,CRM
CRM002676,Demo Customer 2676,1976-01-01,customer2676@example.invalid,0000002676,DEMO002676,Gurugram,Haryana,PENDING,MEDIUM,CRM
CRM002677,Demo Customer 2677,1977-01-01,customer2677@example.invalid,0000002677,DEMO002677,Ahmedabad,Gujarat,VERIFIED,LOW,CRM
CRM002678,Demo Customer 2678,1978-01-01,customer2678@example.invalid,0000002678,DEMO002678,Delhi,Delhi,VERIFIED,LOW,CRM
CRM002679,Demo Customer 2679,1979-01-01,customer2679@example.invalid,0000002679,DEMO002679,Gurugram,Haryana,VERIFIED,HIGH,CRM
CRM002680,Demo Customer 2680,1980-01-01,customer2680@example.invalid,0000002680,DEMO002680,Nagpur,Maharashtra,VERIFIED,LOW,CRM
CRM002681,Demo Customer 2681,1981-01-01,customer2681@example.invalid,0000002681,DEMO002681,Kolkata,West Bengal,VERIFIED,LOW,CRM
CRM002682,Demo Customer 2682,1982-01-01,customer2682@example.invalid,0000002682,DEMO002682,Pune,Maharashtra,VERIFIED,HIGH,CRM
CRM002683,Demo Customer 2683,1983-01-01,customer2683@example.invalid,0000002683,DEMO002683,Delhi,Delhi,VERIFIED,LOW,CRM
CRM002684,Demo Customer 2684,1984-01-01,customer2684@example.invalid,0000002684,DEMO002684,Hyderabad,Telangana,VERIFIED,LOW,CRM
CRM002685,Demo Customer 2685,1985-01-01,customer2685@example.invalid,0000002685,DEMO002685,Delhi,Delhi,PENDING,HIGH,CRM
CRM002686,Demo Customer 2686,1986-01-01,customer2686@example.invalid,0000002686,DEMO002686,Kolkata,West Bengal,VERIFIED,LOW,CRM
CRM002687,Demo Customer 2687,1987-01-01,customer2687@example.invalid,0000002687,DEMO002687,Chennai,Tamil Nadu,VERIFIED,MEDIUM,CRM
CRM002688,Demo Customer 2688,1988-01-01,customer2688@example.invalid,0000002688,DEMO002688,Hyderabad,Telangana,VERIFIED,LOW,CRM
CRM002689,Demo Customer 2689,1989-01-01,customer2689@example.invalid,0000002689,DEMO002689,Chennai,Tamil Nadu,VERIFIED,MEDIUM,CRM
CRM002690,Demo Customer 2690,1990-01-01,customer2690@example.invalid,0000002690,DEMO002690,Chennai,Tamil Nadu,VERIFIED,LOW,CRM
CRM002691,Demo Customer 2691,1991-01-01,customer2691@example.invalid,0000002691,DEMO002691,Mumbai,Maharashtra,VERIFIED,LOW,CRM
CRM002692,Demo Customer 2692,1992-01-01,customer2692@example.invalid,0000002692,DEMO002692,Nagpur,Maharashtra,VERIFIED,LOW,CRM
CRM002693,Demo Customer 2693,1993-01-01,customer2693@example.invalid,0000002693,DEMO002693,Pune,Maharashtra,VERIFIED,MEDIUM,CRM
CRM002694,Demo Customer 2694,1994-01-01,customer2694@example.invalid,0000002694,DEMO002694,Chennai,Tamil Nadu,VERIFIED,MEDIUM,CRM
CRM002695,Demo Customer 2695,1995-01-01,customer2695@example.invalid,0000002695,DEMO002695,Nagpur,Maharashtra,VERIFIED,LOW,CRM
CRM002696,Demo Customer 2696,1996-01-01,customer2696@example.invalid,0000002696,DEMO002696,Bengaluru,Karnataka,VERIFIED,LOW,CRM
CRM002697,Demo Customer 2697,1997-01-01,customer2697@example.invalid,0000002697,DEMO002697,Gurugram,Haryana,VERIFIED,LOW,CRM
CRM002698,Demo Customer 2698,1998-01-01,customer2698@example.invalid,0000002698,DEMO002698,Pune,Maharashtra,VERIFIED,MEDIUM,CRM
CRM002699,Demo Customer 2699,1999-01-01,customer2699@example.invalid,0000002699,DEMO002699,Mumbai,Maharashtra,VERIFIED,LOW,CRM
CRM002700,Demo Customer 2700,1970-01-01,customer2700@example.invalid,0000002700,DEMO002700,Mumbai,Maharashtra,VERIFIED,LOW,CRM
CRM002701,Demo Customer 2701,1971-01-01,customer2701@example.invalid,0000002701,DEMO002701,Gurugram,Haryana,PENDING,HIGH,CRM
CRM002702,Demo Customer 2702,1972-01-01,customer2702@example.invalid,0000002702,DEMO002702,Bengaluru,Karnataka,VERIFIED,MEDIUM,CRM
CRM002703,Demo Customer 2703,1973-01-01,customer2703@example.invalid,0000002703,DEMO002703,Nagpur,Maharashtra,VERIFIED,LOW,CRM
CRM002704,Demo Customer 2704,1974-01-01,customer2704@example.invalid,0000002704,DEMO002704,Mumbai,Maharashtra,VERIFIED,MEDIUM,CRM
CRM002705,Demo Customer 2705,1975-01-01,customer2705@example.invalid,0000002705,DEMO002705,Ahmedabad,Gujarat,VERIFIED,LOW,CRM
CRM002706,Demo Customer 2706,1976-01-01,customer2706@example.invalid,0000002706,DEMO002706,Mumbai,Maharashtra,VERIFIED,LOW,CRM
CRM002707,Demo Customer 2707,1977-01-01,customer2707@example.invalid,0000002707,DEMO002707,Hyderabad,Telangana,PENDING,LOW,CRM
CRM002708,Demo Customer 2708,1978-01-01,customer2708@example.invalid,0000002708,DEMO002708,Delhi,Delhi,PENDING,LOW,CRM
CRM002709,Demo Customer 2709,1979-01-01,customer2709@example.invalid,0000002709,DEMO002709,Bengaluru,Karnataka,VERIFIED,LOW,CRM
CRM002710,Demo Customer 2710,1980-01-01,customer2710@example.invalid,0000002710,DEMO002710,Ahmedabad,Gujarat,VERIFIED,MEDIUM,CRM
CRM002711,Demo Customer 2711,1981-01-01,customer2711@example.invalid,0000002711,DEMO002711,Hyderabad,Telangana,VERIFIED,LOW,CRM
CRM002712,Demo Customer 2712,1982-01-01,customer2712@example.invalid,0000002712,DEMO002712,Hyderabad,Telangana,VERIFIED,MEDIUM,CRM
CRM002713,Demo Customer 2713,1983-01-01,customer2713@example.invalid,0000002713,DEMO002713,Gurugram,Haryana,VERIFIED,LOW,CRM
CRM002714,Demo Customer 2714,1984-01-01,customer2714@example.invalid,0000002714,DEMO002714,Delhi,Delhi,VERIFIED,LOW,CRM
CRM002715,Demo Customer 2715,1985-01-01,customer2715@example.invalid,0000002715,DEMO002715,Pune,Maharashtra,PENDING,LOW,CRM
CRM002716,Demo Customer 2716,1986-01-01,customer2716@example.invalid,0000002716,DEMO002716,Nagpur,Maharashtra,VERIFIED,LOW,CRM
CRM002717,Demo Customer 2717,1987-01-01,customer2717@example.invalid,0000002717,DEMO002717,Hyderabad,Telangana,PENDING,LOW,CRM
CRM002718,Demo Customer 2718,1988-01-01,customer2718@example.invalid,0000002718,DEMO002718,Delhi,Delhi,PENDING,LOW,CRM
CRM002719,Demo Customer 2719,1989-01-01,customer2719@example.invalid,0000002719,DEMO002719,Hyderabad,Telangana,VERIFIED,HIGH,CRM
CRM002720,Demo Customer 2720,1990-01-01,customer2720@example.invalid,0000002720,DEMO002720,Pune,Maharashtra,VERIFIED,LOW,CRM
CRM002721,Demo Customer 2721,1991-01-01,customer2721@example.invalid,0000002721,DEMO002721,Delhi,Delhi,VERIFIED,LOW,CRM
CRM002722,Demo Customer 2722,1992-01-01,customer2722@example.invalid,0000002722,DEMO002722,Chennai,Tamil Nadu,VERIFIED,LOW,CRM
CRM002723,Demo Customer 2723,1993-01-01,customer2723@example.invalid,0000002723,DEMO002723,Nagpur,Maharashtra,VERIFIED,LOW,CRM
CRM002724,Demo Customer 2724,1994-01-01,customer2724@example.invalid,0000002724,DEMO002724,Kolkata,West Bengal,VERIFIED,MEDIUM,CRM
CRM002725,Demo Customer 2725,1995-01-01,customer2725@example.invalid,0000002725,DEMO002725,Pune,Maharashtra,VERIFIED,LOW,CRM
CRM002726,Demo Customer 2726,1996-01-01,customer2726@example.invalid,0000002726,DEMO002726,Gurugram,Haryana,PENDING,LOW,CRM
CRM002727,Demo Customer 2727,1997-01-01,customer2727@example.invalid,0000002727,DEMO002727,Nagpur,Maharashtra,VERIFIED,LOW,CRM
CRM002728,Demo Customer 2728,1998-01-01,customer2728@example.invalid,0000002728,DEMO002728,Mumbai,Maharashtra,VERIFIED,LOW,CRM
CRM002729,Demo Customer 2729,1999-01-01,customer2729@example.invalid,0000002729,DEMO002729,Kolkata,West Bengal,VERIFIED,MEDIUM,CRM
CRM002730,Demo Customer 2730,1970-01-01,customer2730@example.invalid,0000002730,DEMO002730,Pune,Maharashtra,VERIFIED,LOW,CRM
CRM002731,Demo Customer 2731,1971-01-01,customer2731@example.invalid,0000002731,DEMO002731,Ahmedabad,Gujarat,VERIFIED,MEDIUM,CRM
CRM002732,Demo Customer 2732,1972-01-01,customer2732@example.invalid,0000002732,DEMO002732,Pune,Maharashtra,VERIFIED,LOW,CRM
CRM002733,Demo Customer 2733,1973-01-01,customer2733@example.invalid,0000002733,DEMO002733,Nagpur,Maharashtra,VERIFIED,LOW,CRM
CRM002734,Demo Customer 2734,1974-01-01,customer2734@example.invalid,0000002734,DEMO002734,Hyderabad,Telangana,VERIFIED,MEDIUM,CRM
CRM002735,Demo Customer 2735,1975-01-01,customer2735@example.invalid,0000002735,DEMO002735,Gurugram,Haryana,VERIFIED,LOW,CRM
CRM002736,Demo Customer 2736,1976-01-01,customer2736@example.invalid,0000002736,DEMO002736,Delhi,Delhi,VERIFIED,LOW,CRM
CRM002737,Demo Customer 2737,1977-01-01,customer2737@example.invalid,0000002737,DEMO002737,Pune,Maharashtra,REJECTED,LOW,CRM
CRM002738,Demo Customer 2738,1978-01-01,customer2738@example.invalid,0000002738,DEMO002738,Delhi,Delhi,PENDING,HIGH,CRM
CRM002739,Demo Customer 2739,1979-01-01,customer2739@example.invalid,0000002739,DEMO002739,Chennai,Tamil Nadu,VERIFIED,LOW,CRM
CRM002740,Demo Customer 2740,1980-01-01,customer2740@example.invalid,0000002740,DEMO002740,Pune,Maharashtra,VERIFIED,LOW,CRM
CRM002741,Demo Customer 2741,1981-01-01,customer2741@example.invalid,0000002741,DEMO002741,Pune,Maharashtra,VERIFIED,LOW,CRM
CRM002742,Demo Customer 2742,1982-01-01,customer2742@example.invalid,0000002742,DEMO002742,Ahmedabad,Gujarat,VERIFIED,MEDIUM,CRM
CRM002743,Demo Customer 2743,1983-01-01,customer2743@example.invalid,0000002743,DEMO002743,Pune,Maharashtra,VERIFIED,MEDIUM,CRM
CRM002744,Demo Customer 2744,1984-01-01,customer2744@example.invalid,0000002744,DEMO002744,Mumbai,Maharashtra,VERIFIED,LOW,CRM
CRM002745,Demo Customer 2745,1985-01-01,customer2745@example.invalid,0000002745,DEMO002745,Kolkata,West Bengal,PENDING,MEDIUM,CRM
CRM002746,Demo Customer 2746,1986-01-01,customer2746@example.invalid,0000002746,DEMO002746,Mumbai,Maharashtra,VERIFIED,MEDIUM,CRM
CRM002747,Demo Customer 2747,1987-01-01,customer2747@example.invalid,0000002747,DEMO002747,Pune,Maharashtra,VERIFIED,MEDIUM,CRM
CRM002748,Demo Customer 2748,1988-01-01,customer2748@example.invalid,0000002748,DEMO002748,Gurugram,Haryana,VERIFIED,LOW,CRM
CRM002749,Demo Customer 2749,1989-01-01,customer2749@example.invalid,0000002749,DEMO002749,Bengaluru,Karnataka,VERIFIED,LOW,CRM
CRM002750,Demo Customer 2750,1990-01-01,customer2750@example.invalid,0000002750,DEMO002750,Delhi,Delhi,VERIFIED,LOW,CRM
CRM002751,Demo Customer 2751,1991-01-01,customer2751@example.invalid,0000002751,DEMO002751,Nagpur,Maharashtra,VERIFIED,LOW,CRM
CRM002752,Demo Customer 2752,1992-01-01,customer2752@example.invalid,0000002752,DEMO002752,Ahmedabad,Gujarat,VERIFIED,LOW,CRM
CRM002753,Demo Customer 2753,1993-01-01,customer2753@example.invalid,0000002753,DEMO002753,Bengaluru,Karnataka,VERIFIED,LOW,CRM
CRM002754,Demo Customer 2754,1994-01-01,customer2754@example.invalid,0000002754,DEMO002754,Hyderabad,Telangana,VERIFIED,LOW,CRM
CRM002755,Demo Customer 2755,1995-01-01,customer2755@example.invalid,0000002755,DEMO002755,Mumbai,Maharashtra,VERIFIED,LOW,CRM
CRM002756,Demo Customer 2756,1996-01-01,customer2756@example.invalid,0000002756,DEMO002756,Pune,Maharashtra,PENDING,LOW,CRM
CRM002757,Demo Customer 2757,1997-01-01,customer2757@example.invalid,0000002757,DEMO002757,Ahmedabad,Gujarat,VERIFIED,LOW,CRM
CRM002758,Demo Customer 2758,1998-01-01,customer2758@example.invalid,0000002758,DEMO002758,Ahmedabad,Gujarat,VERIFIED,LOW,CRM
CRM002759,Demo Customer 2759,1999-01-01,customer2759@example.invalid,0000002759,DEMO002759,Delhi,Delhi,PENDING,HIGH,CRM
CRM002760,Demo Customer 2760,1970-01-01,customer2760@example.invalid,0000002760,DEMO002760,Pune,Maharashtra,PENDING,MEDIUM,CRM
CRM002761,Demo Customer 2761,1971-01-01,customer2761@example.invalid,0000002761,DEMO002761,Ahmedabad,Gujarat,VERIFIED,MEDIUM,CRM
CRM002762,Demo Customer 2762,1972-01-01,customer2762@example.invalid,0000002762,DEMO002762,Nagpur,Maharashtra,REJECTED,LOW,CRM
CRM002763,Demo Customer 2763,1973-01-01,customer2763@example.invalid,0000002763,DEMO002763,Hyderabad,Telangana,VERIFIED,LOW,CRM
CRM002764,Demo Customer 2764,1974-01-01,customer2764@example.invalid,0000002764,DEMO002764,Mumbai,Maharashtra,VERIFIED,LOW,CRM
CRM002765,Demo Customer 2765,1975-01-01,customer2765@example.invalid,0000002765,DEMO002765,Nagpur,Maharashtra,VERIFIED,LOW,CRM
CRM002766,Demo Customer 2766,1976-01-01,customer2766@example.invalid,0000002766,DEMO002766,Mumbai,Maharashtra,VERIFIED,LOW,CRM
CRM002767,Demo Customer 2767,1977-01-01,customer2767@example.invalid,0000002767,DEMO002767,Delhi,Delhi,VERIFIED,LOW,CRM
CRM002768,Demo Customer 2768,1978-01-01,customer2768@example.invalid,0000002768,DEMO002768,Chennai,Tamil Nadu,VERIFIED,LOW,CRM
CRM002769,Demo Customer 2769,1979-01-01,customer2769@example.invalid,0000002769,DEMO002769,Delhi,Delhi,VERIFIED,LOW,CRM
CRM002770,Demo Customer 2770,1980-01-01,customer2770@example.invalid,0000002770,DEMO002770,Kolkata,West Bengal,VERIFIED,MEDIUM,CRM
CRM002771,Demo Customer 2771,1981-01-01,customer2771@example.invalid,0000002771,DEMO002771,Delhi,Delhi,VERIFIED,LOW,CRM
CRM002772,Demo Customer 2772,1982-01-01,customer2772@example.invalid,0000002772,DEMO002772,Gurugram,Haryana,PENDING,MEDIUM,CRM
CRM002773,Demo Customer 2773,1983-01-01,customer2773@example.invalid,0000002773,DEMO002773,Mumbai,Maharashtra,VERIFIED,LOW,CRM
CRM002774,Demo Customer 2774,1984-01-01,customer2774@example.invalid,0000002774,DEMO002774,Bengaluru,Karnataka,VERIFIED,MEDIUM,CRM
CRM002775,Demo Customer 2775,1985-01-01,customer2775@example.invalid,0000002775,DEMO002775,Gurugram,Haryana,VERIFIED,MEDIUM,CRM
CRM002776,Demo Customer 2776,1986-01-01,customer2776@example.invalid,0000002776,DEMO002776,Pune,Maharashtra,VERIFIED,MEDIUM,CRM
CRM002777,Demo Customer 2777,1987-01-01,customer2777@example.invalid,0000002777,DEMO002777,Nagpur,Maharashtra,VERIFIED,MEDIUM,CRM
CRM002778,Demo Customer 2778,1988-01-01,customer2778@example.invalid,0000002778,DEMO002778,Chennai,Tamil Nadu,VERIFIED,LOW,CRM
CRM002779,Demo Customer 2779,1989-01-01,customer2779@example.invalid,0000002779,DEMO002779,Nagpur,Maharashtra,VERIFIED,LOW,CRM
CRM002780,Demo Customer 2780,1990-01-01,customer2780@example.invalid,0000002780,DEMO002780,Kolkata,West Bengal,VERIFIED,MEDIUM,CRM
CRM002781,Demo Customer 2781,1991-01-01,customer2781@example.invalid,0000002781,DEMO002781,Pune,Maharashtra,VERIFIED,MEDIUM,CRM
CRM002782,Demo Customer 2782,1992-01-01,customer2782@example.invalid,0000002782,DEMO002782,Chennai,Tamil Nadu,VERIFIED,LOW,CRM
CRM002783,Demo Customer 2783,1993-01-01,customer2783@example.invalid,0000002783,DEMO002783,Chennai,Tamil Nadu,VERIFIED,MEDIUM,CRM
CRM002784,Demo Customer 2784,1994-01-01,customer2784@example.invalid,0000002784,DEMO002784,Pune,Maharashtra,VERIFIED,LOW,CRM
CRM002785,Demo Customer 2785,1995-01-01,customer2785@example.invalid,0000002785,DEMO002785,Mumbai,Maharashtra,VERIFIED,MEDIUM,CRM
CRM002786,Demo Customer 2786,1996-01-01,customer2786@example.invalid,0000002786,DEMO002786,Mumbai,Maharashtra,VERIFIED,HIGH,CRM
CRM002787,Demo Customer 2787,1997-01-01,customer2787@example.invalid,0000002787,DEMO002787,Delhi,Delhi,VERIFIED,LOW,CRM
CRM002788,Demo Customer 2788,1998-01-01,customer2788@example.invalid,0000002788,DEMO002788,Kolkata,West Bengal,VERIFIED,LOW,CRM
CRM002789,Demo Customer 2789,1999-01-01,customer2789@example.invalid,0000002789,DEMO002789,Ahmedabad,Gujarat,PENDING,LOW,CRM
CRM002790,Demo Customer 2790,1970-01-01,customer2790@example.invalid,0000002790,DEMO002790,Mumbai,Maharashtra,VERIFIED,LOW,CRM
CRM002791,Demo Customer 2791,1971-01-01,customer2791@example.invalid,0000002791,DEMO002791,Kolkata,West Bengal,PENDING,MEDIUM,CRM
CRM002792,Demo Customer 2792,1972-01-01,customer2792@example.invalid,0000002792,DEMO002792,Kolkata,West Bengal,VERIFIED,LOW,CRM
CRM002793,Demo Customer 2793,1973-01-01,customer2793@example.invalid,0000002793,DEMO002793,Hyderabad,Telangana,VERIFIED,LOW,CRM
CRM002794,Demo Customer 2794,1974-01-01,customer2794@example.invalid,0000002794,DEMO002794,Hyderabad,Telangana,VERIFIED,LOW,CRM
CRM002795,Demo Customer 2795,1975-01-01,customer2795@example.invalid,0000002795,DEMO002795,Gurugram,Haryana,VERIFIED,LOW,CRM
CRM002796,Demo Customer 2796,1976-01-01,customer2796@example.invalid,0000002796,DEMO002796,Hyderabad,Telangana,PENDING,LOW,CRM
CRM002797,Demo Customer 2797,1977-01-01,customer2797@example.invalid,0000002797,DEMO002797,Nagpur,Maharashtra,VERIFIED,MEDIUM,CRM
CRM002798,Demo Customer 2798,1978-01-01,customer2798@example.invalid,0000002798,DEMO002798,Delhi,Delhi,VERIFIED,LOW,CRM
CRM002799,Demo Customer 2799,1979-01-01,customer2799@example.invalid,0000002799,DEMO002799,Ahmedabad,Gujarat,VERIFIED,LOW,CRM
CRM002800,Demo Customer 2800,1980-01-01,customer2800@example.invalid,0000002800,DEMO002800,Nagpur,Maharashtra,VERIFIED,HIGH,CRM
CRM002801,Demo Customer 2801,1981-01-01,customer2801@example.invalid,0000002801,DEMO002801,Mumbai,Maharashtra,VERIFIED,LOW,CRM
CRM002802,Demo Customer 2802,1982-01-01,customer2802@example.invalid,0000002802,DEMO002802,Bengaluru,Karnataka,PENDING,HIGH,CRM
CRM002803,Demo Customer 2803,1983-01-01,customer2803@example.invalid,0000002803,DEMO002803,Mumbai,Maharashtra,PENDING,LOW,CRM
CRM002804,Demo Customer 2804,1984-01-01,customer2804@example.invalid,0000002804,DEMO002804,Bengaluru,Karnataka,VERIFIED,MEDIUM,CRM
CRM002805,Demo Customer 2805,1985-01-01,customer2805@example.invalid,0000002805,DEMO002805,Pune,Maharashtra,VERIFIED,MEDIUM,CRM
CRM002806,Demo Customer 2806,1986-01-01,customer2806@example.invalid,0000002806,DEMO002806,Kolkata,West Bengal,VERIFIED,LOW,CRM
CRM002807,Demo Customer 2807,1987-01-01,customer2807@example.invalid,0000002807,DEMO002807,Gurugram,Haryana,VERIFIED,LOW,CRM
CRM002808,Demo Customer 2808,1988-01-01,customer2808@example.invalid,0000002808,DEMO002808,Hyderabad,Telangana,PENDING,LOW,CRM
CRM002809,Demo Customer 2809,1989-01-01,customer2809@example.invalid,0000002809,DEMO002809,Chennai,Tamil Nadu,PENDING,LOW,CRM
CRM002810,Demo Customer 2810,1990-01-01,customer2810@example.invalid,0000002810,DEMO002810,Mumbai,Maharashtra,VERIFIED,MEDIUM,CRM
CRM002811,Demo Customer 2811,1991-01-01,customer2811@example.invalid,0000002811,DEMO002811,Gurugram,Haryana,VERIFIED,MEDIUM,CRM
CRM002812,Demo Customer 2812,1992-01-01,customer2812@example.invalid,0000002812,DEMO002812,Ahmedabad,Gujarat,VERIFIED,LOW,CRM
CRM002813,Demo Customer 2813,1993-01-01,customer2813@example.invalid,0000002813,DEMO002813,Kolkata,West Bengal,VERIFIED,HIGH,CRM
CRM002814,Demo Customer 2814,1994-01-01,customer2814@example.invalid,0000002814,DEMO002814,Hyderabad,Telangana,VERIFIED,LOW,CRM
CRM002815,Demo Customer 2815,1995-01-01,customer2815@example.invalid,0000002815,DEMO002815,Hyderabad,Telangana,REJECTED,LOW,CRM
CRM002816,Demo Customer 2816,1996-01-01,customer2816@example.invalid,0000002816,DEMO002816,Mumbai,Maharashtra,VERIFIED,LOW,CRM
CRM002817,Demo Customer 2817,1997-01-01,customer2817@example.invalid,0000002817,DEMO002817,Chennai,Tamil Nadu,VERIFIED,LOW,CRM
CRM002818,Demo Customer 2818,1998-01-01,customer2818@example.invalid,0000002818,DEMO002818,Bengaluru,Karnataka,PENDING,LOW,CRM
CRM002819,Demo Customer 2819,1999-01-01,customer2819@example.invalid,0000002819,DEMO002819,Hyderabad,Telangana,VERIFIED,LOW,CRM
CRM002820,Demo Customer 2820,1970-01-01,customer2820@example.invalid,0000002820,DEMO002820,Hyderabad,Telangana,VERIFIED,LOW,CRM
CRM002821,Demo Customer 2821,1971-01-01,customer2821@example.invalid,0000002821,DEMO002821,Nagpur,Maharashtra,VERIFIED,MEDIUM,CRM
CRM002822,Demo Customer 2822,1972-01-01,customer2822@example.invalid,0000002822,DEMO002822,Delhi,Delhi,VERIFIED,LOW,CRM
CRM002823,Demo Customer 2823,1973-01-01,customer2823@example.invalid,0000002823,DEMO002823,Bengaluru,Karnataka,VERIFIED,MEDIUM,CRM
CRM002824,Demo Customer 2824,1974-01-01,customer2824@example.invalid,0000002824,DEMO002824,Hyderabad,Telangana,PENDING,LOW,CRM
CRM002825,Demo Customer 2825,1975-01-01,customer2825@example.invalid,0000002825,DEMO002825,Chennai,Tamil Nadu,VERIFIED,MEDIUM,CRM
CRM002826,Demo Customer 2826,1976-01-01,customer2826@example.invalid,0000002826,DEMO002826,Hyderabad,Telangana,VERIFIED,MEDIUM,CRM
CRM002827,Demo Customer 2827,1977-01-01,customer2827@example.invalid,0000002827,DEMO002827,Pune,Maharashtra,VERIFIED,MEDIUM,CRM
CRM002828,Demo Customer 2828,1978-01-01,customer2828@example.invalid,0000002828,DEMO002828,Bengaluru,Karnataka,VERIFIED,LOW,CRM
CRM002829,Demo Customer 2829,1979-01-01,customer2829@example.invalid,0000002829,DEMO002829,Bengaluru,Karnataka,VERIFIED,LOW,CRM
CRM002830,Demo Customer 2830,1980-01-01,customer2830@example.invalid,0000002830,DEMO002830,Chennai,Tamil Nadu,VERIFIED,MEDIUM,CRM
CRM002831,Demo Customer 2831,1981-01-01,customer2831@example.invalid,0000002831,DEMO002831,Bengaluru,Karnataka,REJECTED,HIGH,CRM
CRM002832,Demo Customer 2832,1982-01-01,customer2832@example.invalid,0000002832,DEMO002832,Pune,Maharashtra,PENDING,LOW,CRM
CRM002833,Demo Customer 2833,1983-01-01,customer2833@example.invalid,0000002833,DEMO002833,Kolkata,West Bengal,PENDING,LOW,CRM
CRM002834,Demo Customer 2834,1984-01-01,customer2834@example.invalid,0000002834,DEMO002834,Pune,Maharashtra,VERIFIED,LOW,CRM
CRM002835,Demo Customer 2835,1985-01-01,customer2835@example.invalid,0000002835,DEMO002835,Ahmedabad,Gujarat,VERIFIED,LOW,CRM
CRM002836,Demo Customer 2836,1986-01-01,customer2836@example.invalid,0000002836,DEMO002836,Chennai,Tamil Nadu,REJECTED,LOW,CRM
CRM002837,Demo Customer 2837,1987-01-01,customer2837@example.invalid,0000002837,DEMO002837,Chennai,Tamil Nadu,PENDING,LOW,CRM
CRM002838,Demo Customer 2838,1988-01-01,customer2838@example.invalid,0000002838,DEMO002838,Kolkata,West Bengal,PENDING,LOW,CRM
CRM002839,Demo Customer 2839,1989-01-01,customer2839@example.invalid,0000002839,DEMO002839,Nagpur,Maharashtra,VERIFIED,MEDIUM,CRM
CRM002840,Demo Customer 2840,1990-01-01,customer2840@example.invalid,0000002840,DEMO002840,Delhi,Delhi,VERIFIED,LOW,CRM
CRM002841,Demo Customer 2841,1991-01-01,customer2841@example.invalid,0000002841,DEMO002841,Ahmedabad,Gujarat,VERIFIED,LOW,CRM
CRM002842,Demo Customer 2842,1992-01-01,customer2842@example.invalid,0000002842,DEMO002842,Nagpur,Maharashtra,VERIFIED,LOW,CRM
CRM002843,Demo Customer 2843,1993-01-01,customer2843@example.invalid,0000002843,DEMO002843,Bengaluru,Karnataka,VERIFIED,MEDIUM,CRM
CRM002844,Demo Customer 2844,1994-01-01,customer2844@example.invalid,0000002844,DEMO002844,Mumbai,Maharashtra,VERIFIED,LOW,CRM
CRM002845,Demo Customer 2845,1995-01-01,customer2845@example.invalid,0000002845,DEMO002845,Pune,Maharashtra,PENDING,LOW,CRM
CRM002846,Demo Customer 2846,1996-01-01,customer2846@example.invalid,0000002846,DEMO002846,Chennai,Tamil Nadu,VERIFIED,LOW,CRM
CRM002847,Demo Customer 2847,1997-01-01,customer2847@example.invalid,0000002847,DEMO002847,Bengaluru,Karnataka,VERIFIED,LOW,CRM
CRM002848,Demo Customer 2848,1998-01-01,customer2848@example.invalid,0000002848,DEMO002848,Pune,Maharashtra,VERIFIED,LOW,CRM
CRM002849,Demo Customer 2849,1999-01-01,customer2849@example.invalid,0000002849,DEMO002849,Kolkata,West Bengal,REJECTED,LOW,CRM
CRM002850,Demo Customer 2850,1970-01-01,customer2850@example.invalid,0000002850,DEMO002850,Gurugram,Haryana,VERIFIED,MEDIUM,CRM
CRM002851,Demo Customer 2851,1971-01-01,customer2851@example.invalid,0000002851,DEMO002851,Chennai,Tamil Nadu,VERIFIED,LOW,CRM
CRM002852,Demo Customer 2852,1972-01-01,customer2852@example.invalid,0000002852,DEMO002852,Bengaluru,Karnataka,PENDING,LOW,CRM
CRM002853,Demo Customer 2853,1973-01-01,customer2853@example.invalid,0000002853,DEMO002853,Mumbai,Maharashtra,VERIFIED,LOW,CRM
CRM002854,Demo Customer 2854,1974-01-01,customer2854@example.invalid,0000002854,DEMO002854,Hyderabad,Telangana,VERIFIED,MEDIUM,CRM
CRM002855,Demo Customer 2855,1975-01-01,customer2855@example.invalid,0000002855,DEMO002855,Nagpur,Maharashtra,VERIFIED,LOW,CRM
CRM002856,Demo Customer 2856,1976-01-01,customer2856@example.invalid,0000002856,DEMO002856,Chennai,Tamil Nadu,VERIFIED,LOW,CRM
CRM002857,Demo Customer 2857,1977-01-01,customer2857@example.invalid,0000002857,DEMO002857,Kolkata,West Bengal,PENDING,LOW,CRM
CRM002858,Demo Customer 2858,1978-01-01,customer2858@example.invalid,0000002858,DEMO002858,Ahmedabad,Gujarat,VERIFIED,MEDIUM,CRM
CRM002859,Demo Customer 2859,1979-01-01,customer2859@example.invalid,0000002859,DEMO002859,Nagpur,Maharashtra,VERIFIED,LOW,CRM
CRM002860,Demo Customer 2860,1980-01-01,customer2860@example.invalid,0000002860,DEMO002860,Ahmedabad,Gujarat,VERIFIED,MEDIUM,CRM
CRM002861,Demo Customer 2861,1981-01-01,customer2861@example.invalid,0000002861,DEMO002861,Chennai,Tamil Nadu,VERIFIED,LOW,CRM
CRM002862,Demo Customer 2862,1982-01-01,customer2862@example.invalid,0000002862,DEMO002862,Hyderabad,Telangana,PENDING,MEDIUM,CRM
CRM002863,Demo Customer 2863,1983-01-01,customer2863@example.invalid,0000002863,DEMO002863,Hyderabad,Telangana,PENDING,MEDIUM,CRM
CRM002864,Demo Customer 2864,1984-01-01,customer2864@example.invalid,0000002864,DEMO002864,Chennai,Tamil Nadu,VERIFIED,LOW,CRM
CRM002865,Demo Customer 2865,1985-01-01,customer2865@example.invalid,0000002865,DEMO002865,Hyderabad,Telangana,PENDING,LOW,CRM
CRM002866,Demo Customer 2866,1986-01-01,customer2866@example.invalid,0000002866,DEMO002866,Pune,Maharashtra,VERIFIED,MEDIUM,CRM
CRM002867,Demo Customer 2867,1987-01-01,customer2867@example.invalid,0000002867,DEMO002867,Ahmedabad,Gujarat,VERIFIED,LOW,CRM
CRM002868,Demo Customer 2868,1988-01-01,customer2868@example.invalid,0000002868,DEMO002868,Pune,Maharashtra,VERIFIED,MEDIUM,CRM
CRM002869,Demo Customer 2869,1989-01-01,customer2869@example.invalid,0000002869,DEMO002869,Mumbai,Maharashtra,VERIFIED,LOW,CRM
CRM002870,Demo Customer 2870,1990-01-01,customer2870@example.invalid,0000002870,DEMO002870,Chennai,Tamil Nadu,VERIFIED,MEDIUM,CRM
CRM002871,Demo Customer 2871,1991-01-01,customer2871@example.invalid,0000002871,DEMO002871,Kolkata,West Bengal,VERIFIED,LOW,CRM
CRM002872,Demo Customer 2872,1992-01-01,customer2872@example.invalid,0000002872,DEMO002872,Pune,Maharashtra,VERIFIED,LOW,CRM
CRM002873,Demo Customer 2873,1993-01-01,customer2873@example.invalid,0000002873,DEMO002873,Ahmedabad,Gujarat,VERIFIED,LOW,CRM
CRM002874,Demo Customer 2874,1994-01-01,customer2874@example.invalid,0000002874,DEMO002874,Bengaluru,Karnataka,VERIFIED,LOW,CRM
CRM002875,Demo Customer 2875,1995-01-01,customer2875@example.invalid,0000002875,DEMO002875,Delhi,Delhi,VERIFIED,LOW,CRM
CRM002876,Demo Customer 2876,1996-01-01,customer2876@example.invalid,0000002876,DEMO002876,Gurugram,Haryana,VERIFIED,LOW,CRM
CRM002877,Demo Customer 2877,1997-01-01,customer2877@example.invalid,0000002877,DEMO002877,Ahmedabad,Gujarat,VERIFIED,MEDIUM,CRM
CRM002878,Demo Customer 2878,1998-01-01,customer2878@example.invalid,0000002878,DEMO002878,Kolkata,West Bengal,VERIFIED,MEDIUM,CRM
CRM002879,Demo Customer 2879,1999-01-01,customer2879@example.invalid,0000002879,DEMO002879,Hyderabad,Telangana,VERIFIED,LOW,CRM
CRM002880,Demo Customer 2880,1970-01-01,customer2880@example.invalid,0000002880,DEMO002880,Kolkata,West Bengal,VERIFIED,LOW,CRM
CRM002881,Demo Customer 2881,1971-01-01,customer2881@example.invalid,0000002881,DEMO002881,Bengaluru,Karnataka,VERIFIED,LOW,CRM
CRM002882,Demo Customer 2882,1972-01-01,customer2882@example.invalid,0000002882,DEMO002882,Nagpur,Maharashtra,VERIFIED,LOW,CRM
CRM002883,Demo Customer 2883,1973-01-01,customer2883@example.invalid,0000002883,DEMO002883,Pune,Maharashtra,VERIFIED,LOW,CRM
CRM002884,Demo Customer 2884,1974-01-01,customer2884@example.invalid,0000002884,DEMO002884,Hyderabad,Telangana,VERIFIED,MEDIUM,CRM
CRM002885,Demo Customer 2885,1975-01-01,customer2885@example.invalid,0000002885,DEMO002885,Mumbai,Maharashtra,VERIFIED,LOW,CRM
CRM002886,Demo Customer 2886,1976-01-01,customer2886@example.invalid,0000002886,DEMO002886,Kolkata,West Bengal,VERIFIED,LOW,CRM
CRM002887,Demo Customer 2887,1977-01-01,customer2887@example.invalid,0000002887,DEMO002887,Mumbai,Maharashtra,VERIFIED,LOW,CRM
CRM002888,Demo Customer 2888,1978-01-01,customer2888@example.invalid,0000002888,DEMO002888,Mumbai,Maharashtra,VERIFIED,MEDIUM,CRM
CRM002889,Demo Customer 2889,1979-01-01,customer2889@example.invalid,0000002889,DEMO002889,Mumbai,Maharashtra,VERIFIED,LOW,CRM
CRM002890,Demo Customer 2890,1980-01-01,customer2890@example.invalid,0000002890,DEMO002890,Kolkata,West Bengal,VERIFIED,MEDIUM,CRM
CRM002891,Demo Customer 2891,1981-01-01,customer2891@example.invalid,0000002891,DEMO002891,Ahmedabad,Gujarat,VERIFIED,LOW,CRM
CRM002892,Demo Customer 2892,1982-01-01,customer2892@example.invalid,0000002892,DEMO002892,Mumbai,Maharashtra,PENDING,MEDIUM,CRM
CRM002893,Demo Customer 2893,1983-01-01,customer2893@example.invalid,0000002893,DEMO002893,Pune,Maharashtra,VERIFIED,LOW,CRM
CRM002894,Demo Customer 2894,1984-01-01,customer2894@example.invalid,0000002894,DEMO002894,Gurugram,Haryana,VERIFIED,LOW,CRM
CRM002895,Demo Customer 2895,1985-01-01,customer2895@example.invalid,0000002895,DEMO002895,Nagpur,Maharashtra,VERIFIED,LOW,CRM
CRM002896,Demo Customer 2896,1986-01-01,customer2896@example.invalid,0000002896,DEMO002896,Bengaluru,Karnataka,VERIFIED,LOW,CRM
CRM002897,Demo Customer 2897,1987-01-01,customer2897@example.invalid,0000002897,DEMO002897,Bengaluru,Karnataka,VERIFIED,MEDIUM,CRM
CRM002898,Demo Customer 2898,1988-01-01,customer2898@example.invalid,0000002898,DEMO002898,Hyderabad,Telangana,VERIFIED,LOW,CRM
CRM002899,Demo Customer 2899,1989-01-01,customer2899@example.invalid,0000002899,DEMO002899,Hyderabad,Telangana,PENDING,LOW,CRM
CRM002900,Demo Customer 2900,1990-01-01,customer2900@example.invalid,0000002900,DEMO002900,Pune,Maharashtra,VERIFIED,LOW,CRM
CRM002901,Demo Customer 2901,1991-01-01,customer2901@example.invalid,0000002901,DEMO002901,Gurugram,Haryana,VERIFIED,LOW,CRM
CRM002902,Demo Customer 2902,1992-01-01,customer2902@example.invalid,0000002902,DEMO002902,Pune,Maharashtra,VERIFIED,MEDIUM,CRM
CRM002903,Demo Customer 2903,1993-01-01,customer2903@example.invalid,0000002903,DEMO002903,Chennai,Tamil Nadu,VERIFIED,LOW,CRM
CRM002904,Demo Customer 2904,1994-01-01,customer2904@example.invalid,0000002904,DEMO002904,Chennai,Tamil Nadu,VERIFIED,LOW,CRM
CRM002905,Demo Customer 2905,1995-01-01,customer2905@example.invalid,0000002905,DEMO002905,Ahmedabad,Gujarat,VERIFIED,MEDIUM,CRM
CRM002906,Demo Customer 2906,1996-01-01,customer2906@example.invalid,0000002906,DEMO002906,Gurugram,Haryana,VERIFIED,HIGH,CRM
CRM002907,Demo Customer 2907,1997-01-01,customer2907@example.invalid,0000002907,DEMO002907,Bengaluru,Karnataka,VERIFIED,LOW,CRM
CRM002908,Demo Customer 2908,1998-01-01,customer2908@example.invalid,0000002908,DEMO002908,Delhi,Delhi,VERIFIED,MEDIUM,CRM
CRM002909,Demo Customer 2909,1999-01-01,customer2909@example.invalid,0000002909,DEMO002909,Nagpur,Maharashtra,VERIFIED,LOW,CRM
CRM002910,Demo Customer 2910,1970-01-01,customer2910@example.invalid,0000002910,DEMO002910,Mumbai,Maharashtra,VERIFIED,LOW,CRM
CRM002911,Demo Customer 2911,1971-01-01,customer2911@example.invalid,0000002911,DEMO002911,Ahmedabad,Gujarat,VERIFIED,LOW,CRM
CRM002912,Demo Customer 2912,1972-01-01,customer2912@example.invalid,0000002912,DEMO002912,Ahmedabad,Gujarat,VERIFIED,LOW,CRM
CRM002913,Demo Customer 2913,1973-01-01,customer2913@example.invalid,0000002913,DEMO002913,Ahmedabad,Gujarat,VERIFIED,LOW,CRM
CRM002914,Demo Customer 2914,1974-01-01,customer2914@example.invalid,0000002914,DEMO002914,Gurugram,Haryana,REJECTED,MEDIUM,CRM
CRM002915,Demo Customer 2915,1975-01-01,customer2915@example.invalid,0000002915,DEMO002915,Nagpur,Maharashtra,VERIFIED,LOW,CRM
CRM002916,Demo Customer 2916,1976-01-01,customer2916@example.invalid,0000002916,DEMO002916,Delhi,Delhi,VERIFIED,LOW,CRM
CRM002917,Demo Customer 2917,1977-01-01,customer2917@example.invalid,0000002917,DEMO002917,Mumbai,Maharashtra,VERIFIED,LOW,CRM
CRM002918,Demo Customer 2918,1978-01-01,customer2918@example.invalid,0000002918,DEMO002918,Pune,Maharashtra,VERIFIED,MEDIUM,CRM
CRM002919,Demo Customer 2919,1979-01-01,customer2919@example.invalid,0000002919,DEMO002919,Nagpur,Maharashtra,VERIFIED,LOW,CRM
CRM002920,Demo Customer 2920,1980-01-01,customer2920@example.invalid,0000002920,DEMO002920,Hyderabad,Telangana,VERIFIED,LOW,CRM
CRM002921,Demo Customer 2921,1981-01-01,customer2921@example.invalid,0000002921,DEMO002921,Hyderabad,Telangana,PENDING,LOW,CRM
CRM002922,Demo Customer 2922,1982-01-01,customer2922@example.invalid,0000002922,DEMO002922,Hyderabad,Telangana,VERIFIED,LOW,CRM
CRM002923,Demo Customer 2923,1983-01-01,customer2923@example.invalid,0000002923,DEMO002923,Bengaluru,Karnataka,VERIFIED,HIGH,CRM
CRM002924,Demo Customer 2924,1984-01-01,customer2924@example.invalid,0000002924,DEMO002924,Pune,Maharashtra,VERIFIED,MEDIUM,CRM
CRM002925,Demo Customer 2925,1985-01-01,customer2925@example.invalid,0000002925,DEMO002925,Gurugram,Haryana,REJECTED,LOW,CRM
CRM002926,Demo Customer 2926,1986-01-01,customer2926@example.invalid,0000002926,DEMO002926,Delhi,Delhi,VERIFIED,MEDIUM,CRM
CRM002927,Demo Customer 2927,1987-01-01,customer2927@example.invalid,0000002927,DEMO002927,Bengaluru,Karnataka,VERIFIED,HIGH,CRM
CRM002928,Demo Customer 2928,1988-01-01,customer2928@example.invalid,0000002928,DEMO002928,Kolkata,West Bengal,VERIFIED,LOW,CRM
CRM002929,Demo Customer 2929,1989-01-01,customer2929@example.invalid,0000002929,DEMO002929,Pune,Maharashtra,VERIFIED,LOW,CRM
CRM002930,Demo Customer 2930,1990-01-01,customer2930@example.invalid,0000002930,DEMO002930,Bengaluru,Karnataka,VERIFIED,LOW,CRM
CRM002931,Demo Customer 2931,1991-01-01,customer2931@example.invalid,0000002931,DEMO002931,Mumbai,Maharashtra,PENDING,MEDIUM,CRM
CRM002932,Demo Customer 2932,1992-01-01,customer2932@example.invalid,0000002932,DEMO002932,Pune,Maharashtra,PENDING,LOW,CRM
CRM002933,Demo Customer 2933,1993-01-01,customer2933@example.invalid,0000002933,DEMO002933,Pune,Maharashtra,VERIFIED,LOW,CRM
CRM002934,Demo Customer 2934,1994-01-01,customer2934@example.invalid,0000002934,DEMO002934,Kolkata,West Bengal,PENDING,LOW,CRM
CRM002935,Demo Customer 2935,1995-01-01,customer2935@example.invalid,0000002935,DEMO002935,Chennai,Tamil Nadu,REJECTED,LOW,CRM
CRM002936,Demo Customer 2936,1996-01-01,customer2936@example.invalid,0000002936,DEMO002936,Delhi,Delhi,VERIFIED,LOW,CRM
CRM002937,Demo Customer 2937,1997-01-01,customer2937@example.invalid,0000002937,DEMO002937,Delhi,Delhi,PENDING,MEDIUM,CRM
CRM002938,Demo Customer 2938,1998-01-01,customer2938@example.invalid,0000002938,DEMO002938,Delhi,Delhi,VERIFIED,LOW,CRM
CRM002939,Demo Customer 2939,1999-01-01,customer2939@example.invalid,0000002939,DEMO002939,Pune,Maharashtra,VERIFIED,MEDIUM,CRM
CRM002940,Demo Customer 2940,1970-01-01,customer2940@example.invalid,0000002940,DEMO002940,Pune,Maharashtra,VERIFIED,LOW,CRM
CRM002941,Demo Customer 2941,1971-01-01,customer2941@example.invalid,0000002941,DEMO002941,Pune,Maharashtra,VERIFIED,MEDIUM,CRM
CRM002942,Demo Customer 2942,1972-01-01,customer2942@example.invalid,0000002942,DEMO002942,Mumbai,Maharashtra,VERIFIED,LOW,CRM
CRM002943,Demo Customer 2943,1973-01-01,customer2943@example.invalid,0000002943,DEMO002943,Ahmedabad,Gujarat,VERIFIED,MEDIUM,CRM
CRM002944,Demo Customer 2944,1974-01-01,customer2944@example.invalid,0000002944,DEMO002944,Hyderabad,Telangana,VERIFIED,HIGH,CRM
CRM002945,Demo Customer 2945,1975-01-01,customer2945@example.invalid,0000002945,DEMO002945,Nagpur,Maharashtra,VERIFIED,HIGH,CRM
CRM002946,Demo Customer 2946,1976-01-01,customer2946@example.invalid,0000002946,DEMO002946,Ahmedabad,Gujarat,VERIFIED,MEDIUM,CRM
CRM002947,Demo Customer 2947,1977-01-01,customer2947@example.invalid,0000002947,DEMO002947,Gurugram,Haryana,VERIFIED,HIGH,CRM
CRM002948,Demo Customer 2948,1978-01-01,customer2948@example.invalid,0000002948,DEMO002948,Bengaluru,Karnataka,PENDING,MEDIUM,CRM
CRM002949,Demo Customer 2949,1979-01-01,customer2949@example.invalid,0000002949,DEMO002949,Chennai,Tamil Nadu,VERIFIED,LOW,CRM
CRM002950,Demo Customer 2950,1980-01-01,customer2950@example.invalid,0000002950,DEMO002950,Delhi,Delhi,VERIFIED,LOW,CRM
CRM002951,Demo Customer 2951,1981-01-01,customer2951@example.invalid,0000002951,DEMO002951,Gurugram,Haryana,VERIFIED,LOW,CRM
CRM002952,Demo Customer 2952,1982-01-01,customer2952@example.invalid,0000002952,DEMO002952,Delhi,Delhi,VERIFIED,LOW,CRM
CRM002953,Demo Customer 2953,1983-01-01,customer2953@example.invalid,0000002953,DEMO002953,Hyderabad,Telangana,PENDING,MEDIUM,CRM
CRM002954,Demo Customer 2954,1984-01-01,customer2954@example.invalid,0000002954,DEMO002954,Mumbai,Maharashtra,VERIFIED,LOW,CRM
CRM002955,Demo Customer 2955,1985-01-01,customer2955@example.invalid,0000002955,DEMO002955,Delhi,Delhi,VERIFIED,LOW,CRM
CRM002956,Demo Customer 2956,1986-01-01,customer2956@example.invalid,0000002956,DEMO002956,Ahmedabad,Gujarat,PENDING,LOW,CRM
CRM002957,Demo Customer 2957,1987-01-01,customer2957@example.invalid,0000002957,DEMO002957,Mumbai,Maharashtra,VERIFIED,LOW,CRM
CRM002958,Demo Customer 2958,1988-01-01,customer2958@example.invalid,0000002958,DEMO002958,Gurugram,Haryana,VERIFIED,MEDIUM,CRM
CRM002959,Demo Customer 2959,1989-01-01,customer2959@example.invalid,0000002959,DEMO002959,Hyderabad,Telangana,VERIFIED,LOW,CRM
CRM002960,Demo Customer 2960,1990-01-01,customer2960@example.invalid,0000002960,DEMO002960,Ahmedabad,Gujarat,VERIFIED,LOW,CRM
CRM002961,Demo Customer 2961,1991-01-01,customer2961@example.invalid,0000002961,DEMO002961,Hyderabad,Telangana,VERIFIED,MEDIUM,CRM
CRM002962,Demo Customer 2962,1992-01-01,customer2962@example.invalid,0000002962,DEMO002962,Ahmedabad,Gujarat,VERIFIED,LOW,CRM
CRM002963,Demo Customer 2963,1993-01-01,customer2963@example.invalid,0000002963,DEMO002963,Pune,Maharashtra,VERIFIED,MEDIUM,CRM
CRM002964,Demo Customer 2964,1994-01-01,customer2964@example.invalid,0000002964,DEMO002964,Mumbai,Maharashtra,VERIFIED,LOW,CRM
CRM002965,Demo Customer 2965,1995-01-01,customer2965@example.invalid,0000002965,DEMO002965,Nagpur,Maharashtra,VERIFIED,HIGH,CRM
CRM002966,Demo Customer 2966,1996-01-01,customer2966@example.invalid,0000002966,DEMO002966,Chennai,Tamil Nadu,VERIFIED,HIGH,CRM
CRM002967,Demo Customer 2967,1997-01-01,customer2967@example.invalid,0000002967,DEMO002967,Delhi,Delhi,PENDING,LOW,CRM
CRM002968,Demo Customer 2968,1998-01-01,customer2968@example.invalid,0000002968,DEMO002968,Hyderabad,Telangana,VERIFIED,LOW,CRM
CRM002969,Demo Customer 2969,1999-01-01,customer2969@example.invalid,0000002969,DEMO002969,Mumbai,Maharashtra,VERIFIED,MEDIUM,CRM
CRM002970,Demo Customer 2970,1970-01-01,customer2970@example.invalid,0000002970,DEMO002970,Gurugram,Haryana,VERIFIED,LOW,CRM
CRM002971,Demo Customer 2971,1971-01-01,customer2971@example.invalid,0000002971,DEMO002971,Pune,Maharashtra,VERIFIED,LOW,CRM
CRM002972,Demo Customer 2972,1972-01-01,customer2972@example.invalid,0000002972,DEMO002972,Hyderabad,Telangana,VERIFIED,MEDIUM,CRM
CRM002973,Demo Customer 2973,1973-01-01,customer2973@example.invalid,0000002973,DEMO002973,Pune,Maharashtra,VERIFIED,LOW,CRM
CRM002974,Demo Customer 2974,1974-01-01,customer2974@example.invalid,0000002974,DEMO002974,Bengaluru,Karnataka,VERIFIED,LOW,CRM
CRM002975,Demo Customer 2975,1975-01-01,customer2975@example.invalid,0000002975,DEMO002975,Nagpur,Maharashtra,VERIFIED,MEDIUM,CRM
CRM002976,Demo Customer 2976,1976-01-01,customer2976@example.invalid,0000002976,DEMO002976,Bengaluru,Karnataka,VERIFIED,LOW,CRM
CRM002977,Demo Customer 2977,1977-01-01,customer2977@example.invalid,0000002977,DEMO002977,Mumbai,Maharashtra,VERIFIED,HIGH,CRM
CRM002978,Demo Customer 2978,1978-01-01,customer2978@example.invalid,0000002978,DEMO002978,Delhi,Delhi,VERIFIED,LOW,CRM
CRM002979,Demo Customer 2979,1979-01-01,customer2979@example.invalid,0000002979,DEMO002979,Pune,Maharashtra,VERIFIED,LOW,CRM
CRM002980,Demo Customer 2980,1980-01-01,customer2980@example.invalid,0000002980,DEMO002980,Gurugram,Haryana,VERIFIED,LOW,CRM
CRM002981,Demo Customer 2981,1981-01-01,customer2981@example.invalid,0000002981,DEMO002981,Nagpur,Maharashtra,PENDING,LOW,CRM
CRM002982,Demo Customer 2982,1982-01-01,customer2982@example.invalid,0000002982,DEMO002982,Chennai,Tamil Nadu,VERIFIED,LOW,CRM
CRM002983,Demo Customer 2983,1983-01-01,customer2983@example.invalid,0000002983,DEMO002983,Gurugram,Haryana,VERIFIED,LOW,CRM
CRM002984,Demo Customer 2984,1984-01-01,customer2984@example.invalid,0000002984,DEMO002984,Mumbai,Maharashtra,VERIFIED,LOW,CRM
CRM002985,Demo Customer 2985,1985-01-01,customer2985@example.invalid,0000002985,DEMO002985,Mumbai,Maharashtra,VERIFIED,MEDIUM,CRM
CRM002986,Demo Customer 2986,1986-01-01,customer2986@example.invalid,0000002986,DEMO002986,Delhi,Delhi,VERIFIED,LOW,CRM
CRM002987,Demo Customer 2987,1987-01-01,customer2987@example.invalid,0000002987,DEMO002987,Kolkata,West Bengal,PENDING,LOW,CRM
CRM002988,Demo Customer 2988,1988-01-01,customer2988@example.invalid,0000002988,DEMO002988,Gurugram,Haryana,VERIFIED,LOW,CRM
CRM002989,Demo Customer 2989,1989-01-01,customer2989@example.invalid,0000002989,DEMO002989,Nagpur,Maharashtra,VERIFIED,MEDIUM,CRM
CRM002990,Demo Customer 2990,1990-01-01,customer2990@example.invalid,0000002990,DEMO002990,Nagpur,Maharashtra,VERIFIED,MEDIUM,CRM
CRM002991,Demo Customer 2991,1991-01-01,customer2991@example.invalid,0000002991,DEMO002991,Mumbai,Maharashtra,VERIFIED,LOW,CRM
CRM002992,Demo Customer 2992,1992-01-01,customer2992@example.invalid,0000002992,DEMO002992,Hyderabad,Telangana,VERIFIED,LOW,CRM
CRM002993,Demo Customer 2993,1993-01-01,customer2993@example.invalid,0000002993,DEMO002993,Nagpur,Maharashtra,VERIFIED,MEDIUM,CRM
CRM002994,Demo Customer 2994,1994-01-01,customer2994@example.invalid,0000002994,DEMO002994,Gurugram,Haryana,VERIFIED,MEDIUM,CRM
CRM002995,Demo Customer 2995,1995-01-01,customer2995@example.invalid,0000002995,DEMO002995,Ahmedabad,Gujarat,VERIFIED,LOW,CRM
CRM002996,Demo Customer 2996,1996-01-01,customer2996@example.invalid,0000002996,DEMO002996,Delhi,Delhi,VERIFIED,LOW,CRM
CRM002997,Demo Customer 2997,1997-01-01,customer2997@example.invalid,0000002997,DEMO002997,Bengaluru,Karnataka,VERIFIED,LOW,CRM
CRM002998,Demo Customer 2998,1998-01-01,customer2998@example.invalid,0000002998,DEMO002998,Delhi,Delhi,VERIFIED,MEDIUM,CRM
CRM002999,Demo Customer 2999,1999-01-01,customer2999@example.invalid,0000002999,DEMO002999,Mumbai,Maharashtra,PENDING,LOW,CRM
CRM003000,Demo Customer 3000,1970-01-01,customer3000@example.invalid,0000003000,DEMO003000,Gurugram,Haryana,VERIFIED,LOW,CRM
CRM003001,Demo Customer 3001,1971-01-01,customer3001@example.invalid,0000003001,DEMO003001,Nagpur,Maharashtra,PENDING,LOW,CRM
CRM003002,Demo Customer 3002,1972-01-01,customer3002@example.invalid,0000003002,DEMO003002,Delhi,Delhi,PENDING,HIGH,CRM
CRM003003,Demo Customer 3003,1973-01-01,customer3003@example.invalid,0000003003,DEMO003003,Nagpur,Maharashtra,VERIFIED,LOW,CRM
CRM003004,Demo Customer 3004,1974-01-01,customer3004@example.invalid,0000003004,DEMO003004,Kolkata,West Bengal,VERIFIED,LOW,CRM
CRM003005,Demo Customer 3005,1975-01-01,customer3005@example.invalid,0000003005,DEMO003005,Hyderabad,Telangana,REJECTED,LOW,CRM
CRM003006,Demo Customer 3006,1976-01-01,customer3006@example.invalid,0000003006,DEMO003006,Gurugram,Haryana,REJECTED,LOW,CRM
CRM003007,Demo Customer 3007,1977-01-01,customer3007@example.invalid,0000003007,DEMO003007,Chennai,Tamil Nadu,VERIFIED,LOW,CRM
CRM003008,Demo Customer 3008,1978-01-01,customer3008@example.invalid,0000003008,DEMO003008,Delhi,Delhi,VERIFIED,LOW,CRM
CRM003009,Demo Customer 3009,1979-01-01,customer3009@example.invalid,0000003009,DEMO003009,Ahmedabad,Gujarat,VERIFIED,LOW,CRM
CRM003010,Demo Customer 3010,1980-01-01,customer3010@example.invalid,0000003010,DEMO003010,Hyderabad,Telangana,VERIFIED,LOW,CRM
CRM003011,Demo Customer 3011,1981-01-01,customer3011@example.invalid,0000003011,DEMO003011,Mumbai,Maharashtra,VERIFIED,HIGH,CRM
CRM003012,Demo Customer 3012,1982-01-01,customer3012@example.invalid,0000003012,DEMO003012,Kolkata,West Bengal,VERIFIED,LOW,CRM
CRM003013,Demo Customer 3013,1983-01-01,customer3013@example.invalid,0000003013,DEMO003013,Nagpur,Maharashtra,VERIFIED,MEDIUM,CRM
CRM003014,Demo Customer 3014,1984-01-01,customer3014@example.invalid,0000003014,DEMO003014,Delhi,Delhi,VERIFIED,LOW,CRM
CRM003015,Demo Customer 3015,1985-01-01,customer3015@example.invalid,0000003015,DEMO003015,Chennai,Tamil Nadu,REJECTED,LOW,CRM
CRM003016,Demo Customer 3016,1986-01-01,customer3016@example.invalid,0000003016,DEMO003016,Bengaluru,Karnataka,VERIFIED,MEDIUM,CRM
CRM003017,Demo Customer 3017,1987-01-01,customer3017@example.invalid,0000003017,DEMO003017,Hyderabad,Telangana,VERIFIED,LOW,CRM
CRM003018,Demo Customer 3018,1988-01-01,customer3018@example.invalid,0000003018,DEMO003018,Ahmedabad,Gujarat,VERIFIED,LOW,CRM
CRM003019,Demo Customer 3019,1989-01-01,customer3019@example.invalid,0000003019,DEMO003019,Ahmedabad,Gujarat,VERIFIED,MEDIUM,CRM
CRM003020,Demo Customer 3020,1990-01-01,customer3020@example.invalid,0000003020,DEMO003020,Nagpur,Maharashtra,VERIFIED,MEDIUM,CRM
CRM003021,Demo Customer 3021,1991-01-01,customer3021@example.invalid,0000003021,DEMO003021,Pune,Maharashtra,VERIFIED,MEDIUM,CRM
CRM003022,Demo Customer 3022,1992-01-01,customer3022@example.invalid,0000003022,DEMO003022,Chennai,Tamil Nadu,VERIFIED,LOW,CRM
CRM003023,Demo Customer 3023,1993-01-01,customer3023@example.invalid,0000003023,DEMO003023,Bengaluru,Karnataka,VERIFIED,LOW,CRM
CRM003024,Demo Customer 3024,1994-01-01,customer3024@example.invalid,0000003024,DEMO003024,Nagpur,Maharashtra,VERIFIED,LOW,CRM
CRM003025,Demo Customer 3025,1995-01-01,customer3025@example.invalid,0000003025,DEMO003025,Ahmedabad,Gujarat,REJECTED,LOW,CRM
CRM003026,Demo Customer 3026,1996-01-01,customer3026@example.invalid,0000003026,DEMO003026,Ahmedabad,Gujarat,VERIFIED,MEDIUM,CRM
CRM003027,Demo Customer 3027,1997-01-01,customer3027@example.invalid,0000003027,DEMO003027,Delhi,Delhi,VERIFIED,HIGH,CRM
CRM003028,Demo Customer 3028,1998-01-01,customer3028@example.invalid,0000003028,DEMO003028,Delhi,Delhi,PENDING,HIGH,CRM
CRM003029,Demo Customer 3029,1999-01-01,customer3029@example.invalid,0000003029,DEMO003029,Bengaluru,Karnataka,REJECTED,LOW,CRM
CRM003030,Demo Customer 3030,1970-01-01,customer3030@example.invalid,0000003030,DEMO003030,Hyderabad,Telangana,VERIFIED,LOW,CRM
CRM003031,Demo Customer 3031,1971-01-01,customer3031@example.invalid,0000003031,DEMO003031,Pune,Maharashtra,VERIFIED,MEDIUM,CRM
CRM003032,Demo Customer 3032,1972-01-01,customer3032@example.invalid,0000003032,DEMO003032,Ahmedabad,Gujarat,VERIFIED,LOW,CRM
CRM003033,Demo Customer 3033,1973-01-01,customer3033@example.invalid,0000003033,DEMO003033,Gurugram,Haryana,VERIFIED,MEDIUM,CRM
CRM003034,Demo Customer 3034,1974-01-01,customer3034@example.invalid,0000003034,DEMO003034,Nagpur,Maharashtra,VERIFIED,LOW,CRM
CRM003035,Demo Customer 3035,1975-01-01,customer3035@example.invalid,0000003035,DEMO003035,Gurugram,Haryana,VERIFIED,LOW,CRM
CRM003036,Demo Customer 3036,1976-01-01,customer3036@example.invalid,0000003036,DEMO003036,Ahmedabad,Gujarat,VERIFIED,HIGH,CRM
CRM003037,Demo Customer 3037,1977-01-01,customer3037@example.invalid,0000003037,DEMO003037,Hyderabad,Telangana,VERIFIED,LOW,CRM
CRM003038,Demo Customer 3038,1978-01-01,customer3038@example.invalid,0000003038,DEMO003038,Gurugram,Haryana,VERIFIED,LOW,CRM
CRM003039,Demo Customer 3039,1979-01-01,customer3039@example.invalid,0000003039,DEMO003039,Chennai,Tamil Nadu,PENDING,MEDIUM,CRM
CRM003040,Demo Customer 3040,1980-01-01,customer3040@example.invalid,0000003040,DEMO003040,Bengaluru,Karnataka,VERIFIED,MEDIUM,CRM
CRM003041,Demo Customer 3041,1981-01-01,customer3041@example.invalid,0000003041,DEMO003041,Gurugram,Haryana,VERIFIED,LOW,CRM
CRM003042,Demo Customer 3042,1982-01-01,customer3042@example.invalid,0000003042,DEMO003042,Kolkata,West Bengal,VERIFIED,LOW,CRM
CRM003043,Demo Customer 3043,1983-01-01,customer3043@example.invalid,0000003043,DEMO003043,Pune,Maharashtra,VERIFIED,MEDIUM,CRM
CRM003044,Demo Customer 3044,1984-01-01,customer3044@example.invalid,0000003044,DEMO003044,Delhi,Delhi,VERIFIED,LOW,CRM
CRM003045,Demo Customer 3045,1985-01-01,customer3045@example.invalid,0000003045,DEMO003045,Ahmedabad,Gujarat,VERIFIED,LOW,CRM
CRM003046,Demo Customer 3046,1986-01-01,customer3046@example.invalid,0000003046,DEMO003046,Bengaluru,Karnataka,VERIFIED,LOW,CRM
CRM003047,Demo Customer 3047,1987-01-01,customer3047@example.invalid,0000003047,DEMO003047,Ahmedabad,Gujarat,VERIFIED,LOW,CRM
CRM003048,Demo Customer 3048,1988-01-01,customer3048@example.invalid,0000003048,DEMO003048,Pune,Maharashtra,VERIFIED,MEDIUM,CRM
CRM003049,Demo Customer 3049,1989-01-01,customer3049@example.invalid,0000003049,DEMO003049,Pune,Maharashtra,VERIFIED,LOW,CRM
CRM003050,Demo Customer 3050,1990-01-01,customer3050@example.invalid,0000003050,DEMO003050,Kolkata,West Bengal,VERIFIED,LOW,CRM
CRM003051,Demo Customer 3051,1991-01-01,customer3051@example.invalid,0000003051,DEMO003051,Hyderabad,Telangana,VERIFIED,LOW,CRM
CRM003052,Demo Customer 3052,1992-01-01,customer3052@example.invalid,0000003052,DEMO003052,Gurugram,Haryana,VERIFIED,LOW,CRM
CRM003053,Demo Customer 3053,1993-01-01,customer3053@example.invalid,0000003053,DEMO003053,Bengaluru,Karnataka,VERIFIED,LOW,CRM
CRM003054,Demo Customer 3054,1994-01-01,customer3054@example.invalid,0000003054,DEMO003054,Pune,Maharashtra,VERIFIED,LOW,CRM
CRM003055,Demo Customer 3055,1995-01-01,customer3055@example.invalid,0000003055,DEMO003055,Ahmedabad,Gujarat,PENDING,LOW,CRM
CRM003056,Demo Customer 3056,1996-01-01,customer3056@example.invalid,0000003056,DEMO003056,Hyderabad,Telangana,VERIFIED,MEDIUM,CRM
CRM003057,Demo Customer 3057,1997-01-01,customer3057@example.invalid,0000003057,DEMO003057,Bengaluru,Karnataka,VERIFIED,LOW,CRM
CRM003058,Demo Customer 3058,1998-01-01,customer3058@example.invalid,0000003058,DEMO003058,Gurugram,Haryana,REJECTED,LOW,CRM
CRM003059,Demo Customer 3059,1999-01-01,customer3059@example.invalid,0000003059,DEMO003059,Mumbai,Maharashtra,VERIFIED,MEDIUM,CRM
CRM003060,Demo Customer 3060,1970-01-01,customer3060@example.invalid,0000003060,DEMO003060,Delhi,Delhi,VERIFIED,LOW,CRM
CRM003061,Demo Customer 3061,1971-01-01,customer3061@example.invalid,0000003061,DEMO003061,Delhi,Delhi,VERIFIED,LOW,CRM
CRM003062,Demo Customer 3062,1972-01-01,customer3062@example.invalid,0000003062,DEMO003062,Mumbai,Maharashtra,VERIFIED,LOW,CRM
CRM003063,Demo Customer 3063,1973-01-01,customer3063@example.invalid,0000003063,DEMO003063,Gurugram,Haryana,VERIFIED,MEDIUM,CRM
CRM003064,Demo Customer 3064,1974-01-01,customer3064@example.invalid,0000003064,DEMO003064,Kolkata,West Bengal,VERIFIED,MEDIUM,CRM
CRM003065,Demo Customer 3065,1975-01-01,customer3065@example.invalid,0000003065,DEMO003065,Gurugram,Haryana,VERIFIED,LOW,CRM
CRM003066,Demo Customer 3066,1976-01-01,customer3066@example.invalid,0000003066,DEMO003066,Delhi,Delhi,VERIFIED,LOW,CRM
CRM003067,Demo Customer 3067,1977-01-01,customer3067@example.invalid,0000003067,DEMO003067,Kolkata,West Bengal,PENDING,MEDIUM,CRM
CRM003068,Demo Customer 3068,1978-01-01,customer3068@example.invalid,0000003068,DEMO003068,Nagpur,Maharashtra,VERIFIED,LOW,CRM
CRM003069,Demo Customer 3069,1979-01-01,customer3069@example.invalid,0000003069,DEMO003069,Hyderabad,Telangana,VERIFIED,LOW,CRM
CRM003070,Demo Customer 3070,1980-01-01,customer3070@example.invalid,0000003070,DEMO003070,Nagpur,Maharashtra,VERIFIED,LOW,CRM
CRM003071,Demo Customer 3071,1981-01-01,customer3071@example.invalid,0000003071,DEMO003071,Bengaluru,Karnataka,VERIFIED,MEDIUM,CRM
CRM003072,Demo Customer 3072,1982-01-01,customer3072@example.invalid,0000003072,DEMO003072,Nagpur,Maharashtra,VERIFIED,LOW,CRM
CRM003073,Demo Customer 3073,1983-01-01,customer3073@example.invalid,0000003073,DEMO003073,Mumbai,Maharashtra,VERIFIED,LOW,CRM
CRM003074,Demo Customer 3074,1984-01-01,customer3074@example.invalid,0000003074,DEMO003074,Hyderabad,Telangana,PENDING,MEDIUM,CRM
CRM003075,Demo Customer 3075,1985-01-01,customer3075@example.invalid,0000003075,DEMO003075,Pune,Maharashtra,VERIFIED,MEDIUM,CRM
CRM003076,Demo Customer 3076,1986-01-01,customer3076@example.invalid,0000003076,DEMO003076,Mumbai,Maharashtra,VERIFIED,LOW,CRM
CRM003077,Demo Customer 3077,1987-01-01,customer3077@example.invalid,0000003077,DEMO003077,Bengaluru,Karnataka,VERIFIED,LOW,CRM
CRM003078,Demo Customer 3078,1988-01-01,customer3078@example.invalid,0000003078,DEMO003078,Bengaluru,Karnataka,VERIFIED,MEDIUM,CRM
CRM003079,Demo Customer 3079,1989-01-01,customer3079@example.invalid,0000003079,DEMO003079,Ahmedabad,Gujarat,VERIFIED,MEDIUM,CRM
CRM003080,Demo Customer 3080,1990-01-01,customer3080@example.invalid,0000003080,DEMO003080,Kolkata,West Bengal,VERIFIED,MEDIUM,CRM
CRM003081,Demo Customer 3081,1991-01-01,customer3081@example.invalid,0000003081,DEMO003081,Nagpur,Maharashtra,VERIFIED,MEDIUM,CRM
CRM003082,Demo Customer 3082,1992-01-01,customer3082@example.invalid,0000003082,DEMO003082,Kolkata,West Bengal,VERIFIED,LOW,CRM
CRM003083,Demo Customer 3083,1993-01-01,customer3083@example.invalid,0000003083,DEMO003083,Hyderabad,Telangana,PENDING,MEDIUM,CRM
CRM003084,Demo Customer 3084,1994-01-01,customer3084@example.invalid,0000003084,DEMO003084,Kolkata,West Bengal,VERIFIED,MEDIUM,CRM
CRM003085,Demo Customer 3085,1995-01-01,customer3085@example.invalid,0000003085,DEMO003085,Nagpur,Maharashtra,VERIFIED,LOW,CRM
CRM003086,Demo Customer 3086,1996-01-01,customer3086@example.invalid,0000003086,DEMO003086,Ahmedabad,Gujarat,VERIFIED,LOW,CRM
CRM003087,Demo Customer 3087,1997-01-01,customer3087@example.invalid,0000003087,DEMO003087,Mumbai,Maharashtra,VERIFIED,LOW,CRM
CRM003088,Demo Customer 3088,1998-01-01,customer3088@example.invalid,0000003088,DEMO003088,Gurugram,Haryana,VERIFIED,LOW,CRM
CRM003089,Demo Customer 3089,1999-01-01,customer3089@example.invalid,0000003089,DEMO003089,Bengaluru,Karnataka,VERIFIED,LOW,CRM
CRM003090,Demo Customer 3090,1970-01-01,customer3090@example.invalid,0000003090,DEMO003090,Nagpur,Maharashtra,VERIFIED,LOW,CRM
CRM003091,Demo Customer 3091,1971-01-01,customer3091@example.invalid,0000003091,DEMO003091,Hyderabad,Telangana,PENDING,LOW,CRM
CRM003092,Demo Customer 3092,1972-01-01,customer3092@example.invalid,0000003092,DEMO003092,Chennai,Tamil Nadu,VERIFIED,LOW,CRM
CRM003093,Demo Customer 3093,1973-01-01,customer3093@example.invalid,0000003093,DEMO003093,Nagpur,Maharashtra,VERIFIED,LOW,CRM
CRM003094,Demo Customer 3094,1974-01-01,customer3094@example.invalid,0000003094,DEMO003094,Chennai,Tamil Nadu,VERIFIED,LOW,CRM
CRM003095,Demo Customer 3095,1975-01-01,customer3095@example.invalid,0000003095,DEMO003095,Ahmedabad,Gujarat,VERIFIED,LOW,CRM
CRM003096,Demo Customer 3096,1976-01-01,customer3096@example.invalid,0000003096,DEMO003096,Pune,Maharashtra,VERIFIED,MEDIUM,CRM
CRM003097,Demo Customer 3097,1977-01-01,customer3097@example.invalid,0000003097,DEMO003097,Nagpur,Maharashtra,VERIFIED,LOW,CRM
CRM003098,Demo Customer 3098,1978-01-01,customer3098@example.invalid,0000003098,DEMO003098,Chennai,Tamil Nadu,VERIFIED,LOW,CRM
CRM003099,Demo Customer 3099,1979-01-01,customer3099@example.invalid,0000003099,DEMO003099,Delhi,Delhi,VERIFIED,MEDIUM,CRM
CRM003100,Demo Customer 3100,1980-01-01,customer3100@example.invalid,0000003100,DEMO003100,Pune,Maharashtra,PENDING,HIGH,CRM
CRM003101,Demo Customer 3101,1981-01-01,customer3101@example.invalid,0000003101,DEMO003101,Hyderabad,Telangana,VERIFIED,LOW,CRM
CRM003102,Demo Customer 3102,1982-01-01,customer3102@example.invalid,0000003102,DEMO003102,Bengaluru,Karnataka,VERIFIED,MEDIUM,CRM
CRM003103,Demo Customer 3103,1983-01-01,customer3103@example.invalid,0000003103,DEMO003103,Mumbai,Maharashtra,PENDING,HIGH,CRM
CRM003104,Demo Customer 3104,1984-01-01,customer3104@example.invalid,0000003104,DEMO003104,Nagpur,Maharashtra,VERIFIED,LOW,CRM
CRM003105,Demo Customer 3105,1985-01-01,customer3105@example.invalid,0000003105,DEMO003105,Nagpur,Maharashtra,VERIFIED,LOW,CRM
CRM003106,Demo Customer 3106,1986-01-01,customer3106@example.invalid,0000003106,DEMO003106,Ahmedabad,Gujarat,REJECTED,LOW,CRM
CRM003107,Demo Customer 3107,1987-01-01,customer3107@example.invalid,0000003107,DEMO003107,Kolkata,West Bengal,PENDING,LOW,CRM
CRM003108,Demo Customer 3108,1988-01-01,customer3108@example.invalid,0000003108,DEMO003108,Ahmedabad,Gujarat,VERIFIED,LOW,CRM
CRM003109,Demo Customer 3109,1989-01-01,customer3109@example.invalid,0000003109,DEMO003109,Ahmedabad,Gujarat,VERIFIED,MEDIUM,CRM
CRM003110,Demo Customer 3110,1990-01-01,customer3110@example.invalid,0000003110,DEMO003110,Chennai,Tamil Nadu,VERIFIED,MEDIUM,CRM
CRM003111,Demo Customer 3111,1991-01-01,customer3111@example.invalid,0000003111,DEMO003111,Nagpur,Maharashtra,VERIFIED,LOW,CRM
CRM003112,Demo Customer 3112,1992-01-01,customer3112@example.invalid,0000003112,DEMO003112,Bengaluru,Karnataka,VERIFIED,MEDIUM,CRM
CRM003113,Demo Customer 3113,1993-01-01,customer3113@example.invalid,0000003113,DEMO003113,Ahmedabad,Gujarat,PENDING,LOW,CRM
CRM003114,Demo Customer 3114,1994-01-01,customer3114@example.invalid,0000003114,DEMO003114,Hyderabad,Telangana,VERIFIED,MEDIUM,CRM
CRM003115,Demo Customer 3115,1995-01-01,customer3115@example.invalid,0000003115,DEMO003115,Gurugram,Haryana,VERIFIED,LOW,CRM
CRM003116,Demo Customer 3116,1996-01-01,customer3116@example.invalid,0000003116,DEMO003116,Delhi,Delhi,VERIFIED,MEDIUM,CRM
CRM003117,Demo Customer 3117,1997-01-01,customer3117@example.invalid,0000003117,DEMO003117,Pune,Maharashtra,VERIFIED,LOW,CRM
CRM003118,Demo Customer 3118,1998-01-01,customer3118@example.invalid,0000003118,DEMO003118,Bengaluru,Karnataka,PENDING,LOW,CRM
CRM003119,Demo Customer 3119,1999-01-01,customer3119@example.invalid,0000003119,DEMO003119,Bengaluru,Karnataka,VERIFIED,LOW,CRM
CRM003120,Demo Customer 3120,1970-01-01,customer3120@example.invalid,0000003120,DEMO003120,Chennai,Tamil Nadu,REJECTED,LOW,CRM
CRM003121,Demo Customer 3121,1971-01-01,customer3121@example.invalid,0000003121,DEMO003121,Chennai,Tamil Nadu,VERIFIED,MEDIUM,CRM
CRM003122,Demo Customer 3122,1972-01-01,customer3122@example.invalid,0000003122,DEMO003122,Kolkata,West Bengal,VERIFIED,LOW,CRM
CRM003123,Demo Customer 3123,1973-01-01,customer3123@example.invalid,0000003123,DEMO003123,Pune,Maharashtra,VERIFIED,LOW,CRM
CRM003124,Demo Customer 3124,1974-01-01,customer3124@example.invalid,0000003124,DEMO003124,Pune,Maharashtra,VERIFIED,LOW,CRM
CRM003125,Demo Customer 3125,1975-01-01,customer3125@example.invalid,0000003125,DEMO003125,Chennai,Tamil Nadu,VERIFIED,LOW,CRM
CRM003126,Demo Customer 3126,1976-01-01,customer3126@example.invalid,0000003126,DEMO003126,Delhi,Delhi,VERIFIED,LOW,CRM
CRM003127,Demo Customer 3127,1977-01-01,customer3127@example.invalid,0000003127,DEMO003127,Hyderabad,Telangana,VERIFIED,LOW,CRM
CRM003128,Demo Customer 3128,1978-01-01,customer3128@example.invalid,0000003128,DEMO003128,Nagpur,Maharashtra,VERIFIED,LOW,CRM
CRM003129,Demo Customer 3129,1979-01-01,customer3129@example.invalid,0000003129,DEMO003129,Bengaluru,Karnataka,PENDING,LOW,CRM
CRM003130,Demo Customer 3130,1980-01-01,customer3130@example.invalid,0000003130,DEMO003130,Nagpur,Maharashtra,VERIFIED,HIGH,CRM
CRM003131,Demo Customer 3131,1981-01-01,customer3131@example.invalid,0000003131,DEMO003131,Ahmedabad,Gujarat,VERIFIED,LOW,CRM
CRM003132,Demo Customer 3132,1982-01-01,customer3132@example.invalid,0000003132,DEMO003132,Pune,Maharashtra,VERIFIED,LOW,CRM
CRM003133,Demo Customer 3133,1983-01-01,customer3133@example.invalid,0000003133,DEMO003133,Delhi,Delhi,VERIFIED,MEDIUM,CRM
CRM003134,Demo Customer 3134,1984-01-01,customer3134@example.invalid,0000003134,DEMO003134,Pune,Maharashtra,VERIFIED,LOW,CRM
CRM003135,Demo Customer 3135,1985-01-01,customer3135@example.invalid,0000003135,DEMO003135,Hyderabad,Telangana,VERIFIED,LOW,CRM
CRM003136,Demo Customer 3136,1986-01-01,customer3136@example.invalid,0000003136,DEMO003136,Kolkata,West Bengal,PENDING,HIGH,CRM
CRM003137,Demo Customer 3137,1987-01-01,customer3137@example.invalid,0000003137,DEMO003137,Ahmedabad,Gujarat,VERIFIED,LOW,CRM
CRM003138,Demo Customer 3138,1988-01-01,customer3138@example.invalid,0000003138,DEMO003138,Mumbai,Maharashtra,VERIFIED,MEDIUM,CRM
CRM003139,Demo Customer 3139,1989-01-01,customer3139@example.invalid,0000003139,DEMO003139,Delhi,Delhi,VERIFIED,LOW,CRM
CRM003140,Demo Customer 3140,1990-01-01,customer3140@example.invalid,0000003140,DEMO003140,Hyderabad,Telangana,VERIFIED,MEDIUM,CRM
CRM003141,Demo Customer 3141,1991-01-01,customer3141@example.invalid,0000003141,DEMO003141,Delhi,Delhi,VERIFIED,MEDIUM,CRM
CRM003142,Demo Customer 3142,1992-01-01,customer3142@example.invalid,0000003142,DEMO003142,Nagpur,Maharashtra,VERIFIED,MEDIUM,CRM
CRM003143,Demo Customer 3143,1993-01-01,customer3143@example.invalid,0000003143,DEMO003143,Bengaluru,Karnataka,VERIFIED,MEDIUM,CRM
CRM003144,Demo Customer 3144,1994-01-01,customer3144@example.invalid,0000003144,DEMO003144,Chennai,Tamil Nadu,VERIFIED,LOW,CRM
CRM003145,Demo Customer 3145,1995-01-01,customer3145@example.invalid,0000003145,DEMO003145,Gurugram,Haryana,VERIFIED,MEDIUM,CRM
CRM003146,Demo Customer 3146,1996-01-01,customer3146@example.invalid,0000003146,DEMO003146,Kolkata,West Bengal,PENDING,LOW,CRM
CRM003147,Demo Customer 3147,1997-01-01,customer3147@example.invalid,0000003147,DEMO003147,Pune,Maharashtra,VERIFIED,LOW,CRM
CRM003148,Demo Customer 3148,1998-01-01,customer3148@example.invalid,0000003148,DEMO003148,Hyderabad,Telangana,VERIFIED,LOW,CRM
CRM003149,Demo Customer 3149,1999-01-01,customer3149@example.invalid,0000003149,DEMO003149,Pune,Maharashtra,VERIFIED,LOW,CRM
CRM003150,Demo Customer 3150,1970-01-01,customer3150@example.invalid,0000003150,DEMO003150,Kolkata,West Bengal,PENDING,MEDIUM,CRM
CRM003151,Demo Customer 3151,1971-01-01,customer3151@example.invalid,0000003151,DEMO003151,Kolkata,West Bengal,VERIFIED,MEDIUM,CRM
CRM003152,Demo Customer 3152,1972-01-01,customer3152@example.invalid,0000003152,DEMO003152,Delhi,Delhi,VERIFIED,MEDIUM,CRM
CRM003153,Demo Customer 3153,1973-01-01,customer3153@example.invalid,0000003153,DEMO003153,Nagpur,Maharashtra,VERIFIED,MEDIUM,CRM
CRM003154,Demo Customer 3154,1974-01-01,customer3154@example.invalid,0000003154,DEMO003154,Bengaluru,Karnataka,VERIFIED,HIGH,CRM
CRM003155,Demo Customer 3155,1975-01-01,customer3155@example.invalid,0000003155,DEMO003155,Gurugram,Haryana,VERIFIED,LOW,CRM
CRM003156,Demo Customer 3156,1976-01-01,customer3156@example.invalid,0000003156,DEMO003156,Bengaluru,Karnataka,VERIFIED,LOW,CRM
CRM003157,Demo Customer 3157,1977-01-01,customer3157@example.invalid,0000003157,DEMO003157,Nagpur,Maharashtra,VERIFIED,LOW,CRM
CRM003158,Demo Customer 3158,1978-01-01,customer3158@example.invalid,0000003158,DEMO003158,Mumbai,Maharashtra,VERIFIED,LOW,CRM
CRM003159,Demo Customer 3159,1979-01-01,customer3159@example.invalid,0000003159,DEMO003159,Hyderabad,Telangana,VERIFIED,LOW,CRM
CRM003160,Demo Customer 3160,1980-01-01,customer3160@example.invalid,0000003160,DEMO003160,Hyderabad,Telangana,PENDING,LOW,CRM
CRM003161,Demo Customer 3161,1981-01-01,customer3161@example.invalid,0000003161,DEMO003161,Kolkata,West Bengal,VERIFIED,LOW,CRM
CRM003162,Demo Customer 3162,1982-01-01,customer3162@example.invalid,0000003162,DEMO003162,Ahmedabad,Gujarat,VERIFIED,LOW,CRM
CRM003163,Demo Customer 3163,1983-01-01,customer3163@example.invalid,0000003163,DEMO003163,Ahmedabad,Gujarat,VERIFIED,MEDIUM,CRM
CRM003164,Demo Customer 3164,1984-01-01,customer3164@example.invalid,0000003164,DEMO003164,Nagpur,Maharashtra,PENDING,MEDIUM,CRM
CRM003165,Demo Customer 3165,1985-01-01,customer3165@example.invalid,0000003165,DEMO003165,Gurugram,Haryana,VERIFIED,HIGH,CRM
CRM003166,Demo Customer 3166,1986-01-01,customer3166@example.invalid,0000003166,DEMO003166,Bengaluru,Karnataka,VERIFIED,LOW,CRM
CRM003167,Demo Customer 3167,1987-01-01,customer3167@example.invalid,0000003167,DEMO003167,Ahmedabad,Gujarat,VERIFIED,LOW,CRM
CRM003168,Demo Customer 3168,1988-01-01,customer3168@example.invalid,0000003168,DEMO003168,Delhi,Delhi,VERIFIED,LOW,CRM
CRM003169,Demo Customer 3169,1989-01-01,customer3169@example.invalid,0000003169,DEMO003169,Mumbai,Maharashtra,VERIFIED,LOW,CRM
CRM003170,Demo Customer 3170,1990-01-01,customer3170@example.invalid,0000003170,DEMO003170,Bengaluru,Karnataka,VERIFIED,MEDIUM,CRM
CRM003171,Demo Customer 3171,1991-01-01,customer3171@example.invalid,0000003171,DEMO003171,Kolkata,West Bengal,VERIFIED,MEDIUM,CRM
CRM003172,Demo Customer 3172,1992-01-01,customer3172@example.invalid,0000003172,DEMO003172,Chennai,Tamil Nadu,VERIFIED,LOW,CRM
CRM003173,Demo Customer 3173,1993-01-01,customer3173@example.invalid,0000003173,DEMO003173,Chennai,Tamil Nadu,VERIFIED,LOW,CRM
CRM003174,Demo Customer 3174,1994-01-01,customer3174@example.invalid,0000003174,DEMO003174,Pune,Maharashtra,PENDING,MEDIUM,CRM
CRM003175,Demo Customer 3175,1995-01-01,customer3175@example.invalid,0000003175,DEMO003175,Nagpur,Maharashtra,PENDING,LOW,CRM
CRM003176,Demo Customer 3176,1996-01-01,customer3176@example.invalid,0000003176,DEMO003176,Nagpur,Maharashtra,PENDING,LOW,CRM
CRM003177,Demo Customer 3177,1997-01-01,customer3177@example.invalid,0000003177,DEMO003177,Nagpur,Maharashtra,VERIFIED,MEDIUM,CRM
CRM003178,Demo Customer 3178,1998-01-01,customer3178@example.invalid,0000003178,DEMO003178,Pune,Maharashtra,VERIFIED,MEDIUM,CRM
CRM003179,Demo Customer 3179,1999-01-01,customer3179@example.invalid,0000003179,DEMO003179,Kolkata,West Bengal,PENDING,MEDIUM,CRM
CRM003180,Demo Customer 3180,1970-01-01,customer3180@example.invalid,0000003180,DEMO003180,Mumbai,Maharashtra,VERIFIED,MEDIUM,CRM
CRM003181,Demo Customer 3181,1971-01-01,customer3181@example.invalid,0000003181,DEMO003181,Ahmedabad,Gujarat,PENDING,MEDIUM,CRM
CRM003182,Demo Customer 3182,1972-01-01,customer3182@example.invalid,0000003182,DEMO003182,Kolkata,West Bengal,VERIFIED,LOW,CRM
CRM003183,Demo Customer 3183,1973-01-01,customer3183@example.invalid,0000003183,DEMO003183,Nagpur,Maharashtra,VERIFIED,LOW,CRM
CRM003184,Demo Customer 3184,1974-01-01,customer3184@example.invalid,0000003184,DEMO003184,Chennai,Tamil Nadu,VERIFIED,LOW,CRM
CRM003185,Demo Customer 3185,1975-01-01,customer3185@example.invalid,0000003185,DEMO003185,Delhi,Delhi,VERIFIED,LOW,CRM
CRM003186,Demo Customer 3186,1976-01-01,customer3186@example.invalid,0000003186,DEMO003186,Chennai,Tamil Nadu,PENDING,HIGH,CRM
CRM003187,Demo Customer 3187,1977-01-01,customer3187@example.invalid,0000003187,DEMO003187,Ahmedabad,Gujarat,VERIFIED,MEDIUM,CRM
CRM003188,Demo Customer 3188,1978-01-01,customer3188@example.invalid,0000003188,DEMO003188,Delhi,Delhi,VERIFIED,MEDIUM,CRM
CRM003189,Demo Customer 3189,1979-01-01,customer3189@example.invalid,0000003189,DEMO003189,Chennai,Tamil Nadu,VERIFIED,MEDIUM,CRM
CRM003190,Demo Customer 3190,1980-01-01,customer3190@example.invalid,0000003190,DEMO003190,Pune,Maharashtra,VERIFIED,LOW,CRM
CRM003191,Demo Customer 3191,1981-01-01,customer3191@example.invalid,0000003191,DEMO003191,Kolkata,West Bengal,VERIFIED,LOW,CRM
CRM003192,Demo Customer 3192,1982-01-01,customer3192@example.invalid,0000003192,DEMO003192,Delhi,Delhi,VERIFIED,LOW,CRM
CRM003193,Demo Customer 3193,1983-01-01,customer3193@example.invalid,0000003193,DEMO003193,Delhi,Delhi,VERIFIED,LOW,CRM
CRM003194,Demo Customer 3194,1984-01-01,customer3194@example.invalid,0000003194,DEMO003194,Chennai,Tamil Nadu,VERIFIED,LOW,CRM
CRM003195,Demo Customer 3195,1985-01-01,customer3195@example.invalid,0000003195,DEMO003195,Chennai,Tamil Nadu,VERIFIED,LOW,CRM
CRM003196,Demo Customer 3196,1986-01-01,customer3196@example.invalid,0000003196,DEMO003196,Nagpur,Maharashtra,VERIFIED,LOW,CRM
CRM003197,Demo Customer 3197,1987-01-01,customer3197@example.invalid,0000003197,DEMO003197,Nagpur,Maharashtra,VERIFIED,LOW,CRM
CRM003198,Demo Customer 3198,1988-01-01,customer3198@example.invalid,0000003198,DEMO003198,Bengaluru,Karnataka,PENDING,LOW,CRM
CRM003199,Demo Customer 3199,1989-01-01,customer3199@example.invalid,0000003199,DEMO003199,Hyderabad,Telangana,VERIFIED,MEDIUM,CRM
CRM003200,Demo Customer 3200,1990-01-01,customer3200@example.invalid,0000003200,DEMO003200,Chennai,Tamil Nadu,VERIFIED,LOW,CRM
CRM003201,Demo Customer 3201,1991-01-01,customer3201@example.invalid,0000003201,DEMO003201,Pune,Maharashtra,VERIFIED,LOW,CRM
CRM003202,Demo Customer 3202,1992-01-01,customer3202@example.invalid,0000003202,DEMO003202,Delhi,Delhi,VERIFIED,LOW,CRM
CRM003203,Demo Customer 3203,1993-01-01,customer3203@example.invalid,0000003203,DEMO003203,Chennai,Tamil Nadu,VERIFIED,LOW,CRM
CRM003204,Demo Customer 3204,1994-01-01,customer3204@example.invalid,0000003204,DEMO003204,Ahmedabad,Gujarat,VERIFIED,LOW,CRM
CRM003205,Demo Customer 3205,1995-01-01,customer3205@example.invalid,0000003205,DEMO003205,Pune,Maharashtra,PENDING,LOW,CRM
CRM003206,Demo Customer 3206,1996-01-01,customer3206@example.invalid,0000003206,DEMO003206,Pune,Maharashtra,VERIFIED,LOW,CRM
CRM003207,Demo Customer 3207,1997-01-01,customer3207@example.invalid,0000003207,DEMO003207,Hyderabad,Telangana,VERIFIED,LOW,CRM
CRM003208,Demo Customer 3208,1998-01-01,customer3208@example.invalid,0000003208,DEMO003208,Kolkata,West Bengal,VERIFIED,LOW,CRM
CRM003209,Demo Customer 3209,1999-01-01,customer3209@example.invalid,0000003209,DEMO003209,Chennai,Tamil Nadu,VERIFIED,LOW,CRM
CRM003210,Demo Customer 3210,1970-01-01,customer3210@example.invalid,0000003210,DEMO003210,Hyderabad,Telangana,PENDING,LOW,CRM
CRM003211,Demo Customer 3211,1971-01-01,customer3211@example.invalid,0000003211,DEMO003211,Pune,Maharashtra,VERIFIED,MEDIUM,CRM
CRM003212,Demo Customer 3212,1972-01-01,customer3212@example.invalid,0000003212,DEMO003212,Mumbai,Maharashtra,VERIFIED,LOW,CRM
CRM003213,Demo Customer 3213,1973-01-01,customer3213@example.invalid,0000003213,DEMO003213,Pune,Maharashtra,VERIFIED,LOW,CRM
CRM003214,Demo Customer 3214,1974-01-01,customer3214@example.invalid,0000003214,DEMO003214,Pune,Maharashtra,VERIFIED,LOW,CRM
CRM003215,Demo Customer 3215,1975-01-01,customer3215@example.invalid,0000003215,DEMO003215,Bengaluru,Karnataka,VERIFIED,LOW,CRM
CRM003216,Demo Customer 3216,1976-01-01,customer3216@example.invalid,0000003216,DEMO003216,Kolkata,West Bengal,VERIFIED,LOW,CRM
CRM003217,Demo Customer 3217,1977-01-01,customer3217@example.invalid,0000003217,DEMO003217,Pune,Maharashtra,VERIFIED,MEDIUM,CRM
CRM003218,Demo Customer 3218,1978-01-01,customer3218@example.invalid,0000003218,DEMO003218,Delhi,Delhi,PENDING,LOW,CRM
CRM003219,Demo Customer 3219,1979-01-01,customer3219@example.invalid,0000003219,DEMO003219,Mumbai,Maharashtra,VERIFIED,MEDIUM,CRM
CRM003220,Demo Customer 3220,1980-01-01,customer3220@example.invalid,0000003220,DEMO003220,Pune,Maharashtra,PENDING,LOW,CRM
CRM003221,Demo Customer 3221,1981-01-01,customer3221@example.invalid,0000003221,DEMO003221,Kolkata,West Bengal,PENDING,LOW,CRM
CRM003222,Demo Customer 3222,1982-01-01,customer3222@example.invalid,0000003222,DEMO003222,Nagpur,Maharashtra,VERIFIED,LOW,CRM
CRM003223,Demo Customer 3223,1983-01-01,customer3223@example.invalid,0000003223,DEMO003223,Chennai,Tamil Nadu,VERIFIED,LOW,CRM
CRM003224,Demo Customer 3224,1984-01-01,customer3224@example.invalid,0000003224,DEMO003224,Nagpur,Maharashtra,VERIFIED,LOW,CRM
CRM003225,Demo Customer 3225,1985-01-01,customer3225@example.invalid,0000003225,DEMO003225,Bengaluru,Karnataka,VERIFIED,LOW,CRM
CRM003226,Demo Customer 3226,1986-01-01,customer3226@example.invalid,0000003226,DEMO003226,Nagpur,Maharashtra,VERIFIED,MEDIUM,CRM
CRM003227,Demo Customer 3227,1987-01-01,customer3227@example.invalid,0000003227,DEMO003227,Pune,Maharashtra,VERIFIED,MEDIUM,CRM
CRM003228,Demo Customer 3228,1988-01-01,customer3228@example.invalid,0000003228,DEMO003228,Hyderabad,Telangana,VERIFIED,LOW,CRM
CRM003229,Demo Customer 3229,1989-01-01,customer3229@example.invalid,0000003229,DEMO003229,Chennai,Tamil Nadu,VERIFIED,MEDIUM,CRM
CRM003230,Demo Customer 3230,1990-01-01,customer3230@example.invalid,0000003230,DEMO003230,Kolkata,West Bengal,VERIFIED,LOW,CRM
CRM003231,Demo Customer 3231,1991-01-01,customer3231@example.invalid,0000003231,DEMO003231,Gurugram,Haryana,VERIFIED,LOW,CRM
CRM003232,Demo Customer 3232,1992-01-01,customer3232@example.invalid,0000003232,DEMO003232,Gurugram,Haryana,VERIFIED,LOW,CRM
CRM003233,Demo Customer 3233,1993-01-01,customer3233@example.invalid,0000003233,DEMO003233,Pune,Maharashtra,VERIFIED,LOW,CRM
CRM003234,Demo Customer 3234,1994-01-01,customer3234@example.invalid,0000003234,DEMO003234,Bengaluru,Karnataka,VERIFIED,LOW,CRM
CRM003235,Demo Customer 3235,1995-01-01,customer3235@example.invalid,0000003235,DEMO003235,Pune,Maharashtra,PENDING,MEDIUM,CRM
CRM003236,Demo Customer 3236,1996-01-01,customer3236@example.invalid,0000003236,DEMO003236,Ahmedabad,Gujarat,VERIFIED,MEDIUM,CRM
CRM003237,Demo Customer 3237,1997-01-01,customer3237@example.invalid,0000003237,DEMO003237,Bengaluru,Karnataka,PENDING,LOW,CRM
CRM003238,Demo Customer 3238,1998-01-01,customer3238@example.invalid,0000003238,DEMO003238,Gurugram,Haryana,VERIFIED,MEDIUM,CRM
CRM003239,Demo Customer 3239,1999-01-01,customer3239@example.invalid,0000003239,DEMO003239,Gurugram,Haryana,VERIFIED,LOW,CRM
CRM003240,Demo Customer 3240,1970-01-01,customer3240@example.invalid,0000003240,DEMO003240,Nagpur,Maharashtra,VERIFIED,LOW,CRM
CRM003241,Demo Customer 3241,1971-01-01,customer3241@example.invalid,0000003241,DEMO003241,Delhi,Delhi,VERIFIED,LOW,CRM
CRM003242,Demo Customer 3242,1972-01-01,customer3242@example.invalid,0000003242,DEMO003242,Hyderabad,Telangana,VERIFIED,LOW,CRM
CRM003243,Demo Customer 3243,1973-01-01,customer3243@example.invalid,0000003243,DEMO003243,Nagpur,Maharashtra,VERIFIED,LOW,CRM
CRM003244,Demo Customer 3244,1974-01-01,customer3244@example.invalid,0000003244,DEMO003244,Kolkata,West Bengal,PENDING,LOW,CRM
CRM003245,Demo Customer 3245,1975-01-01,customer3245@example.invalid,0000003245,DEMO003245,Chennai,Tamil Nadu,VERIFIED,LOW,CRM
CRM003246,Demo Customer 3246,1976-01-01,customer3246@example.invalid,0000003246,DEMO003246,Nagpur,Maharashtra,VERIFIED,MEDIUM,CRM
CRM003247,Demo Customer 3247,1977-01-01,customer3247@example.invalid,0000003247,DEMO003247,Chennai,Tamil Nadu,VERIFIED,LOW,CRM
CRM003248,Demo Customer 3248,1978-01-01,customer3248@example.invalid,0000003248,DEMO003248,Bengaluru,Karnataka,VERIFIED,LOW,CRM
CRM003249,Demo Customer 3249,1979-01-01,customer3249@example.invalid,0000003249,DEMO003249,Kolkata,West Bengal,VERIFIED,LOW,CRM
CRM003250,Demo Customer 3250,1980-01-01,customer3250@example.invalid,0000003250,DEMO003250,Chennai,Tamil Nadu,VERIFIED,LOW,CRM
CRM003251,Demo Customer 3251,1981-01-01,customer3251@example.invalid,0000003251,DEMO003251,Delhi,Delhi,VERIFIED,LOW,CRM
CRM003252,Demo Customer 3252,1982-01-01,customer3252@example.invalid,0000003252,DEMO003252,Delhi,Delhi,VERIFIED,MEDIUM,CRM
CRM003253,Demo Customer 3253,1983-01-01,customer3253@example.invalid,0000003253,DEMO003253,Chennai,Tamil Nadu,VERIFIED,LOW,CRM
CRM003254,Demo Customer 3254,1984-01-01,customer3254@example.invalid,0000003254,DEMO003254,Ahmedabad,Gujarat,VERIFIED,LOW,CRM
CRM003255,Demo Customer 3255,1985-01-01,customer3255@example.invalid,0000003255,DEMO003255,Pune,Maharashtra,PENDING,LOW,CRM
CRM003256,Demo Customer 3256,1986-01-01,customer3256@example.invalid,0000003256,DEMO003256,Nagpur,Maharashtra,VERIFIED,LOW,CRM
CRM003257,Demo Customer 3257,1987-01-01,customer3257@example.invalid,0000003257,DEMO003257,Chennai,Tamil Nadu,VERIFIED,MEDIUM,CRM
CRM003258,Demo Customer 3258,1988-01-01,customer3258@example.invalid,0000003258,DEMO003258,Delhi,Delhi,VERIFIED,MEDIUM,CRM
CRM003259,Demo Customer 3259,1989-01-01,customer3259@example.invalid,0000003259,DEMO003259,Mumbai,Maharashtra,VERIFIED,LOW,CRM
CRM003260,Demo Customer 3260,1990-01-01,customer3260@example.invalid,0000003260,DEMO003260,Kolkata,West Bengal,VERIFIED,LOW,CRM
CRM003261,Demo Customer 3261,1991-01-01,customer3261@example.invalid,0000003261,DEMO003261,Pune,Maharashtra,PENDING,LOW,CRM
CRM003262,Demo Customer 3262,1992-01-01,customer3262@example.invalid,0000003262,DEMO003262,Delhi,Delhi,VERIFIED,LOW,CRM
CRM003263,Demo Customer 3263,1993-01-01,customer3263@example.invalid,0000003263,DEMO003263,Nagpur,Maharashtra,VERIFIED,LOW,CRM
CRM003264,Demo Customer 3264,1994-01-01,customer3264@example.invalid,0000003264,DEMO003264,Chennai,Tamil Nadu,VERIFIED,LOW,CRM
CRM003265,Demo Customer 3265,1995-01-01,customer3265@example.invalid,0000003265,DEMO003265,Gurugram,Haryana,VERIFIED,LOW,CRM
CRM003266,Demo Customer 3266,1996-01-01,customer3266@example.invalid,0000003266,DEMO003266,Nagpur,Maharashtra,VERIFIED,LOW,CRM
CRM003267,Demo Customer 3267,1997-01-01,customer3267@example.invalid,0000003267,DEMO003267,Mumbai,Maharashtra,VERIFIED,LOW,CRM
CRM003268,Demo Customer 3268,1998-01-01,customer3268@example.invalid,0000003268,DEMO003268,Gurugram,Haryana,VERIFIED,LOW,CRM
CRM003269,Demo Customer 3269,1999-01-01,customer3269@example.invalid,0000003269,DEMO003269,Chennai,Tamil Nadu,REJECTED,LOW,CRM
CRM003270,Demo Customer 3270,1970-01-01,customer3270@example.invalid,0000003270,DEMO003270,Chennai,Tamil Nadu,VERIFIED,LOW,CRM
CRM003271,Demo Customer 3271,1971-01-01,customer3271@example.invalid,0000003271,DEMO003271,Bengaluru,Karnataka,PENDING,LOW,CRM
CRM003272,Demo Customer 3272,1972-01-01,customer3272@example.invalid,0000003272,DEMO003272,Mumbai,Maharashtra,VERIFIED,LOW,CRM
CRM003273,Demo Customer 3273,1973-01-01,customer3273@example.invalid,0000003273,DEMO003273,Bengaluru,Karnataka,PENDING,MEDIUM,CRM
CRM003274,Demo Customer 3274,1974-01-01,customer3274@example.invalid,0000003274,DEMO003274,Kolkata,West Bengal,PENDING,LOW,CRM
CRM003275,Demo Customer 3275,1975-01-01,customer3275@example.invalid,0000003275,DEMO003275,Ahmedabad,Gujarat,VERIFIED,LOW,CRM
CRM003276,Demo Customer 3276,1976-01-01,customer3276@example.invalid,0000003276,DEMO003276,Bengaluru,Karnataka,VERIFIED,LOW,CRM
CRM003277,Demo Customer 3277,1977-01-01,customer3277@example.invalid,0000003277,DEMO003277,Kolkata,West Bengal,VERIFIED,LOW,CRM
CRM003278,Demo Customer 3278,1978-01-01,customer3278@example.invalid,0000003278,DEMO003278,Pune,Maharashtra,VERIFIED,LOW,CRM
CRM003279,Demo Customer 3279,1979-01-01,customer3279@example.invalid,0000003279,DEMO003279,Gurugram,Haryana,VERIFIED,LOW,CRM
CRM003280,Demo Customer 3280,1980-01-01,customer3280@example.invalid,0000003280,DEMO003280,Gurugram,Haryana,PENDING,LOW,CRM
CRM003281,Demo Customer 3281,1981-01-01,customer3281@example.invalid,0000003281,DEMO003281,Chennai,Tamil Nadu,VERIFIED,LOW,CRM
CRM003282,Demo Customer 3282,1982-01-01,customer3282@example.invalid,0000003282,DEMO003282,Mumbai,Maharashtra,VERIFIED,LOW,CRM
CRM003283,Demo Customer 3283,1983-01-01,customer3283@example.invalid,0000003283,DEMO003283,Chennai,Tamil Nadu,VERIFIED,LOW,CRM
CRM003284,Demo Customer 3284,1984-01-01,customer3284@example.invalid,0000003284,DEMO003284,Ahmedabad,Gujarat,VERIFIED,MEDIUM,CRM
CRM003285,Demo Customer 3285,1985-01-01,customer3285@example.invalid,0000003285,DEMO003285,Nagpur,Maharashtra,VERIFIED,LOW,CRM
CRM003286,Demo Customer 3286,1986-01-01,customer3286@example.invalid,0000003286,DEMO003286,Mumbai,Maharashtra,VERIFIED,LOW,CRM
CRM003287,Demo Customer 3287,1987-01-01,customer3287@example.invalid,0000003287,DEMO003287,Mumbai,Maharashtra,PENDING,HIGH,CRM
CRM003288,Demo Customer 3288,1988-01-01,customer3288@example.invalid,0000003288,DEMO003288,Mumbai,Maharashtra,REJECTED,HIGH,CRM
CRM003289,Demo Customer 3289,1989-01-01,customer3289@example.invalid,0000003289,DEMO003289,Ahmedabad,Gujarat,VERIFIED,MEDIUM,CRM
CRM003290,Demo Customer 3290,1990-01-01,customer3290@example.invalid,0000003290,DEMO003290,Delhi,Delhi,VERIFIED,LOW,CRM
CRM003291,Demo Customer 3291,1991-01-01,customer3291@example.invalid,0000003291,DEMO003291,Chennai,Tamil Nadu,PENDING,MEDIUM,CRM
CRM003292,Demo Customer 3292,1992-01-01,customer3292@example.invalid,0000003292,DEMO003292,Gurugram,Haryana,VERIFIED,LOW,CRM
CRM003293,Demo Customer 3293,1993-01-01,customer3293@example.invalid,0000003293,DEMO003293,Ahmedabad,Gujarat,VERIFIED,MEDIUM,CRM
CRM003294,Demo Customer 3294,1994-01-01,customer3294@example.invalid,0000003294,DEMO003294,Chennai,Tamil Nadu,VERIFIED,LOW,CRM
CRM003295,Demo Customer 3295,1995-01-01,customer3295@example.invalid,0000003295,DEMO003295,Ahmedabad,Gujarat,VERIFIED,MEDIUM,CRM
CRM003296,Demo Customer 3296,1996-01-01,customer3296@example.invalid,0000003296,DEMO003296,Ahmedabad,Gujarat,VERIFIED,LOW,CRM
CRM003297,Demo Customer 3297,1997-01-01,customer3297@example.invalid,0000003297,DEMO003297,Hyderabad,Telangana,VERIFIED,LOW,CRM
CRM003298,Demo Customer 3298,1998-01-01,customer3298@example.invalid,0000003298,DEMO003298,Hyderabad,Telangana,VERIFIED,LOW,CRM
CRM003299,Demo Customer 3299,1999-01-01,customer3299@example.invalid,0000003299,DEMO003299,Ahmedabad,Gujarat,VERIFIED,LOW,CRM
CRM003300,Demo Customer 3300,1970-01-01,customer3300@example.invalid,0000003300,DEMO003300,Ahmedabad,Gujarat,VERIFIED,MEDIUM,CRM
CRM003301,Demo Customer 3301,1971-01-01,customer3301@example.invalid,0000003301,DEMO003301,Mumbai,Maharashtra,VERIFIED,LOW,CRM
CRM003302,Demo Customer 3302,1972-01-01,customer3302@example.invalid,0000003302,DEMO003302,Mumbai,Maharashtra,VERIFIED,LOW,CRM
CRM003303,Demo Customer 3303,1973-01-01,customer3303@example.invalid,0000003303,DEMO003303,Kolkata,West Bengal,VERIFIED,LOW,CRM
CRM003304,Demo Customer 3304,1974-01-01,customer3304@example.invalid,0000003304,DEMO003304,Hyderabad,Telangana,PENDING,LOW,CRM
CRM003305,Demo Customer 3305,1975-01-01,customer3305@example.invalid,0000003305,DEMO003305,Chennai,Tamil Nadu,PENDING,MEDIUM,CRM
CRM003306,Demo Customer 3306,1976-01-01,customer3306@example.invalid,0000003306,DEMO003306,Chennai,Tamil Nadu,VERIFIED,MEDIUM,CRM
CRM003307,Demo Customer 3307,1977-01-01,customer3307@example.invalid,0000003307,DEMO003307,Ahmedabad,Gujarat,REJECTED,HIGH,CRM
CRM003308,Demo Customer 3308,1978-01-01,customer3308@example.invalid,0000003308,DEMO003308,Kolkata,West Bengal,VERIFIED,LOW,CRM
CRM003309,Demo Customer 3309,1979-01-01,customer3309@example.invalid,0000003309,DEMO003309,Ahmedabad,Gujarat,VERIFIED,LOW,CRM
CRM003310,Demo Customer 3310,1980-01-01,customer3310@example.invalid,0000003310,DEMO003310,Ahmedabad,Gujarat,VERIFIED,LOW,CRM
CRM003311,Demo Customer 3311,1981-01-01,customer3311@example.invalid,0000003311,DEMO003311,Bengaluru,Karnataka,PENDING,LOW,CRM
CRM003312,Demo Customer 3312,1982-01-01,customer3312@example.invalid,0000003312,DEMO003312,Kolkata,West Bengal,VERIFIED,LOW,CRM
CRM003313,Demo Customer 3313,1983-01-01,customer3313@example.invalid,0000003313,DEMO003313,Kolkata,West Bengal,VERIFIED,LOW,CRM
CRM003314,Demo Customer 3314,1984-01-01,customer3314@example.invalid,0000003314,DEMO003314,Pune,Maharashtra,VERIFIED,MEDIUM,CRM
CRM003315,Demo Customer 3315,1985-01-01,customer3315@example.invalid,0000003315,DEMO003315,Nagpur,Maharashtra,VERIFIED,LOW,CRM
CRM003316,Demo Customer 3316,1986-01-01,customer3316@example.invalid,0000003316,DEMO003316,Pune,Maharashtra,VERIFIED,LOW,CRM
CRM003317,Demo Customer 3317,1987-01-01,customer3317@example.invalid,0000003317,DEMO003317,Gurugram,Haryana,VERIFIED,LOW,CRM
CRM003318,Demo Customer 3318,1988-01-01,customer3318@example.invalid,0000003318,DEMO003318,Delhi,Delhi,VERIFIED,MEDIUM,CRM
CRM003319,Demo Customer 3319,1989-01-01,customer3319@example.invalid,0000003319,DEMO003319,Delhi,Delhi,PENDING,MEDIUM,CRM
CRM003320,Demo Customer 3320,1990-01-01,customer3320@example.invalid,0000003320,DEMO003320,Gurugram,Haryana,PENDING,LOW,CRM
CRM003321,Demo Customer 3321,1991-01-01,customer3321@example.invalid,0000003321,DEMO003321,Mumbai,Maharashtra,VERIFIED,LOW,CRM
CRM003322,Demo Customer 3322,1992-01-01,customer3322@example.invalid,0000003322,DEMO003322,Kolkata,West Bengal,VERIFIED,MEDIUM,CRM
CRM003323,Demo Customer 3323,1993-01-01,customer3323@example.invalid,0000003323,DEMO003323,Gurugram,Haryana,VERIFIED,HIGH,CRM
CRM003324,Demo Customer 3324,1994-01-01,customer3324@example.invalid,0000003324,DEMO003324,Nagpur,Maharashtra,PENDING,MEDIUM,CRM
CRM003325,Demo Customer 3325,1995-01-01,customer3325@example.invalid,0000003325,DEMO003325,Nagpur,Maharashtra,VERIFIED,LOW,CRM
CRM003326,Demo Customer 3326,1996-01-01,customer3326@example.invalid,0000003326,DEMO003326,Ahmedabad,Gujarat,VERIFIED,LOW,CRM
CRM003327,Demo Customer 3327,1997-01-01,customer3327@example.invalid,0000003327,DEMO003327,Hyderabad,Telangana,VERIFIED,LOW,CRM
CRM003328,Demo Customer 3328,1998-01-01,customer3328@example.invalid,0000003328,DEMO003328,Bengaluru,Karnataka,VERIFIED,LOW,CRM
CRM003329,Demo Customer 3329,1999-01-01,customer3329@example.invalid,0000003329,DEMO003329,Nagpur,Maharashtra,VERIFIED,LOW,CRM
CRM003330,Demo Customer 3330,1970-01-01,customer3330@example.invalid,0000003330,DEMO003330,Bengaluru,Karnataka,VERIFIED,MEDIUM,CRM
CRM003331,Demo Customer 3331,1971-01-01,customer3331@example.invalid,0000003331,DEMO003331,Bengaluru,Karnataka,VERIFIED,LOW,CRM
CRM003332,Demo Customer 3332,1972-01-01,customer3332@example.invalid,0000003332,DEMO003332,Chennai,Tamil Nadu,VERIFIED,MEDIUM,CRM
CRM003333,Demo Customer 3333,1973-01-01,customer3333@example.invalid,0000003333,DEMO003333,Nagpur,Maharashtra,PENDING,LOW,CRM
CRM003334,Demo Customer 3334,1974-01-01,customer3334@example.invalid,0000003334,DEMO003334,Gurugram,Haryana,VERIFIED,LOW,CRM
CRM003335,Demo Customer 3335,1975-01-01,customer3335@example.invalid,0000003335,DEMO003335,Hyderabad,Telangana,VERIFIED,MEDIUM,CRM
CRM003336,Demo Customer 3336,1976-01-01,customer3336@example.invalid,0000003336,DEMO003336,Hyderabad,Telangana,VERIFIED,LOW,CRM
CRM003337,Demo Customer 3337,1977-01-01,customer3337@example.invalid,0000003337,DEMO003337,Bengaluru,Karnataka,VERIFIED,LOW,CRM
CRM003338,Demo Customer 3338,1978-01-01,customer3338@example.invalid,0000003338,DEMO003338,Delhi,Delhi,VERIFIED,MEDIUM,CRM
CRM003339,Demo Customer 3339,1979-01-01,customer3339@example.invalid,0000003339,DEMO003339,Bengaluru,Karnataka,VERIFIED,LOW,CRM
CRM003340,Demo Customer 3340,1980-01-01,customer3340@example.invalid,0000003340,DEMO003340,Nagpur,Maharashtra,VERIFIED,HIGH,CRM
CRM003341,Demo Customer 3341,1981-01-01,customer3341@example.invalid,0000003341,DEMO003341,Ahmedabad,Gujarat,VERIFIED,LOW,CRM
CRM003342,Demo Customer 3342,1982-01-01,customer3342@example.invalid,0000003342,DEMO003342,Pune,Maharashtra,VERIFIED,LOW,CRM
CRM003343,Demo Customer 3343,1983-01-01,customer3343@example.invalid,0000003343,DEMO003343,Nagpur,Maharashtra,VERIFIED,HIGH,CRM
CRM003344,Demo Customer 3344,1984-01-01,customer3344@example.invalid,0000003344,DEMO003344,Bengaluru,Karnataka,VERIFIED,LOW,CRM
CRM003345,Demo Customer 3345,1985-01-01,customer3345@example.invalid,0000003345,DEMO003345,Gurugram,Haryana,REJECTED,LOW,CRM
CRM003346,Demo Customer 3346,1986-01-01,customer3346@example.invalid,0000003346,DEMO003346,Gurugram,Haryana,VERIFIED,LOW,CRM
CRM003347,Demo Customer 3347,1987-01-01,customer3347@example.invalid,0000003347,DEMO003347,Delhi,Delhi,VERIFIED,LOW,CRM
CRM003348,Demo Customer 3348,1988-01-01,customer3348@example.invalid,0000003348,DEMO003348,Delhi,Delhi,VERIFIED,LOW,CRM
CRM003349,Demo Customer 3349,1989-01-01,customer3349@example.invalid,0000003349,DEMO003349,Pune,Maharashtra,VERIFIED,LOW,CRM
CRM003350,Demo Customer 3350,1990-01-01,customer3350@example.invalid,0000003350,DEMO003350,Hyderabad,Telangana,VERIFIED,LOW,CRM
CRM003351,Demo Customer 3351,1991-01-01,customer3351@example.invalid,0000003351,DEMO003351,Gurugram,Haryana,VERIFIED,MEDIUM,CRM
CRM003352,Demo Customer 3352,1992-01-01,customer3352@example.invalid,0000003352,DEMO003352,Pune,Maharashtra,VERIFIED,LOW,CRM
CRM003353,Demo Customer 3353,1993-01-01,customer3353@example.invalid,0000003353,DEMO003353,Nagpur,Maharashtra,VERIFIED,MEDIUM,CRM
CRM003354,Demo Customer 3354,1994-01-01,customer3354@example.invalid,0000003354,DEMO003354,Bengaluru,Karnataka,VERIFIED,LOW,CRM
CRM003355,Demo Customer 3355,1995-01-01,customer3355@example.invalid,0000003355,DEMO003355,Ahmedabad,Gujarat,VERIFIED,LOW,CRM
CRM003356,Demo Customer 3356,1996-01-01,customer3356@example.invalid,0000003356,DEMO003356,Delhi,Delhi,VERIFIED,MEDIUM,CRM
CRM003357,Demo Customer 3357,1997-01-01,customer3357@example.invalid,0000003357,DEMO003357,Ahmedabad,Gujarat,VERIFIED,LOW,CRM
CRM003358,Demo Customer 3358,1998-01-01,customer3358@example.invalid,0000003358,DEMO003358,Delhi,Delhi,VERIFIED,LOW,CRM
CRM003359,Demo Customer 3359,1999-01-01,customer3359@example.invalid,0000003359,DEMO003359,Kolkata,West Bengal,VERIFIED,LOW,CRM
CRM003360,Demo Customer 3360,1970-01-01,customer3360@example.invalid,0000003360,DEMO003360,Chennai,Tamil Nadu,VERIFIED,LOW,CRM
CRM003361,Demo Customer 3361,1971-01-01,customer3361@example.invalid,0000003361,DEMO003361,Delhi,Delhi,VERIFIED,LOW,CRM
CRM003362,Demo Customer 3362,1972-01-01,customer3362@example.invalid,0000003362,DEMO003362,Hyderabad,Telangana,VERIFIED,LOW,CRM
CRM003363,Demo Customer 3363,1973-01-01,customer3363@example.invalid,0000003363,DEMO003363,Gurugram,Haryana,VERIFIED,LOW,CRM
CRM003364,Demo Customer 3364,1974-01-01,customer3364@example.invalid,0000003364,DEMO003364,Nagpur,Maharashtra,VERIFIED,LOW,CRM
CRM003365,Demo Customer 3365,1975-01-01,customer3365@example.invalid,0000003365,DEMO003365,Bengaluru,Karnataka,VERIFIED,MEDIUM,CRM
CRM003366,Demo Customer 3366,1976-01-01,customer3366@example.invalid,0000003366,DEMO003366,Bengaluru,Karnataka,VERIFIED,LOW,CRM
CRM003367,Demo Customer 3367,1977-01-01,customer3367@example.invalid,0000003367,DEMO003367,Hyderabad,Telangana,VERIFIED,LOW,CRM
CRM003368,Demo Customer 3368,1978-01-01,customer3368@example.invalid,0000003368,DEMO003368,Nagpur,Maharashtra,VERIFIED,LOW,CRM
CRM003369,Demo Customer 3369,1979-01-01,customer3369@example.invalid,0000003369,DEMO003369,Nagpur,Maharashtra,PENDING,LOW,CRM
CRM003370,Demo Customer 3370,1980-01-01,customer3370@example.invalid,0000003370,DEMO003370,Gurugram,Haryana,VERIFIED,MEDIUM,CRM
CRM003371,Demo Customer 3371,1981-01-01,customer3371@example.invalid,0000003371,DEMO003371,Hyderabad,Telangana,VERIFIED,LOW,CRM
CRM003372,Demo Customer 3372,1982-01-01,customer3372@example.invalid,0000003372,DEMO003372,Hyderabad,Telangana,REJECTED,LOW,CRM
CRM003373,Demo Customer 3373,1983-01-01,customer3373@example.invalid,0000003373,DEMO003373,Nagpur,Maharashtra,VERIFIED,LOW,CRM
CRM003374,Demo Customer 3374,1984-01-01,customer3374@example.invalid,0000003374,DEMO003374,Chennai,Tamil Nadu,VERIFIED,LOW,CRM
CRM003375,Demo Customer 3375,1985-01-01,customer3375@example.invalid,0000003375,DEMO003375,Mumbai,Maharashtra,VERIFIED,LOW,CRM
CRM003376,Demo Customer 3376,1986-01-01,customer3376@example.invalid,0000003376,DEMO003376,Chennai,Tamil Nadu,VERIFIED,LOW,CRM
CRM003377,Demo Customer 3377,1987-01-01,customer3377@example.invalid,0000003377,DEMO003377,Chennai,Tamil Nadu,VERIFIED,MEDIUM,CRM
CRM003378,Demo Customer 3378,1988-01-01,customer3378@example.invalid,0000003378,DEMO003378,Hyderabad,Telangana,PENDING,LOW,CRM
CRM003379,Demo Customer 3379,1989-01-01,customer3379@example.invalid,0000003379,DEMO003379,Gurugram,Haryana,VERIFIED,LOW,CRM
CRM003380,Demo Customer 3380,1990-01-01,customer3380@example.invalid,0000003380,DEMO003380,Chennai,Tamil Nadu,PENDING,LOW,CRM
CRM003381,Demo Customer 3381,1991-01-01,customer3381@example.invalid,0000003381,DEMO003381,Delhi,Delhi,VERIFIED,LOW,CRM
CRM003382,Demo Customer 3382,1992-01-01,customer3382@example.invalid,0000003382,DEMO003382,Bengaluru,Karnataka,VERIFIED,LOW,CRM
CRM003383,Demo Customer 3383,1993-01-01,customer3383@example.invalid,0000003383,DEMO003383,Kolkata,West Bengal,PENDING,MEDIUM,CRM
CRM003384,Demo Customer 3384,1994-01-01,customer3384@example.invalid,0000003384,DEMO003384,Nagpur,Maharashtra,VERIFIED,LOW,CRM
CRM003385,Demo Customer 3385,1995-01-01,customer3385@example.invalid,0000003385,DEMO003385,Pune,Maharashtra,VERIFIED,LOW,CRM
CRM003386,Demo Customer 3386,1996-01-01,customer3386@example.invalid,0000003386,DEMO003386,Kolkata,West Bengal,PENDING,MEDIUM,CRM
CRM003387,Demo Customer 3387,1997-01-01,customer3387@example.invalid,0000003387,DEMO003387,Nagpur,Maharashtra,VERIFIED,LOW,CRM
CRM003388,Demo Customer 3388,1998-01-01,customer3388@example.invalid,0000003388,DEMO003388,Delhi,Delhi,VERIFIED,LOW,CRM
CRM003389,Demo Customer 3389,1999-01-01,customer3389@example.invalid,0000003389,DEMO003389,Kolkata,West Bengal,VERIFIED,MEDIUM,CRM
CRM003390,Demo Customer 3390,1970-01-01,customer3390@example.invalid,0000003390,DEMO003390,Chennai,Tamil Nadu,VERIFIED,MEDIUM,CRM
CRM003391,Demo Customer 3391,1971-01-01,customer3391@example.invalid,0000003391,DEMO003391,Mumbai,Maharashtra,VERIFIED,MEDIUM,CRM
CRM003392,Demo Customer 3392,1972-01-01,customer3392@example.invalid,0000003392,DEMO003392,Pune,Maharashtra,PENDING,LOW,CRM
CRM003393,Demo Customer 3393,1973-01-01,customer3393@example.invalid,0000003393,DEMO003393,Bengaluru,Karnataka,VERIFIED,LOW,CRM
CRM003394,Demo Customer 3394,1974-01-01,customer3394@example.invalid,0000003394,DEMO003394,Mumbai,Maharashtra,VERIFIED,LOW,CRM
CRM003395,Demo Customer 3395,1975-01-01,customer3395@example.invalid,0000003395,DEMO003395,Gurugram,Haryana,VERIFIED,LOW,CRM
CRM003396,Demo Customer 3396,1976-01-01,customer3396@example.invalid,0000003396,DEMO003396,Delhi,Delhi,VERIFIED,LOW,CRM
CRM003397,Demo Customer 3397,1977-01-01,customer3397@example.invalid,0000003397,DEMO003397,Pune,Maharashtra,VERIFIED,MEDIUM,CRM
CRM003398,Demo Customer 3398,1978-01-01,customer3398@example.invalid,0000003398,DEMO003398,Bengaluru,Karnataka,VERIFIED,LOW,CRM
CRM003399,Demo Customer 3399,1979-01-01,customer3399@example.invalid,0000003399,DEMO003399,Bengaluru,Karnataka,VERIFIED,LOW,CRM
CRM003400,Demo Customer 3400,1980-01-01,customer3400@example.invalid,0000003400,DEMO003400,Gurugram,Haryana,VERIFIED,MEDIUM,CRM
CRM003401,Demo Customer 3401,1981-01-01,customer3401@example.invalid,0000003401,DEMO003401,Kolkata,West Bengal,VERIFIED,LOW,CRM
CRM003402,Demo Customer 3402,1982-01-01,customer3402@example.invalid,0000003402,DEMO003402,Delhi,Delhi,VERIFIED,LOW,CRM
CRM003403,Demo Customer 3403,1983-01-01,customer3403@example.invalid,0000003403,DEMO003403,Chennai,Tamil Nadu,VERIFIED,LOW,CRM
CRM003404,Demo Customer 3404,1984-01-01,customer3404@example.invalid,0000003404,DEMO003404,Hyderabad,Telangana,VERIFIED,LOW,CRM
CRM003405,Demo Customer 3405,1985-01-01,customer3405@example.invalid,0000003405,DEMO003405,Gurugram,Haryana,PENDING,MEDIUM,CRM
CRM003406,Demo Customer 3406,1986-01-01,customer3406@example.invalid,0000003406,DEMO003406,Hyderabad,Telangana,VERIFIED,LOW,CRM
CRM003407,Demo Customer 3407,1987-01-01,customer3407@example.invalid,0000003407,DEMO003407,Kolkata,West Bengal,PENDING,LOW,CRM
CRM003408,Demo Customer 3408,1988-01-01,customer3408@example.invalid,0000003408,DEMO003408,Gurugram,Haryana,PENDING,LOW,CRM
CRM003409,Demo Customer 3409,1989-01-01,customer3409@example.invalid,0000003409,DEMO003409,Chennai,Tamil Nadu,PENDING,MEDIUM,CRM
CRM003410,Demo Customer 3410,1990-01-01,customer3410@example.invalid,0000003410,DEMO003410,Chennai,Tamil Nadu,VERIFIED,LOW,CRM
CRM003411,Demo Customer 3411,1991-01-01,customer3411@example.invalid,0000003411,DEMO003411,Pune,Maharashtra,REJECTED,MEDIUM,CRM
CRM003412,Demo Customer 3412,1992-01-01,customer3412@example.invalid,0000003412,DEMO003412,Kolkata,West Bengal,VERIFIED,MEDIUM,CRM
CRM003413,Demo Customer 3413,1993-01-01,customer3413@example.invalid,0000003413,DEMO003413,Ahmedabad,Gujarat,PENDING,LOW,CRM
CRM003414,Demo Customer 3414,1994-01-01,customer3414@example.invalid,0000003414,DEMO003414,Gurugram,Haryana,VERIFIED,MEDIUM,CRM
CRM003415,Demo Customer 3415,1995-01-01,customer3415@example.invalid,0000003415,DEMO003415,Chennai,Tamil Nadu,VERIFIED,HIGH,CRM
CRM003416,Demo Customer 3416,1996-01-01,customer3416@example.invalid,0000003416,DEMO003416,Pune,Maharashtra,VERIFIED,LOW,CRM
CRM003417,Demo Customer 3417,1997-01-01,customer3417@example.invalid,0000003417,DEMO003417,Mumbai,Maharashtra,VERIFIED,MEDIUM,CRM
CRM003418,Demo Customer 3418,1998-01-01,customer3418@example.invalid,0000003418,DEMO003418,Chennai,Tamil Nadu,VERIFIED,LOW,CRM
CRM003419,Demo Customer 3419,1999-01-01,customer3419@example.invalid,0000003419,DEMO003419,Hyderabad,Telangana,VERIFIED,MEDIUM,CRM
CRM003420,Demo Customer 3420,1970-01-01,customer3420@example.invalid,0000003420,DEMO003420,Hyderabad,Telangana,VERIFIED,LOW,CRM
CRM003421,Demo Customer 3421,1971-01-01,customer3421@example.invalid,0000003421,DEMO003421,Chennai,Tamil Nadu,PENDING,LOW,CRM
CRM003422,Demo Customer 3422,1972-01-01,customer3422@example.invalid,0000003422,DEMO003422,Bengaluru,Karnataka,VERIFIED,MEDIUM,CRM
CRM003423,Demo Customer 3423,1973-01-01,customer3423@example.invalid,0000003423,DEMO003423,Kolkata,West Bengal,VERIFIED,MEDIUM,CRM
CRM003424,Demo Customer 3424,1974-01-01,customer3424@example.invalid,0000003424,DEMO003424,Kolkata,West Bengal,VERIFIED,LOW,CRM
CRM003425,Demo Customer 3425,1975-01-01,customer3425@example.invalid,0000003425,DEMO003425,Gurugram,Haryana,VERIFIED,LOW,CRM
CRM003426,Demo Customer 3426,1976-01-01,customer3426@example.invalid,0000003426,DEMO003426,Ahmedabad,Gujarat,VERIFIED,LOW,CRM
CRM003427,Demo Customer 3427,1977-01-01,customer3427@example.invalid,0000003427,DEMO003427,Mumbai,Maharashtra,VERIFIED,LOW,CRM
CRM003428,Demo Customer 3428,1978-01-01,customer3428@example.invalid,0000003428,DEMO003428,Gurugram,Haryana,VERIFIED,MEDIUM,CRM
CRM003429,Demo Customer 3429,1979-01-01,customer3429@example.invalid,0000003429,DEMO003429,Hyderabad,Telangana,VERIFIED,LOW,CRM
CRM003430,Demo Customer 3430,1980-01-01,customer3430@example.invalid,0000003430,DEMO003430,Delhi,Delhi,VERIFIED,MEDIUM,CRM
CRM003431,Demo Customer 3431,1981-01-01,customer3431@example.invalid,0000003431,DEMO003431,Hyderabad,Telangana,REJECTED,LOW,CRM
CRM003432,Demo Customer 3432,1982-01-01,customer3432@example.invalid,0000003432,DEMO003432,Delhi,Delhi,VERIFIED,LOW,CRM
CRM003433,Demo Customer 3433,1983-01-01,customer3433@example.invalid,0000003433,DEMO003433,Ahmedabad,Gujarat,VERIFIED,LOW,CRM
CRM003434,Demo Customer 3434,1984-01-01,customer3434@example.invalid,0000003434,DEMO003434,Bengaluru,Karnataka,VERIFIED,LOW,CRM
CRM003435,Demo Customer 3435,1985-01-01,customer3435@example.invalid,0000003435,DEMO003435,Kolkata,West Bengal,VERIFIED,LOW,CRM
CRM003436,Demo Customer 3436,1986-01-01,customer3436@example.invalid,0000003436,DEMO003436,Mumbai,Maharashtra,VERIFIED,LOW,CRM
CRM003437,Demo Customer 3437,1987-01-01,customer3437@example.invalid,0000003437,DEMO003437,Ahmedabad,Gujarat,PENDING,LOW,CRM
CRM003438,Demo Customer 3438,1988-01-01,customer3438@example.invalid,0000003438,DEMO003438,Ahmedabad,Gujarat,REJECTED,LOW,CRM
CRM003439,Demo Customer 3439,1989-01-01,customer3439@example.invalid,0000003439,DEMO003439,Nagpur,Maharashtra,VERIFIED,LOW,CRM
CRM003440,Demo Customer 3440,1990-01-01,customer3440@example.invalid,0000003440,DEMO003440,Gurugram,Haryana,VERIFIED,HIGH,CRM
CRM003441,Demo Customer 3441,1991-01-01,customer3441@example.invalid,0000003441,DEMO003441,Kolkata,West Bengal,VERIFIED,MEDIUM,CRM
CRM003442,Demo Customer 3442,1992-01-01,customer3442@example.invalid,0000003442,DEMO003442,Bengaluru,Karnataka,VERIFIED,MEDIUM,CRM
CRM003443,Demo Customer 3443,1993-01-01,customer3443@example.invalid,0000003443,DEMO003443,Chennai,Tamil Nadu,PENDING,HIGH,CRM
CRM003444,Demo Customer 3444,1994-01-01,customer3444@example.invalid,0000003444,DEMO003444,Mumbai,Maharashtra,VERIFIED,MEDIUM,CRM
CRM003445,Demo Customer 3445,1995-01-01,customer3445@example.invalid,0000003445,DEMO003445,Ahmedabad,Gujarat,VERIFIED,MEDIUM,CRM
CRM003446,Demo Customer 3446,1996-01-01,customer3446@example.invalid,0000003446,DEMO003446,Bengaluru,Karnataka,VERIFIED,LOW,CRM
CRM003447,Demo Customer 3447,1997-01-01,customer3447@example.invalid,0000003447,DEMO003447,Kolkata,West Bengal,VERIFIED,MEDIUM,CRM
CRM003448,Demo Customer 3448,1998-01-01,customer3448@example.invalid,0000003448,DEMO003448,Ahmedabad,Gujarat,VERIFIED,LOW,CRM
CRM003449,Demo Customer 3449,1999-01-01,customer3449@example.invalid,0000003449,DEMO003449,Gurugram,Haryana,VERIFIED,LOW,CRM
CRM003450,Demo Customer 3450,1970-01-01,customer3450@example.invalid,0000003450,DEMO003450,Bengaluru,Karnataka,VERIFIED,LOW,CRM
CRM003451,Demo Customer 3451,1971-01-01,customer3451@example.invalid,0000003451,DEMO003451,Ahmedabad,Gujarat,VERIFIED,MEDIUM,CRM
CRM003452,Demo Customer 3452,1972-01-01,customer3452@example.invalid,0000003452,DEMO003452,Mumbai,Maharashtra,VERIFIED,LOW,CRM
CRM003453,Demo Customer 3453,1973-01-01,customer3453@example.invalid,0000003453,DEMO003453,Ahmedabad,Gujarat,VERIFIED,MEDIUM,CRM
CRM003454,Demo Customer 3454,1974-01-01,customer3454@example.invalid,0000003454,DEMO003454,Ahmedabad,Gujarat,VERIFIED,LOW,CRM
CRM003455,Demo Customer 3455,1975-01-01,customer3455@example.invalid,0000003455,DEMO003455,Pune,Maharashtra,VERIFIED,LOW,CRM
CRM003456,Demo Customer 3456,1976-01-01,customer3456@example.invalid,0000003456,DEMO003456,Gurugram,Haryana,VERIFIED,LOW,CRM
CRM003457,Demo Customer 3457,1977-01-01,customer3457@example.invalid,0000003457,DEMO003457,Gurugram,Haryana,PENDING,LOW,CRM
CRM003458,Demo Customer 3458,1978-01-01,customer3458@example.invalid,0000003458,DEMO003458,Nagpur,Maharashtra,VERIFIED,LOW,CRM
CRM003459,Demo Customer 3459,1979-01-01,customer3459@example.invalid,0000003459,DEMO003459,Gurugram,Haryana,VERIFIED,MEDIUM,CRM
CRM003460,Demo Customer 3460,1980-01-01,customer3460@example.invalid,0000003460,DEMO003460,Ahmedabad,Gujarat,PENDING,LOW,CRM
CRM003461,Demo Customer 3461,1981-01-01,customer3461@example.invalid,0000003461,DEMO003461,Delhi,Delhi,PENDING,MEDIUM,CRM
CRM003462,Demo Customer 3462,1982-01-01,customer3462@example.invalid,0000003462,DEMO003462,Mumbai,Maharashtra,PENDING,LOW,CRM
CRM003463,Demo Customer 3463,1983-01-01,customer3463@example.invalid,0000003463,DEMO003463,Pune,Maharashtra,VERIFIED,LOW,CRM
CRM003464,Demo Customer 3464,1984-01-01,customer3464@example.invalid,0000003464,DEMO003464,Gurugram,Haryana,VERIFIED,MEDIUM,CRM
CRM003465,Demo Customer 3465,1985-01-01,customer3465@example.invalid,0000003465,DEMO003465,Mumbai,Maharashtra,VERIFIED,LOW,CRM
CRM003466,Demo Customer 3466,1986-01-01,customer3466@example.invalid,0000003466,DEMO003466,Mumbai,Maharashtra,VERIFIED,LOW,CRM
CRM003467,Demo Customer 3467,1987-01-01,customer3467@example.invalid,0000003467,DEMO003467,Hyderabad,Telangana,VERIFIED,HIGH,CRM
CRM003468,Demo Customer 3468,1988-01-01,customer3468@example.invalid,0000003468,DEMO003468,Pune,Maharashtra,VERIFIED,LOW,CRM
CRM003469,Demo Customer 3469,1989-01-01,customer3469@example.invalid,0000003469,DEMO003469,Mumbai,Maharashtra,VERIFIED,LOW,CRM
CRM003470,Demo Customer 3470,1990-01-01,customer3470@example.invalid,0000003470,DEMO003470,Hyderabad,Telangana,VERIFIED,MEDIUM,CRM
CRM003471,Demo Customer 3471,1991-01-01,customer3471@example.invalid,0000003471,DEMO003471,Hyderabad,Telangana,VERIFIED,MEDIUM,CRM
CRM003472,Demo Customer 3472,1992-01-01,customer3472@example.invalid,0000003472,DEMO003472,Chennai,Tamil Nadu,PENDING,LOW,CRM
CRM003473,Demo Customer 3473,1993-01-01,customer3473@example.invalid,0000003473,DEMO003473,Gurugram,Haryana,VERIFIED,LOW,CRM
CRM003474,Demo Customer 3474,1994-01-01,customer3474@example.invalid,0000003474,DEMO003474,Nagpur,Maharashtra,VERIFIED,LOW,CRM
CRM003475,Demo Customer 3475,1995-01-01,customer3475@example.invalid,0000003475,DEMO003475,Ahmedabad,Gujarat,VERIFIED,MEDIUM,CRM
CRM003476,Demo Customer 3476,1996-01-01,customer3476@example.invalid,0000003476,DEMO003476,Bengaluru,Karnataka,VERIFIED,LOW,CRM
CRM003477,Demo Customer 3477,1997-01-01,customer3477@example.invalid,0000003477,DEMO003477,Kolkata,West Bengal,VERIFIED,LOW,CRM
CRM003478,Demo Customer 3478,1998-01-01,customer3478@example.invalid,0000003478,DEMO003478,Gurugram,Haryana,VERIFIED,MEDIUM,CRM
CRM003479,Demo Customer 3479,1999-01-01,customer3479@example.invalid,0000003479,DEMO003479,Pune,Maharashtra,VERIFIED,LOW,CRM
CRM003480,Demo Customer 3480,1970-01-01,customer3480@example.invalid,0000003480,DEMO003480,Nagpur,Maharashtra,VERIFIED,LOW,CRM
CRM003481,Demo Customer 3481,1971-01-01,customer3481@example.invalid,0000003481,DEMO003481,Gurugram,Haryana,VERIFIED,LOW,CRM
CRM003482,Demo Customer 3482,1972-01-01,customer3482@example.invalid,0000003482,DEMO003482,Gurugram,Haryana,VERIFIED,LOW,CRM
CRM003483,Demo Customer 3483,1973-01-01,customer3483@example.invalid,0000003483,DEMO003483,Delhi,Delhi,VERIFIED,LOW,CRM
CRM003484,Demo Customer 3484,1974-01-01,customer3484@example.invalid,0000003484,DEMO003484,Bengaluru,Karnataka,VERIFIED,LOW,CRM
CRM003485,Demo Customer 3485,1975-01-01,customer3485@example.invalid,0000003485,DEMO003485,Pune,Maharashtra,VERIFIED,LOW,CRM
CRM003486,Demo Customer 3486,1976-01-01,customer3486@example.invalid,0000003486,DEMO003486,Chennai,Tamil Nadu,VERIFIED,MEDIUM,CRM
CRM003487,Demo Customer 3487,1977-01-01,customer3487@example.invalid,0000003487,DEMO003487,Kolkata,West Bengal,PENDING,LOW,CRM
CRM003488,Demo Customer 3488,1978-01-01,customer3488@example.invalid,0000003488,DEMO003488,Pune,Maharashtra,VERIFIED,LOW,CRM
CRM003489,Demo Customer 3489,1979-01-01,customer3489@example.invalid,0000003489,DEMO003489,Bengaluru,Karnataka,PENDING,HIGH,CRM
CRM003490,Demo Customer 3490,1980-01-01,customer3490@example.invalid,0000003490,DEMO003490,Nagpur,Maharashtra,VERIFIED,LOW,CRM
CRM003491,Demo Customer 3491,1981-01-01,customer3491@example.invalid,0000003491,DEMO003491,Kolkata,West Bengal,VERIFIED,MEDIUM,CRM
CRM003492,Demo Customer 3492,1982-01-01,customer3492@example.invalid,0000003492,DEMO003492,Gurugram,Haryana,VERIFIED,LOW,CRM
CRM003493,Demo Customer 3493,1983-01-01,customer3493@example.invalid,0000003493,DEMO003493,Bengaluru,Karnataka,VERIFIED,LOW,CRM
CRM003494,Demo Customer 3494,1984-01-01,customer3494@example.invalid,0000003494,DEMO003494,Ahmedabad,Gujarat,VERIFIED,LOW,CRM
CRM003495,Demo Customer 3495,1985-01-01,customer3495@example.invalid,0000003495,DEMO003495,Delhi,Delhi,REJECTED,LOW,CRM
CRM003496,Demo Customer 3496,1986-01-01,customer3496@example.invalid,0000003496,DEMO003496,Bengaluru,Karnataka,VERIFIED,LOW,CRM
CRM003497,Demo Customer 3497,1987-01-01,customer3497@example.invalid,0000003497,DEMO003497,Delhi,Delhi,PENDING,LOW,CRM
CRM003498,Demo Customer 3498,1988-01-01,customer3498@example.invalid,0000003498,DEMO003498,Ahmedabad,Gujarat,PENDING,LOW,CRM
CRM003499,Demo Customer 3499,1989-01-01,customer3499@example.invalid,0000003499,DEMO003499,Hyderabad,Telangana,VERIFIED,HIGH,CRM
CRM003500,Demo Customer 3500,1990-01-01,customer3500@example.invalid,0000003500,DEMO003500,Gurugram,Haryana,VERIFIED,LOW,CRM
CRM003501,Demo Customer 3501,1991-01-01,customer3501@example.invalid,0000003501,DEMO003501,Delhi,Delhi,VERIFIED,LOW,CRM
CRM003502,Demo Customer 3502,1992-01-01,customer3502@example.invalid,0000003502,DEMO003502,Hyderabad,Telangana,VERIFIED,LOW,CRM
CRM003503,Demo Customer 3503,1993-01-01,customer3503@example.invalid,0000003503,DEMO003503,Gurugram,Haryana,VERIFIED,HIGH,CRM
CRM003504,Demo Customer 3504,1994-01-01,customer3504@example.invalid,0000003504,DEMO003504,Delhi,Delhi,VERIFIED,MEDIUM,CRM
CRM003505,Demo Customer 3505,1995-01-01,customer3505@example.invalid,0000003505,DEMO003505,Nagpur,Maharashtra,VERIFIED,LOW,CRM
CRM003506,Demo Customer 3506,1996-01-01,customer3506@example.invalid,0000003506,DEMO003506,Hyderabad,Telangana,VERIFIED,LOW,CRM
CRM003507,Demo Customer 3507,1997-01-01,customer3507@example.invalid,0000003507,DEMO003507,Chennai,Tamil Nadu,VERIFIED,HIGH,CRM
CRM003508,Demo Customer 3508,1998-01-01,customer3508@example.invalid,0000003508,DEMO003508,Kolkata,West Bengal,VERIFIED,LOW,CRM
CRM003509,Demo Customer 3509,1999-01-01,customer3509@example.invalid,0000003509,DEMO003509,Pune,Maharashtra,VERIFIED,LOW,CRM
CRM003510,Demo Customer 3510,1970-01-01,customer3510@example.invalid,0000003510,DEMO003510,Mumbai,Maharashtra,PENDING,LOW,CRM
CRM003511,Demo Customer 3511,1971-01-01,customer3511@example.invalid,0000003511,DEMO003511,Delhi,Delhi,VERIFIED,MEDIUM,CRM
CRM003512,Demo Customer 3512,1972-01-01,customer3512@example.invalid,0000003512,DEMO003512,Mumbai,Maharashtra,VERIFIED,LOW,CRM
CRM003513,Demo Customer 3513,1973-01-01,customer3513@example.invalid,0000003513,DEMO003513,Delhi,Delhi,VERIFIED,MEDIUM,CRM
CRM003514,Demo Customer 3514,1974-01-01,customer3514@example.invalid,0000003514,DEMO003514,Mumbai,Maharashtra,VERIFIED,LOW,CRM
CRM003515,Demo Customer 3515,1975-01-01,customer3515@example.invalid,0000003515,DEMO003515,Gurugram,Haryana,VERIFIED,LOW,CRM
CRM003516,Demo Customer 3516,1976-01-01,customer3516@example.invalid,0000003516,DEMO003516,Mumbai,Maharashtra,PENDING,MEDIUM,CRM
CRM003517,Demo Customer 3517,1977-01-01,customer3517@example.invalid,0000003517,DEMO003517,Mumbai,Maharashtra,VERIFIED,LOW,CRM
CRM003518,Demo Customer 3518,1978-01-01,customer3518@example.invalid,0000003518,DEMO003518,Delhi,Delhi,PENDING,HIGH,CRM
CRM003519,Demo Customer 3519,1979-01-01,customer3519@example.invalid,0000003519,DEMO003519,Pune,Maharashtra,VERIFIED,MEDIUM,CRM
CRM003520,Demo Customer 3520,1980-01-01,customer3520@example.invalid,0000003520,DEMO003520,Pune,Maharashtra,VERIFIED,LOW,CRM
CRM003521,Demo Customer 3521,1981-01-01,customer3521@example.invalid,0000003521,DEMO003521,Delhi,Delhi,VERIFIED,LOW,CRM
CRM003522,Demo Customer 3522,1982-01-01,customer3522@example.invalid,0000003522,DEMO003522,Chennai,Tamil Nadu,VERIFIED,LOW,CRM
CRM003523,Demo Customer 3523,1983-01-01,customer3523@example.invalid,0000003523,DEMO003523,Gurugram,Haryana,VERIFIED,MEDIUM,CRM
CRM003524,Demo Customer 3524,1984-01-01,customer3524@example.invalid,0000003524,DEMO003524,Bengaluru,Karnataka,VERIFIED,LOW,CRM
CRM003525,Demo Customer 3525,1985-01-01,customer3525@example.invalid,0000003525,DEMO003525,Gurugram,Haryana,VERIFIED,LOW,CRM
CRM003526,Demo Customer 3526,1986-01-01,customer3526@example.invalid,0000003526,DEMO003526,Pune,Maharashtra,VERIFIED,LOW,CRM
CRM003527,Demo Customer 3527,1987-01-01,customer3527@example.invalid,0000003527,DEMO003527,Ahmedabad,Gujarat,VERIFIED,LOW,CRM
CRM003528,Demo Customer 3528,1988-01-01,customer3528@example.invalid,0000003528,DEMO003528,Kolkata,West Bengal,VERIFIED,LOW,CRM
CRM003529,Demo Customer 3529,1989-01-01,customer3529@example.invalid,0000003529,DEMO003529,Gurugram,Haryana,VERIFIED,LOW,CRM
CRM003530,Demo Customer 3530,1990-01-01,customer3530@example.invalid,0000003530,DEMO003530,Bengaluru,Karnataka,VERIFIED,MEDIUM,CRM
CRM003531,Demo Customer 3531,1991-01-01,customer3531@example.invalid,0000003531,DEMO003531,Mumbai,Maharashtra,VERIFIED,LOW,CRM
CRM003532,Demo Customer 3532,1992-01-01,customer3532@example.invalid,0000003532,DEMO003532,Nagpur,Maharashtra,VERIFIED,LOW,CRM
CRM003533,Demo Customer 3533,1993-01-01,customer3533@example.invalid,0000003533,DEMO003533,Bengaluru,Karnataka,PENDING,LOW,CRM
CRM003534,Demo Customer 3534,1994-01-01,customer3534@example.invalid,0000003534,DEMO003534,Chennai,Tamil Nadu,VERIFIED,LOW,CRM
CRM003535,Demo Customer 3535,1995-01-01,customer3535@example.invalid,0000003535,DEMO003535,Chennai,Tamil Nadu,PENDING,HIGH,CRM
CRM003536,Demo Customer 3536,1996-01-01,customer3536@example.invalid,0000003536,DEMO003536,Kolkata,West Bengal,VERIFIED,LOW,CRM
CRM003537,Demo Customer 3537,1997-01-01,customer3537@example.invalid,0000003537,DEMO003537,Mumbai,Maharashtra,VERIFIED,MEDIUM,CRM
CRM003538,Demo Customer 3538,1998-01-01,customer3538@example.invalid,0000003538,DEMO003538,Nagpur,Maharashtra,VERIFIED,LOW,CRM
CRM003539,Demo Customer 3539,1999-01-01,customer3539@example.invalid,0000003539,DEMO003539,Gurugram,Haryana,VERIFIED,HIGH,CRM
CRM003540,Demo Customer 3540,1970-01-01,customer3540@example.invalid,0000003540,DEMO003540,Gurugram,Haryana,VERIFIED,LOW,CRM
CRM003541,Demo Customer 3541,1971-01-01,customer3541@example.invalid,0000003541,DEMO003541,Bengaluru,Karnataka,VERIFIED,LOW,CRM
CRM003542,Demo Customer 3542,1972-01-01,customer3542@example.invalid,0000003542,DEMO003542,Chennai,Tamil Nadu,VERIFIED,LOW,CRM
CRM003543,Demo Customer 3543,1973-01-01,customer3543@example.invalid,0000003543,DEMO003543,Bengaluru,Karnataka,VERIFIED,LOW,CRM
CRM003544,Demo Customer 3544,1974-01-01,customer3544@example.invalid,0000003544,DEMO003544,Ahmedabad,Gujarat,VERIFIED,LOW,CRM
CRM003545,Demo Customer 3545,1975-01-01,customer3545@example.invalid,0000003545,DEMO003545,Mumbai,Maharashtra,VERIFIED,LOW,CRM
CRM003546,Demo Customer 3546,1976-01-01,customer3546@example.invalid,0000003546,DEMO003546,Delhi,Delhi,VERIFIED,MEDIUM,CRM
CRM003547,Demo Customer 3547,1977-01-01,customer3547@example.invalid,0000003547,DEMO003547,Kolkata,West Bengal,VERIFIED,LOW,CRM
CRM003548,Demo Customer 3548,1978-01-01,customer3548@example.invalid,0000003548,DEMO003548,Hyderabad,Telangana,VERIFIED,HIGH,CRM
CRM003549,Demo Customer 3549,1979-01-01,customer3549@example.invalid,0000003549,DEMO003549,Ahmedabad,Gujarat,VERIFIED,LOW,CRM
CRM003550,Demo Customer 3550,1980-01-01,customer3550@example.invalid,0000003550,DEMO003550,Mumbai,Maharashtra,VERIFIED,MEDIUM,CRM
CRM003551,Demo Customer 3551,1981-01-01,customer3551@example.invalid,0000003551,DEMO003551,Hyderabad,Telangana,VERIFIED,LOW,CRM
CRM003552,Demo Customer 3552,1982-01-01,customer3552@example.invalid,0000003552,DEMO003552,Ahmedabad,Gujarat,VERIFIED,LOW,CRM
CRM003553,Demo Customer 3553,1983-01-01,customer3553@example.invalid,0000003553,DEMO003553,Kolkata,West Bengal,VERIFIED,MEDIUM,CRM
CRM003554,Demo Customer 3554,1984-01-01,customer3554@example.invalid,0000003554,DEMO003554,Bengaluru,Karnataka,VERIFIED,HIGH,CRM
CRM003555,Demo Customer 3555,1985-01-01,customer3555@example.invalid,0000003555,DEMO003555,Chennai,Tamil Nadu,VERIFIED,MEDIUM,CRM
CRM003556,Demo Customer 3556,1986-01-01,customer3556@example.invalid,0000003556,DEMO003556,Chennai,Tamil Nadu,VERIFIED,LOW,CRM
CRM003557,Demo Customer 3557,1987-01-01,customer3557@example.invalid,0000003557,DEMO003557,Bengaluru,Karnataka,VERIFIED,LOW,CRM
CRM003558,Demo Customer 3558,1988-01-01,customer3558@example.invalid,0000003558,DEMO003558,Pune,Maharashtra,VERIFIED,LOW,CRM
CRM003559,Demo Customer 3559,1989-01-01,customer3559@example.invalid,0000003559,DEMO003559,Delhi,Delhi,VERIFIED,LOW,CRM
CRM003560,Demo Customer 3560,1990-01-01,customer3560@example.invalid,0000003560,DEMO003560,Kolkata,West Bengal,VERIFIED,LOW,CRM
CRM003561,Demo Customer 3561,1991-01-01,customer3561@example.invalid,0000003561,DEMO003561,Mumbai,Maharashtra,VERIFIED,LOW,CRM
CRM003562,Demo Customer 3562,1992-01-01,customer3562@example.invalid,0000003562,DEMO003562,Gurugram,Haryana,PENDING,HIGH,CRM
CRM003563,Demo Customer 3563,1993-01-01,customer3563@example.invalid,0000003563,DEMO003563,Gurugram,Haryana,VERIFIED,MEDIUM,CRM
CRM003564,Demo Customer 3564,1994-01-01,customer3564@example.invalid,0000003564,DEMO003564,Bengaluru,Karnataka,VERIFIED,LOW,CRM
CRM003565,Demo Customer 3565,1995-01-01,customer3565@example.invalid,0000003565,DEMO003565,Gurugram,Haryana,VERIFIED,LOW,CRM
CRM003566,Demo Customer 3566,1996-01-01,customer3566@example.invalid,0000003566,DEMO003566,Bengaluru,Karnataka,VERIFIED,LOW,CRM
CRM003567,Demo Customer 3567,1997-01-01,customer3567@example.invalid,0000003567,DEMO003567,Delhi,Delhi,PENDING,LOW,CRM
CRM003568,Demo Customer 3568,1998-01-01,customer3568@example.invalid,0000003568,DEMO003568,Gurugram,Haryana,VERIFIED,LOW,CRM
CRM003569,Demo Customer 3569,1999-01-01,customer3569@example.invalid,0000003569,DEMO003569,Mumbai,Maharashtra,VERIFIED,LOW,CRM
CRM003570,Demo Customer 3570,1970-01-01,customer3570@example.invalid,0000003570,DEMO003570,Mumbai,Maharashtra,VERIFIED,MEDIUM,CRM
CRM003571,Demo Customer 3571,1971-01-01,customer3571@example.invalid,0000003571,DEMO003571,Delhi,Delhi,REJECTED,MEDIUM,CRM
CRM003572,Demo Customer 3572,1972-01-01,customer3572@example.invalid,0000003572,DEMO003572,Nagpur,Maharashtra,VERIFIED,LOW,CRM
CRM003573,Demo Customer 3573,1973-01-01,customer3573@example.invalid,0000003573,DEMO003573,Pune,Maharashtra,VERIFIED,LOW,CRM
CRM003574,Demo Customer 3574,1974-01-01,customer3574@example.invalid,0000003574,DEMO003574,Pune,Maharashtra,VERIFIED,MEDIUM,CRM
CRM003575,Demo Customer 3575,1975-01-01,customer3575@example.invalid,0000003575,DEMO003575,Gurugram,Haryana,VERIFIED,LOW,CRM
CRM003576,Demo Customer 3576,1976-01-01,customer3576@example.invalid,0000003576,DEMO003576,Delhi,Delhi,VERIFIED,LOW,CRM
CRM003577,Demo Customer 3577,1977-01-01,customer3577@example.invalid,0000003577,DEMO003577,Nagpur,Maharashtra,VERIFIED,LOW,CRM
CRM003578,Demo Customer 3578,1978-01-01,customer3578@example.invalid,0000003578,DEMO003578,Chennai,Tamil Nadu,PENDING,MEDIUM,CRM
CRM003579,Demo Customer 3579,1979-01-01,customer3579@example.invalid,0000003579,DEMO003579,Mumbai,Maharashtra,VERIFIED,LOW,CRM
CRM003580,Demo Customer 3580,1980-01-01,customer3580@example.invalid,0000003580,DEMO003580,Ahmedabad,Gujarat,VERIFIED,LOW,CRM
CRM003581,Demo Customer 3581,1981-01-01,customer3581@example.invalid,0000003581,DEMO003581,Nagpur,Maharashtra,VERIFIED,LOW,CRM
CRM003582,Demo Customer 3582,1982-01-01,customer3582@example.invalid,0000003582,DEMO003582,Nagpur,Maharashtra,VERIFIED,MEDIUM,CRM
CRM003583,Demo Customer 3583,1983-01-01,customer3583@example.invalid,0000003583,DEMO003583,Chennai,Tamil Nadu,VERIFIED,LOW,CRM
CRM003584,Demo Customer 3584,1984-01-01,customer3584@example.invalid,0000003584,DEMO003584,Kolkata,West Bengal,VERIFIED,LOW,CRM
CRM003585,Demo Customer 3585,1985-01-01,customer3585@example.invalid,0000003585,DEMO003585,Mumbai,Maharashtra,VERIFIED,HIGH,CRM
CRM003586,Demo Customer 3586,1986-01-01,customer3586@example.invalid,0000003586,DEMO003586,Pune,Maharashtra,VERIFIED,LOW,CRM
CRM003587,Demo Customer 3587,1987-01-01,customer3587@example.invalid,0000003587,DEMO003587,Nagpur,Maharashtra,PENDING,MEDIUM,CRM
CRM003588,Demo Customer 3588,1988-01-01,customer3588@example.invalid,0000003588,DEMO003588,Nagpur,Maharashtra,VERIFIED,LOW,CRM
CRM003589,Demo Customer 3589,1989-01-01,customer3589@example.invalid,0000003589,DEMO003589,Bengaluru,Karnataka,REJECTED,MEDIUM,CRM
CRM003590,Demo Customer 3590,1990-01-01,customer3590@example.invalid,0000003590,DEMO003590,Kolkata,West Bengal,VERIFIED,LOW,CRM
CRM003591,Demo Customer 3591,1991-01-01,customer3591@example.invalid,0000003591,DEMO003591,Gurugram,Haryana,REJECTED,LOW,CRM
CRM003592,Demo Customer 3592,1992-01-01,customer3592@example.invalid,0000003592,DEMO003592,Ahmedabad,Gujarat,VERIFIED,LOW,CRM
CRM003593,Demo Customer 3593,1993-01-01,customer3593@example.invalid,0000003593,DEMO003593,Nagpur,Maharashtra,VERIFIED,HIGH,CRM
CRM003594,Demo Customer 3594,1994-01-01,customer3594@example.invalid,0000003594,DEMO003594,Kolkata,West Bengal,PENDING,LOW,CRM
CRM003595,Demo Customer 3595,1995-01-01,customer3595@example.invalid,0000003595,DEMO003595,Gurugram,Haryana,VERIFIED,MEDIUM,CRM
CRM003596,Demo Customer 3596,1996-01-01,customer3596@example.invalid,0000003596,DEMO003596,Nagpur,Maharashtra,VERIFIED,LOW,CRM
CRM003597,Demo Customer 3597,1997-01-01,customer3597@example.invalid,0000003597,DEMO003597,Chennai,Tamil Nadu,VERIFIED,MEDIUM,CRM
CRM003598,Demo Customer 3598,1998-01-01,customer3598@example.invalid,0000003598,DEMO003598,Delhi,Delhi,VERIFIED,LOW,CRM
CRM003599,Demo Customer 3599,1999-01-01,customer3599@example.invalid,0000003599,DEMO003599,Mumbai,Maharashtra,VERIFIED,LOW,CRM
CRM003600,Demo Customer 3600,1970-01-01,customer3600@example.invalid,0000003600,DEMO003600,Pune,Maharashtra,PENDING,MEDIUM,CRM
CRM003601,Demo Customer 3601,1971-01-01,customer3601@example.invalid,0000003601,DEMO003601,Delhi,Delhi,PENDING,LOW,CRM
CRM003602,Demo Customer 3602,1972-01-01,customer3602@example.invalid,0000003602,DEMO003602,Pune,Maharashtra,VERIFIED,LOW,CRM
CRM003603,Demo Customer 3603,1973-01-01,customer3603@example.invalid,0000003603,DEMO003603,Bengaluru,Karnataka,VERIFIED,MEDIUM,CRM
CRM003604,Demo Customer 3604,1974-01-01,customer3604@example.invalid,0000003604,DEMO003604,Hyderabad,Telangana,VERIFIED,LOW,CRM
CRM003605,Demo Customer 3605,1975-01-01,customer3605@example.invalid,0000003605,DEMO003605,Kolkata,West Bengal,VERIFIED,LOW,CRM
CRM003606,Demo Customer 3606,1976-01-01,customer3606@example.invalid,0000003606,DEMO003606,Hyderabad,Telangana,VERIFIED,MEDIUM,CRM
CRM003607,Demo Customer 3607,1977-01-01,customer3607@example.invalid,0000003607,DEMO003607,Kolkata,West Bengal,VERIFIED,MEDIUM,CRM
CRM003608,Demo Customer 3608,1978-01-01,customer3608@example.invalid,0000003608,DEMO003608,Pune,Maharashtra,VERIFIED,MEDIUM,CRM
CRM003609,Demo Customer 3609,1979-01-01,customer3609@example.invalid,0000003609,DEMO003609,Ahmedabad,Gujarat,VERIFIED,MEDIUM,CRM
CRM003610,Demo Customer 3610,1980-01-01,customer3610@example.invalid,0000003610,DEMO003610,Bengaluru,Karnataka,VERIFIED,MEDIUM,CRM
CRM003611,Demo Customer 3611,1981-01-01,customer3611@example.invalid,0000003611,DEMO003611,Nagpur,Maharashtra,VERIFIED,LOW,CRM
CRM003612,Demo Customer 3612,1982-01-01,customer3612@example.invalid,0000003612,DEMO003612,Delhi,Delhi,VERIFIED,MEDIUM,CRM
CRM003613,Demo Customer 3613,1983-01-01,customer3613@example.invalid,0000003613,DEMO003613,Kolkata,West Bengal,VERIFIED,LOW,CRM
CRM003614,Demo Customer 3614,1984-01-01,customer3614@example.invalid,0000003614,DEMO003614,Delhi,Delhi,PENDING,LOW,CRM
CRM003615,Demo Customer 3615,1985-01-01,customer3615@example.invalid,0000003615,DEMO003615,Kolkata,West Bengal,VERIFIED,LOW,CRM
CRM003616,Demo Customer 3616,1986-01-01,customer3616@example.invalid,0000003616,DEMO003616,Gurugram,Haryana,VERIFIED,LOW,CRM
CRM003617,Demo Customer 3617,1987-01-01,customer3617@example.invalid,0000003617,DEMO003617,Bengaluru,Karnataka,VERIFIED,HIGH,CRM
CRM003618,Demo Customer 3618,1988-01-01,customer3618@example.invalid,0000003618,DEMO003618,Nagpur,Maharashtra,VERIFIED,LOW,CRM
CRM003619,Demo Customer 3619,1989-01-01,customer3619@example.invalid,0000003619,DEMO003619,Delhi,Delhi,VERIFIED,MEDIUM,CRM
CRM003620,Demo Customer 3620,1990-01-01,customer3620@example.invalid,0000003620,DEMO003620,Ahmedabad,Gujarat,VERIFIED,LOW,CRM
CRM003621,Demo Customer 3621,1991-01-01,customer3621@example.invalid,0000003621,DEMO003621,Chennai,Tamil Nadu,VERIFIED,LOW,CRM
CRM003622,Demo Customer 3622,1992-01-01,customer3622@example.invalid,0000003622,DEMO003622,Kolkata,West Bengal,VERIFIED,LOW,CRM
CRM003623,Demo Customer 3623,1993-01-01,customer3623@example.invalid,0000003623,DEMO003623,Bengaluru,Karnataka,PENDING,LOW,CRM
CRM003624,Demo Customer 3624,1994-01-01,customer3624@example.invalid,0000003624,DEMO003624,Gurugram,Haryana,VERIFIED,LOW,CRM
CRM003625,Demo Customer 3625,1995-01-01,customer3625@example.invalid,0000003625,DEMO003625,Ahmedabad,Gujarat,VERIFIED,LOW,CRM
CRM003626,Demo Customer 3626,1996-01-01,customer3626@example.invalid,0000003626,DEMO003626,Delhi,Delhi,VERIFIED,LOW,CRM
CRM003627,Demo Customer 3627,1997-01-01,customer3627@example.invalid,0000003627,DEMO003627,Kolkata,West Bengal,VERIFIED,LOW,CRM
CRM003628,Demo Customer 3628,1998-01-01,customer3628@example.invalid,0000003628,DEMO003628,Hyderabad,Telangana,VERIFIED,MEDIUM,CRM
CRM003629,Demo Customer 3629,1999-01-01,customer3629@example.invalid,0000003629,DEMO003629,Nagpur,Maharashtra,VERIFIED,HIGH,CRM
CRM003630,Demo Customer 3630,1970-01-01,customer3630@example.invalid,0000003630,DEMO003630,Mumbai,Maharashtra,VERIFIED,MEDIUM,CRM
CRM003631,Demo Customer 3631,1971-01-01,customer3631@example.invalid,0000003631,DEMO003631,Delhi,Delhi,VERIFIED,LOW,CRM
CRM003632,Demo Customer 3632,1972-01-01,customer3632@example.invalid,0000003632,DEMO003632,Chennai,Tamil Nadu,VERIFIED,LOW,CRM
CRM003633,Demo Customer 3633,1973-01-01,customer3633@example.invalid,0000003633,DEMO003633,Delhi,Delhi,VERIFIED,LOW,CRM
CRM003634,Demo Customer 3634,1974-01-01,customer3634@example.invalid,0000003634,DEMO003634,Hyderabad,Telangana,VERIFIED,LOW,CRM
CRM003635,Demo Customer 3635,1975-01-01,customer3635@example.invalid,0000003635,DEMO003635,Pune,Maharashtra,VERIFIED,LOW,CRM
CRM003636,Demo Customer 3636,1976-01-01,customer3636@example.invalid,0000003636,DEMO003636,Gurugram,Haryana,VERIFIED,LOW,CRM
CRM003637,Demo Customer 3637,1977-01-01,customer3637@example.invalid,0000003637,DEMO003637,Pune,Maharashtra,VERIFIED,LOW,CRM
CRM003638,Demo Customer 3638,1978-01-01,customer3638@example.invalid,0000003638,DEMO003638,Mumbai,Maharashtra,VERIFIED,LOW,CRM
CRM003639,Demo Customer 3639,1979-01-01,customer3639@example.invalid,0000003639,DEMO003639,Gurugram,Haryana,VERIFIED,MEDIUM,CRM
CRM003640,Demo Customer 3640,1980-01-01,customer3640@example.invalid,0000003640,DEMO003640,Chennai,Tamil Nadu,VERIFIED,LOW,CRM
CRM003641,Demo Customer 3641,1981-01-01,customer3641@example.invalid,0000003641,DEMO003641,Pune,Maharashtra,PENDING,LOW,CRM
CRM003642,Demo Customer 3642,1982-01-01,customer3642@example.invalid,0000003642,DEMO003642,Hyderabad,Telangana,VERIFIED,MEDIUM,CRM
CRM003643,Demo Customer 3643,1983-01-01,customer3643@example.invalid,0000003643,DEMO003643,Chennai,Tamil Nadu,PENDING,MEDIUM,CRM
CRM003644,Demo Customer 3644,1984-01-01,customer3644@example.invalid,0000003644,DEMO003644,Gurugram,Haryana,VERIFIED,HIGH,CRM
CRM003645,Demo Customer 3645,1985-01-01,customer3645@example.invalid,0000003645,DEMO003645,Kolkata,West Bengal,VERIFIED,LOW,CRM
CRM003646,Demo Customer 3646,1986-01-01,customer3646@example.invalid,0000003646,DEMO003646,Chennai,Tamil Nadu,VERIFIED,LOW,CRM
CRM003647,Demo Customer 3647,1987-01-01,customer3647@example.invalid,0000003647,DEMO003647,Pune,Maharashtra,PENDING,LOW,CRM
CRM003648,Demo Customer 3648,1988-01-01,customer3648@example.invalid,0000003648,DEMO003648,Ahmedabad,Gujarat,PENDING,LOW,CRM
CRM003649,Demo Customer 3649,1989-01-01,customer3649@example.invalid,0000003649,DEMO003649,Gurugram,Haryana,VERIFIED,LOW,CRM
CRM003650,Demo Customer 3650,1990-01-01,customer3650@example.invalid,0000003650,DEMO003650,Gurugram,Haryana,VERIFIED,LOW,CRM
CRM003651,Demo Customer 3651,1991-01-01,customer3651@example.invalid,0000003651,DEMO003651,Nagpur,Maharashtra,VERIFIED,MEDIUM,CRM
CRM003652,Demo Customer 3652,1992-01-01,customer3652@example.invalid,0000003652,DEMO003652,Delhi,Delhi,VERIFIED,HIGH,CRM
CRM003653,Demo Customer 3653,1993-01-01,customer3653@example.invalid,0000003653,DEMO003653,Chennai,Tamil Nadu,VERIFIED,LOW,CRM
CRM003654,Demo Customer 3654,1994-01-01,customer3654@example.invalid,0000003654,DEMO003654,Kolkata,West Bengal,VERIFIED,LOW,CRM
CRM003655,Demo Customer 3655,1995-01-01,customer3655@example.invalid,0000003655,DEMO003655,Mumbai,Maharashtra,VERIFIED,LOW,CRM
CRM003656,Demo Customer 3656,1996-01-01,customer3656@example.invalid,0000003656,DEMO003656,Delhi,Delhi,VERIFIED,MEDIUM,CRM
CRM003657,Demo Customer 3657,1997-01-01,customer3657@example.invalid,0000003657,DEMO003657,Hyderabad,Telangana,VERIFIED,MEDIUM,CRM
CRM003658,Demo Customer 3658,1998-01-01,customer3658@example.invalid,0000003658,DEMO003658,Ahmedabad,Gujarat,PENDING,LOW,CRM
CRM003659,Demo Customer 3659,1999-01-01,customer3659@example.invalid,0000003659,DEMO003659,Pune,Maharashtra,VERIFIED,LOW,CRM
CRM003660,Demo Customer 3660,1970-01-01,customer3660@example.invalid,0000003660,DEMO003660,Nagpur,Maharashtra,VERIFIED,LOW,CRM
CRM003661,Demo Customer 3661,1971-01-01,customer3661@example.invalid,0000003661,DEMO003661,Nagpur,Maharashtra,PENDING,LOW,CRM
CRM003662,Demo Customer 3662,1972-01-01,customer3662@example.invalid,0000003662,DEMO003662,Kolkata,West Bengal,VERIFIED,LOW,CRM
CRM003663,Demo Customer 3663,1973-01-01,customer3663@example.invalid,0000003663,DEMO003663,Ahmedabad,Gujarat,VERIFIED,LOW,CRM
CRM003664,Demo Customer 3664,1974-01-01,customer3664@example.invalid,0000003664,DEMO003664,Hyderabad,Telangana,VERIFIED,LOW,CRM
CRM003665,Demo Customer 3665,1975-01-01,customer3665@example.invalid,0000003665,DEMO003665,Hyderabad,Telangana,VERIFIED,LOW,CRM
CRM003666,Demo Customer 3666,1976-01-01,customer3666@example.invalid,0000003666,DEMO003666,Hyderabad,Telangana,VERIFIED,LOW,CRM
CRM003667,Demo Customer 3667,1977-01-01,customer3667@example.invalid,0000003667,DEMO003667,Nagpur,Maharashtra,VERIFIED,HIGH,CRM
CRM003668,Demo Customer 3668,1978-01-01,customer3668@example.invalid,0000003668,DEMO003668,Delhi,Delhi,VERIFIED,MEDIUM,CRM
CRM003669,Demo Customer 3669,1979-01-01,customer3669@example.invalid,0000003669,DEMO003669,Pune,Maharashtra,VERIFIED,HIGH,CRM
CRM003670,Demo Customer 3670,1980-01-01,customer3670@example.invalid,0000003670,DEMO003670,Delhi,Delhi,VERIFIED,LOW,CRM
CRM003671,Demo Customer 3671,1981-01-01,customer3671@example.invalid,0000003671,DEMO003671,Ahmedabad,Gujarat,VERIFIED,LOW,CRM
CRM003672,Demo Customer 3672,1982-01-01,customer3672@example.invalid,0000003672,DEMO003672,Chennai,Tamil Nadu,VERIFIED,LOW,CRM
CRM003673,Demo Customer 3673,1983-01-01,customer3673@example.invalid,0000003673,DEMO003673,Hyderabad,Telangana,VERIFIED,LOW,CRM
CRM003674,Demo Customer 3674,1984-01-01,customer3674@example.invalid,0000003674,DEMO003674,Mumbai,Maharashtra,VERIFIED,LOW,CRM
CRM003675,Demo Customer 3675,1985-01-01,customer3675@example.invalid,0000003675,DEMO003675,Hyderabad,Telangana,VERIFIED,LOW,CRM
CRM003676,Demo Customer 3676,1986-01-01,customer3676@example.invalid,0000003676,DEMO003676,Pune,Maharashtra,VERIFIED,LOW,CRM
CRM003677,Demo Customer 3677,1987-01-01,customer3677@example.invalid,0000003677,DEMO003677,Nagpur,Maharashtra,VERIFIED,LOW,CRM
CRM003678,Demo Customer 3678,1988-01-01,customer3678@example.invalid,0000003678,DEMO003678,Nagpur,Maharashtra,VERIFIED,MEDIUM,CRM
CRM003679,Demo Customer 3679,1989-01-01,customer3679@example.invalid,0000003679,DEMO003679,Pune,Maharashtra,VERIFIED,MEDIUM,CRM
CRM003680,Demo Customer 3680,1990-01-01,customer3680@example.invalid,0000003680,DEMO003680,Bengaluru,Karnataka,VERIFIED,LOW,CRM
CRM003681,Demo Customer 3681,1991-01-01,customer3681@example.invalid,0000003681,DEMO003681,Bengaluru,Karnataka,VERIFIED,LOW,CRM
CRM003682,Demo Customer 3682,1992-01-01,customer3682@example.invalid,0000003682,DEMO003682,Nagpur,Maharashtra,VERIFIED,LOW,CRM
CRM003683,Demo Customer 3683,1993-01-01,customer3683@example.invalid,0000003683,DEMO003683,Mumbai,Maharashtra,PENDING,LOW,CRM
CRM003684,Demo Customer 3684,1994-01-01,customer3684@example.invalid,0000003684,DEMO003684,Chennai,Tamil Nadu,VERIFIED,LOW,CRM
CRM003685,Demo Customer 3685,1995-01-01,customer3685@example.invalid,0000003685,DEMO003685,Hyderabad,Telangana,VERIFIED,LOW,CRM
CRM003686,Demo Customer 3686,1996-01-01,customer3686@example.invalid,0000003686,DEMO003686,Gurugram,Haryana,REJECTED,MEDIUM,CRM
CRM003687,Demo Customer 3687,1997-01-01,customer3687@example.invalid,0000003687,DEMO003687,Nagpur,Maharashtra,VERIFIED,LOW,CRM
CRM003688,Demo Customer 3688,1998-01-01,customer3688@example.invalid,0000003688,DEMO003688,Nagpur,Maharashtra,PENDING,LOW,CRM
CRM003689,Demo Customer 3689,1999-01-01,customer3689@example.invalid,0000003689,DEMO003689,Bengaluru,Karnataka,VERIFIED,MEDIUM,CRM
CRM003690,Demo Customer 3690,1970-01-01,customer3690@example.invalid,0000003690,DEMO003690,Hyderabad,Telangana,VERIFIED,MEDIUM,CRM
CRM003691,Demo Customer 3691,1971-01-01,customer3691@example.invalid,0000003691,DEMO003691,Hyderabad,Telangana,PENDING,LOW,CRM
CRM003692,Demo Customer 3692,1972-01-01,customer3692@example.invalid,0000003692,DEMO003692,Mumbai,Maharashtra,VERIFIED,LOW,CRM
CRM003693,Demo Customer 3693,1973-01-01,customer3693@example.invalid,0000003693,DEMO003693,Kolkata,West Bengal,REJECTED,LOW,CRM
CRM003694,Demo Customer 3694,1974-01-01,customer3694@example.invalid,0000003694,DEMO003694,Nagpur,Maharashtra,VERIFIED,LOW,CRM
CRM003695,Demo Customer 3695,1975-01-01,customer3695@example.invalid,0000003695,DEMO003695,Chennai,Tamil Nadu,VERIFIED,LOW,CRM
CRM003696,Demo Customer 3696,1976-01-01,customer3696@example.invalid,0000003696,DEMO003696,Kolkata,West Bengal,PENDING,LOW,CRM
CRM003697,Demo Customer 3697,1977-01-01,customer3697@example.invalid,0000003697,DEMO003697,Gurugram,Haryana,VERIFIED,MEDIUM,CRM
CRM003698,Demo Customer 3698,1978-01-01,customer3698@example.invalid,0000003698,DEMO003698,Gurugram,Haryana,PENDING,LOW,CRM
CRM003699,Demo Customer 3699,1979-01-01,customer3699@example.invalid,0000003699,DEMO003699,Hyderabad,Telangana,PENDING,LOW,CRM
CRM003700,Demo Customer 3700,1980-01-01,customer3700@example.invalid,0000003700,DEMO003700,Bengaluru,Karnataka,VERIFIED,HIGH,CRM
CRM003701,Demo Customer 3701,1981-01-01,customer3701@example.invalid,0000003701,DEMO003701,Nagpur,Maharashtra,VERIFIED,LOW,CRM
CRM003702,Demo Customer 3702,1982-01-01,customer3702@example.invalid,0000003702,DEMO003702,Gurugram,Haryana,VERIFIED,LOW,CRM
CRM003703,Demo Customer 3703,1983-01-01,customer3703@example.invalid,0000003703,DEMO003703,Nagpur,Maharashtra,VERIFIED,LOW,CRM
CRM003704,Demo Customer 3704,1984-01-01,customer3704@example.invalid,0000003704,DEMO003704,Bengaluru,Karnataka,VERIFIED,LOW,CRM
CRM003705,Demo Customer 3705,1985-01-01,customer3705@example.invalid,0000003705,DEMO003705,Delhi,Delhi,VERIFIED,MEDIUM,CRM
CRM003706,Demo Customer 3706,1986-01-01,customer3706@example.invalid,0000003706,DEMO003706,Hyderabad,Telangana,VERIFIED,LOW,CRM
CRM003707,Demo Customer 3707,1987-01-01,customer3707@example.invalid,0000003707,DEMO003707,Pune,Maharashtra,VERIFIED,LOW,CRM
CRM003708,Demo Customer 3708,1988-01-01,customer3708@example.invalid,0000003708,DEMO003708,Ahmedabad,Gujarat,VERIFIED,LOW,CRM
CRM003709,Demo Customer 3709,1989-01-01,customer3709@example.invalid,0000003709,DEMO003709,Nagpur,Maharashtra,VERIFIED,LOW,CRM
CRM003710,Demo Customer 3710,1990-01-01,customer3710@example.invalid,0000003710,DEMO003710,Ahmedabad,Gujarat,VERIFIED,LOW,CRM
CRM003711,Demo Customer 3711,1991-01-01,customer3711@example.invalid,0000003711,DEMO003711,Hyderabad,Telangana,PENDING,LOW,CRM
CRM003712,Demo Customer 3712,1992-01-01,customer3712@example.invalid,0000003712,DEMO003712,Hyderabad,Telangana,VERIFIED,LOW,CRM
CRM003713,Demo Customer 3713,1993-01-01,customer3713@example.invalid,0000003713,DEMO003713,Ahmedabad,Gujarat,PENDING,LOW,CRM
CRM003714,Demo Customer 3714,1994-01-01,customer3714@example.invalid,0000003714,DEMO003714,Gurugram,Haryana,VERIFIED,LOW,CRM
CRM003715,Demo Customer 3715,1995-01-01,customer3715@example.invalid,0000003715,DEMO003715,Kolkata,West Bengal,VERIFIED,LOW,CRM
CRM003716,Demo Customer 3716,1996-01-01,customer3716@example.invalid,0000003716,DEMO003716,Pune,Maharashtra,VERIFIED,MEDIUM,CRM
CRM003717,Demo Customer 3717,1997-01-01,customer3717@example.invalid,0000003717,DEMO003717,Ahmedabad,Gujarat,VERIFIED,LOW,CRM
CRM003718,Demo Customer 3718,1998-01-01,customer3718@example.invalid,0000003718,DEMO003718,Pune,Maharashtra,VERIFIED,MEDIUM,CRM
CRM003719,Demo Customer 3719,1999-01-01,customer3719@example.invalid,0000003719,DEMO003719,Mumbai,Maharashtra,REJECTED,LOW,CRM
CRM003720,Demo Customer 3720,1970-01-01,customer3720@example.invalid,0000003720,DEMO003720,Bengaluru,Karnataka,VERIFIED,LOW,CRM
CRM003721,Demo Customer 3721,1971-01-01,customer3721@example.invalid,0000003721,DEMO003721,Bengaluru,Karnataka,VERIFIED,LOW,CRM
CRM003722,Demo Customer 3722,1972-01-01,customer3722@example.invalid,0000003722,DEMO003722,Bengaluru,Karnataka,PENDING,MEDIUM,CRM
CRM003723,Demo Customer 3723,1973-01-01,customer3723@example.invalid,0000003723,DEMO003723,Mumbai,Maharashtra,VERIFIED,MEDIUM,CRM
CRM003724,Demo Customer 3724,1974-01-01,customer3724@example.invalid,0000003724,DEMO003724,Pune,Maharashtra,VERIFIED,LOW,CRM
CRM003725,Demo Customer 3725,1975-01-01,customer3725@example.invalid,0000003725,DEMO003725,Kolkata,West Bengal,VERIFIED,HIGH,CRM
CRM003726,Demo Customer 3726,1976-01-01,customer3726@example.invalid,0000003726,DEMO003726,Ahmedabad,Gujarat,PENDING,LOW,CRM
CRM003727,Demo Customer 3727,1977-01-01,customer3727@example.invalid,0000003727,DEMO003727,Kolkata,West Bengal,VERIFIED,LOW,CRM
CRM003728,Demo Customer 3728,1978-01-01,customer3728@example.invalid,0000003728,DEMO003728,Pune,Maharashtra,VERIFIED,LOW,CRM
CRM003729,Demo Customer 3729,1979-01-01,customer3729@example.invalid,0000003729,DEMO003729,Bengaluru,Karnataka,VERIFIED,LOW,CRM
CRM003730,Demo Customer 3730,1980-01-01,customer3730@example.invalid,0000003730,DEMO003730,Ahmedabad,Gujarat,VERIFIED,MEDIUM,CRM
CRM003731,Demo Customer 3731,1981-01-01,customer3731@example.invalid,0000003731,DEMO003731,Kolkata,West Bengal,VERIFIED,LOW,CRM
CRM003732,Demo Customer 3732,1982-01-01,customer3732@example.invalid,0000003732,DEMO003732,Hyderabad,Telangana,PENDING,MEDIUM,CRM
CRM003733,Demo Customer 3733,1983-01-01,customer3733@example.invalid,0000003733,DEMO003733,Kolkata,West Bengal,VERIFIED,LOW,CRM
CRM003734,Demo Customer 3734,1984-01-01,customer3734@example.invalid,0000003734,DEMO003734,Gurugram,Haryana,VERIFIED,LOW,CRM
CRM003735,Demo Customer 3735,1985-01-01,customer3735@example.invalid,0000003735,DEMO003735,Ahmedabad,Gujarat,VERIFIED,LOW,CRM
CRM003736,Demo Customer 3736,1986-01-01,customer3736@example.invalid,0000003736,DEMO003736,Delhi,Delhi,PENDING,LOW,CRM
CRM003737,Demo Customer 3737,1987-01-01,customer3737@example.invalid,0000003737,DEMO003737,Kolkata,West Bengal,VERIFIED,LOW,CRM
CRM003738,Demo Customer 3738,1988-01-01,customer3738@example.invalid,0000003738,DEMO003738,Mumbai,Maharashtra,VERIFIED,HIGH,CRM
CRM003739,Demo Customer 3739,1989-01-01,customer3739@example.invalid,0000003739,DEMO003739,Kolkata,West Bengal,VERIFIED,LOW,CRM
CRM003740,Demo Customer 3740,1990-01-01,customer3740@example.invalid,0000003740,DEMO003740,Bengaluru,Karnataka,VERIFIED,MEDIUM,CRM
CRM003741,Demo Customer 3741,1991-01-01,customer3741@example.invalid,0000003741,DEMO003741,Gurugram,Haryana,VERIFIED,LOW,CRM
CRM003742,Demo Customer 3742,1992-01-01,customer3742@example.invalid,0000003742,DEMO003742,Kolkata,West Bengal,PENDING,HIGH,CRM
CRM003743,Demo Customer 3743,1993-01-01,customer3743@example.invalid,0000003743,DEMO003743,Nagpur,Maharashtra,PENDING,LOW,CRM
CRM003744,Demo Customer 3744,1994-01-01,customer3744@example.invalid,0000003744,DEMO003744,Hyderabad,Telangana,VERIFIED,LOW,CRM
CRM003745,Demo Customer 3745,1995-01-01,customer3745@example.invalid,0000003745,DEMO003745,Hyderabad,Telangana,PENDING,LOW,CRM
CRM003746,Demo Customer 3746,1996-01-01,customer3746@example.invalid,0000003746,DEMO003746,Kolkata,West Bengal,VERIFIED,LOW,CRM
CRM003747,Demo Customer 3747,1997-01-01,customer3747@example.invalid,0000003747,DEMO003747,Pune,Maharashtra,VERIFIED,MEDIUM,CRM
CRM003748,Demo Customer 3748,1998-01-01,customer3748@example.invalid,0000003748,DEMO003748,Nagpur,Maharashtra,VERIFIED,LOW,CRM
CRM003749,Demo Customer 3749,1999-01-01,customer3749@example.invalid,0000003749,DEMO003749,Pune,Maharashtra,VERIFIED,LOW,CRM
CRM003750,Demo Customer 3750,1970-01-01,customer3750@example.invalid,0000003750,DEMO003750,Bengaluru,Karnataka,VERIFIED,MEDIUM,CRM
CRM003751,Demo Customer 3751,1971-01-01,customer3751@example.invalid,0000003751,DEMO003751,Hyderabad,Telangana,VERIFIED,MEDIUM,CRM
CRM003752,Demo Customer 3752,1972-01-01,customer3752@example.invalid,0000003752,DEMO003752,Chennai,Tamil Nadu,VERIFIED,LOW,CRM
CRM003753,Demo Customer 3753,1973-01-01,customer3753@example.invalid,0000003753,DEMO003753,Nagpur,Maharashtra,VERIFIED,LOW,CRM
CRM003754,Demo Customer 3754,1974-01-01,customer3754@example.invalid,0000003754,DEMO003754,Kolkata,West Bengal,VERIFIED,LOW,CRM
CRM003755,Demo Customer 3755,1975-01-01,customer3755@example.invalid,0000003755,DEMO003755,Gurugram,Haryana,VERIFIED,LOW,CRM
CRM003756,Demo Customer 3756,1976-01-01,customer3756@example.invalid,0000003756,DEMO003756,Kolkata,West Bengal,VERIFIED,LOW,CRM
CRM003757,Demo Customer 3757,1977-01-01,customer3757@example.invalid,0000003757,DEMO003757,Bengaluru,Karnataka,VERIFIED,LOW,CRM
CRM003758,Demo Customer 3758,1978-01-01,customer3758@example.invalid,0000003758,DEMO003758,Hyderabad,Telangana,VERIFIED,LOW,CRM
CRM003759,Demo Customer 3759,1979-01-01,customer3759@example.invalid,0000003759,DEMO003759,Bengaluru,Karnataka,VERIFIED,MEDIUM,CRM
CRM003760,Demo Customer 3760,1980-01-01,customer3760@example.invalid,0000003760,DEMO003760,Kolkata,West Bengal,VERIFIED,LOW,CRM
CRM003761,Demo Customer 3761,1981-01-01,customer3761@example.invalid,0000003761,DEMO003761,Ahmedabad,Gujarat,PENDING,LOW,CRM
CRM003762,Demo Customer 3762,1982-01-01,customer3762@example.invalid,0000003762,DEMO003762,Nagpur,Maharashtra,VERIFIED,LOW,CRM
CRM003763,Demo Customer 3763,1983-01-01,customer3763@example.invalid,0000003763,DEMO003763,Ahmedabad,Gujarat,PENDING,LOW,CRM
CRM003764,Demo Customer 3764,1984-01-01,customer3764@example.invalid,0000003764,DEMO003764,Bengaluru,Karnataka,VERIFIED,LOW,CRM
CRM003765,Demo Customer 3765,1985-01-01,customer3765@example.invalid,0000003765,DEMO003765,Nagpur,Maharashtra,VERIFIED,LOW,CRM
CRM003766,Demo Customer 3766,1986-01-01,customer3766@example.invalid,0000003766,DEMO003766,Pune,Maharashtra,VERIFIED,LOW,CRM
CRM003767,Demo Customer 3767,1987-01-01,customer3767@example.invalid,0000003767,DEMO003767,Gurugram,Haryana,VERIFIED,LOW,CRM
CRM003768,Demo Customer 3768,1988-01-01,customer3768@example.invalid,0000003768,DEMO003768,Mumbai,Maharashtra,VERIFIED,LOW,CRM
CRM003769,Demo Customer 3769,1989-01-01,customer3769@example.invalid,0000003769,DEMO003769,Nagpur,Maharashtra,VERIFIED,HIGH,CRM
CRM003770,Demo Customer 3770,1990-01-01,customer3770@example.invalid,0000003770,DEMO003770,Delhi,Delhi,PENDING,LOW,CRM
CRM003771,Demo Customer 3771,1991-01-01,customer3771@example.invalid,0000003771,DEMO003771,Hyderabad,Telangana,PENDING,HIGH,CRM
CRM003772,Demo Customer 3772,1992-01-01,customer3772@example.invalid,0000003772,DEMO003772,Kolkata,West Bengal,PENDING,MEDIUM,CRM
CRM003773,Demo Customer 3773,1993-01-01,customer3773@example.invalid,0000003773,DEMO003773,Bengaluru,Karnataka,PENDING,MEDIUM,CRM
CRM003774,Demo Customer 3774,1994-01-01,customer3774@example.invalid,0000003774,DEMO003774,Gurugram,Haryana,VERIFIED,LOW,CRM
CRM003775,Demo Customer 3775,1995-01-01,customer3775@example.invalid,0000003775,DEMO003775,Hyderabad,Telangana,VERIFIED,LOW,CRM
CRM003776,Demo Customer 3776,1996-01-01,customer3776@example.invalid,0000003776,DEMO003776,Delhi,Delhi,VERIFIED,LOW,CRM
CRM003777,Demo Customer 3777,1997-01-01,customer3777@example.invalid,0000003777,DEMO003777,Kolkata,West Bengal,VERIFIED,LOW,CRM
CRM003778,Demo Customer 3778,1998-01-01,customer3778@example.invalid,0000003778,DEMO003778,Kolkata,West Bengal,VERIFIED,MEDIUM,CRM
CRM003779,Demo Customer 3779,1999-01-01,customer3779@example.invalid,0000003779,DEMO003779,Mumbai,Maharashtra,VERIFIED,LOW,CRM
CRM003780,Demo Customer 3780,1970-01-01,customer3780@example.invalid,0000003780,DEMO003780,Kolkata,West Bengal,VERIFIED,LOW,CRM
CRM003781,Demo Customer 3781,1971-01-01,customer3781@example.invalid,0000003781,DEMO003781,Bengaluru,Karnataka,PENDING,LOW,CRM
CRM003782,Demo Customer 3782,1972-01-01,customer3782@example.invalid,0000003782,DEMO003782,Chennai,Tamil Nadu,VERIFIED,LOW,CRM
CRM003783,Demo Customer 3783,1973-01-01,customer3783@example.invalid,0000003783,DEMO003783,Hyderabad,Telangana,VERIFIED,LOW,CRM
CRM003784,Demo Customer 3784,1974-01-01,customer3784@example.invalid,0000003784,DEMO003784,Ahmedabad,Gujarat,VERIFIED,LOW,CRM
CRM003785,Demo Customer 3785,1975-01-01,customer3785@example.invalid,0000003785,DEMO003785,Mumbai,Maharashtra,VERIFIED,LOW,CRM
CRM003786,Demo Customer 3786,1976-01-01,customer3786@example.invalid,0000003786,DEMO003786,Kolkata,West Bengal,VERIFIED,LOW,CRM
CRM003787,Demo Customer 3787,1977-01-01,customer3787@example.invalid,0000003787,DEMO003787,Nagpur,Maharashtra,PENDING,LOW,CRM
CRM003788,Demo Customer 3788,1978-01-01,customer3788@example.invalid,0000003788,DEMO003788,Pune,Maharashtra,VERIFIED,LOW,CRM
CRM003789,Demo Customer 3789,1979-01-01,customer3789@example.invalid,0000003789,DEMO003789,Pune,Maharashtra,VERIFIED,LOW,CRM
CRM003790,Demo Customer 3790,1980-01-01,customer3790@example.invalid,0000003790,DEMO003790,Chennai,Tamil Nadu,VERIFIED,LOW,CRM
CRM003791,Demo Customer 3791,1981-01-01,customer3791@example.invalid,0000003791,DEMO003791,Kolkata,West Bengal,VERIFIED,LOW,CRM
CRM003792,Demo Customer 3792,1982-01-01,customer3792@example.invalid,0000003792,DEMO003792,Kolkata,West Bengal,VERIFIED,MEDIUM,CRM
CRM003793,Demo Customer 3793,1983-01-01,customer3793@example.invalid,0000003793,DEMO003793,Delhi,Delhi,VERIFIED,LOW,CRM
CRM003794,Demo Customer 3794,1984-01-01,customer3794@example.invalid,0000003794,DEMO003794,Mumbai,Maharashtra,PENDING,LOW,CRM
CRM003795,Demo Customer 3795,1985-01-01,customer3795@example.invalid,0000003795,DEMO003795,Delhi,Delhi,PENDING,LOW,CRM
CRM003796,Demo Customer 3796,1986-01-01,customer3796@example.invalid,0000003796,DEMO003796,Kolkata,West Bengal,VERIFIED,LOW,CRM
CRM003797,Demo Customer 3797,1987-01-01,customer3797@example.invalid,0000003797,DEMO003797,Bengaluru,Karnataka,VERIFIED,LOW,CRM
CRM003798,Demo Customer 3798,1988-01-01,customer3798@example.invalid,0000003798,DEMO003798,Delhi,Delhi,VERIFIED,LOW,CRM
CRM003799,Demo Customer 3799,1989-01-01,customer3799@example.invalid,0000003799,DEMO003799,Hyderabad,Telangana,VERIFIED,LOW,CRM
CRM003800,Demo Customer 3800,1990-01-01,customer3800@example.invalid,0000003800,DEMO003800,Hyderabad,Telangana,VERIFIED,MEDIUM,CRM
CRM003801,Demo Customer 3801,1991-01-01,customer3801@example.invalid,0000003801,DEMO003801,Gurugram,Haryana,VERIFIED,LOW,CRM
CRM003802,Demo Customer 3802,1992-01-01,customer3802@example.invalid,0000003802,DEMO003802,Chennai,Tamil Nadu,VERIFIED,LOW,CRM
CRM003803,Demo Customer 3803,1993-01-01,customer3803@example.invalid,0000003803,DEMO003803,Mumbai,Maharashtra,VERIFIED,LOW,CRM
CRM003804,Demo Customer 3804,1994-01-01,customer3804@example.invalid,0000003804,DEMO003804,Gurugram,Haryana,REJECTED,LOW,CRM
CRM003805,Demo Customer 3805,1995-01-01,customer3805@example.invalid,0000003805,DEMO003805,Delhi,Delhi,PENDING,LOW,CRM
CRM003806,Demo Customer 3806,1996-01-01,customer3806@example.invalid,0000003806,DEMO003806,Bengaluru,Karnataka,VERIFIED,LOW,CRM
CRM003807,Demo Customer 3807,1997-01-01,customer3807@example.invalid,0000003807,DEMO003807,Delhi,Delhi,VERIFIED,LOW,CRM
CRM003808,Demo Customer 3808,1998-01-01,customer3808@example.invalid,0000003808,DEMO003808,Mumbai,Maharashtra,VERIFIED,LOW,CRM
CRM003809,Demo Customer 3809,1999-01-01,customer3809@example.invalid,0000003809,DEMO003809,Ahmedabad,Gujarat,PENDING,MEDIUM,CRM
CRM003810,Demo Customer 3810,1970-01-01,customer3810@example.invalid,0000003810,DEMO003810,Gurugram,Haryana,VERIFIED,LOW,CRM
CRM003811,Demo Customer 3811,1971-01-01,customer3811@example.invalid,0000003811,DEMO003811,Hyderabad,Telangana,VERIFIED,LOW,CRM
CRM003812,Demo Customer 3812,1972-01-01,customer3812@example.invalid,0000003812,DEMO003812,Mumbai,Maharashtra,VERIFIED,LOW,CRM
CRM003813,Demo Customer 3813,1973-01-01,customer3813@example.invalid,0000003813,DEMO003813,Bengaluru,Karnataka,VERIFIED,LOW,CRM
CRM003814,Demo Customer 3814,1974-01-01,customer3814@example.invalid,0000003814,DEMO003814,Hyderabad,Telangana,PENDING,MEDIUM,CRM
CRM003815,Demo Customer 3815,1975-01-01,customer3815@example.invalid,0000003815,DEMO003815,Delhi,Delhi,VERIFIED,LOW,CRM
CRM003816,Demo Customer 3816,1976-01-01,customer3816@example.invalid,0000003816,DEMO003816,Mumbai,Maharashtra,VERIFIED,LOW,CRM
CRM003817,Demo Customer 3817,1977-01-01,customer3817@example.invalid,0000003817,DEMO003817,Kolkata,West Bengal,VERIFIED,HIGH,CRM
CRM003818,Demo Customer 3818,1978-01-01,customer3818@example.invalid,0000003818,DEMO003818,Bengaluru,Karnataka,VERIFIED,MEDIUM,CRM
CRM003819,Demo Customer 3819,1979-01-01,customer3819@example.invalid,0000003819,DEMO003819,Bengaluru,Karnataka,VERIFIED,LOW,CRM
CRM003820,Demo Customer 3820,1980-01-01,customer3820@example.invalid,0000003820,DEMO003820,Delhi,Delhi,VERIFIED,LOW,CRM
CRM003821,Demo Customer 3821,1981-01-01,customer3821@example.invalid,0000003821,DEMO003821,Nagpur,Maharashtra,VERIFIED,MEDIUM,CRM
CRM003822,Demo Customer 3822,1982-01-01,customer3822@example.invalid,0000003822,DEMO003822,Delhi,Delhi,VERIFIED,LOW,CRM
CRM003823,Demo Customer 3823,1983-01-01,customer3823@example.invalid,0000003823,DEMO003823,Chennai,Tamil Nadu,VERIFIED,MEDIUM,CRM
CRM003824,Demo Customer 3824,1984-01-01,customer3824@example.invalid,0000003824,DEMO003824,Hyderabad,Telangana,VERIFIED,LOW,CRM
CRM003825,Demo Customer 3825,1985-01-01,customer3825@example.invalid,0000003825,DEMO003825,Pune,Maharashtra,VERIFIED,LOW,CRM
CRM003826,Demo Customer 3826,1986-01-01,customer3826@example.invalid,0000003826,DEMO003826,Chennai,Tamil Nadu,VERIFIED,MEDIUM,CRM
CRM003827,Demo Customer 3827,1987-01-01,customer3827@example.invalid,0000003827,DEMO003827,Kolkata,West Bengal,VERIFIED,LOW,CRM
CRM003828,Demo Customer 3828,1988-01-01,customer3828@example.invalid,0000003828,DEMO003828,Gurugram,Haryana,VERIFIED,LOW,CRM
CRM003829,Demo Customer 3829,1989-01-01,customer3829@example.invalid,0000003829,DEMO003829,Hyderabad,Telangana,PENDING,LOW,CRM
CRM003830,Demo Customer 3830,1990-01-01,customer3830@example.invalid,0000003830,DEMO003830,Chennai,Tamil Nadu,VERIFIED,LOW,CRM
CRM003831,Demo Customer 3831,1991-01-01,customer3831@example.invalid,0000003831,DEMO003831,Nagpur,Maharashtra,VERIFIED,MEDIUM,CRM
CRM003832,Demo Customer 3832,1992-01-01,customer3832@example.invalid,0000003832,DEMO003832,Nagpur,Maharashtra,VERIFIED,MEDIUM,CRM
CRM003833,Demo Customer 3833,1993-01-01,customer3833@example.invalid,0000003833,DEMO003833,Nagpur,Maharashtra,VERIFIED,HIGH,CRM
CRM003834,Demo Customer 3834,1994-01-01,customer3834@example.invalid,0000003834,DEMO003834,Mumbai,Maharashtra,VERIFIED,LOW,CRM
CRM003835,Demo Customer 3835,1995-01-01,customer3835@example.invalid,0000003835,DEMO003835,Bengaluru,Karnataka,VERIFIED,LOW,CRM
CRM003836,Demo Customer 3836,1996-01-01,customer3836@example.invalid,0000003836,DEMO003836,Nagpur,Maharashtra,PENDING,LOW,CRM
CRM003837,Demo Customer 3837,1997-01-01,customer3837@example.invalid,0000003837,DEMO003837,Nagpur,Maharashtra,PENDING,LOW,CRM
CRM003838,Demo Customer 3838,1998-01-01,customer3838@example.invalid,0000003838,DEMO003838,Kolkata,West Bengal,VERIFIED,HIGH,CRM
CRM003839,Demo Customer 3839,1999-01-01,customer3839@example.invalid,0000003839,DEMO003839,Ahmedabad,Gujarat,VERIFIED,LOW,CRM
CRM003840,Demo Customer 3840,1970-01-01,customer3840@example.invalid,0000003840,DEMO003840,Mumbai,Maharashtra,VERIFIED,HIGH,CRM
CRM003841,Demo Customer 3841,1971-01-01,customer3841@example.invalid,0000003841,DEMO003841,Pune,Maharashtra,VERIFIED,LOW,CRM
CRM003842,Demo Customer 3842,1972-01-01,customer3842@example.invalid,0000003842,DEMO003842,Ahmedabad,Gujarat,VERIFIED,LOW,CRM
CRM003843,Demo Customer 3843,1973-01-01,customer3843@example.invalid,0000003843,DEMO003843,Ahmedabad,Gujarat,PENDING,HIGH,CRM
CRM003844,Demo Customer 3844,1974-01-01,customer3844@example.invalid,0000003844,DEMO003844,Gurugram,Haryana,PENDING,LOW,CRM
CRM003845,Demo Customer 3845,1975-01-01,customer3845@example.invalid,0000003845,DEMO003845,Gurugram,Haryana,VERIFIED,LOW,CRM
CRM003846,Demo Customer 3846,1976-01-01,customer3846@example.invalid,0000003846,DEMO003846,Ahmedabad,Gujarat,VERIFIED,LOW,CRM
CRM003847,Demo Customer 3847,1977-01-01,customer3847@example.invalid,0000003847,DEMO003847,Pune,Maharashtra,VERIFIED,LOW,CRM
CRM003848,Demo Customer 3848,1978-01-01,customer3848@example.invalid,0000003848,DEMO003848,Chennai,Tamil Nadu,PENDING,MEDIUM,CRM
CRM003849,Demo Customer 3849,1979-01-01,customer3849@example.invalid,0000003849,DEMO003849,Mumbai,Maharashtra,VERIFIED,MEDIUM,CRM
CRM003850,Demo Customer 3850,1980-01-01,customer3850@example.invalid,0000003850,DEMO003850,Bengaluru,Karnataka,VERIFIED,LOW,CRM
CRM003851,Demo Customer 3851,1981-01-01,customer3851@example.invalid,0000003851,DEMO003851,Kolkata,West Bengal,VERIFIED,LOW,CRM
CRM003852,Demo Customer 3852,1982-01-01,customer3852@example.invalid,0000003852,DEMO003852,Pune,Maharashtra,VERIFIED,MEDIUM,CRM
CRM003853,Demo Customer 3853,1983-01-01,customer3853@example.invalid,0000003853,DEMO003853,Gurugram,Haryana,VERIFIED,HIGH,CRM
CRM003854,Demo Customer 3854,1984-01-01,customer3854@example.invalid,0000003854,DEMO003854,Nagpur,Maharashtra,VERIFIED,LOW,CRM
CRM003855,Demo Customer 3855,1985-01-01,customer3855@example.invalid,0000003855,DEMO003855,Pune,Maharashtra,VERIFIED,LOW,CRM
CRM003856,Demo Customer 3856,1986-01-01,customer3856@example.invalid,0000003856,DEMO003856,Delhi,Delhi,VERIFIED,LOW,CRM
CRM003857,Demo Customer 3857,1987-01-01,customer3857@example.invalid,0000003857,DEMO003857,Mumbai,Maharashtra,VERIFIED,LOW,CRM
CRM003858,Demo Customer 3858,1988-01-01,customer3858@example.invalid,0000003858,DEMO003858,Bengaluru,Karnataka,VERIFIED,MEDIUM,CRM
CRM003859,Demo Customer 3859,1989-01-01,customer3859@example.invalid,0000003859,DEMO003859,Gurugram,Haryana,REJECTED,MEDIUM,CRM
CRM003860,Demo Customer 3860,1990-01-01,customer3860@example.invalid,0000003860,DEMO003860,Bengaluru,Karnataka,VERIFIED,LOW,CRM
CRM003861,Demo Customer 3861,1991-01-01,customer3861@example.invalid,0000003861,DEMO003861,Delhi,Delhi,VERIFIED,LOW,CRM
CRM003862,Demo Customer 3862,1992-01-01,customer3862@example.invalid,0000003862,DEMO003862,Pune,Maharashtra,VERIFIED,LOW,CRM
CRM003863,Demo Customer 3863,1993-01-01,customer3863@example.invalid,0000003863,DEMO003863,Gurugram,Haryana,VERIFIED,MEDIUM,CRM
CRM003864,Demo Customer 3864,1994-01-01,customer3864@example.invalid,0000003864,DEMO003864,Hyderabad,Telangana,VERIFIED,LOW,CRM
CRM003865,Demo Customer 3865,1995-01-01,customer3865@example.invalid,0000003865,DEMO003865,Mumbai,Maharashtra,VERIFIED,MEDIUM,CRM
CRM003866,Demo Customer 3866,1996-01-01,customer3866@example.invalid,0000003866,DEMO003866,Hyderabad,Telangana,VERIFIED,LOW,CRM
CRM003867,Demo Customer 3867,1997-01-01,customer3867@example.invalid,0000003867,DEMO003867,Delhi,Delhi,VERIFIED,MEDIUM,CRM
CRM003868,Demo Customer 3868,1998-01-01,customer3868@example.invalid,0000003868,DEMO003868,Hyderabad,Telangana,VERIFIED,HIGH,CRM
CRM003869,Demo Customer 3869,1999-01-01,customer3869@example.invalid,0000003869,DEMO003869,Gurugram,Haryana,PENDING,LOW,CRM
CRM003870,Demo Customer 3870,1970-01-01,customer3870@example.invalid,0000003870,DEMO003870,Pune,Maharashtra,VERIFIED,LOW,CRM
CRM003871,Demo Customer 3871,1971-01-01,customer3871@example.invalid,0000003871,DEMO003871,Pune,Maharashtra,VERIFIED,LOW,CRM
CRM003872,Demo Customer 3872,1972-01-01,customer3872@example.invalid,0000003872,DEMO003872,Mumbai,Maharashtra,VERIFIED,LOW,CRM
CRM003873,Demo Customer 3873,1973-01-01,customer3873@example.invalid,0000003873,DEMO003873,Gurugram,Haryana,VERIFIED,MEDIUM,CRM
CRM003874,Demo Customer 3874,1974-01-01,customer3874@example.invalid,0000003874,DEMO003874,Delhi,Delhi,VERIFIED,LOW,CRM
CRM003875,Demo Customer 3875,1975-01-01,customer3875@example.invalid,0000003875,DEMO003875,Pune,Maharashtra,PENDING,LOW,CRM
CRM003876,Demo Customer 3876,1976-01-01,customer3876@example.invalid,0000003876,DEMO003876,Kolkata,West Bengal,VERIFIED,HIGH,CRM
CRM003877,Demo Customer 3877,1977-01-01,customer3877@example.invalid,0000003877,DEMO003877,Hyderabad,Telangana,VERIFIED,LOW,CRM
CRM003878,Demo Customer 3878,1978-01-01,customer3878@example.invalid,0000003878,DEMO003878,Bengaluru,Karnataka,VERIFIED,HIGH,CRM
CRM003879,Demo Customer 3879,1979-01-01,customer3879@example.invalid,0000003879,DEMO003879,Chennai,Tamil Nadu,VERIFIED,LOW,CRM
CRM003880,Demo Customer 3880,1980-01-01,customer3880@example.invalid,0000003880,DEMO003880,Chennai,Tamil Nadu,VERIFIED,LOW,CRM
CRM003881,Demo Customer 3881,1981-01-01,customer3881@example.invalid,0000003881,DEMO003881,Bengaluru,Karnataka,VERIFIED,MEDIUM,CRM
CRM003882,Demo Customer 3882,1982-01-01,customer3882@example.invalid,0000003882,DEMO003882,Bengaluru,Karnataka,VERIFIED,LOW,CRM
CRM003883,Demo Customer 3883,1983-01-01,customer3883@example.invalid,0000003883,DEMO003883,Hyderabad,Telangana,VERIFIED,LOW,CRM
CRM003884,Demo Customer 3884,1984-01-01,customer3884@example.invalid,0000003884,DEMO003884,Kolkata,West Bengal,VERIFIED,HIGH,CRM
CRM003885,Demo Customer 3885,1985-01-01,customer3885@example.invalid,0000003885,DEMO003885,Delhi,Delhi,PENDING,LOW,CRM
CRM003886,Demo Customer 3886,1986-01-01,customer3886@example.invalid,0000003886,DEMO003886,Pune,Maharashtra,VERIFIED,LOW,CRM
CRM003887,Demo Customer 3887,1987-01-01,customer3887@example.invalid,0000003887,DEMO003887,Ahmedabad,Gujarat,VERIFIED,LOW,CRM
CRM003888,Demo Customer 3888,1988-01-01,customer3888@example.invalid,0000003888,DEMO003888,Hyderabad,Telangana,VERIFIED,MEDIUM,CRM
CRM003889,Demo Customer 3889,1989-01-01,customer3889@example.invalid,0000003889,DEMO003889,Chennai,Tamil Nadu,VERIFIED,LOW,CRM
CRM003890,Demo Customer 3890,1990-01-01,customer3890@example.invalid,0000003890,DEMO003890,Kolkata,West Bengal,VERIFIED,LOW,CRM
CRM003891,Demo Customer 3891,1991-01-01,customer3891@example.invalid,0000003891,DEMO003891,Nagpur,Maharashtra,VERIFIED,MEDIUM,CRM
CRM003892,Demo Customer 3892,1992-01-01,customer3892@example.invalid,0000003892,DEMO003892,Mumbai,Maharashtra,VERIFIED,LOW,CRM
CRM003893,Demo Customer 3893,1993-01-01,customer3893@example.invalid,0000003893,DEMO003893,Ahmedabad,Gujarat,VERIFIED,MEDIUM,CRM
CRM003894,Demo Customer 3894,1994-01-01,customer3894@example.invalid,0000003894,DEMO003894,Hyderabad,Telangana,REJECTED,LOW,CRM
CRM003895,Demo Customer 3895,1995-01-01,customer3895@example.invalid,0000003895,DEMO003895,Hyderabad,Telangana,VERIFIED,LOW,CRM
CRM003896,Demo Customer 3896,1996-01-01,customer3896@example.invalid,0000003896,DEMO003896,Ahmedabad,Gujarat,REJECTED,LOW,CRM
CRM003897,Demo Customer 3897,1997-01-01,customer3897@example.invalid,0000003897,DEMO003897,Pune,Maharashtra,VERIFIED,LOW,CRM
CRM003898,Demo Customer 3898,1998-01-01,customer3898@example.invalid,0000003898,DEMO003898,Bengaluru,Karnataka,PENDING,MEDIUM,CRM
CRM003899,Demo Customer 3899,1999-01-01,customer3899@example.invalid,0000003899,DEMO003899,Ahmedabad,Gujarat,VERIFIED,MEDIUM,CRM
CRM003900,Demo Customer 3900,1970-01-01,customer3900@example.invalid,0000003900,DEMO003900,Chennai,Tamil Nadu,PENDING,MEDIUM,CRM
CRM003901,Demo Customer 3901,1971-01-01,customer3901@example.invalid,0000003901,DEMO003901,Nagpur,Maharashtra,VERIFIED,LOW,CRM
CRM003902,Demo Customer 3902,1972-01-01,customer3902@example.invalid,0000003902,DEMO003902,Hyderabad,Telangana,PENDING,MEDIUM,CRM
CRM003903,Demo Customer 3903,1973-01-01,customer3903@example.invalid,0000003903,DEMO003903,Gurugram,Haryana,VERIFIED,LOW,CRM
CRM003904,Demo Customer 3904,1974-01-01,customer3904@example.invalid,0000003904,DEMO003904,Gurugram,Haryana,VERIFIED,LOW,CRM
CRM003905,Demo Customer 3905,1975-01-01,customer3905@example.invalid,0000003905,DEMO003905,Chennai,Tamil Nadu,VERIFIED,MEDIUM,CRM
CRM003906,Demo Customer 3906,1976-01-01,customer3906@example.invalid,0000003906,DEMO003906,Kolkata,West Bengal,VERIFIED,LOW,CRM
CRM003907,Demo Customer 3907,1977-01-01,customer3907@example.invalid,0000003907,DEMO003907,Bengaluru,Karnataka,VERIFIED,LOW,CRM
CRM003908,Demo Customer 3908,1978-01-01,customer3908@example.invalid,0000003908,DEMO003908,Pune,Maharashtra,REJECTED,LOW,CRM
CRM003909,Demo Customer 3909,1979-01-01,customer3909@example.invalid,0000003909,DEMO003909,Chennai,Tamil Nadu,VERIFIED,LOW,CRM
CRM003910,Demo Customer 3910,1980-01-01,customer3910@example.invalid,0000003910,DEMO003910,Delhi,Delhi,PENDING,LOW,CRM
CRM003911,Demo Customer 3911,1981-01-01,customer3911@example.invalid,0000003911,DEMO003911,Kolkata,West Bengal,VERIFIED,LOW,CRM
CRM003912,Demo Customer 3912,1982-01-01,customer3912@example.invalid,0000003912,DEMO003912,Gurugram,Haryana,PENDING,HIGH,CRM
CRM003913,Demo Customer 3913,1983-01-01,customer3913@example.invalid,0000003913,DEMO003913,Ahmedabad,Gujarat,VERIFIED,MEDIUM,CRM
CRM003914,Demo Customer 3914,1984-01-01,customer3914@example.invalid,0000003914,DEMO003914,Ahmedabad,Gujarat,VERIFIED,LOW,CRM
CRM003915,Demo Customer 3915,1985-01-01,customer3915@example.invalid,0000003915,DEMO003915,Delhi,Delhi,VERIFIED,LOW,CRM
CRM003916,Demo Customer 3916,1986-01-01,customer3916@example.invalid,0000003916,DEMO003916,Mumbai,Maharashtra,VERIFIED,MEDIUM,CRM
CRM003917,Demo Customer 3917,1987-01-01,customer3917@example.invalid,0000003917,DEMO003917,Nagpur,Maharashtra,PENDING,LOW,CRM
CRM003918,Demo Customer 3918,1988-01-01,customer3918@example.invalid,0000003918,DEMO003918,Ahmedabad,Gujarat,PENDING,HIGH,CRM
CRM003919,Demo Customer 3919,1989-01-01,customer3919@example.invalid,0000003919,DEMO003919,Chennai,Tamil Nadu,VERIFIED,MEDIUM,CRM
CRM003920,Demo Customer 3920,1990-01-01,customer3920@example.invalid,0000003920,DEMO003920,Nagpur,Maharashtra,VERIFIED,LOW,CRM
CRM003921,Demo Customer 3921,1991-01-01,customer3921@example.invalid,0000003921,DEMO003921,Mumbai,Maharashtra,VERIFIED,LOW,CRM
CRM003922,Demo Customer 3922,1992-01-01,customer3922@example.invalid,0000003922,DEMO003922,Delhi,Delhi,PENDING,LOW,CRM
CRM003923,Demo Customer 3923,1993-01-01,customer3923@example.invalid,0000003923,DEMO003923,Hyderabad,Telangana,VERIFIED,LOW,CRM
CRM003924,Demo Customer 3924,1994-01-01,customer3924@example.invalid,0000003924,DEMO003924,Kolkata,West Bengal,VERIFIED,LOW,CRM
CRM003925,Demo Customer 3925,1995-01-01,customer3925@example.invalid,0000003925,DEMO003925,Bengaluru,Karnataka,VERIFIED,LOW,CRM
CRM003926,Demo Customer 3926,1996-01-01,customer3926@example.invalid,0000003926,DEMO003926,Ahmedabad,Gujarat,VERIFIED,LOW,CRM
CRM003927,Demo Customer 3927,1997-01-01,customer3927@example.invalid,0000003927,DEMO003927,Hyderabad,Telangana,REJECTED,LOW,CRM
CRM003928,Demo Customer 3928,1998-01-01,customer3928@example.invalid,0000003928,DEMO003928,Ahmedabad,Gujarat,VERIFIED,LOW,CRM
CRM003929,Demo Customer 3929,1999-01-01,customer3929@example.invalid,0000003929,DEMO003929,Ahmedabad,Gujarat,VERIFIED,LOW,CRM
CRM003930,Demo Customer 3930,1970-01-01,customer3930@example.invalid,0000003930,DEMO003930,Delhi,Delhi,VERIFIED,LOW,CRM
CRM003931,Demo Customer 3931,1971-01-01,customer3931@example.invalid,0000003931,DEMO003931,Chennai,Tamil Nadu,VERIFIED,MEDIUM,CRM
CRM003932,Demo Customer 3932,1972-01-01,customer3932@example.invalid,0000003932,DEMO003932,Bengaluru,Karnataka,VERIFIED,MEDIUM,CRM
CRM003933,Demo Customer 3933,1973-01-01,customer3933@example.invalid,0000003933,DEMO003933,Hyderabad,Telangana,PENDING,HIGH,CRM
CRM003934,Demo Customer 3934,1974-01-01,customer3934@example.invalid,0000003934,DEMO003934,Kolkata,West Bengal,VERIFIED,LOW,CRM
CRM003935,Demo Customer 3935,1975-01-01,customer3935@example.invalid,0000003935,DEMO003935,Chennai,Tamil Nadu,VERIFIED,LOW,CRM
CRM003936,Demo Customer 3936,1976-01-01,customer3936@example.invalid,0000003936,DEMO003936,Pune,Maharashtra,PENDING,LOW,CRM
CRM003937,Demo Customer 3937,1977-01-01,customer3937@example.invalid,0000003937,DEMO003937,Bengaluru,Karnataka,VERIFIED,LOW,CRM
CRM003938,Demo Customer 3938,1978-01-01,customer3938@example.invalid,0000003938,DEMO003938,Kolkata,West Bengal,VERIFIED,MEDIUM,CRM
CRM003939,Demo Customer 3939,1979-01-01,customer3939@example.invalid,0000003939,DEMO003939,Delhi,Delhi,PENDING,LOW,CRM
CRM003940,Demo Customer 3940,1980-01-01,customer3940@example.invalid,0000003940,DEMO003940,Chennai,Tamil Nadu,VERIFIED,MEDIUM,CRM
CRM003941,Demo Customer 3941,1981-01-01,customer3941@example.invalid,0000003941,DEMO003941,Chennai,Tamil Nadu,VERIFIED,MEDIUM,CRM
CRM003942,Demo Customer 3942,1982-01-01,customer3942@example.invalid,0000003942,DEMO003942,Nagpur,Maharashtra,VERIFIED,LOW,CRM
CRM003943,Demo Customer 3943,1983-01-01,customer3943@example.invalid,0000003943,DEMO003943,Gurugram,Haryana,VERIFIED,LOW,CRM
CRM003944,Demo Customer 3944,1984-01-01,customer3944@example.invalid,0000003944,DEMO003944,Gurugram,Haryana,VERIFIED,LOW,CRM
CRM003945,Demo Customer 3945,1985-01-01,customer3945@example.invalid,0000003945,DEMO003945,Mumbai,Maharashtra,VERIFIED,LOW,CRM
CRM003946,Demo Customer 3946,1986-01-01,customer3946@example.invalid,0000003946,DEMO003946,Nagpur,Maharashtra,VERIFIED,LOW,CRM
CRM003947,Demo Customer 3947,1987-01-01,customer3947@example.invalid,0000003947,DEMO003947,Kolkata,West Bengal,PENDING,HIGH,CRM
CRM003948,Demo Customer 3948,1988-01-01,customer3948@example.invalid,0000003948,DEMO003948,Ahmedabad,Gujarat,VERIFIED,MEDIUM,CRM
CRM003949,Demo Customer 3949,1989-01-01,customer3949@example.invalid,0000003949,DEMO003949,Nagpur,Maharashtra,VERIFIED,LOW,CRM
CRM003950,Demo Customer 3950,1990-01-01,customer3950@example.invalid,0000003950,DEMO003950,Bengaluru,Karnataka,VERIFIED,LOW,CRM
CRM003951,Demo Customer 3951,1991-01-01,customer3951@example.invalid,0000003951,DEMO003951,Delhi,Delhi,VERIFIED,LOW,CRM
CRM003952,Demo Customer 3952,1992-01-01,customer3952@example.invalid,0000003952,DEMO003952,Ahmedabad,Gujarat,VERIFIED,HIGH,CRM
CRM003953,Demo Customer 3953,1993-01-01,customer3953@example.invalid,0000003953,DEMO003953,Nagpur,Maharashtra,PENDING,LOW,CRM
CRM003954,Demo Customer 3954,1994-01-01,customer3954@example.invalid,0000003954,DEMO003954,Mumbai,Maharashtra,VERIFIED,LOW,CRM
CRM003955,Demo Customer 3955,1995-01-01,customer3955@example.invalid,0000003955,DEMO003955,Hyderabad,Telangana,VERIFIED,LOW,CRM
CRM003956,Demo Customer 3956,1996-01-01,customer3956@example.invalid,0000003956,DEMO003956,Nagpur,Maharashtra,VERIFIED,LOW,CRM
CRM003957,Demo Customer 3957,1997-01-01,customer3957@example.invalid,0000003957,DEMO003957,Delhi,Delhi,VERIFIED,LOW,CRM
CRM003958,Demo Customer 3958,1998-01-01,customer3958@example.invalid,0000003958,DEMO003958,Ahmedabad,Gujarat,VERIFIED,HIGH,CRM
CRM003959,Demo Customer 3959,1999-01-01,customer3959@example.invalid,0000003959,DEMO003959,Gurugram,Haryana,VERIFIED,LOW,CRM
CRM003960,Demo Customer 3960,1970-01-01,customer3960@example.invalid,0000003960,DEMO003960,Kolkata,West Bengal,VERIFIED,LOW,CRM
CRM003961,Demo Customer 3961,1971-01-01,customer3961@example.invalid,0000003961,DEMO003961,Chennai,Tamil Nadu,VERIFIED,MEDIUM,CRM
CRM003962,Demo Customer 3962,1972-01-01,customer3962@example.invalid,0000003962,DEMO003962,Chennai,Tamil Nadu,VERIFIED,LOW,CRM
CRM003963,Demo Customer 3963,1973-01-01,customer3963@example.invalid,0000003963,DEMO003963,Delhi,Delhi,VERIFIED,LOW,CRM
CRM003964,Demo Customer 3964,1974-01-01,customer3964@example.invalid,0000003964,DEMO003964,Hyderabad,Telangana,VERIFIED,MEDIUM,CRM
CRM003965,Demo Customer 3965,1975-01-01,customer3965@example.invalid,0000003965,DEMO003965,Mumbai,Maharashtra,VERIFIED,MEDIUM,CRM
CRM003966,Demo Customer 3966,1976-01-01,customer3966@example.invalid,0000003966,DEMO003966,Delhi,Delhi,VERIFIED,HIGH,CRM
CRM003967,Demo Customer 3967,1977-01-01,customer3967@example.invalid,0000003967,DEMO003967,Mumbai,Maharashtra,VERIFIED,LOW,CRM
CRM003968,Demo Customer 3968,1978-01-01,customer3968@example.invalid,0000003968,DEMO003968,Mumbai,Maharashtra,VERIFIED,LOW,CRM
CRM003969,Demo Customer 3969,1979-01-01,customer3969@example.invalid,0000003969,DEMO003969,Chennai,Tamil Nadu,VERIFIED,LOW,CRM
CRM003970,Demo Customer 3970,1980-01-01,customer3970@example.invalid,0000003970,DEMO003970,Nagpur,Maharashtra,VERIFIED,LOW,CRM
CRM003971,Demo Customer 3971,1981-01-01,customer3971@example.invalid,0000003971,DEMO003971,Ahmedabad,Gujarat,VERIFIED,LOW,CRM
CRM003972,Demo Customer 3972,1982-01-01,customer3972@example.invalid,0000003972,DEMO003972,Gurugram,Haryana,VERIFIED,LOW,CRM
CRM003973,Demo Customer 3973,1983-01-01,customer3973@example.invalid,0000003973,DEMO003973,Mumbai,Maharashtra,PENDING,LOW,CRM
CRM003974,Demo Customer 3974,1984-01-01,customer3974@example.invalid,0000003974,DEMO003974,Hyderabad,Telangana,VERIFIED,HIGH,CRM
CRM003975,Demo Customer 3975,1985-01-01,customer3975@example.invalid,0000003975,DEMO003975,Bengaluru,Karnataka,VERIFIED,LOW,CRM
CRM003976,Demo Customer 3976,1986-01-01,customer3976@example.invalid,0000003976,DEMO003976,Gurugram,Haryana,VERIFIED,LOW,CRM
CRM003977,Demo Customer 3977,1987-01-01,customer3977@example.invalid,0000003977,DEMO003977,Nagpur,Maharashtra,VERIFIED,MEDIUM,CRM
CRM003978,Demo Customer 3978,1988-01-01,customer3978@example.invalid,0000003978,DEMO003978,Kolkata,West Bengal,VERIFIED,HIGH,CRM
CRM003979,Demo Customer 3979,1989-01-01,customer3979@example.invalid,0000003979,DEMO003979,Ahmedabad,Gujarat,VERIFIED,LOW,CRM
CRM003980,Demo Customer 3980,1990-01-01,customer3980@example.invalid,0000003980,DEMO003980,Kolkata,West Bengal,VERIFIED,LOW,CRM
CRM003981,Demo Customer 3981,1991-01-01,customer3981@example.invalid,0000003981,DEMO003981,Mumbai,Maharashtra,VERIFIED,LOW,CRM
CRM003982,Demo Customer 3982,1992-01-01,customer3982@example.invalid,0000003982,DEMO003982,Chennai,Tamil Nadu,VERIFIED,HIGH,CRM
CRM003983,Demo Customer 3983,1993-01-01,customer3983@example.invalid,0000003983,DEMO003983,Bengaluru,Karnataka,VERIFIED,LOW,CRM
CRM003984,Demo Customer 3984,1994-01-01,customer3984@example.invalid,0000003984,DEMO003984,Bengaluru,Karnataka,VERIFIED,LOW,CRM
CRM003985,Demo Customer 3985,1995-01-01,customer3985@example.invalid,0000003985,DEMO003985,Nagpur,Maharashtra,VERIFIED,LOW,CRM
CRM003986,Demo Customer 3986,1996-01-01,customer3986@example.invalid,0000003986,DEMO003986,Hyderabad,Telangana,VERIFIED,LOW,CRM
CRM003987,Demo Customer 3987,1997-01-01,customer3987@example.invalid,0000003987,DEMO003987,Mumbai,Maharashtra,VERIFIED,LOW,CRM
CRM003988,Demo Customer 3988,1998-01-01,customer3988@example.invalid,0000003988,DEMO003988,Nagpur,Maharashtra,VERIFIED,LOW,CRM
CRM003989,Demo Customer 3989,1999-01-01,customer3989@example.invalid,0000003989,DEMO003989,Ahmedabad,Gujarat,VERIFIED,LOW,CRM
CRM003990,Demo Customer 3990,1970-01-01,customer3990@example.invalid,0000003990,DEMO003990,Ahmedabad,Gujarat,VERIFIED,MEDIUM,CRM
CRM003991,Demo Customer 3991,1971-01-01,customer3991@example.invalid,0000003991,DEMO003991,Pune,Maharashtra,VERIFIED,MEDIUM,CRM
CRM003992,Demo Customer 3992,1972-01-01,customer3992@example.invalid,0000003992,DEMO003992,Mumbai,Maharashtra,VERIFIED,LOW,CRM
CRM003993,Demo Customer 3993,1973-01-01,customer3993@example.invalid,0000003993,DEMO003993,Pune,Maharashtra,VERIFIED,LOW,CRM
CRM003994,Demo Customer 3994,1974-01-01,customer3994@example.invalid,0000003994,DEMO003994,Gurugram,Haryana,PENDING,LOW,CRM
CRM003995,Demo Customer 3995,1975-01-01,customer3995@example.invalid,0000003995,DEMO003995,Chennai,Tamil Nadu,VERIFIED,MEDIUM,CRM
CRM003996,Demo Customer 3996,1976-01-01,customer3996@example.invalid,0000003996,DEMO003996,Chennai,Tamil Nadu,VERIFIED,LOW,CRM
CRM003997,Demo Customer 3997,1977-01-01,customer3997@example.invalid,0000003997,DEMO003997,Mumbai,Maharashtra,PENDING,MEDIUM,CRM
CRM003998,Demo Customer 3998,1978-01-01,customer3998@example.invalid,0000003998,DEMO003998,Chennai,Tamil Nadu,VERIFIED,LOW,CRM
CRM003999,Demo Customer 3999,1979-01-01,customer3999@example.invalid,0000003999,DEMO003999,Chennai,Tamil Nadu,VERIFIED,LOW,CRM
CRM004000,Demo Customer 4000,1980-01-01,customer4000@example.invalid,0000004000,DEMO004000,Mumbai,Maharashtra,VERIFIED,LOW,CRM
