loan_id,borrower_customer_ref,loan_type,principal_inr,interest_rate,tenure_months,loan_status,sanction_date,source_system
LN0000001,CRM003109,AUTO,250000,8.73,60,CLOSED,2020-11-29,LOAN_ORIGINATION
LN0000002,CRM002974,AUTO,2500000,7.22,24,ACTIVE,2025-07-30,LOAN_ORIGINATION
LN0000003,CRM003053,BUSINESS,250000,12.85,48,ACTIVE,2020-05-04,LOAN_ORIGINATION
LN0000004,CRM000280,HOME,2500000,11.6,60,CLOSED,2025-09-21,LOAN_ORIGINATION
LN0000005,CRM002092,HOME,250000,17.97,180,CLOSED,2019-07-15,LOAN_ORIGINATION
LN0000006,CRM001823,PERSONAL,50000,10.2,36,CLOSED,2026-05-23,LOAN_ORIGINATION
LN0000007,CRM000977,BUSINESS,1000000,18.18,120,ACTIVE,2023-08-26,LOAN_ORIGINATION
LN0000008,CRM002954,BUSINESS,50000,14.95,48,ACTIVE,2025-12-11,LOAN_ORIGINATION
LN0000009,CRM001449,BUSINESS,250000,12.31,24,ACTIVE,2025-11-28,LOAN_ORIGINATION
LN0000010,CRM000714,PERSONAL,100000,16.39,240,ACTIVE,2021-08-14,LOAN_ORIGINATION
LN0000011,CRM003094,PERSONAL,5000000,16.75,24,CLOSED,2023-01-27,LOAN_ORIGINATION
LN0000012,CRM000136,AUTO,5000000,10.05,36,ACTIVE,2020-05-03,LOAN_ORIGINATION
LN0000013,CRM001144,PERSONAL,1000000,13.22,60,ACTIVE,2022-10-05,LOAN_ORIGINATION
LN0000014,CRM001136,PERSONAL,100000,13.52,36,CLOSED,2026-02-24,LOAN_ORIGINATION
LN0000015,CRM001403,BUSINESS,50000,8.76,24,ACTIVE,2021-08-13,LOAN_ORIGINATION
LN0000016,CRM003556,PERSONAL,1000000,9.16,12,ACTIVE,2019-01-01,LOAN_ORIGINATION
LN0000017,CRM001558,BUSINESS,100000,10.79,36,CLOSED,2023-08-10,LOAN_ORIGINATION
LN0000018,CRM003182,HOME,250000,15.27,48,CLOSED,2020-09-30,LOAN_ORIGINATION
LN0000019,CRM002046,PERSONAL,250000,8.28,60,ACTIVE,2024-12-01,LOAN_ORIGINATION
LN0000020,CRM001786,HOME,1000000,17.45,48,ACTIVE,2025-03-22,LOAN_ORIGINATION
LN0000021,CRM002054,AUTO,500000,9.56,60,ACTIVE,2019-03-20,LOAN_ORIGINATION
LN0000022,CRM000622,HOME,1000000,14.53,24,ACTIVE,2022-01-12,LOAN_ORIGINATION
LN0000023,CRM002287,AUTO,1000000,10.94,24,ACTIVE,2019-12-21,LOAN_ORIGINATION
LN0000024,CRM001233,BUSINESS,1000000,8.41,240,ACTIVE,2025-04-01,LOAN_ORIGINATION
LN0000025,CRM000260,BUSINESS,5000000,17.22,36,ACTIVE,2024-04-21,LOAN_ORIGINATION
LN0000026,CRM000266,PERSONAL,250000,16.12,120,ACTIVE,2023-08-02,LOAN_ORIGINATION
LN0000027,CRM001820,BUSINESS,50000,9.58,180,CLOSED,2025-09-26,LOAN_ORIGINATION
LN0000028,CRM000175,BUSINESS,1000000,16.46,180,CLOSED,2025-10-16,LOAN_ORIGINATION
LN0000029,CRM001128,BUSINESS,1000000,10.94,12,ACTIVE,2022-07-31,LOAN_ORIGINATION
LN0000030,CRM003261,BUSINESS,250000,8.75,180,ACTIVE,2020-07-07,LOAN_ORIGINATION
LN0000031,CRM003064,AUTO,2500000,16.23,180,ACTIVE,2024-08-31,LOAN_ORIGINATION
LN0000032,CRM000475,HOME,50000,9.28,24,ACTIVE,2026-01-01,LOAN_ORIGINATION
LN0000033,CRM002943,PERSONAL,5000000,11.54,60,ACTIVE,2024-08-09,LOAN_ORIGINATION
LN0000034,CRM003743,AUTO,2500000,13.09,60,CLOSED,2026-05-08,LOAN_ORIGINATION
LN0000035,CRM003368,BUSINESS,100000,9.91,48,ACTIVE,2026-01-05,LOAN_ORIGINATION
LN0000036,CRM001847,PERSONAL,100000,8.77,12,ACTIVE,2024-01-20,LOAN_ORIGINATION
LN0000037,CRM003335,BUSINESS,1000000,10.18,24,ACTIVE,2024-12-17,LOAN_ORIGINATION
LN0000038,CRM002991,AUTO,5000000,18.24,36,CLOSED,2024-08-13,LOAN_ORIGINATION
LN0000039,CRM000148,BUSINESS,50000,16.97,180,ACTIVE,2022-11-22,LOAN_ORIGINATION
LN0000040,CRM003050,PERSONAL,50000,10.48,180,ACTIVE,2023-03-25,LOAN_ORIGINATION
LN0000041,CRM002796,PERSONAL,250000,13.43,60,ACTIVE,2022-12-31,LOAN_ORIGINATION
LN0000042,CRM001974,HOME,5000000,8.77,180,DELINQUENT,2019-04-14,LOAN_ORIGINATION
LN0000043,CRM002928,BUSINESS,250000,12.27,36,ACTIVE,2020-01-03,LOAN_ORIGINATION
LN0000044,CRM003418,BUSINESS,500000,10.44,120,ACTIVE,2022-11-28,LOAN_ORIGINATION
LN0000045,CRM001312,BUSINESS,500000,16.21,120,ACTIVE,2026-01-25,LOAN_ORIGINATION
LN0000046,CRM002227,AUTO,500000,10.23,24,ACTIVE,2024-03-02,LOAN_ORIGINATION
LN0000047,CRM001252,AUTO,5000000,16.38,180,ACTIVE,2026-02-01,LOAN_ORIGINATION
LN0000048,CRM002784,HOME,1000000,11.86,48,ACTIVE,2020-07-13,LOAN_ORIGINATION
LN0000049,CRM002976,HOME,2500000,17.1,120,CLOSED,2023-01-05,LOAN_ORIGINATION
LN0000050,CRM003784,AUTO,5000000,15.65,24,CLOSED,2025-03-25,LOAN_ORIGINATION
LN0000051,CRM003956,HOME,500000,17.63,180,ACTIVE,2023-03-07,LOAN_ORIGINATION
LN0000052,CRM000254,HOME,500000,10.91,60,CLOSED,2023-02-09,LOAN_ORIGINATION
LN0000053,CRM001305,HOME,2500000,16.12,12,CLOSED,2025-06-14,LOAN_ORIGINATION
LN0000054,CRM003078,HOME,50000,11.83,48,CLOSED,2023-08-05,LOAN_ORIGINATION
LN0000055,CRM003507,AUTO,500000,17.02,240,ACTIVE,2019-01-05,LOAN_ORIGINATION
LN0000056,CRM001350,BUSINESS,500000,13.41,180,CLOSED,2023-04-18,LOAN_ORIGINATION
LN0000057,CRM002221,AUTO,500000,11.76,24,DELINQUENT,2025-08-24,LOAN_ORIGINATION
LN0000058,CRM003916,HOME,100000,9.28,24,CLOSED,2024-03-21,LOAN_ORIGINATION
LN0000059,CRM002286,HOME,250000,13.49,36,ACTIVE,2026-03-05,LOAN_ORIGINATION
LN0000060,CRM000061,HOME,1000000,11.22,36,ACTIVE,2020-02-05,LOAN_ORIGINATION
LN0000061,CRM000086,BUSINESS,50000,8.81,36,ACTIVE,2025-04-02,LOAN_ORIGINATION
LN0000062,CRM001806,AUTO,5000000,8.11,240,ACTIVE,2024-09-05,LOAN_ORIGINATION
LN0000063,CRM002568,AUTO,500000,9.87,60,CLOSED,2020-11-02,LOAN_ORIGINATION
LN0000064,CRM001575,BUSINESS,50000,15.1,120,CLOSED,2023-07-17,LOAN_ORIGINATION
LN0000065,CRM003226,AUTO,500000,16.89,12,ACTIVE,2019-08-04,LOAN_ORIGINATION
LN0000066,CRM003169,PERSONAL,50000,10.78,180,ACTIVE,2025-10-03,LOAN_ORIGINATION
LN0000067,CRM003177,PERSONAL,50000,16.88,180,DELINQUENT,2022-04-15,LOAN_ORIGINATION
LN0000068,CRM000064,PERSONAL,500000,15.16,120,ACTIVE,2022-06-12,LOAN_ORIGINATION
LN0000069,CRM002081,AUTO,5000000,8.09,240,ACTIVE,2021-02-12,LOAN_ORIGINATION
LN0000070,CRM000376,AUTO,250000,14.64,24,ACTIVE,2020-05-22,LOAN_ORIGINATION
LN0000071,CRM000107,BUSINESS,5000000,11.13,120,ACTIVE,2024-02-13,LOAN_ORIGINATION
LN0000072,CRM002384,BUSINESS,5000000,7.2,180,ACTIVE,2022-05-23,LOAN_ORIGINATION
LN0000073,CRM002604,PERSONAL,100000,8.41,36,ACTIVE,2025-08-16,LOAN_ORIGINATION
LN0000074,CRM001088,AUTO,2500000,7.96,36,ACTIVE,2021-05-02,LOAN_ORIGINATION
LN0000075,CRM000422,AUTO,50000,16.44,240,ACTIVE,2023-05-16,LOAN_ORIGINATION
LN0000076,CRM001734,HOME,50000,11.71,180,ACTIVE,2022-07-01,LOAN_ORIGINATION
LN0000077,CRM002984,AUTO,2500000,17.65,48,ACTIVE,2020-09-08,LOAN_ORIGINATION
LN0000078,CRM003431,PERSONAL,1000000,16.53,12,CLOSED,2021-01-02,LOAN_ORIGINATION
LN0000079,CRM002167,PERSONAL,500000,10.62,180,DELINQUENT,2022-10-17,LOAN_ORIGINATION
LN0000080,CRM001189,AUTO,500000,13.23,24,CLOSED,2019-04-25,LOAN_ORIGINATION
LN0000081,CRM001266,HOME,5000000,12.74,36,CLOSED,2022-06-14,LOAN_ORIGINATION
LN0000082,CRM000391,HOME,250000,17.31,48,ACTIVE,2024-11-08,LOAN_ORIGINATION
LN0000083,CRM002675,PERSONAL,50000,12.34,180,ACTIVE,2022-08-28,LOAN_ORIGINATION
LN0000084,CRM003561,BUSINESS,5000000,12.34,24,ACTIVE,2024-11-26,LOAN_ORIGINATION
LN0000085,CRM001739,PERSONAL,500000,18.44,48,CLOSED,2023-04-04,LOAN_ORIGINATION
LN0000086,CRM000605,BUSINESS,50000,8.72,24,ACTIVE,2024-07-12,LOAN_ORIGINATION
LN0000087,CRM000389,BUSINESS,500000,16.62,12,ACTIVE,2021-07-01,LOAN_ORIGINATION
LN0000088,CRM002577,PERSONAL,2500000,14.97,48,ACTIVE,2025-11-29,LOAN_ORIGINATION
LN0000089,CRM000323,AUTO,250000,8.57,180,ACTIVE,2020-12-02,LOAN_ORIGINATION
LN0000090,CRM002084,PERSONAL,100000,11.84,180,ACTIVE,2022-10-20,LOAN_ORIGINATION
LN0000091,CRM000607,HOME,250000,15.14,240,ACTIVE,2022-06-14,LOAN_ORIGINATION
LN0000092,CRM001616,AUTO,250000,7.23,180,CLOSED,2020-07-14,LOAN_ORIGINATION
LN0000093,CRM003633,HOME,100000,11.44,120,ACTIVE,2024-09-18,LOAN_ORIGINATION
LN0000094,CRM001806,BUSINESS,2500000,17.15,120,ACTIVE,2021-12-13,LOAN_ORIGINATION
LN0000095,CRM001537,AUTO,50000,9.16,24,ACTIVE,2019-07-18,LOAN_ORIGINATION
LN0000096,CRM003035,PERSONAL,250000,12.89,60,ACTIVE,2024-08-14,LOAN_ORIGINATION
LN0000097,CRM001641,HOME,5000000,7.52,180,ACTIVE,2023-08-15,LOAN_ORIGINATION
LN0000098,CRM000478,AUTO,50000,17.8,48,CLOSED,2021-02-26,LOAN_ORIGINATION
LN0000099,CRM000702,PERSONAL,250000,13.02,36,ACTIVE,2026-03-13,LOAN_ORIGINATION
LN0000100,CRM002820,PERSONAL,5000000,8.76,120,CLOSED,2021-01-11,LOAN_ORIGINATION
LN0000101,CRM001744,BUSINESS,1000000,10.97,60,CLOSED,2020-08-27,LOAN_ORIGINATION
LN0000102,CRM001169,AUTO,50000,11.74,12,DELINQUENT,2023-08-25,LOAN_ORIGINATION
LN0000103,CRM000544,HOME,2500000,10.71,180,CLOSED,2020-02-14,LOAN_ORIGINATION
LN0000104,CRM000627,BUSINESS,250000,12.7,48,CLOSED,2025-02-08,LOAN_ORIGINATION
LN0000105,CRM001380,BUSINESS,250000,13.37,180,ACTIVE,2025-09-22,LOAN_ORIGINATION
LN0000106,CRM000817,PERSONAL,2500000,10.1,180,ACTIVE,2023-02-01,LOAN_ORIGINATION
LN0000107,CRM000750,HOME,500000,17.1,12,CLOSED,2021-12-05,LOAN_ORIGINATION
LN0000108,CRM003847,HOME,5000000,17.32,120,ACTIVE,2020-10-01,LOAN_ORIGINATION
LN0000109,CRM003866,PERSONAL,5000000,11.78,36,ACTIVE,2025-04-30,LOAN_ORIGINATION
LN0000110,CRM001304,BUSINESS,250000,13.16,12,ACTIVE,2025-12-15,LOAN_ORIGINATION
LN0000111,CRM003429,PERSONAL,5000000,8.22,60,ACTIVE,2021-07-19,LOAN_ORIGINATION
LN0000112,CRM001160,HOME,50000,17.85,180,ACTIVE,2024-08-14,LOAN_ORIGINATION
LN0000113,CRM001342,BUSINESS,100000,18.44,120,ACTIVE,2025-06-28,LOAN_ORIGINATION
LN0000114,CRM003266,HOME,500000,9.0,240,CLOSED,2024-08-08,LOAN_ORIGINATION
LN0000115,CRM003662,BUSINESS,100000,9.66,36,CLOSED,2024-05-29,LOAN_ORIGINATION
LN0000116,CRM003620,BUSINESS,500000,17.21,12,ACTIVE,2025-12-22,LOAN_ORIGINATION
LN0000117,CRM002520,AUTO,500000,15.15,120,ACTIVE,2022-04-06,LOAN_ORIGINATION
LN0000118,CRM002518,HOME,500000,13.02,48,CLOSED,2019-02-12,LOAN_ORIGINATION
LN0000119,CRM003789,BUSINESS,1000000,11.19,240,DELINQUENT,2024-11-01,LOAN_ORIGINATION
LN0000120,CRM002967,BUSINESS,50000,9.52,24,ACTIVE,2025-10-20,LOAN_ORIGINATION
LN0000121,CRM001776,HOME,500000,15.01,120,ACTIVE,2025-06-16,LOAN_ORIGINATION
LN0000122,CRM001400,AUTO,100000,8.78,24,ACTIVE,2024-10-13,LOAN_ORIGINATION
LN0000123,CRM003937,AUTO,500000,8.28,180,ACTIVE,2019-04-06,LOAN_ORIGINATION
LN0000124,CRM000071,PERSONAL,1000000,16.09,120,CLOSED,2020-05-12,LOAN_ORIGINATION
LN0000125,CRM001683,AUTO,50000,13.8,24,CLOSED,2020-04-30,LOAN_ORIGINATION
LN0000126,CRM003081,BUSINESS,100000,12.44,24,CLOSED,2020-11-04,LOAN_ORIGINATION
LN0000127,CRM001151,BUSINESS,1000000,11.16,60,ACTIVE,2020-06-25,LOAN_ORIGINATION
LN0000128,CRM003929,HOME,50000,17.35,48,ACTIVE,2023-10-14,LOAN_ORIGINATION
LN0000129,CRM001094,AUTO,250000,15.23,36,ACTIVE,2022-02-15,LOAN_ORIGINATION
LN0000130,CRM000995,PERSONAL,1000000,10.82,180,ACTIVE,2019-09-07,LOAN_ORIGINATION
LN0000131,CRM003871,PERSONAL,5000000,16.81,180,ACTIVE,2020-02-13,LOAN_ORIGINATION
LN0000132,CRM003769,PERSONAL,100000,9.06,48,ACTIVE,2019-06-20,LOAN_ORIGINATION
LN0000133,CRM000770,PERSONAL,2500000,14.06,24,ACTIVE,2026-01-06,LOAN_ORIGINATION
LN0000134,CRM003685,BUSINESS,500000,17.57,36,CLOSED,2020-09-18,LOAN_ORIGINATION
LN0000135,CRM001713,HOME,1000000,15.72,240,CLOSED,2025-05-30,LOAN_ORIGINATION
LN0000136,CRM001972,HOME,500000,14.64,240,ACTIVE,2025-08-05,LOAN_ORIGINATION
LN0000137,CRM002273,PERSONAL,500000,8.11,240,ACTIVE,2023-07-19,LOAN_ORIGINATION
LN0000138,CRM001329,PERSONAL,5000000,17.34,48,CLOSED,2020-08-22,LOAN_ORIGINATION
LN0000139,CRM001970,BUSINESS,1000000,10.48,36,CLOSED,2024-04-06,LOAN_ORIGINATION
LN0000140,CRM003835,HOME,2500000,12.21,24,ACTIVE,2019-02-06,LOAN_ORIGINATION
LN0000141,CRM001943,BUSINESS,50000,13.07,24,ACTIVE,2021-03-26,LOAN_ORIGINATION
LN0000142,CRM000816,PERSONAL,1000000,16.32,240,ACTIVE,2024-05-24,LOAN_ORIGINATION
LN0000143,CRM000128,PERSONAL,2500000,8.46,240,ACTIVE,2019-07-17,LOAN_ORIGINATION
LN0000144,CRM002141,BUSINESS,2500000,7.74,120,ACTIVE,2024-10-13,LOAN_ORIGINATION
LN0000145,CRM002589,HOME,5000000,13.22,120,ACTIVE,2022-04-06,LOAN_ORIGINATION
LN0000146,CRM003342,PERSONAL,5000000,17.26,36,CLOSED,2019-05-25,LOAN_ORIGINATION
LN0000147,CRM000644,AUTO,5000000,17.06,240,CLOSED,2023-11-28,LOAN_ORIGINATION
LN0000148,CRM000558,HOME,5000000,10.09,120,ACTIVE,2022-03-25,LOAN_ORIGINATION
LN0000149,CRM000299,HOME,5000000,15.11,24,DELINQUENT,2020-04-17,LOAN_ORIGINATION
LN0000150,CRM000832,BUSINESS,250000,16.8,60,ACTIVE,2025-07-06,LOAN_ORIGINATION
LN0000151,CRM001549,BUSINESS,100000,10.45,120,CLOSED,2022-02-26,LOAN_ORIGINATION
LN0000152,CRM000564,BUSINESS,1000000,7.81,120,CLOSED,2026-05-19,LOAN_ORIGINATION
LN0000153,CRM001020,HOME,100000,13.41,36,ACTIVE,2024-08-05,LOAN_ORIGINATION
LN0000154,CRM002196,PERSONAL,100000,15.69,48,DELINQUENT,2025-09-22,LOAN_ORIGINATION
LN0000155,CRM003391,PERSONAL,500000,13.99,240,ACTIVE,2021-04-20,LOAN_ORIGINATION
LN0000156,CRM000891,HOME,500000,9.63,120,ACTIVE,2019-07-28,LOAN_ORIGINATION
LN0000157,CRM003198,HOME,250000,14.41,12,ACTIVE,2025-04-27,LOAN_ORIGINATION
LN0000158,CRM000870,BUSINESS,100000,10.16,120,ACTIVE,2019-07-22,LOAN_ORIGINATION
LN0000159,CRM003812,PERSONAL,100000,15.96,120,ACTIVE,2020-10-19,LOAN_ORIGINATION
LN0000160,CRM001502,HOME,50000,16.92,180,ACTIVE,2019-03-02,LOAN_ORIGINATION
LN0000161,CRM003205,HOME,50000,11.05,240,ACTIVE,2025-05-28,LOAN_ORIGINATION
LN0000162,CRM002968,HOME,50000,10.83,180,ACTIVE,2025-06-09,LOAN_ORIGINATION
LN0000163,CRM000841,BUSINESS,1000000,7.6,180,ACTIVE,2020-10-24,LOAN_ORIGINATION
LN0000164,CRM001680,PERSONAL,1000000,12.27,60,ACTIVE,2025-05-11,LOAN_ORIGINATION
LN0000165,CRM002898,PERSONAL,1000000,11.69,60,CLOSED,2025-04-28,LOAN_ORIGINATION
LN0000166,CRM000612,AUTO,5000000,8.21,60,ACTIVE,2019-05-16,LOAN_ORIGINATION
LN0000167,CRM002565,HOME,5000000,11.41,36,ACTIVE,2022-01-25,LOAN_ORIGINATION
LN0000168,CRM002189,PERSONAL,250000,15.88,180,CLOSED,2025-10-06,LOAN_ORIGINATION
LN0000169,CRM000199,BUSINESS,50000,16.55,48,CLOSED,2022-02-18,LOAN_ORIGINATION
LN0000170,CRM000413,BUSINESS,1000000,14.73,120,ACTIVE,2019-02-09,LOAN_ORIGINATION
LN0000171,CRM000690,AUTO,500000,14.48,60,CLOSED,2024-12-16,LOAN_ORIGINATION
LN0000172,CRM002523,AUTO,500000,12.54,48,ACTIVE,2022-12-01,LOAN_ORIGINATION
LN0000173,CRM001685,AUTO,2500000,8.61,240,ACTIVE,2019-09-12,LOAN_ORIGINATION
LN0000174,CRM002370,HOME,250000,10.19,120,CLOSED,2019-07-17,LOAN_ORIGINATION
LN0000175,CRM002821,PERSONAL,2500000,8.93,60,ACTIVE,2023-03-21,LOAN_ORIGINATION
LN0000176,CRM002768,AUTO,50000,7.96,240,ACTIVE,2019-06-14,LOAN_ORIGINATION
LN0000177,CRM000926,BUSINESS,100000,8.89,60,CLOSED,2021-06-25,LOAN_ORIGINATION
LN0000178,CRM003823,PERSONAL,250000,12.77,60,ACTIVE,2020-12-05,LOAN_ORIGINATION
LN0000179,CRM002477,PERSONAL,100000,11.39,180,CLOSED,2019-08-18,LOAN_ORIGINATION
LN0000180,CRM001650,BUSINESS,5000000,17.73,120,CLOSED,2022-07-08,LOAN_ORIGINATION
LN0000181,CRM001481,AUTO,250000,18.24,12,CLOSED,2022-01-10,LOAN_ORIGINATION
LN0000182,CRM000737,PERSONAL,1000000,11.16,180,DELINQUENT,2022-08-12,LOAN_ORIGINATION
LN0000183,CRM000312,BUSINESS,250000,9.64,180,ACTIVE,2026-05-22,LOAN_ORIGINATION
LN0000184,CRM003505,HOME,5000000,9.1,48,ACTIVE,2019-05-15,LOAN_ORIGINATION
LN0000185,CRM001636,HOME,5000000,17.65,48,CLOSED,2021-03-06,LOAN_ORIGINATION
LN0000186,CRM003945,HOME,250000,11.86,36,ACTIVE,2023-05-14,LOAN_ORIGINATION
LN0000187,CRM001234,AUTO,250000,18.21,180,ACTIVE,2024-05-20,LOAN_ORIGINATION
LN0000188,CRM001849,HOME,5000000,16.43,12,DELINQUENT,2024-11-28,LOAN_ORIGINATION
LN0000189,CRM003213,AUTO,2500000,8.43,240,CLOSED,2020-07-23,LOAN_ORIGINATION
LN0000190,CRM003197,AUTO,500000,18.12,180,ACTIVE,2020-05-21,LOAN_ORIGINATION
LN0000191,CRM002590,BUSINESS,250000,8.79,48,CLOSED,2021-06-05,LOAN_ORIGINATION
LN0000192,CRM001175,AUTO,2500000,12.43,12,ACTIVE,2019-11-20,LOAN_ORIGINATION
LN0000193,CRM001303,HOME,5000000,7.21,60,CLOSED,2023-02-16,LOAN_ORIGINATION
LN0000194,CRM001785,HOME,500000,18.28,180,ACTIVE,2020-12-15,LOAN_ORIGINATION
LN0000195,CRM001492,BUSINESS,50000,8.14,60,ACTIVE,2022-10-19,LOAN_ORIGINATION
LN0000196,CRM002402,AUTO,500000,8.98,48,ACTIVE,2025-08-21,LOAN_ORIGINATION
LN0000197,CRM003307,BUSINESS,2500000,13.1,48,ACTIVE,2020-09-15,LOAN_ORIGINATION
LN0000198,CRM002238,HOME,100000,16.69,24,ACTIVE,2026-03-27,LOAN_ORIGINATION
LN0000199,CRM003481,AUTO,5000000,13.78,240,CLOSED,2022-02-28,LOAN_ORIGINATION
LN0000200,CRM003533,HOME,1000000,17.84,24,ACTIVE,2019-09-22,LOAN_ORIGINATION
LN0000201,CRM001620,BUSINESS,5000000,17.5,240,CLOSED,2020-10-07,LOAN_ORIGINATION
LN0000202,CRM003708,PERSONAL,500000,13.19,60,ACTIVE,2021-05-13,LOAN_ORIGINATION
LN0000203,CRM003895,PERSONAL,50000,16.21,36,ACTIVE,2023-09-07,LOAN_ORIGINATION
LN0000204,CRM003167,PERSONAL,500000,17.91,48,ACTIVE,2023-02-03,LOAN_ORIGINATION
LN0000205,CRM002024,PERSONAL,1000000,18.48,60,ACTIVE,2024-05-19,LOAN_ORIGINATION
LN0000206,CRM003809,PERSONAL,100000,13.36,36,ACTIVE,2021-04-16,LOAN_ORIGINATION
LN0000207,CRM002213,BUSINESS,100000,8.76,60,ACTIVE,2023-12-13,LOAN_ORIGINATION
LN0000208,CRM000773,AUTO,2500000,10.8,60,ACTIVE,2022-10-18,LOAN_ORIGINATION
LN0000209,CRM002755,PERSONAL,1000000,9.87,180,CLOSED,2022-08-01,LOAN_ORIGINATION
LN0000210,CRM001155,PERSONAL,100000,14.54,12,ACTIVE,2022-08-13,LOAN_ORIGINATION
LN0000211,CRM000663,BUSINESS,500000,13.15,240,ACTIVE,2020-04-10,LOAN_ORIGINATION
LN0000212,CRM000680,HOME,5000000,7.37,120,ACTIVE,2021-10-15,LOAN_ORIGINATION
LN0000213,CRM001479,BUSINESS,1000000,12.55,60,ACTIVE,2019-05-05,LOAN_ORIGINATION
LN0000214,CRM003237,PERSONAL,5000000,8.41,12,ACTIVE,2020-01-30,LOAN_ORIGINATION
LN0000215,CRM002700,AUTO,500000,7.22,60,CLOSED,2026-04-22,LOAN_ORIGINATION
LN0000216,CRM001023,PERSONAL,1000000,15.04,240,CLOSED,2021-11-23,LOAN_ORIGINATION
LN0000217,CRM000283,HOME,2500000,13.93,240,DELINQUENT,2024-10-29,LOAN_ORIGINATION
LN0000218,CRM000291,HOME,5000000,17.7,12,ACTIVE,2021-05-29,LOAN_ORIGINATION
LN0000219,CRM001536,HOME,1000000,10.84,240,ACTIVE,2023-03-15,LOAN_ORIGINATION
LN0000220,CRM001414,PERSONAL,2500000,15.61,120,ACTIVE,2026-04-29,LOAN_ORIGINATION
LN0000221,CRM002606,BUSINESS,5000000,11.3,60,ACTIVE,2025-07-12,LOAN_ORIGINATION
LN0000222,CRM002556,AUTO,50000,17.25,240,ACTIVE,2025-11-11,LOAN_ORIGINATION
LN0000223,CRM000030,AUTO,100000,9.3,48,ACTIVE,2024-04-01,LOAN_ORIGINATION
LN0000224,CRM001484,BUSINESS,5000000,17.43,120,CLOSED,2022-11-04,LOAN_ORIGINATION
LN0000225,CRM000787,AUTO,5000000,15.72,120,ACTIVE,2024-02-13,LOAN_ORIGINATION
LN0000226,CRM002457,HOME,500000,13.76,180,ACTIVE,2022-10-17,LOAN_ORIGINATION
LN0000227,CRM002042,PERSONAL,100000,13.01,24,ACTIVE,2019-05-27,LOAN_ORIGINATION
LN0000228,CRM001492,AUTO,100000,8.77,48,ACTIVE,2020-01-26,LOAN_ORIGINATION
LN0000229,CRM003790,PERSONAL,100000,14.01,60,ACTIVE,2023-11-19,LOAN_ORIGINATION
LN0000230,CRM001711,BUSINESS,50000,9.55,48,ACTIVE,2021-06-11,LOAN_ORIGINATION
LN0000231,CRM002395,BUSINESS,2500000,10.93,12,ACTIVE,2021-04-18,LOAN_ORIGINATION
LN0000232,CRM001706,AUTO,50000,7.87,180,CLOSED,2024-04-26,LOAN_ORIGINATION
LN0000233,CRM002542,BUSINESS,2500000,15.81,12,DELINQUENT,2019-02-23,LOAN_ORIGINATION
LN0000234,CRM002312,BUSINESS,50000,15.51,240,CLOSED,2023-04-11,LOAN_ORIGINATION
LN0000235,CRM001609,AUTO,500000,8.17,60,ACTIVE,2025-11-03,LOAN_ORIGINATION
LN0000236,CRM002123,HOME,2500000,15.87,36,ACTIVE,2021-10-05,LOAN_ORIGINATION
LN0000237,CRM001926,PERSONAL,500000,10.22,120,ACTIVE,2019-12-18,LOAN_ORIGINATION
LN0000238,CRM002952,HOME,500000,15.8,36,ACTIVE,2026-05-12,LOAN_ORIGINATION
LN0000239,CRM000664,HOME,50000,9.93,36,ACTIVE,2021-10-31,LOAN_ORIGINATION
LN0000240,CRM003028,BUSINESS,1000000,9.45,120,ACTIVE,2021-05-22,LOAN_ORIGINATION
LN0000241,CRM000988,PERSONAL,2500000,12.15,60,CLOSED,2020-03-24,LOAN_ORIGINATION
LN0000242,CRM003827,BUSINESS,500000,10.17,12,ACTIVE,2024-11-13,LOAN_ORIGINATION
LN0000243,CRM000669,BUSINESS,1000000,11.05,24,ACTIVE,2019-01-01,LOAN_ORIGINATION
LN0000244,CRM001305,BUSINESS,1000000,15.39,36,ACTIVE,2021-05-15,LOAN_ORIGINATION
LN0000245,CRM000972,BUSINESS,5000000,17.96,48,ACTIVE,2021-07-15,LOAN_ORIGINATION
LN0000246,CRM003859,PERSONAL,500000,8.06,120,ACTIVE,2025-12-04,LOAN_ORIGINATION
LN0000247,CRM001676,AUTO,100000,14.69,180,ACTIVE,2021-08-19,LOAN_ORIGINATION
LN0000248,CRM002317,HOME,500000,11.58,12,ACTIVE,2022-07-08,LOAN_ORIGINATION
LN0000249,CRM001776,BUSINESS,2500000,7.76,36,CLOSED,2023-04-11,LOAN_ORIGINATION
LN0000250,CRM002052,HOME,500000,17.72,180,ACTIVE,2020-10-02,LOAN_ORIGINATION
LN0000251,CRM000496,AUTO,2500000,17.98,180,ACTIVE,2021-12-17,LOAN_ORIGINATION
LN0000252,CRM001318,AUTO,50000,12.59,120,ACTIVE,2024-01-19,LOAN_ORIGINATION
LN0000253,CRM002031,HOME,500000,14.56,48,ACTIVE,2024-06-26,LOAN_ORIGINATION
LN0000254,CRM003224,BUSINESS,100000,7.97,60,ACTIVE,2024-04-12,LOAN_ORIGINATION
LN0000255,CRM001002,HOME,500000,10.66,60,ACTIVE,2022-01-18,LOAN_ORIGINATION
LN0000256,CRM000352,AUTO,1000000,17.43,120,ACTIVE,2024-02-28,LOAN_ORIGINATION
LN0000257,CRM000492,HOME,250000,14.83,60,ACTIVE,2025-11-18,LOAN_ORIGINATION
LN0000258,CRM001239,AUTO,100000,10.54,180,ACTIVE,2021-09-02,LOAN_ORIGINATION
LN0000259,CRM000005,HOME,1000000,16.41,24,CLOSED,2020-10-07,LOAN_ORIGINATION
LN0000260,CRM002282,AUTO,500000,10.09,240,ACTIVE,2019-10-18,LOAN_ORIGINATION
LN0000261,CRM002618,BUSINESS,500000,18.45,48,ACTIVE,2025-01-22,LOAN_ORIGINATION
LN0000262,CRM001247,AUTO,50000,12.93,240,ACTIVE,2019-09-07,LOAN_ORIGINATION
LN0000263,CRM003297,HOME,2500000,8.34,48,ACTIVE,2023-10-10,LOAN_ORIGINATION
LN0000264,CRM002112,PERSONAL,1000000,15.07,12,ACTIVE,2022-01-01,LOAN_ORIGINATION
LN0000265,CRM002962,HOME,250000,9.57,120,ACTIVE,2025-05-01,LOAN_ORIGINATION
LN0000266,CRM000943,HOME,5000000,12.41,120,ACTIVE,2023-07-22,LOAN_ORIGINATION
LN0000267,CRM000500,HOME,50000,15.75,240,ACTIVE,2024-04-11,LOAN_ORIGINATION
LN0000268,CRM001243,HOME,500000,15.04,180,ACTIVE,2021-11-01,LOAN_ORIGINATION
LN0000269,CRM002713,AUTO,500000,17.18,240,CLOSED,2019-05-29,LOAN_ORIGINATION
LN0000270,CRM000770,PERSONAL,5000000,17.84,120,ACTIVE,2019-12-03,LOAN_ORIGINATION
LN0000271,CRM001598,PERSONAL,5000000,7.97,12,ACTIVE,2022-09-13,LOAN_ORIGINATION
LN0000272,CRM000742,BUSINESS,2500000,15.9,36,ACTIVE,2026-04-27,LOAN_ORIGINATION
LN0000273,CRM002537,BUSINESS,500000,16.63,120,CLOSED,2025-09-06,LOAN_ORIGINATION
LN0000274,CRM001751,HOME,50000,12.9,120,ACTIVE,2026-05-17,LOAN_ORIGINATION
LN0000275,CRM001106,HOME,500000,17.87,120,ACTIVE,2019-11-16,LOAN_ORIGINATION
LN0000276,CRM003435,BUSINESS,100000,12.67,36,ACTIVE,2019-01-22,LOAN_ORIGINATION
LN0000277,CRM002073,HOME,100000,10.09,12,ACTIVE,2024-06-13,LOAN_ORIGINATION
LN0000278,CRM002203,AUTO,100000,12.94,48,DELINQUENT,2025-03-26,LOAN_ORIGINATION
LN0000279,CRM002520,AUTO,5000000,18.16,60,ACTIVE,2020-09-23,LOAN_ORIGINATION
LN0000280,CRM002120,AUTO,250000,17.45,60,ACTIVE,2019-05-14,LOAN_ORIGINATION
LN0000281,CRM001732,HOME,500000,18.08,120,CLOSED,2020-07-26,LOAN_ORIGINATION
LN0000282,CRM000537,BUSINESS,250000,8.61,48,CLOSED,2025-11-13,LOAN_ORIGINATION
LN0000283,CRM003359,PERSONAL,100000,13.08,120,ACTIVE,2022-08-16,LOAN_ORIGINATION
LN0000284,CRM002671,PERSONAL,500000,17.53,12,ACTIVE,2023-04-06,LOAN_ORIGINATION
LN0000285,CRM001309,BUSINESS,250000,18.13,48,ACTIVE,2020-02-29,LOAN_ORIGINATION
LN0000286,CRM002829,PERSONAL,500000,9.65,240,CLOSED,2020-05-28,LOAN_ORIGINATION
LN0000287,CRM001267,AUTO,5000000,8.28,48,CLOSED,2022-10-13,LOAN_ORIGINATION
LN0000288,CRM001410,BUSINESS,1000000,16.33,180,ACTIVE,2023-11-03,LOAN_ORIGINATION
LN0000289,CRM001143,BUSINESS,500000,13.62,240,ACTIVE,2022-08-26,LOAN_ORIGINATION
LN0000290,CRM000997,PERSONAL,5000000,12.56,180,ACTIVE,2021-07-10,LOAN_ORIGINATION
LN0000291,CRM003763,BUSINESS,5000000,13.38,60,CLOSED,2020-10-10,LOAN_ORIGINATION
LN0000292,CRM003646,BUSINESS,500000,9.29,12,DELINQUENT,2026-03-13,LOAN_ORIGINATION
LN0000293,CRM003502,HOME,1000000,9.51,36,ACTIVE,2025-10-28,LOAN_ORIGINATION
LN0000294,CRM001108,BUSINESS,1000000,16.15,240,ACTIVE,2022-03-15,LOAN_ORIGINATION
LN0000295,CRM001661,BUSINESS,100000,9.33,60,ACTIVE,2025-05-06,LOAN_ORIGINATION
LN0000296,CRM000477,PERSONAL,50000,11.53,180,CLOSED,2026-01-01,LOAN_ORIGINATION
LN0000297,CRM000335,PERSONAL,1000000,14.69,36,ACTIVE,2019-06-25,LOAN_ORIGINATION
LN0000298,CRM000756,AUTO,5000000,15.89,60,DELINQUENT,2019-07-15,LOAN_ORIGINATION
LN0000299,CRM000732,PERSONAL,500000,8.64,12,ACTIVE,2023-12-12,LOAN_ORIGINATION
LN0000300,CRM002677,HOME,100000,8.1,24,ACTIVE,2023-10-14,LOAN_ORIGINATION
LN0000301,CRM001740,BUSINESS,100000,16.71,24,ACTIVE,2025-05-06,LOAN_ORIGINATION
LN0000302,CRM002551,PERSONAL,1000000,12.98,24,DELINQUENT,2025-11-14,LOAN_ORIGINATION
LN0000303,CRM003227,BUSINESS,250000,18.24,180,ACTIVE,2020-09-16,LOAN_ORIGINATION
LN0000304,CRM001153,BUSINESS,50000,16.59,60,ACTIVE,2019-07-06,LOAN_ORIGINATION
LN0000305,CRM001534,PERSONAL,250000,9.29,120,ACTIVE,2024-07-15,LOAN_ORIGINATION
LN0000306,CRM001600,AUTO,250000,11.64,120,CLOSED,2025-11-27,LOAN_ORIGINATION
LN0000307,CRM002273,BUSINESS,5000000,9.48,60,ACTIVE,2025-02-03,LOAN_ORIGINATION
LN0000308,CRM001452,HOME,1000000,15.69,12,CLOSED,2021-07-30,LOAN_ORIGINATION
LN0000309,CRM001887,HOME,2500000,17.43,36,ACTIVE,2024-07-16,LOAN_ORIGINATION
LN0000310,CRM000573,HOME,100000,8.24,240,ACTIVE,2021-06-20,LOAN_ORIGINATION
LN0000311,CRM000470,BUSINESS,50000,16.03,120,ACTIVE,2020-12-23,LOAN_ORIGINATION
LN0000312,CRM000975,PERSONAL,5000000,8.94,120,ACTIVE,2023-09-18,LOAN_ORIGINATION
LN0000313,CRM000710,AUTO,500000,13.19,36,CLOSED,2024-07-12,LOAN_ORIGINATION
LN0000314,CRM001758,AUTO,1000000,9.66,48,ACTIVE,2019-12-23,LOAN_ORIGINATION
LN0000315,CRM000221,BUSINESS,500000,10.08,240,ACTIVE,2019-06-19,LOAN_ORIGINATION
LN0000316,CRM001868,BUSINESS,250000,15.27,240,ACTIVE,2024-01-25,LOAN_ORIGINATION
LN0000317,CRM002677,AUTO,100000,10.18,24,ACTIVE,2019-02-16,LOAN_ORIGINATION
LN0000318,CRM002695,AUTO,2500000,8.76,60,CLOSED,2021-04-13,LOAN_ORIGINATION
LN0000319,CRM003865,BUSINESS,2500000,12.37,60,ACTIVE,2025-03-18,LOAN_ORIGINATION
LN0000320,CRM001878,PERSONAL,250000,16.6,180,ACTIVE,2022-12-02,LOAN_ORIGINATION
LN0000321,CRM002707,HOME,1000000,8.03,240,DELINQUENT,2022-06-21,LOAN_ORIGINATION
LN0000322,CRM001305,PERSONAL,500000,7.91,180,ACTIVE,2022-10-27,LOAN_ORIGINATION
LN0000323,CRM001388,HOME,100000,7.68,12,ACTIVE,2024-01-13,LOAN_ORIGINATION
LN0000324,CRM001116,HOME,500000,12.65,24,DELINQUENT,2022-12-23,LOAN_ORIGINATION
LN0000325,CRM001632,PERSONAL,500000,16.67,12,ACTIVE,2024-02-11,LOAN_ORIGINATION
LN0000326,CRM002069,AUTO,50000,12.41,120,ACTIVE,2024-02-21,LOAN_ORIGINATION
LN0000327,CRM000339,BUSINESS,50000,13.92,24,CLOSED,2019-03-04,LOAN_ORIGINATION
LN0000328,CRM001112,BUSINESS,250000,11.26,24,ACTIVE,2019-02-15,LOAN_ORIGINATION
LN0000329,CRM002772,BUSINESS,2500000,18.18,48,ACTIVE,2025-05-02,LOAN_ORIGINATION
LN0000330,CRM003527,HOME,50000,10.91,180,ACTIVE,2025-06-30,LOAN_ORIGINATION
LN0000331,CRM000319,BUSINESS,50000,17.08,120,DELINQUENT,2022-07-29,LOAN_ORIGINATION
LN0000332,CRM000231,HOME,250000,18.37,36,ACTIVE,2020-06-29,LOAN_ORIGINATION
LN0000333,CRM000482,AUTO,2500000,11.55,36,ACTIVE,2019-01-15,LOAN_ORIGINATION
LN0000334,CRM002209,AUTO,5000000,8.79,36,ACTIVE,2021-07-19,LOAN_ORIGINATION
LN0000335,CRM003886,PERSONAL,5000000,8.8,240,ACTIVE,2023-08-01,LOAN_ORIGINATION
LN0000336,CRM002318,AUTO,50000,8.53,120,ACTIVE,2019-08-23,LOAN_ORIGINATION
LN0000337,CRM003473,AUTO,500000,13.25,180,CLOSED,2023-03-16,LOAN_ORIGINATION
LN0000338,CRM003728,HOME,250000,10.78,24,ACTIVE,2021-05-02,LOAN_ORIGINATION
LN0000339,CRM001369,AUTO,50000,13.15,12,ACTIVE,2022-09-27,LOAN_ORIGINATION
LN0000340,CRM001126,PERSONAL,2500000,10.2,240,ACTIVE,2024-11-21,LOAN_ORIGINATION
LN0000341,CRM000073,BUSINESS,500000,15.33,120,ACTIVE,2022-03-07,LOAN_ORIGINATION
LN0000342,CRM000615,AUTO,2500000,8.75,24,ACTIVE,2022-10-24,LOAN_ORIGINATION
LN0000343,CRM001196,PERSONAL,1000000,17.21,48,ACTIVE,2024-07-12,LOAN_ORIGINATION
LN0000344,CRM000106,AUTO,5000000,13.26,120,CLOSED,2026-01-18,LOAN_ORIGINATION
LN0000345,CRM001397,BUSINESS,50000,11.04,48,ACTIVE,2024-09-29,LOAN_ORIGINATION
LN0000346,CRM002623,AUTO,250000,16.99,12,CLOSED,2020-09-07,LOAN_ORIGINATION
LN0000347,CRM001404,HOME,2500000,12.82,36,DELINQUENT,2024-02-03,LOAN_ORIGINATION
LN0000348,CRM003718,AUTO,5000000,17.82,48,ACTIVE,2020-10-29,LOAN_ORIGINATION
LN0000349,CRM002736,AUTO,100000,9.16,240,CLOSED,2025-04-03,LOAN_ORIGINATION
LN0000350,CRM000717,PERSONAL,2500000,16.53,120,ACTIVE,2019-03-27,LOAN_ORIGINATION
LN0000351,CRM002264,BUSINESS,250000,18.33,24,ACTIVE,2021-05-21,LOAN_ORIGINATION
LN0000352,CRM001978,PERSONAL,50000,9.9,24,ACTIVE,2019-07-22,LOAN_ORIGINATION
LN0000353,CRM002431,BUSINESS,50000,10.54,48,ACTIVE,2021-05-16,LOAN_ORIGINATION
LN0000354,CRM003816,BUSINESS,50000,16.49,120,ACTIVE,2019-04-04,LOAN_ORIGINATION
LN0000355,CRM003700,PERSONAL,50000,15.06,48,CLOSED,2022-07-11,LOAN_ORIGINATION
LN0000356,CRM002726,PERSONAL,2500000,12.89,60,CLOSED,2025-12-17,LOAN_ORIGINATION
LN0000357,CRM003871,HOME,100000,9.76,12,ACTIVE,2022-07-28,LOAN_ORIGINATION
LN0000358,CRM001901,HOME,5000000,11.41,12,ACTIVE,2023-08-21,LOAN_ORIGINATION
LN0000359,CRM001695,HOME,500000,11.08,240,DELINQUENT,2021-02-09,LOAN_ORIGINATION
LN0000360,CRM000686,AUTO,500000,10.84,36,CLOSED,2020-05-11,LOAN_ORIGINATION
LN0000361,CRM003448,BUSINESS,1000000,13.03,120,ACTIVE,2024-03-18,LOAN_ORIGINATION
LN0000362,CRM000576,HOME,1000000,10.23,60,DELINQUENT,2025-07-17,LOAN_ORIGINATION
LN0000363,CRM000053,HOME,2500000,13.39,120,ACTIVE,2021-04-20,LOAN_ORIGINATION
LN0000364,CRM002208,PERSONAL,50000,15.16,24,CLOSED,2021-06-25,LOAN_ORIGINATION
LN0000365,CRM000765,PERSONAL,1000000,14.49,60,CLOSED,2024-09-27,LOAN_ORIGINATION
LN0000366,CRM003941,AUTO,1000000,14.97,120,ACTIVE,2019-03-23,LOAN_ORIGINATION
LN0000367,CRM003440,BUSINESS,250000,13.69,36,ACTIVE,2026-05-12,LOAN_ORIGINATION
LN0000368,CRM002471,AUTO,100000,9.27,12,CLOSED,2025-12-02,LOAN_ORIGINATION
LN0000369,CRM000511,PERSONAL,50000,17.04,60,ACTIVE,2022-06-04,LOAN_ORIGINATION
LN0000370,CRM001230,AUTO,100000,10.16,24,CLOSED,2025-02-18,LOAN_ORIGINATION
LN0000371,CRM000313,AUTO,1000000,15.89,12,CLOSED,2024-04-29,LOAN_ORIGINATION
LN0000372,CRM002049,BUSINESS,500000,13.58,24,CLOSED,2020-05-11,LOAN_ORIGINATION
LN0000373,CRM001389,PERSONAL,500000,10.94,180,ACTIVE,2025-06-25,LOAN_ORIGINATION
LN0000374,CRM001796,PERSONAL,1000000,10.36,60,CLOSED,2024-03-17,LOAN_ORIGINATION
LN0000375,CRM001644,BUSINESS,1000000,17.01,180,ACTIVE,2022-01-31,LOAN_ORIGINATION
LN0000376,CRM000860,HOME,250000,16.35,24,ACTIVE,2024-01-02,LOAN_ORIGINATION
LN0000377,CRM002700,HOME,500000,15.64,180,ACTIVE,2021-07-06,LOAN_ORIGINATION
LN0000378,CRM003984,HOME,100000,13.56,36,ACTIVE,2025-12-16,LOAN_ORIGINATION
LN0000379,CRM001004,PERSONAL,100000,7.95,48,ACTIVE,2025-08-07,LOAN_ORIGINATION
LN0000380,CRM003866,BUSINESS,2500000,7.76,36,ACTIVE,2026-05-06,LOAN_ORIGINATION
LN0000381,CRM002112,AUTO,250000,18.14,48,ACTIVE,2025-11-25,LOAN_ORIGINATION
LN0000382,CRM002872,BUSINESS,5000000,15.94,24,ACTIVE,2020-01-22,LOAN_ORIGINATION
LN0000383,CRM000504,HOME,5000000,12.03,24,DELINQUENT,2019-06-05,LOAN_ORIGINATION
LN0000384,CRM000916,PERSONAL,50000,8.77,240,ACTIVE,2024-05-18,LOAN_ORIGINATION
LN0000385,CRM000677,PERSONAL,2500000,17.29,24,ACTIVE,2019-12-21,LOAN_ORIGINATION
LN0000386,CRM000458,HOME,500000,15.58,48,CLOSED,2020-01-22,LOAN_ORIGINATION
LN0000387,CRM001080,PERSONAL,250000,8.29,24,ACTIVE,2019-06-29,LOAN_ORIGINATION
LN0000388,CRM000710,HOME,5000000,13.51,12,ACTIVE,2019-03-04,LOAN_ORIGINATION
LN0000389,CRM002575,AUTO,5000000,12.76,36,ACTIVE,2023-04-19,LOAN_ORIGINATION
LN0000390,CRM002097,HOME,250000,8.58,60,ACTIVE,2022-07-01,LOAN_ORIGINATION
LN0000391,CRM001205,HOME,1000000,8.58,240,CLOSED,2025-04-20,LOAN_ORIGINATION
LN0000392,CRM003309,AUTO,250000,8.33,24,CLOSED,2024-05-27,LOAN_ORIGINATION
LN0000393,CRM003323,AUTO,2500000,10.43,48,ACTIVE,2019-05-15,LOAN_ORIGINATION
LN0000394,CRM002505,HOME,50000,17.35,240,CLOSED,2020-10-02,LOAN_ORIGINATION
LN0000395,CRM003844,HOME,2500000,15.52,120,ACTIVE,2024-03-25,LOAN_ORIGINATION
LN0000396,CRM003040,AUTO,100000,15.08,36,ACTIVE,2025-06-24,LOAN_ORIGINATION
LN0000397,CRM002093,PERSONAL,5000000,18.31,60,ACTIVE,2025-03-23,LOAN_ORIGINATION
LN0000398,CRM001911,HOME,100000,15.11,24,ACTIVE,2019-04-30,LOAN_ORIGINATION
LN0000399,CRM002374,PERSONAL,500000,9.95,180,ACTIVE,2020-01-27,LOAN_ORIGINATION
LN0000400,CRM002085,HOME,50000,8.32,12,ACTIVE,2020-04-06,LOAN_ORIGINATION
LN0000401,CRM000953,AUTO,5000000,7.94,12,ACTIVE,2021-06-21,LOAN_ORIGINATION
LN0000402,CRM000478,HOME,500000,15.6,120,ACTIVE,2024-01-11,LOAN_ORIGINATION
LN0000403,CRM000181,HOME,50000,8.77,12,ACTIVE,2021-09-08,LOAN_ORIGINATION
LN0000404,CRM003435,PERSONAL,100000,8.02,36,ACTIVE,2025-05-23,LOAN_ORIGINATION
LN0000405,CRM001906,PERSONAL,5000000,13.11,240,CLOSED,2022-06-03,LOAN_ORIGINATION
LN0000406,CRM001391,BUSINESS,100000,9.79,60,ACTIVE,2019-06-08,LOAN_ORIGINATION
LN0000407,CRM002067,HOME,100000,9.4,48,ACTIVE,2021-10-13,LOAN_ORIGINATION
LN0000408,CRM001806,BUSINESS,1000000,10.48,24,ACTIVE,2023-03-24,LOAN_ORIGINATION
LN0000409,CRM003222,BUSINESS,5000000,16.46,60,CLOSED,2024-10-16,LOAN_ORIGINATION
LN0000410,CRM002708,BUSINESS,2500000,11.25,240,ACTIVE,2022-09-03,LOAN_ORIGINATION
LN0000411,CRM001691,AUTO,500000,11.85,120,CLOSED,2024-01-09,LOAN_ORIGINATION
LN0000412,CRM002078,BUSINESS,2500000,11.86,24,CLOSED,2019-07-30,LOAN_ORIGINATION
LN0000413,CRM001258,PERSONAL,5000000,10.53,240,ACTIVE,2021-05-12,LOAN_ORIGINATION
LN0000414,CRM001384,PERSONAL,2500000,9.98,240,ACTIVE,2019-06-14,LOAN_ORIGINATION
LN0000415,CRM001423,PERSONAL,1000000,8.05,36,ACTIVE,2020-05-12,LOAN_ORIGINATION
LN0000416,CRM003260,HOME,250000,17.41,240,ACTIVE,2024-07-29,LOAN_ORIGINATION
LN0000417,CRM003108,PERSONAL,100000,15.9,48,ACTIVE,2020-11-06,LOAN_ORIGINATION
LN0000418,CRM002346,HOME,2500000,7.39,12,ACTIVE,2019-11-18,LOAN_ORIGINATION
LN0000419,CRM001777,PERSONAL,5000000,12.3,24,ACTIVE,2022-07-09,LOAN_ORIGINATION
LN0000420,CRM001251,HOME,2500000,12.91,180,ACTIVE,2025-04-14,LOAN_ORIGINATION
LN0000421,CRM003665,BUSINESS,250000,8.77,36,ACTIVE,2025-07-31,LOAN_ORIGINATION
LN0000422,CRM002247,HOME,100000,9.99,36,ACTIVE,2023-01-06,LOAN_ORIGINATION
LN0000423,CRM000639,BUSINESS,100000,9.4,36,CLOSED,2021-07-02,LOAN_ORIGINATION
LN0000424,CRM002538,HOME,2500000,13.31,120,CLOSED,2021-05-20,LOAN_ORIGINATION
LN0000425,CRM000781,BUSINESS,500000,16.94,180,CLOSED,2022-03-31,LOAN_ORIGINATION
LN0000426,CRM000769,PERSONAL,100000,8.86,240,ACTIVE,2020-01-01,LOAN_ORIGINATION
LN0000427,CRM001740,AUTO,2500000,7.4,60,ACTIVE,2020-08-26,LOAN_ORIGINATION
LN0000428,CRM002466,PERSONAL,2500000,17.25,180,ACTIVE,2023-03-11,LOAN_ORIGINATION
LN0000429,CRM003163,BUSINESS,2500000,18.14,60,ACTIVE,2025-02-09,LOAN_ORIGINATION
LN0000430,CRM003466,PERSONAL,5000000,7.42,36,ACTIVE,2025-10-04,LOAN_ORIGINATION
LN0000431,CRM001836,BUSINESS,2500000,7.51,180,ACTIVE,2024-11-01,LOAN_ORIGINATION
LN0000432,CRM000720,BUSINESS,1000000,14.55,36,CLOSED,2022-12-23,LOAN_ORIGINATION
LN0000433,CRM001412,AUTO,100000,8.03,120,CLOSED,2020-09-13,LOAN_ORIGINATION
LN0000434,CRM003452,HOME,2500000,11.45,36,ACTIVE,2021-09-09,LOAN_ORIGINATION
LN0000435,CRM000726,HOME,1000000,16.14,12,ACTIVE,2024-09-28,LOAN_ORIGINATION
LN0000436,CRM000417,AUTO,5000000,9.57,240,DELINQUENT,2019-10-15,LOAN_ORIGINATION
LN0000437,CRM003714,PERSONAL,1000000,16.77,180,ACTIVE,2021-11-17,LOAN_ORIGINATION
LN0000438,CRM002993,AUTO,100000,16.73,48,CLOSED,2021-03-19,LOAN_ORIGINATION
LN0000439,CRM001006,AUTO,250000,7.34,120,ACTIVE,2026-01-17,LOAN_ORIGINATION
LN0000440,CRM002500,AUTO,1000000,15.78,120,CLOSED,2025-06-04,LOAN_ORIGINATION
LN0000441,CRM003896,HOME,100000,7.52,12,ACTIVE,2019-11-05,LOAN_ORIGINATION
LN0000442,CRM003483,AUTO,500000,16.88,36,ACTIVE,2024-12-25,LOAN_ORIGINATION
LN0000443,CRM001745,PERSONAL,100000,7.72,240,CLOSED,2023-10-27,LOAN_ORIGINATION
LN0000444,CRM002328,HOME,2500000,12.1,48,DELINQUENT,2025-09-10,LOAN_ORIGINATION
LN0000445,CRM002148,PERSONAL,100000,13.56,60,CLOSED,2019-11-06,LOAN_ORIGINATION
LN0000446,CRM002528,PERSONAL,5000000,16.68,180,ACTIVE,2023-02-02,LOAN_ORIGINATION
LN0000447,CRM003885,PERSONAL,2500000,10.86,12,ACTIVE,2025-04-06,LOAN_ORIGINATION
LN0000448,CRM003209,PERSONAL,2500000,8.26,48,ACTIVE,2020-12-24,LOAN_ORIGINATION
LN0000449,CRM002690,BUSINESS,50000,7.66,120,ACTIVE,2024-01-20,LOAN_ORIGINATION
LN0000450,CRM001192,PERSONAL,1000000,15.25,60,ACTIVE,2022-07-14,LOAN_ORIGINATION
LN0000451,CRM000467,AUTO,500000,9.82,24,ACTIVE,2022-04-01,LOAN_ORIGINATION
LN0000452,CRM002502,BUSINESS,500000,12.3,12,ACTIVE,2022-03-14,LOAN_ORIGINATION
LN0000453,CRM002180,AUTO,250000,15.97,24,ACTIVE,2019-11-26,LOAN_ORIGINATION
LN0000454,CRM000132,AUTO,100000,12.1,24,CLOSED,2020-12-31,LOAN_ORIGINATION
LN0000455,CRM003492,BUSINESS,100000,11.91,180,ACTIVE,2023-02-11,LOAN_ORIGINATION
LN0000456,CRM000173,AUTO,50000,11.28,240,ACTIVE,2021-12-23,LOAN_ORIGINATION
LN0000457,CRM002732,HOME,50000,15.86,48,ACTIVE,2019-07-29,LOAN_ORIGINATION
LN0000458,CRM001219,PERSONAL,5000000,15.24,180,ACTIVE,2021-03-19,LOAN_ORIGINATION
LN0000459,CRM003859,BUSINESS,250000,15.61,180,ACTIVE,2025-10-09,LOAN_ORIGINATION
LN0000460,CRM000986,PERSONAL,50000,12.95,240,ACTIVE,2024-03-23,LOAN_ORIGINATION
LN0000461,CRM001982,BUSINESS,50000,16.25,48,CLOSED,2023-09-24,LOAN_ORIGINATION
LN0000462,CRM001626,HOME,50000,13.83,36,ACTIVE,2021-10-28,LOAN_ORIGINATION
LN0000463,CRM002431,PERSONAL,2500000,10.32,12,ACTIVE,2019-04-18,LOAN_ORIGINATION
LN0000464,CRM001541,HOME,250000,10.69,180,DELINQUENT,2019-08-07,LOAN_ORIGINATION
LN0000465,CRM002572,AUTO,250000,13.02,240,ACTIVE,2019-09-24,LOAN_ORIGINATION
LN0000466,CRM001899,HOME,1000000,8.65,36,CLOSED,2024-03-25,LOAN_ORIGINATION
LN0000467,CRM000802,PERSONAL,5000000,14.67,48,ACTIVE,2022-03-19,LOAN_ORIGINATION
LN0000468,CRM002630,HOME,5000000,7.37,180,ACTIVE,2021-01-22,LOAN_ORIGINATION
LN0000469,CRM001959,PERSONAL,50000,8.69,120,CLOSED,2026-03-29,LOAN_ORIGINATION
LN0000470,CRM003669,HOME,1000000,17.48,60,ACTIVE,2025-03-02,LOAN_ORIGINATION
LN0000471,CRM003131,PERSONAL,2500000,10.06,60,ACTIVE,2026-04-09,LOAN_ORIGINATION
LN0000472,CRM003669,PERSONAL,100000,7.85,48,ACTIVE,2021-09-29,LOAN_ORIGINATION
LN0000473,CRM003546,BUSINESS,5000000,11.32,36,ACTIVE,2025-06-28,LOAN_ORIGINATION
LN0000474,CRM001599,PERSONAL,100000,12.67,60,ACTIVE,2020-09-24,LOAN_ORIGINATION
LN0000475,CRM000741,PERSONAL,250000,13.83,24,ACTIVE,2022-06-17,LOAN_ORIGINATION
LN0000476,CRM003205,BUSINESS,2500000,14.18,120,CLOSED,2023-05-13,LOAN_ORIGINATION
LN0000477,CRM001552,BUSINESS,50000,16.71,36,ACTIVE,2020-11-19,LOAN_ORIGINATION
LN0000478,CRM003416,AUTO,100000,13.55,12,ACTIVE,2022-07-25,LOAN_ORIGINATION
LN0000479,CRM002257,PERSONAL,100000,13.0,36,ACTIVE,2023-03-02,LOAN_ORIGINATION
LN0000480,CRM002059,BUSINESS,250000,15.4,24,ACTIVE,2019-05-06,LOAN_ORIGINATION
LN0000481,CRM003567,AUTO,250000,8.34,48,CLOSED,2019-03-04,LOAN_ORIGINATION
LN0000482,CRM001772,HOME,100000,12.73,36,CLOSED,2022-01-20,LOAN_ORIGINATION
LN0000483,CRM002121,AUTO,2500000,13.83,12,ACTIVE,2025-06-06,LOAN_ORIGINATION
LN0000484,CRM001478,BUSINESS,250000,13.79,240,ACTIVE,2022-04-26,LOAN_ORIGINATION
LN0000485,CRM003607,HOME,100000,13.79,240,ACTIVE,2019-07-31,LOAN_ORIGINATION
LN0000486,CRM003470,HOME,100000,7.71,48,CLOSED,2025-05-06,LOAN_ORIGINATION
LN0000487,CRM001217,AUTO,1000000,8.27,12,ACTIVE,2024-12-28,LOAN_ORIGINATION
LN0000488,CRM002410,BUSINESS,1000000,17.89,24,CLOSED,2020-03-23,LOAN_ORIGINATION
LN0000489,CRM001241,BUSINESS,50000,13.05,240,ACTIVE,2025-07-18,LOAN_ORIGINATION
LN0000490,CRM002299,PERSONAL,2500000,10.61,36,ACTIVE,2025-10-23,LOAN_ORIGINATION
LN0000491,CRM002665,HOME,500000,17.04,24,ACTIVE,2023-06-06,LOAN_ORIGINATION
LN0000492,CRM000943,HOME,500000,15.15,240,ACTIVE,2024-08-26,LOAN_ORIGINATION
LN0000493,CRM003792,AUTO,5000000,13.28,120,ACTIVE,2020-02-11,LOAN_ORIGINATION
LN0000494,CRM001739,AUTO,50000,15.36,36,CLOSED,2021-04-05,LOAN_ORIGINATION
LN0000495,CRM002982,AUTO,500000,16.22,60,ACTIVE,2025-05-13,LOAN_ORIGINATION
LN0000496,CRM000745,AUTO,2500000,10.54,240,ACTIVE,2024-11-10,LOAN_ORIGINATION
LN0000497,CRM000834,BUSINESS,1000000,16.44,24,ACTIVE,2020-05-14,LOAN_ORIGINATION
LN0000498,CRM002478,AUTO,50000,16.93,36,CLOSED,2020-02-02,LOAN_ORIGINATION
LN0000499,CRM002276,AUTO,50000,12.88,120,ACTIVE,2023-09-27,LOAN_ORIGINATION
LN0000500,CRM003892,PERSONAL,2500000,17.18,60,ACTIVE,2019-11-04,LOAN_ORIGINATION
LN0000501,CRM003518,AUTO,5000000,9.58,24,ACTIVE,2020-01-15,LOAN_ORIGINATION
LN0000502,CRM003451,HOME,100000,7.49,24,ACTIVE,2026-03-05,LOAN_ORIGINATION
LN0000503,CRM001291,HOME,1000000,13.82,180,CLOSED,2025-02-02,LOAN_ORIGINATION
LN0000504,CRM000363,PERSONAL,1000000,7.92,240,CLOSED,2022-04-08,LOAN_ORIGINATION
LN0000505,CRM003250,HOME,1000000,12.99,240,DELINQUENT,2024-10-18,LOAN_ORIGINATION
LN0000506,CRM003102,HOME,5000000,12.6,180,ACTIVE,2022-09-02,LOAN_ORIGINATION
LN0000507,CRM003574,HOME,2500000,17.48,36,ACTIVE,2025-11-17,LOAN_ORIGINATION
LN0000508,CRM001691,HOME,250000,15.35,120,ACTIVE,2019-07-21,LOAN_ORIGINATION
LN0000509,CRM003944,HOME,500000,18.33,180,ACTIVE,2023-08-14,LOAN_ORIGINATION
LN0000510,CRM000461,BUSINESS,500000,12.67,120,ACTIVE,2020-08-25,LOAN_ORIGINATION
LN0000511,CRM001357,HOME,50000,9.11,180,ACTIVE,2020-04-16,LOAN_ORIGINATION
LN0000512,CRM001315,PERSONAL,250000,13.94,36,CLOSED,2020-05-05,LOAN_ORIGINATION
LN0000513,CRM002637,PERSONAL,1000000,10.78,36,ACTIVE,2024-11-17,LOAN_ORIGINATION
LN0000514,CRM001088,AUTO,100000,13.3,60,ACTIVE,2019-08-25,LOAN_ORIGINATION
LN0000515,CRM000292,AUTO,2500000,17.08,36,ACTIVE,2021-12-12,LOAN_ORIGINATION
LN0000516,CRM003796,PERSONAL,100000,17.71,36,ACTIVE,2025-08-01,LOAN_ORIGINATION
LN0000517,CRM002536,BUSINESS,250000,10.86,36,ACTIVE,2023-05-22,LOAN_ORIGINATION
LN0000518,CRM002346,BUSINESS,5000000,7.22,120,ACTIVE,2019-08-16,LOAN_ORIGINATION
LN0000519,CRM002105,HOME,50000,13.22,36,ACTIVE,2021-08-13,LOAN_ORIGINATION
LN0000520,CRM000529,AUTO,1000000,13.51,60,CLOSED,2025-01-10,LOAN_ORIGINATION
LN0000521,CRM000213,AUTO,250000,14.11,36,ACTIVE,2023-06-04,LOAN_ORIGINATION
LN0000522,CRM003133,BUSINESS,1000000,8.82,36,ACTIVE,2023-07-15,LOAN_ORIGINATION
LN0000523,CRM001168,BUSINESS,100000,17.99,180,ACTIVE,2020-12-22,LOAN_ORIGINATION
LN0000524,CRM001409,PERSONAL,50000,9.32,120,ACTIVE,2020-02-03,LOAN_ORIGINATION
LN0000525,CRM003870,BUSINESS,500000,10.15,12,ACTIVE,2024-06-30,LOAN_ORIGINATION
LN0000526,CRM001326,HOME,100000,14.05,24,ACTIVE,2024-10-08,LOAN_ORIGINATION
LN0000527,CRM001099,BUSINESS,2500000,11.24,120,ACTIVE,2020-04-27,LOAN_ORIGINATION
LN0000528,CRM000932,HOME,50000,14.26,48,ACTIVE,2021-04-30,LOAN_ORIGINATION
LN0000529,CRM001322,PERSONAL,100000,11.45,48,ACTIVE,2025-01-09,LOAN_ORIGINATION
LN0000530,CRM001850,BUSINESS,50000,10.55,36,CLOSED,2022-09-27,LOAN_ORIGINATION
LN0000531,CRM000633,BUSINESS,100000,11.43,36,ACTIVE,2025-10-26,LOAN_ORIGINATION
LN0000532,CRM002451,AUTO,2500000,7.54,180,ACTIVE,2020-12-04,LOAN_ORIGINATION
LN0000533,CRM001267,HOME,1000000,14.38,180,ACTIVE,2019-03-08,LOAN_ORIGINATION
LN0000534,CRM002721,BUSINESS,50000,15.62,240,CLOSED,2025-04-24,LOAN_ORIGINATION
LN0000535,CRM002934,BUSINESS,500000,7.87,180,CLOSED,2025-02-03,LOAN_ORIGINATION
LN0000536,CRM003680,AUTO,1000000,14.73,12,ACTIVE,2022-02-27,LOAN_ORIGINATION
LN0000537,CRM003128,BUSINESS,50000,13.36,24,ACTIVE,2026-01-01,LOAN_ORIGINATION
LN0000538,CRM002331,AUTO,50000,9.39,240,ACTIVE,2024-05-12,LOAN_ORIGINATION
LN0000539,CRM003431,HOME,1000000,16.2,48,ACTIVE,2022-08-12,LOAN_ORIGINATION
LN0000540,CRM000091,HOME,500000,8.18,12,CLOSED,2020-12-16,LOAN_ORIGINATION
LN0000541,CRM000442,BUSINESS,250000,13.32,240,ACTIVE,2022-07-20,LOAN_ORIGINATION
LN0000542,CRM000335,AUTO,500000,15.47,240,ACTIVE,2022-08-02,LOAN_ORIGINATION
LN0000543,CRM003230,AUTO,250000,13.36,120,ACTIVE,2023-01-05,LOAN_ORIGINATION
LN0000544,CRM002580,PERSONAL,5000000,7.87,48,ACTIVE,2023-01-04,LOAN_ORIGINATION
LN0000545,CRM002352,HOME,500000,12.52,120,CLOSED,2021-07-03,LOAN_ORIGINATION
LN0000546,CRM002630,PERSONAL,50000,12.3,24,DELINQUENT,2022-09-20,LOAN_ORIGINATION
LN0000547,CRM002585,PERSONAL,5000000,17.71,36,ACTIVE,2019-06-26,LOAN_ORIGINATION
LN0000548,CRM003822,BUSINESS,5000000,11.16,24,ACTIVE,2021-01-25,LOAN_ORIGINATION
LN0000549,CRM003534,HOME,500000,12.02,180,ACTIVE,2025-05-27,LOAN_ORIGINATION
LN0000550,CRM000040,HOME,100000,9.21,48,ACTIVE,2024-09-21,LOAN_ORIGINATION
LN0000551,CRM001732,HOME,500000,7.34,24,ACTIVE,2024-10-25,LOAN_ORIGINATION
LN0000552,CRM003699,PERSONAL,100000,11.37,24,ACTIVE,2023-08-31,LOAN_ORIGINATION
LN0000553,CRM003625,AUTO,5000000,17.23,48,ACTIVE,2024-11-29,LOAN_ORIGINATION
LN0000554,CRM000180,AUTO,5000000,11.55,48,ACTIVE,2019-01-06,LOAN_ORIGINATION
LN0000555,CRM001865,AUTO,2500000,8.64,120,CLOSED,2024-01-08,LOAN_ORIGINATION
LN0000556,CRM001191,AUTO,1000000,9.58,240,CLOSED,2023-08-22,LOAN_ORIGINATION
LN0000557,CRM003914,HOME,250000,14.2,60,ACTIVE,2025-12-24,LOAN_ORIGINATION
LN0000558,CRM002464,PERSONAL,250000,7.87,240,CLOSED,2022-03-05,LOAN_ORIGINATION
LN0000559,CRM002605,AUTO,100000,18.24,240,CLOSED,2022-12-06,LOAN_ORIGINATION
LN0000560,CRM002043,BUSINESS,500000,8.41,24,ACTIVE,2023-06-08,LOAN_ORIGINATION
LN0000561,CRM003716,PERSONAL,250000,8.83,12,ACTIVE,2024-04-24,LOAN_ORIGINATION
LN0000562,CRM002506,HOME,2500000,16.0,36,DELINQUENT,2023-06-24,LOAN_ORIGINATION
LN0000563,CRM001494,HOME,250000,10.92,60,DELINQUENT,2024-08-30,LOAN_ORIGINATION
LN0000564,CRM000447,BUSINESS,1000000,8.46,180,ACTIVE,2026-01-28,LOAN_ORIGINATION
LN0000565,CRM001613,HOME,500000,12.89,36,CLOSED,2020-07-18,LOAN_ORIGINATION
LN0000566,CRM002063,BUSINESS,50000,12.16,48,CLOSED,2023-09-15,LOAN_ORIGINATION
LN0000567,CRM001688,AUTO,250000,10.05,240,ACTIVE,2024-10-16,LOAN_ORIGINATION
LN0000568,CRM000982,BUSINESS,50000,11.37,48,ACTIVE,2026-02-09,LOAN_ORIGINATION
LN0000569,CRM004000,PERSONAL,1000000,15.66,180,DELINQUENT,2022-01-16,LOAN_ORIGINATION
LN0000570,CRM001137,PERSONAL,5000000,16.41,36,DELINQUENT,2021-09-06,LOAN_ORIGINATION
LN0000571,CRM001325,BUSINESS,2500000,9.41,24,ACTIVE,2025-06-10,LOAN_ORIGINATION
LN0000572,CRM003078,PERSONAL,50000,8.71,120,ACTIVE,2024-02-03,LOAN_ORIGINATION
LN0000573,CRM003927,AUTO,5000000,13.37,240,ACTIVE,2025-09-04,LOAN_ORIGINATION
LN0000574,CRM000774,AUTO,100000,12.57,120,ACTIVE,2022-11-16,LOAN_ORIGINATION
LN0000575,CRM002728,HOME,1000000,17.8,36,CLOSED,2019-10-06,LOAN_ORIGINATION
LN0000576,CRM002858,AUTO,1000000,8.06,36,ACTIVE,2025-05-05,LOAN_ORIGINATION
LN0000577,CRM000325,HOME,100000,12.22,12,CLOSED,2024-09-23,LOAN_ORIGINATION
LN0000578,CRM002044,AUTO,250000,8.24,60,ACTIVE,2021-03-21,LOAN_ORIGINATION
LN0000579,CRM001287,AUTO,250000,8.94,240,ACTIVE,2022-08-25,LOAN_ORIGINATION
LN0000580,CRM000968,BUSINESS,50000,15.76,24,ACTIVE,2022-01-18,LOAN_ORIGINATION
LN0000581,CRM003652,HOME,1000000,16.72,120,CLOSED,2024-10-02,LOAN_ORIGINATION
LN0000582,CRM000519,HOME,500000,11.71,120,CLOSED,2023-08-21,LOAN_ORIGINATION
LN0000583,CRM002200,AUTO,1000000,13.41,60,ACTIVE,2025-11-12,LOAN_ORIGINATION
LN0000584,CRM001518,AUTO,100000,8.72,12,CLOSED,2024-08-18,LOAN_ORIGINATION
LN0000585,CRM003063,BUSINESS,50000,17.26,12,ACTIVE,2025-09-02,LOAN_ORIGINATION
LN0000586,CRM000942,PERSONAL,2500000,17.32,24,ACTIVE,2020-08-05,LOAN_ORIGINATION
LN0000587,CRM000428,AUTO,500000,10.37,36,ACTIVE,2022-05-17,LOAN_ORIGINATION
LN0000588,CRM000927,AUTO,2500000,8.85,36,ACTIVE,2023-04-23,LOAN_ORIGINATION
LN0000589,CRM001482,PERSONAL,2500000,10.48,120,ACTIVE,2023-04-16,LOAN_ORIGINATION
LN0000590,CRM001647,PERSONAL,50000,14.6,24,ACTIVE,2022-12-20,LOAN_ORIGINATION
LN0000591,CRM001757,PERSONAL,5000000,13.12,180,ACTIVE,2025-03-04,LOAN_ORIGINATION
LN0000592,CRM000365,HOME,2500000,15.74,60,CLOSED,2022-09-20,LOAN_ORIGINATION
LN0000593,CRM002723,AUTO,1000000,9.48,12,CLOSED,2021-03-06,LOAN_ORIGINATION
LN0000594,CRM003840,HOME,50000,17.26,120,CLOSED,2020-08-02,LOAN_ORIGINATION
LN0000595,CRM003025,HOME,5000000,16.5,180,ACTIVE,2021-12-12,LOAN_ORIGINATION
LN0000596,CRM000527,AUTO,2500000,12.34,120,ACTIVE,2021-03-14,LOAN_ORIGINATION
LN0000597,CRM002378,AUTO,2500000,13.37,12,CLOSED,2020-12-09,LOAN_ORIGINATION
LN0000598,CRM003077,PERSONAL,1000000,7.9,240,ACTIVE,2023-02-26,LOAN_ORIGINATION
LN0000599,CRM003370,HOME,1000000,11.27,120,ACTIVE,2019-12-07,LOAN_ORIGINATION
LN0000600,CRM002012,PERSONAL,250000,10.18,120,ACTIVE,2021-03-10,LOAN_ORIGINATION
LN0000601,CRM002388,BUSINESS,50000,8.95,36,ACTIVE,2025-12-12,LOAN_ORIGINATION
LN0000602,CRM001913,AUTO,500000,13.71,48,ACTIVE,2020-06-14,LOAN_ORIGINATION
LN0000603,CRM001718,AUTO,1000000,13.74,36,ACTIVE,2019-04-19,LOAN_ORIGINATION
LN0000604,CRM003099,PERSONAL,2500000,7.97,12,CLOSED,2024-05-03,LOAN_ORIGINATION
LN0000605,CRM003395,HOME,500000,15.99,240,ACTIVE,2022-04-21,LOAN_ORIGINATION
LN0000606,CRM001693,AUTO,100000,14.44,180,CLOSED,2022-04-20,LOAN_ORIGINATION
LN0000607,CRM001063,HOME,2500000,8.13,36,ACTIVE,2024-10-28,LOAN_ORIGINATION
LN0000608,CRM002952,PERSONAL,2500000,13.81,240,ACTIVE,2024-01-15,LOAN_ORIGINATION
LN0000609,CRM001913,BUSINESS,1000000,16.97,24,ACTIVE,2022-05-25,LOAN_ORIGINATION
LN0000610,CRM002964,BUSINESS,2500000,7.3,180,ACTIVE,2020-11-12,LOAN_ORIGINATION
LN0000611,CRM002172,AUTO,250000,18.11,120,ACTIVE,2025-05-27,LOAN_ORIGINATION
LN0000612,CRM000785,AUTO,1000000,17.53,12,DELINQUENT,2024-10-21,LOAN_ORIGINATION
LN0000613,CRM001291,PERSONAL,250000,8.92,12,ACTIVE,2025-05-07,LOAN_ORIGINATION
LN0000614,CRM002323,PERSONAL,250000,10.98,36,ACTIVE,2024-03-29,LOAN_ORIGINATION
LN0000615,CRM001668,AUTO,2500000,11.42,60,ACTIVE,2024-04-04,LOAN_ORIGINATION
LN0000616,CRM002410,PERSONAL,100000,9.44,24,ACTIVE,2022-08-28,LOAN_ORIGINATION
LN0000617,CRM001828,PERSONAL,1000000,16.51,240,ACTIVE,2019-02-17,LOAN_ORIGINATION
LN0000618,CRM001648,PERSONAL,2500000,13.1,180,CLOSED,2024-11-05,LOAN_ORIGINATION
LN0000619,CRM002750,PERSONAL,100000,13.02,48,DELINQUENT,2023-10-17,LOAN_ORIGINATION
LN0000620,CRM003656,PERSONAL,1000000,9.25,48,CLOSED,2020-09-09,LOAN_ORIGINATION
LN0000621,CRM002592,HOME,500000,15.63,240,ACTIVE,2024-11-09,LOAN_ORIGINATION
LN0000622,CRM001749,AUTO,50000,13.67,120,ACTIVE,2019-06-07,LOAN_ORIGINATION
LN0000623,CRM000806,AUTO,100000,13.27,48,ACTIVE,2019-11-17,LOAN_ORIGINATION
LN0000624,CRM000695,AUTO,1000000,17.47,24,ACTIVE,2025-06-06,LOAN_ORIGINATION
LN0000625,CRM003137,BUSINESS,5000000,9.97,36,ACTIVE,2019-09-18,LOAN_ORIGINATION
LN0000626,CRM001124,AUTO,5000000,13.47,48,CLOSED,2022-03-23,LOAN_ORIGINATION
LN0000627,CRM001182,AUTO,500000,18.14,180,ACTIVE,2019-03-08,LOAN_ORIGINATION
LN0000628,CRM000827,AUTO,1000000,14.28,240,ACTIVE,2024-07-08,LOAN_ORIGINATION
LN0000629,CRM002449,PERSONAL,250000,11.3,60,CLOSED,2023-01-10,LOAN_ORIGINATION
LN0000630,CRM002493,HOME,250000,16.54,48,ACTIVE,2023-02-28,LOAN_ORIGINATION
LN0000631,CRM002782,AUTO,50000,7.75,240,ACTIVE,2021-01-20,LOAN_ORIGINATION
LN0000632,CRM000315,HOME,1000000,17.42,48,ACTIVE,2024-07-17,LOAN_ORIGINATION
LN0000633,CRM003687,HOME,2500000,17.13,48,ACTIVE,2022-08-22,LOAN_ORIGINATION
LN0000634,CRM000192,AUTO,1000000,11.87,36,ACTIVE,2023-02-10,LOAN_ORIGINATION
LN0000635,CRM003911,HOME,100000,9.58,240,CLOSED,2024-06-28,LOAN_ORIGINATION
LN0000636,CRM002881,PERSONAL,50000,12.08,240,ACTIVE,2022-10-25,LOAN_ORIGINATION
LN0000637,CRM003207,PERSONAL,2500000,11.51,48,ACTIVE,2019-03-20,LOAN_ORIGINATION
LN0000638,CRM002941,BUSINESS,5000000,12.5,48,CLOSED,2025-09-25,LOAN_ORIGINATION
LN0000639,CRM001028,BUSINESS,5000000,15.74,240,ACTIVE,2024-08-01,LOAN_ORIGINATION
LN0000640,CRM001842,AUTO,5000000,9.23,12,CLOSED,2019-02-09,LOAN_ORIGINATION
LN0000641,CRM000813,AUTO,1000000,10.39,60,ACTIVE,2019-10-05,LOAN_ORIGINATION
LN0000642,CRM001402,PERSONAL,2500000,10.14,24,ACTIVE,2024-02-19,LOAN_ORIGINATION
LN0000643,CRM000930,PERSONAL,1000000,11.14,48,ACTIVE,2025-08-08,LOAN_ORIGINATION
LN0000644,CRM000649,PERSONAL,100000,10.71,180,DELINQUENT,2019-03-25,LOAN_ORIGINATION
LN0000645,CRM002829,AUTO,250000,10.95,12,DELINQUENT,2022-04-02,LOAN_ORIGINATION
LN0000646,CRM001086,BUSINESS,250000,8.8,12,DELINQUENT,2022-11-09,LOAN_ORIGINATION
LN0000647,CRM002166,HOME,50000,14.14,12,ACTIVE,2020-11-11,LOAN_ORIGINATION
LN0000648,CRM000057,BUSINESS,250000,12.56,12,ACTIVE,2025-05-11,LOAN_ORIGINATION
LN0000649,CRM002945,AUTO,100000,16.59,120,ACTIVE,2019-01-28,LOAN_ORIGINATION
LN0000650,CRM002522,AUTO,500000,16.03,12,ACTIVE,2020-01-02,LOAN_ORIGINATION
LN0000651,CRM003863,BUSINESS,100000,10.39,48,ACTIVE,2022-09-21,LOAN_ORIGINATION
LN0000652,CRM001052,PERSONAL,50000,14.93,24,ACTIVE,2025-07-13,LOAN_ORIGINATION
LN0000653,CRM002716,BUSINESS,2500000,12.44,36,DELINQUENT,2019-10-07,LOAN_ORIGINATION
LN0000654,CRM001382,PERSONAL,500000,7.86,60,ACTIVE,2019-12-22,LOAN_ORIGINATION
LN0000655,CRM003108,BUSINESS,2500000,13.15,24,ACTIVE,2021-10-08,LOAN_ORIGINATION
LN0000656,CRM003045,PERSONAL,250000,15.8,120,ACTIVE,2023-07-20,LOAN_ORIGINATION
LN0000657,CRM002422,AUTO,500000,10.69,180,ACTIVE,2020-11-29,LOAN_ORIGINATION
LN0000658,CRM002602,PERSONAL,500000,16.2,180,ACTIVE,2025-05-21,LOAN_ORIGINATION
LN0000659,CRM002430,HOME,5000000,9.31,48,CLOSED,2023-09-12,LOAN_ORIGINATION
LN0000660,CRM001506,HOME,5000000,8.63,24,ACTIVE,2025-03-20,LOAN_ORIGINATION
LN0000661,CRM000513,HOME,250000,10.65,48,ACTIVE,2020-02-04,LOAN_ORIGINATION
LN0000662,CRM000038,AUTO,500000,16.12,60,ACTIVE,2023-11-23,LOAN_ORIGINATION
LN0000663,CRM000642,BUSINESS,50000,12.53,24,ACTIVE,2019-01-01,LOAN_ORIGINATION
LN0000664,CRM003547,BUSINESS,500000,9.11,36,ACTIVE,2019-03-06,LOAN_ORIGINATION
LN0000665,CRM003888,PERSONAL,250000,12.4,240,DELINQUENT,2023-05-23,LOAN_ORIGINATION
LN0000666,CRM002652,BUSINESS,500000,17.47,36,ACTIVE,2026-01-30,LOAN_ORIGINATION
LN0000667,CRM000070,HOME,2500000,11.04,36,ACTIVE,2025-08-07,LOAN_ORIGINATION
LN0000668,CRM000855,PERSONAL,2500000,7.26,180,ACTIVE,2022-04-29,LOAN_ORIGINATION
LN0000669,CRM003934,HOME,1000000,16.62,12,ACTIVE,2021-01-31,LOAN_ORIGINATION
LN0000670,CRM002388,BUSINESS,500000,13.1,12,DELINQUENT,2022-01-30,LOAN_ORIGINATION
LN0000671,CRM002995,PERSONAL,2500000,15.87,36,ACTIVE,2025-08-20,LOAN_ORIGINATION
LN0000672,CRM001995,HOME,1000000,17.43,24,ACTIVE,2023-02-07,LOAN_ORIGINATION
LN0000673,CRM000242,PERSONAL,1000000,9.96,36,ACTIVE,2024-10-23,LOAN_ORIGINATION
LN0000674,CRM001970,BUSINESS,2500000,12.9,48,ACTIVE,2026-04-07,LOAN_ORIGINATION
LN0000675,CRM003389,BUSINESS,250000,11.71,180,ACTIVE,2021-05-18,LOAN_ORIGINATION
LN0000676,CRM001726,HOME,2500000,9.5,240,ACTIVE,2025-04-30,LOAN_ORIGINATION
LN0000677,CRM000466,PERSONAL,1000000,12.17,12,CLOSED,2025-08-15,LOAN_ORIGINATION
LN0000678,CRM003762,BUSINESS,50000,10.03,60,DELINQUENT,2025-05-31,LOAN_ORIGINATION
LN0000679,CRM003438,HOME,100000,7.68,180,ACTIVE,2021-10-29,LOAN_ORIGINATION
LN0000680,CRM002543,BUSINESS,100000,14.18,120,ACTIVE,2019-11-01,LOAN_ORIGINATION
LN0000681,CRM000174,HOME,2500000,15.83,60,ACTIVE,2024-12-10,LOAN_ORIGINATION
LN0000682,CRM003762,BUSINESS,5000000,15.24,240,ACTIVE,2025-07-13,LOAN_ORIGINATION
LN0000683,CRM001627,PERSONAL,500000,17.73,48,ACTIVE,2019-09-09,LOAN_ORIGINATION
LN0000684,CRM002298,AUTO,5000000,18.42,24,CLOSED,2024-01-12,LOAN_ORIGINATION
LN0000685,CRM002661,AUTO,1000000,10.84,60,ACTIVE,2023-12-08,LOAN_ORIGINATION
LN0000686,CRM000415,BUSINESS,500000,15.03,60,CLOSED,2024-09-24,LOAN_ORIGINATION
LN0000687,CRM001388,PERSONAL,250000,10.5,60,CLOSED,2022-07-10,LOAN_ORIGINATION
LN0000688,CRM000026,PERSONAL,50000,15.21,48,ACTIVE,2024-02-17,LOAN_ORIGINATION
LN0000689,CRM003176,PERSONAL,1000000,16.85,60,ACTIVE,2025-05-11,LOAN_ORIGINATION
LN0000690,CRM001488,BUSINESS,50000,12.07,12,CLOSED,2019-02-13,LOAN_ORIGINATION
LN0000691,CRM001443,AUTO,100000,14.6,48,ACTIVE,2022-11-13,LOAN_ORIGINATION
LN0000692,CRM003002,AUTO,2500000,9.72,48,CLOSED,2022-03-25,LOAN_ORIGINATION
LN0000693,CRM001410,AUTO,50000,14.14,48,ACTIVE,2025-02-10,LOAN_ORIGINATION
LN0000694,CRM002623,BUSINESS,100000,9.5,180,CLOSED,2024-07-08,LOAN_ORIGINATION
LN0000695,CRM000995,HOME,50000,12.4,48,ACTIVE,2023-10-21,LOAN_ORIGINATION
LN0000696,CRM000873,HOME,50000,14.79,24,ACTIVE,2019-09-29,LOAN_ORIGINATION
LN0000697,CRM001531,HOME,500000,8.07,48,CLOSED,2025-07-04,LOAN_ORIGINATION
LN0000698,CRM000890,BUSINESS,50000,16.93,240,ACTIVE,2023-09-25,LOAN_ORIGINATION
LN0000699,CRM002652,BUSINESS,2500000,8.05,36,ACTIVE,2022-07-05,LOAN_ORIGINATION
LN0000700,CRM003075,PERSONAL,5000000,7.54,60,CLOSED,2020-01-29,LOAN_ORIGINATION
LN0000701,CRM003306,PERSONAL,5000000,12.27,240,ACTIVE,2025-04-14,LOAN_ORIGINATION
LN0000702,CRM002282,HOME,1000000,12.44,120,CLOSED,2022-06-27,LOAN_ORIGINATION
LN0000703,CRM001302,AUTO,100000,17.67,36,CLOSED,2019-03-04,LOAN_ORIGINATION
LN0000704,CRM003322,PERSONAL,100000,13.04,36,ACTIVE,2024-08-24,LOAN_ORIGINATION
LN0000705,CRM001008,PERSONAL,100000,8.63,120,DELINQUENT,2019-10-17,LOAN_ORIGINATION
LN0000706,CRM001409,BUSINESS,5000000,7.28,36,ACTIVE,2020-03-03,LOAN_ORIGINATION
LN0000707,CRM000153,AUTO,5000000,13.62,60,CLOSED,2019-07-23,LOAN_ORIGINATION
LN0000708,CRM002725,PERSONAL,1000000,14.19,180,CLOSED,2025-01-02,LOAN_ORIGINATION
LN0000709,CRM001388,HOME,2500000,11.14,240,ACTIVE,2020-12-19,LOAN_ORIGINATION
LN0000710,CRM003547,HOME,5000000,10.0,120,ACTIVE,2021-03-06,LOAN_ORIGINATION
LN0000711,CRM001461,HOME,50000,11.3,240,ACTIVE,2024-03-08,LOAN_ORIGINATION
LN0000712,CRM003562,PERSONAL,100000,13.73,12,ACTIVE,2022-10-15,LOAN_ORIGINATION
LN0000713,CRM000030,PERSONAL,250000,10.17,12,ACTIVE,2025-08-23,LOAN_ORIGINATION
LN0000714,CRM000132,AUTO,250000,18.43,60,CLOSED,2020-09-01,LOAN_ORIGINATION
LN0000715,CRM003100,HOME,100000,11.78,120,ACTIVE,2022-03-09,LOAN_ORIGINATION
LN0000716,CRM003977,PERSONAL,1000000,15.66,24,ACTIVE,2026-04-28,LOAN_ORIGINATION
LN0000717,CRM003594,PERSONAL,5000000,11.57,12,ACTIVE,2023-03-29,LOAN_ORIGINATION
LN0000718,CRM000225,BUSINESS,5000000,18.11,120,ACTIVE,2019-07-29,LOAN_ORIGINATION
LN0000719,CRM003029,HOME,50000,15.46,12,ACTIVE,2021-02-26,LOAN_ORIGINATION
LN0000720,CRM000194,BUSINESS,5000000,14.51,180,ACTIVE,2025-07-29,LOAN_ORIGINATION
LN0000721,CRM003998,BUSINESS,500000,10.68,60,ACTIVE,2020-08-14,LOAN_ORIGINATION
LN0000722,CRM001712,BUSINESS,1000000,10.46,12,CLOSED,2022-10-03,LOAN_ORIGINATION
LN0000723,CRM003798,HOME,500000,13.97,48,ACTIVE,2025-07-15,LOAN_ORIGINATION
LN0000724,CRM002404,BUSINESS,2500000,10.62,180,ACTIVE,2022-02-17,LOAN_ORIGINATION
LN0000725,CRM002628,HOME,500000,16.37,24,CLOSED,2023-10-01,LOAN_ORIGINATION
LN0000726,CRM001079,AUTO,100000,14.42,60,ACTIVE,2022-03-30,LOAN_ORIGINATION
LN0000727,CRM003115,AUTO,500000,17.73,24,DELINQUENT,2024-06-23,LOAN_ORIGINATION
LN0000728,CRM003341,HOME,100000,13.76,240,ACTIVE,2020-07-16,LOAN_ORIGINATION
LN0000729,CRM001616,AUTO,5000000,7.58,240,ACTIVE,2022-09-05,LOAN_ORIGINATION
LN0000730,CRM000057,PERSONAL,1000000,9.02,36,CLOSED,2020-01-18,LOAN_ORIGINATION
LN0000731,CRM000030,HOME,100000,15.79,120,ACTIVE,2025-08-03,LOAN_ORIGINATION
LN0000732,CRM002741,AUTO,50000,11.6,48,CLOSED,2019-03-14,LOAN_ORIGINATION
LN0000733,CRM003468,HOME,2500000,17.7,48,ACTIVE,2024-12-29,LOAN_ORIGINATION
LN0000734,CRM003168,BUSINESS,1000000,16.57,180,ACTIVE,2020-07-12,LOAN_ORIGINATION
LN0000735,CRM001523,HOME,1000000,10.49,180,ACTIVE,2024-09-16,LOAN_ORIGINATION
LN0000736,CRM000088,HOME,5000000,16.85,48,ACTIVE,2022-02-21,LOAN_ORIGINATION
LN0000737,CRM002071,PERSONAL,5000000,17.02,240,ACTIVE,2020-03-12,LOAN_ORIGINATION
LN0000738,CRM000640,PERSONAL,5000000,9.81,120,ACTIVE,2021-12-31,LOAN_ORIGINATION
LN0000739,CRM001446,BUSINESS,5000000,7.74,120,ACTIVE,2020-04-03,LOAN_ORIGINATION
LN0000740,CRM001344,PERSONAL,5000000,16.95,36,CLOSED,2023-05-05,LOAN_ORIGINATION
LN0000741,CRM000565,BUSINESS,500000,12.12,180,ACTIVE,2025-06-07,LOAN_ORIGINATION
LN0000742,CRM002718,AUTO,100000,9.23,120,ACTIVE,2025-05-02,LOAN_ORIGINATION
LN0000743,CRM002648,PERSONAL,2500000,13.09,12,ACTIVE,2022-03-07,LOAN_ORIGINATION
LN0000744,CRM003559,PERSONAL,2500000,14.42,240,ACTIVE,2019-08-14,LOAN_ORIGINATION
LN0000745,CRM002937,BUSINESS,250000,14.5,240,ACTIVE,2019-09-01,LOAN_ORIGINATION
LN0000746,CRM001433,PERSONAL,100000,17.89,12,CLOSED,2020-11-10,LOAN_ORIGINATION
LN0000747,CRM002829,HOME,250000,16.88,120,ACTIVE,2023-06-13,LOAN_ORIGINATION
LN0000748,CRM000398,AUTO,100000,18.2,12,ACTIVE,2019-08-02,LOAN_ORIGINATION
LN0000749,CRM002369,AUTO,2500000,8.33,180,ACTIVE,2021-03-27,LOAN_ORIGINATION
LN0000750,CRM000848,HOME,100000,15.15,48,ACTIVE,2026-04-02,LOAN_ORIGINATION
LN0000751,CRM001983,AUTO,1000000,13.76,48,CLOSED,2021-04-17,LOAN_ORIGINATION
LN0000752,CRM002499,AUTO,1000000,13.81,36,CLOSED,2026-02-28,LOAN_ORIGINATION
LN0000753,CRM000698,PERSONAL,250000,18.1,48,ACTIVE,2022-01-10,LOAN_ORIGINATION
LN0000754,CRM001530,AUTO,100000,12.72,12,ACTIVE,2023-09-17,LOAN_ORIGINATION
LN0000755,CRM000928,PERSONAL,50000,17.96,180,ACTIVE,2020-05-16,LOAN_ORIGINATION
LN0000756,CRM000111,HOME,1000000,11.68,240,ACTIVE,2023-08-09,LOAN_ORIGINATION
LN0000757,CRM002235,PERSONAL,100000,18.11,36,ACTIVE,2023-11-30,LOAN_ORIGINATION
LN0000758,CRM000363,AUTO,50000,7.48,24,ACTIVE,2020-03-09,LOAN_ORIGINATION
LN0000759,CRM002094,BUSINESS,250000,8.44,48,ACTIVE,2020-07-19,LOAN_ORIGINATION
LN0000760,CRM001788,PERSONAL,250000,9.54,48,ACTIVE,2023-03-03,LOAN_ORIGINATION
LN0000761,CRM002742,PERSONAL,2500000,11.91,36,CLOSED,2019-09-13,LOAN_ORIGINATION
LN0000762,CRM002357,PERSONAL,5000000,16.07,36,ACTIVE,2020-05-06,LOAN_ORIGINATION
LN0000763,CRM003427,PERSONAL,50000,11.29,240,ACTIVE,2023-09-24,LOAN_ORIGINATION
LN0000764,CRM003087,HOME,1000000,17.0,36,CLOSED,2024-07-09,LOAN_ORIGINATION
LN0000765,CRM003779,BUSINESS,1000000,8.91,36,ACTIVE,2021-07-19,LOAN_ORIGINATION
LN0000766,CRM001107,HOME,2500000,8.41,120,ACTIVE,2024-09-02,LOAN_ORIGINATION
LN0000767,CRM002873,HOME,50000,7.25,48,ACTIVE,2020-07-01,LOAN_ORIGINATION
LN0000768,CRM003102,BUSINESS,250000,11.47,240,CLOSED,2020-05-19,LOAN_ORIGINATION
LN0000769,CRM001388,BUSINESS,100000,18.4,48,ACTIVE,2024-02-04,LOAN_ORIGINATION
LN0000770,CRM002452,PERSONAL,500000,12.56,12,ACTIVE,2019-10-22,LOAN_ORIGINATION
LN0000771,CRM003486,AUTO,50000,7.31,24,ACTIVE,2019-08-13,LOAN_ORIGINATION
LN0000772,CRM001790,PERSONAL,100000,9.27,120,DELINQUENT,2019-12-23,LOAN_ORIGINATION
LN0000773,CRM002511,AUTO,500000,7.73,180,ACTIVE,2025-07-10,LOAN_ORIGINATION
LN0000774,CRM002633,AUTO,100000,14.38,24,CLOSED,2022-03-08,LOAN_ORIGINATION
LN0000775,CRM002625,HOME,250000,11.38,48,ACTIVE,2019-06-21,LOAN_ORIGINATION
LN0000776,CRM001266,BUSINESS,250000,10.02,24,ACTIVE,2026-03-30,LOAN_ORIGINATION
LN0000777,CRM003659,PERSONAL,5000000,13.6,24,ACTIVE,2024-01-25,LOAN_ORIGINATION
LN0000778,CRM000976,HOME,500000,14.72,60,ACTIVE,2023-09-20,LOAN_ORIGINATION
LN0000779,CRM003267,BUSINESS,50000,18.2,240,DELINQUENT,2026-05-08,LOAN_ORIGINATION
LN0000780,CRM002571,AUTO,2500000,8.71,60,ACTIVE,2022-02-03,LOAN_ORIGINATION
LN0000781,CRM000562,BUSINESS,2500000,12.69,60,ACTIVE,2025-02-22,LOAN_ORIGINATION
LN0000782,CRM000917,BUSINESS,250000,10.74,180,ACTIVE,2024-04-12,LOAN_ORIGINATION
LN0000783,CRM000921,PERSONAL,250000,7.66,36,ACTIVE,2022-09-05,LOAN_ORIGINATION
LN0000784,CRM002531,BUSINESS,1000000,17.89,60,ACTIVE,2019-12-12,LOAN_ORIGINATION
LN0000785,CRM003660,PERSONAL,50000,17.71,120,ACTIVE,2020-06-01,LOAN_ORIGINATION
LN0000786,CRM002678,HOME,2500000,14.44,120,DELINQUENT,2020-02-26,LOAN_ORIGINATION
LN0000787,CRM001112,HOME,500000,17.72,120,ACTIVE,2020-01-04,LOAN_ORIGINATION
LN0000788,CRM002443,HOME,1000000,12.62,12,ACTIVE,2023-10-13,LOAN_ORIGINATION
LN0000789,CRM002250,BUSINESS,2500000,15.78,120,ACTIVE,2024-11-15,LOAN_ORIGINATION
LN0000790,CRM001169,PERSONAL,50000,11.1,36,ACTIVE,2021-03-22,LOAN_ORIGINATION
LN0000791,CRM003934,PERSONAL,1000000,14.39,120,ACTIVE,2023-04-29,LOAN_ORIGINATION
LN0000792,CRM000985,AUTO,5000000,14.11,120,ACTIVE,2020-01-16,LOAN_ORIGINATION
LN0000793,CRM003406,BUSINESS,2500000,13.55,12,ACTIVE,2019-12-10,LOAN_ORIGINATION
LN0000794,CRM001368,AUTO,2500000,13.63,240,ACTIVE,2019-01-15,LOAN_ORIGINATION
LN0000795,CRM001854,BUSINESS,250000,10.4,180,ACTIVE,2026-01-02,LOAN_ORIGINATION
LN0000796,CRM003670,AUTO,2500000,8.69,60,ACTIVE,2022-10-16,LOAN_ORIGINATION
LN0000797,CRM003640,AUTO,250000,14.83,36,ACTIVE,2024-11-04,LOAN_ORIGINATION
LN0000798,CRM000070,PERSONAL,50000,17.3,36,ACTIVE,2025-07-23,LOAN_ORIGINATION
LN0000799,CRM003518,AUTO,500000,17.35,36,ACTIVE,2023-02-01,LOAN_ORIGINATION
LN0000800,CRM002359,HOME,100000,7.3,120,ACTIVE,2022-01-02,LOAN_ORIGINATION
LN0000801,CRM003010,PERSONAL,50000,7.98,180,CLOSED,2025-04-01,LOAN_ORIGINATION
LN0000802,CRM000938,BUSINESS,100000,12.07,24,CLOSED,2022-04-16,LOAN_ORIGINATION
LN0000803,CRM003492,BUSINESS,100000,9.55,180,ACTIVE,2023-04-02,LOAN_ORIGINATION
LN0000804,CRM001982,AUTO,100000,16.2,12,ACTIVE,2024-02-22,LOAN_ORIGINATION
LN0000805,CRM002826,HOME,5000000,17.1,24,ACTIVE,2021-10-06,LOAN_ORIGINATION
LN0000806,CRM003941,AUTO,250000,10.23,12,ACTIVE,2025-12-01,LOAN_ORIGINATION
LN0000807,CRM002619,BUSINESS,1000000,11.0,120,CLOSED,2023-03-06,LOAN_ORIGINATION
LN0000808,CRM002962,HOME,5000000,10.5,60,CLOSED,2024-03-20,LOAN_ORIGINATION
LN0000809,CRM003531,HOME,100000,9.83,36,ACTIVE,2020-12-02,LOAN_ORIGINATION
LN0000810,CRM002696,AUTO,100000,13.42,120,ACTIVE,2020-04-28,LOAN_ORIGINATION
LN0000811,CRM003646,HOME,1000000,11.44,240,ACTIVE,2023-12-02,LOAN_ORIGINATION
LN0000812,CRM003328,PERSONAL,100000,15.96,48,ACTIVE,2025-11-07,LOAN_ORIGINATION
LN0000813,CRM003983,HOME,250000,8.85,60,ACTIVE,2021-05-16,LOAN_ORIGINATION
LN0000814,CRM003792,PERSONAL,50000,16.84,120,ACTIVE,2019-06-15,LOAN_ORIGINATION
LN0000815,CRM002894,PERSONAL,2500000,16.93,240,ACTIVE,2019-09-12,LOAN_ORIGINATION
LN0000816,CRM003655,PERSONAL,5000000,16.6,180,CLOSED,2025-06-09,LOAN_ORIGINATION
LN0000817,CRM001966,BUSINESS,5000000,8.92,36,CLOSED,2023-08-25,LOAN_ORIGINATION
LN0000818,CRM002615,AUTO,250000,9.27,12,ACTIVE,2020-10-26,LOAN_ORIGINATION
LN0000819,CRM001963,AUTO,5000000,14.46,180,ACTIVE,2023-06-10,LOAN_ORIGINATION
LN0000820,CRM003489,AUTO,100000,13.69,180,ACTIVE,2019-11-01,LOAN_ORIGINATION
LN0000821,CRM003826,HOME,1000000,16.79,24,ACTIVE,2023-06-11,LOAN_ORIGINATION
LN0000822,CRM003779,BUSINESS,500000,11.42,240,ACTIVE,2022-01-16,LOAN_ORIGINATION
LN0000823,CRM002992,HOME,2500000,17.66,12,ACTIVE,2021-02-12,LOAN_ORIGINATION
LN0000824,CRM002548,HOME,250000,17.38,24,ACTIVE,2023-03-06,LOAN_ORIGINATION
LN0000825,CRM001482,BUSINESS,2500000,15.95,240,CLOSED,2022-02-21,LOAN_ORIGINATION
LN0000826,CRM002440,BUSINESS,500000,16.13,36,ACTIVE,2026-05-08,LOAN_ORIGINATION
LN0000827,CRM002363,AUTO,2500000,17.64,48,ACTIVE,2022-05-17,LOAN_ORIGINATION
LN0000828,CRM002412,BUSINESS,500000,7.58,120,ACTIVE,2019-08-18,LOAN_ORIGINATION
LN0000829,CRM002438,AUTO,500000,17.68,180,ACTIVE,2025-04-05,LOAN_ORIGINATION
LN0000830,CRM002812,PERSONAL,50000,14.44,36,ACTIVE,2024-12-15,LOAN_ORIGINATION
LN0000831,CRM001458,PERSONAL,100000,16.25,12,ACTIVE,2024-10-11,LOAN_ORIGINATION
LN0000832,CRM001652,BUSINESS,250000,14.45,36,CLOSED,2021-07-26,LOAN_ORIGINATION
LN0000833,CRM001313,AUTO,100000,11.43,60,DELINQUENT,2021-05-29,LOAN_ORIGINATION
LN0000834,CRM000466,BUSINESS,1000000,7.67,180,ACTIVE,2024-05-12,LOAN_ORIGINATION
LN0000835,CRM002431,PERSONAL,250000,15.96,240,ACTIVE,2021-01-29,LOAN_ORIGINATION
LN0000836,CRM002960,BUSINESS,100000,15.23,120,ACTIVE,2024-08-18,LOAN_ORIGINATION
LN0000837,CRM002044,PERSONAL,100000,17.23,24,ACTIVE,2019-12-04,LOAN_ORIGINATION
LN0000838,CRM003370,PERSONAL,500000,10.92,120,ACTIVE,2020-02-02,LOAN_ORIGINATION
LN0000839,CRM000958,AUTO,2500000,13.56,240,ACTIVE,2026-05-14,LOAN_ORIGINATION
LN0000840,CRM003809,AUTO,1000000,11.06,120,ACTIVE,2023-01-21,LOAN_ORIGINATION
LN0000841,CRM001143,HOME,250000,13.02,120,ACTIVE,2024-10-11,LOAN_ORIGINATION
LN0000842,CRM003319,AUTO,250000,10.4,240,ACTIVE,2024-12-03,LOAN_ORIGINATION
LN0000843,CRM001943,PERSONAL,250000,8.09,48,ACTIVE,2023-06-06,LOAN_ORIGINATION
LN0000844,CRM002572,BUSINESS,500000,10.54,24,ACTIVE,2023-10-23,LOAN_ORIGINATION
LN0000845,CRM000992,BUSINESS,500000,8.33,240,ACTIVE,2023-02-13,LOAN_ORIGINATION
LN0000846,CRM003927,BUSINESS,2500000,8.07,60,CLOSED,2019-08-02,LOAN_ORIGINATION
LN0000847,CRM000381,PERSONAL,1000000,17.31,12,DELINQUENT,2021-05-22,LOAN_ORIGINATION
LN0000848,CRM000697,PERSONAL,500000,17.28,24,CLOSED,2022-08-30,LOAN_ORIGINATION
LN0000849,CRM001781,AUTO,50000,13.76,36,ACTIVE,2020-10-05,LOAN_ORIGINATION
LN0000850,CRM003105,AUTO,2500000,15.36,36,ACTIVE,2021-09-07,LOAN_ORIGINATION
LN0000851,CRM001147,AUTO,5000000,11.86,24,CLOSED,2024-02-02,LOAN_ORIGINATION
LN0000852,CRM000689,PERSONAL,2500000,14.54,120,ACTIVE,2020-03-24,LOAN_ORIGINATION
LN0000853,CRM001757,AUTO,2500000,8.9,180,ACTIVE,2026-01-13,LOAN_ORIGINATION
LN0000854,CRM002728,BUSINESS,100000,18.16,36,ACTIVE,2019-04-14,LOAN_ORIGINATION
LN0000855,CRM003995,BUSINESS,100000,18.32,60,CLOSED,2025-07-20,LOAN_ORIGINATION
LN0000856,CRM001315,AUTO,250000,15.67,48,ACTIVE,2025-10-27,LOAN_ORIGINATION
LN0000857,CRM003309,AUTO,1000000,13.92,180,ACTIVE,2020-03-25,LOAN_ORIGINATION
LN0000858,CRM003205,BUSINESS,250000,17.27,48,DELINQUENT,2023-12-21,LOAN_ORIGINATION
LN0000859,CRM002151,AUTO,2500000,7.41,180,ACTIVE,2021-10-12,LOAN_ORIGINATION
LN0000860,CRM002556,PERSONAL,500000,11.36,12,CLOSED,2024-01-20,LOAN_ORIGINATION
LN0000861,CRM002708,BUSINESS,50000,17.24,12,ACTIVE,2022-12-19,LOAN_ORIGINATION
LN0000862,CRM003341,BUSINESS,2500000,13.28,60,CLOSED,2021-06-25,LOAN_ORIGINATION
LN0000863,CRM003341,PERSONAL,100000,7.39,12,ACTIVE,2023-07-27,LOAN_ORIGINATION
LN0000864,CRM000056,PERSONAL,5000000,10.58,120,ACTIVE,2024-10-12,LOAN_ORIGINATION
LN0000865,CRM001880,HOME,100000,16.2,36,ACTIVE,2024-08-28,LOAN_ORIGINATION
LN0000866,CRM003201,HOME,2500000,8.96,60,DELINQUENT,2025-04-02,LOAN_ORIGINATION
LN0000867,CRM003978,PERSONAL,500000,7.72,36,ACTIVE,2025-10-31,LOAN_ORIGINATION
LN0000868,CRM000916,PERSONAL,5000000,8.95,60,CLOSED,2020-01-19,LOAN_ORIGINATION
LN0000869,CRM000695,AUTO,250000,17.75,60,ACTIVE,2025-03-19,LOAN_ORIGINATION
LN0000870,CRM001180,BUSINESS,250000,11.12,120,ACTIVE,2025-11-09,LOAN_ORIGINATION
LN0000871,CRM000296,PERSONAL,1000000,10.31,12,ACTIVE,2022-08-14,LOAN_ORIGINATION
LN0000872,CRM000460,PERSONAL,1000000,15.77,60,ACTIVE,2019-07-27,LOAN_ORIGINATION
LN0000873,CRM000362,BUSINESS,5000000,8.4,24,ACTIVE,2023-05-13,LOAN_ORIGINATION
LN0000874,CRM001226,PERSONAL,250000,7.54,60,ACTIVE,2025-05-09,LOAN_ORIGINATION
LN0000875,CRM002847,BUSINESS,50000,9.72,48,ACTIVE,2020-09-18,LOAN_ORIGINATION
LN0000876,CRM002668,AUTO,1000000,12.58,48,CLOSED,2019-07-08,LOAN_ORIGINATION
LN0000877,CRM000925,BUSINESS,1000000,17.28,180,ACTIVE,2023-12-08,LOAN_ORIGINATION
LN0000878,CRM002795,AUTO,5000000,14.82,12,CLOSED,2024-01-21,LOAN_ORIGINATION
LN0000879,CRM002097,BUSINESS,500000,11.75,48,ACTIVE,2023-05-09,LOAN_ORIGINATION
LN0000880,CRM000762,HOME,50000,15.55,60,ACTIVE,2026-03-30,LOAN_ORIGINATION
LN0000881,CRM002645,PERSONAL,50000,7.9,36,DELINQUENT,2025-04-17,LOAN_ORIGINATION
LN0000882,CRM000233,PERSONAL,500000,10.95,24,ACTIVE,2021-07-26,LOAN_ORIGINATION
LN0000883,CRM000457,HOME,250000,10.72,120,ACTIVE,2023-10-15,LOAN_ORIGINATION
LN0000884,CRM001299,PERSONAL,50000,15.07,180,ACTIVE,2023-10-12,LOAN_ORIGINATION
LN0000885,CRM003017,PERSONAL,5000000,16.84,24,ACTIVE,2021-12-07,LOAN_ORIGINATION
LN0000886,CRM002104,BUSINESS,2500000,12.36,180,ACTIVE,2025-03-22,LOAN_ORIGINATION
LN0000887,CRM002703,AUTO,2500000,15.24,36,ACTIVE,2021-09-15,LOAN_ORIGINATION
LN0000888,CRM000978,HOME,100000,18.09,24,DELINQUENT,2020-06-03,LOAN_ORIGINATION
LN0000889,CRM002250,PERSONAL,500000,7.79,48,ACTIVE,2022-10-23,LOAN_ORIGINATION
LN0000890,CRM001387,AUTO,250000,18.12,240,ACTIVE,2021-02-08,LOAN_ORIGINATION
LN0000891,CRM003558,AUTO,5000000,12.13,180,ACTIVE,2020-05-08,LOAN_ORIGINATION
LN0000892,CRM001619,AUTO,100000,17.98,120,ACTIVE,2024-07-20,LOAN_ORIGINATION
LN0000893,CRM002293,BUSINESS,5000000,8.42,48,ACTIVE,2020-03-23,LOAN_ORIGINATION
LN0000894,CRM001336,HOME,500000,12.95,60,ACTIVE,2022-09-16,LOAN_ORIGINATION
LN0000895,CRM001409,BUSINESS,2500000,12.75,12,CLOSED,2023-12-26,LOAN_ORIGINATION
LN0000896,CRM003550,PERSONAL,1000000,13.86,36,ACTIVE,2019-03-15,LOAN_ORIGINATION
LN0000897,CRM001803,HOME,2500000,18.38,180,CLOSED,2025-10-14,LOAN_ORIGINATION
LN0000898,CRM000471,HOME,5000000,8.92,24,ACTIVE,2019-02-25,LOAN_ORIGINATION
LN0000899,CRM002640,PERSONAL,500000,11.54,120,DELINQUENT,2020-01-22,LOAN_ORIGINATION
LN0000900,CRM000021,PERSONAL,50000,13.67,36,CLOSED,2025-03-10,LOAN_ORIGINATION
LN0000901,CRM000667,PERSONAL,100000,8.23,60,ACTIVE,2020-02-14,LOAN_ORIGINATION
LN0000902,CRM002073,PERSONAL,500000,12.69,180,ACTIVE,2022-02-17,LOAN_ORIGINATION
LN0000903,CRM001155,BUSINESS,1000000,11.79,36,ACTIVE,2022-04-20,LOAN_ORIGINATION
LN0000904,CRM003827,AUTO,50000,12.73,12,CLOSED,2020-11-18,LOAN_ORIGINATION
LN0000905,CRM003211,BUSINESS,100000,8.78,60,ACTIVE,2024-07-09,LOAN_ORIGINATION
LN0000906,CRM002084,BUSINESS,50000,10.15,36,CLOSED,2025-03-04,LOAN_ORIGINATION
LN0000907,CRM000092,PERSONAL,2500000,11.2,24,ACTIVE,2024-09-27,LOAN_ORIGINATION
LN0000908,CRM000392,AUTO,500000,18.29,240,ACTIVE,2022-05-22,LOAN_ORIGINATION
LN0000909,CRM002993,AUTO,500000,15.54,48,ACTIVE,2020-04-22,LOAN_ORIGINATION
LN0000910,CRM003818,PERSONAL,500000,9.98,24,ACTIVE,2025-06-29,LOAN_ORIGINATION
LN0000911,CRM003622,AUTO,500000,11.22,240,CLOSED,2023-05-05,LOAN_ORIGINATION
LN0000912,CRM000487,AUTO,50000,16.84,120,ACTIVE,2025-01-13,LOAN_ORIGINATION
LN0000913,CRM001681,AUTO,250000,8.63,180,CLOSED,2021-10-08,LOAN_ORIGINATION
LN0000914,CRM000615,HOME,250000,12.54,24,ACTIVE,2019-10-17,LOAN_ORIGINATION
LN0000915,CRM003244,HOME,250000,16.99,48,ACTIVE,2026-01-05,LOAN_ORIGINATION
LN0000916,CRM000943,PERSONAL,5000000,16.33,180,ACTIVE,2025-06-30,LOAN_ORIGINATION
LN0000917,CRM003913,AUTO,100000,10.41,48,ACTIVE,2019-01-02,LOAN_ORIGINATION
LN0000918,CRM001989,BUSINESS,5000000,14.33,24,ACTIVE,2025-03-29,LOAN_ORIGINATION
LN0000919,CRM000416,BUSINESS,2500000,9.67,240,ACTIVE,2024-05-12,LOAN_ORIGINATION
LN0000920,CRM002015,HOME,5000000,18.38,12,ACTIVE,2024-11-02,LOAN_ORIGINATION
LN0000921,CRM003211,HOME,2500000,14.41,36,DELINQUENT,2022-04-17,LOAN_ORIGINATION
LN0000922,CRM002139,HOME,250000,11.38,180,ACTIVE,2024-04-12,LOAN_ORIGINATION
LN0000923,CRM002581,BUSINESS,250000,15.02,24,CLOSED,2021-06-19,LOAN_ORIGINATION
LN0000924,CRM000889,AUTO,2500000,13.32,12,ACTIVE,2026-01-19,LOAN_ORIGINATION
LN0000925,CRM000208,HOME,250000,17.12,60,ACTIVE,2020-02-27,LOAN_ORIGINATION
LN0000926,CRM002410,HOME,100000,14.48,12,ACTIVE,2021-11-15,LOAN_ORIGINATION
LN0000927,CRM001778,HOME,2500000,10.92,12,CLOSED,2025-02-20,LOAN_ORIGINATION
LN0000928,CRM000205,PERSONAL,5000000,13.69,60,CLOSED,2021-02-23,LOAN_ORIGINATION
LN0000929,CRM002916,BUSINESS,50000,12.95,180,ACTIVE,2019-07-11,LOAN_ORIGINATION
LN0000930,CRM003802,PERSONAL,500000,14.95,60,ACTIVE,2020-10-06,LOAN_ORIGINATION
LN0000931,CRM003751,AUTO,5000000,15.4,60,ACTIVE,2021-07-19,LOAN_ORIGINATION
LN0000932,CRM002441,BUSINESS,500000,12.69,180,CLOSED,2024-12-10,LOAN_ORIGINATION
LN0000933,CRM000947,AUTO,5000000,13.71,12,ACTIVE,2022-06-02,LOAN_ORIGINATION
LN0000934,CRM003026,AUTO,5000000,12.69,180,CLOSED,2020-01-26,LOAN_ORIGINATION
LN0000935,CRM000010,BUSINESS,500000,12.12,120,ACTIVE,2022-02-10,LOAN_ORIGINATION
LN0000936,CRM001225,PERSONAL,50000,18.15,60,ACTIVE,2021-07-18,LOAN_ORIGINATION
LN0000937,CRM003740,BUSINESS,1000000,18.41,12,ACTIVE,2025-01-10,LOAN_ORIGINATION
LN0000938,CRM001685,AUTO,250000,15.18,240,ACTIVE,2019-11-01,LOAN_ORIGINATION
LN0000939,CRM001548,BUSINESS,5000000,7.45,12,ACTIVE,2025-01-17,LOAN_ORIGINATION
LN0000940,CRM000422,BUSINESS,50000,16.21,12,ACTIVE,2020-05-28,LOAN_ORIGINATION
LN0000941,CRM000962,HOME,100000,14.61,240,CLOSED,2019-06-02,LOAN_ORIGINATION
LN0000942,CRM002934,PERSONAL,500000,18.07,60,DELINQUENT,2024-09-22,LOAN_ORIGINATION
LN0000943,CRM001640,PERSONAL,5000000,9.44,48,ACTIVE,2019-12-03,LOAN_ORIGINATION
LN0000944,CRM001239,AUTO,500000,10.81,24,ACTIVE,2022-05-29,LOAN_ORIGINATION
LN0000945,CRM000662,BUSINESS,1000000,9.75,120,ACTIVE,2019-12-06,LOAN_ORIGINATION
LN0000946,CRM002976,AUTO,100000,17.26,36,ACTIVE,2026-01-26,LOAN_ORIGINATION
LN0000947,CRM003338,HOME,50000,16.65,120,ACTIVE,2026-05-22,LOAN_ORIGINATION
LN0000948,CRM000248,BUSINESS,1000000,16.65,12,ACTIVE,2019-07-14,LOAN_ORIGINATION
LN0000949,CRM002009,PERSONAL,2500000,13.71,120,ACTIVE,2022-12-24,LOAN_ORIGINATION
LN0000950,CRM001944,BUSINESS,100000,8.7,60,ACTIVE,2024-03-01,LOAN_ORIGINATION
LN0000951,CRM001596,HOME,50000,17.7,120,ACTIVE,2021-09-10,LOAN_ORIGINATION
LN0000952,CRM002351,PERSONAL,50000,18.26,24,ACTIVE,2020-09-11,LOAN_ORIGINATION
LN0000953,CRM003710,BUSINESS,100000,10.31,60,ACTIVE,2024-01-11,LOAN_ORIGINATION
LN0000954,CRM002863,HOME,1000000,8.18,180,CLOSED,2025-03-07,LOAN_ORIGINATION
LN0000955,CRM001398,AUTO,2500000,17.95,120,ACTIVE,2024-10-31,LOAN_ORIGINATION
LN0000956,CRM002246,PERSONAL,100000,16.09,180,ACTIVE,2022-01-25,LOAN_ORIGINATION
LN0000957,CRM003302,BUSINESS,5000000,8.86,48,ACTIVE,2019-02-24,LOAN_ORIGINATION
LN0000958,CRM003658,HOME,50000,15.83,60,ACTIVE,2021-06-06,LOAN_ORIGINATION
LN0000959,CRM002623,AUTO,2500000,18.23,36,DELINQUENT,2021-03-22,LOAN_ORIGINATION
LN0000960,CRM003284,AUTO,2500000,10.42,48,ACTIVE,2019-06-18,LOAN_ORIGINATION
LN0000961,CRM000445,HOME,5000000,9.81,60,ACTIVE,2019-01-25,LOAN_ORIGINATION
LN0000962,CRM003129,BUSINESS,5000000,11.99,120,ACTIVE,2019-03-24,LOAN_ORIGINATION
LN0000963,CRM002423,BUSINESS,5000000,12.39,60,ACTIVE,2023-03-06,LOAN_ORIGINATION
LN0000964,CRM003654,PERSONAL,5000000,16.47,60,CLOSED,2026-04-24,LOAN_ORIGINATION
LN0000965,CRM001770,AUTO,50000,9.11,48,ACTIVE,2026-05-01,LOAN_ORIGINATION
LN0000966,CRM002400,PERSONAL,100000,9.25,24,ACTIVE,2025-05-22,LOAN_ORIGINATION
LN0000967,CRM001565,HOME,5000000,13.75,48,ACTIVE,2024-09-13,LOAN_ORIGINATION
LN0000968,CRM000443,BUSINESS,50000,9.77,36,CLOSED,2019-01-15,LOAN_ORIGINATION
LN0000969,CRM000904,AUTO,1000000,16.29,12,CLOSED,2023-02-21,LOAN_ORIGINATION
LN0000970,CRM003676,PERSONAL,1000000,11.5,36,ACTIVE,2019-12-21,LOAN_ORIGINATION
LN0000971,CRM000501,PERSONAL,500000,8.16,60,DELINQUENT,2024-06-18,LOAN_ORIGINATION
LN0000972,CRM001048,PERSONAL,100000,13.3,48,ACTIVE,2023-03-19,LOAN_ORIGINATION
LN0000973,CRM002237,AUTO,2500000,15.81,12,CLOSED,2023-03-16,LOAN_ORIGINATION
LN0000974,CRM002974,AUTO,500000,11.02,36,CLOSED,2026-04-01,LOAN_ORIGINATION
LN0000975,CRM002875,AUTO,50000,17.33,24,ACTIVE,2025-12-22,LOAN_ORIGINATION
LN0000976,CRM001510,HOME,1000000,7.22,24,ACTIVE,2024-08-16,LOAN_ORIGINATION
LN0000977,CRM001796,AUTO,1000000,7.8,36,DELINQUENT,2024-03-14,LOAN_ORIGINATION
LN0000978,CRM002218,BUSINESS,250000,7.81,36,ACTIVE,2026-05-03,LOAN_ORIGINATION
LN0000979,CRM001310,HOME,2500000,12.17,240,CLOSED,2026-01-31,LOAN_ORIGINATION
LN0000980,CRM000275,HOME,2500000,13.05,24,CLOSED,2023-07-25,LOAN_ORIGINATION
LN0000981,CRM001645,PERSONAL,2500000,16.4,24,ACTIVE,2020-10-14,LOAN_ORIGINATION
LN0000982,CRM000006,BUSINESS,100000,15.77,36,ACTIVE,2019-12-02,LOAN_ORIGINATION
LN0000983,CRM001183,HOME,1000000,12.26,120,ACTIVE,2021-04-25,LOAN_ORIGINATION
LN0000984,CRM001525,AUTO,2500000,7.71,180,ACTIVE,2024-01-13,LOAN_ORIGINATION
LN0000985,CRM003957,PERSONAL,500000,7.69,180,ACTIVE,2019-01-18,LOAN_ORIGINATION
LN0000986,CRM000382,BUSINESS,2500000,16.11,240,CLOSED,2024-01-18,LOAN_ORIGINATION
LN0000987,CRM001624,AUTO,500000,12.55,36,ACTIVE,2023-03-16,LOAN_ORIGINATION
LN0000988,CRM001018,PERSONAL,2500000,11.32,120,ACTIVE,2026-02-18,LOAN_ORIGINATION
LN0000989,CRM000924,BUSINESS,2500000,15.52,60,ACTIVE,2022-07-04,LOAN_ORIGINATION
LN0000990,CRM003526,PERSONAL,250000,9.14,48,CLOSED,2019-05-09,LOAN_ORIGINATION
LN0000991,CRM000398,HOME,5000000,18.22,36,ACTIVE,2022-10-14,LOAN_ORIGINATION
LN0000992,CRM002792,PERSONAL,1000000,9.45,24,ACTIVE,2019-05-03,LOAN_ORIGINATION
LN0000993,CRM001143,PERSONAL,50000,15.76,240,ACTIVE,2024-05-06,LOAN_ORIGINATION
LN0000994,CRM003841,AUTO,2500000,17.64,12,CLOSED,2025-07-08,LOAN_ORIGINATION
LN0000995,CRM002079,BUSINESS,2500000,14.79,24,ACTIVE,2024-08-08,LOAN_ORIGINATION
LN0000996,CRM000349,PERSONAL,50000,7.36,120,CLOSED,2023-06-02,LOAN_ORIGINATION
LN0000997,CRM001735,BUSINESS,500000,8.59,180,ACTIVE,2024-08-02,LOAN_ORIGINATION
LN0000998,CRM002393,BUSINESS,50000,17.66,240,CLOSED,2020-12-01,LOAN_ORIGINATION
LN0000999,CRM002321,HOME,1000000,8.4,12,ACTIVE,2025-11-15,LOAN_ORIGINATION
LN0001000,CRM003762,PERSONAL,50000,9.29,12,ACTIVE,2023-11-13,LOAN_ORIGINATION
LN0001001,CRM000988,BUSINESS,5000000,15.11,24,DELINQUENT,2023-03-07,LOAN_ORIGINATION
LN0001002,CRM000415,PERSONAL,5000000,13.8,60,ACTIVE,2020-11-15,LOAN_ORIGINATION
LN0001003,CRM002920,BUSINESS,250000,16.22,180,ACTIVE,2024-08-06,LOAN_ORIGINATION
LN0001004,CRM000782,HOME,1000000,8.07,120,DELINQUENT,2021-10-10,LOAN_ORIGINATION
LN0001005,CRM002640,PERSONAL,100000,11.27,180,DELINQUENT,2019-01-12,LOAN_ORIGINATION
LN0001006,CRM000843,PERSONAL,5000000,14.31,36,ACTIVE,2025-02-27,LOAN_ORIGINATION
LN0001007,CRM002848,AUTO,50000,14.26,24,ACTIVE,2022-09-05,LOAN_ORIGINATION
LN0001008,CRM003515,AUTO,250000,13.83,240,ACTIVE,2024-08-08,LOAN_ORIGINATION
LN0001009,CRM001952,AUTO,250000,7.32,240,ACTIVE,2021-11-08,LOAN_ORIGINATION
LN0001010,CRM000927,PERSONAL,5000000,14.93,24,ACTIVE,2023-07-30,LOAN_ORIGINATION
LN0001011,CRM000111,BUSINESS,500000,16.84,60,ACTIVE,2025-09-19,LOAN_ORIGINATION
LN0001012,CRM002499,PERSONAL,500000,16.35,24,ACTIVE,2021-06-07,LOAN_ORIGINATION
LN0001013,CRM001452,HOME,2500000,9.22,120,DELINQUENT,2023-07-08,LOAN_ORIGINATION
LN0001014,CRM000465,AUTO,5000000,15.77,60,CLOSED,2023-07-08,LOAN_ORIGINATION
LN0001015,CRM003508,AUTO,2500000,16.12,48,ACTIVE,2022-03-15,LOAN_ORIGINATION
LN0001016,CRM003009,AUTO,50000,14.23,240,ACTIVE,2023-08-01,LOAN_ORIGINATION
LN0001017,CRM002504,HOME,1000000,16.37,240,ACTIVE,2023-12-28,LOAN_ORIGINATION
LN0001018,CRM000831,HOME,50000,14.25,120,ACTIVE,2023-08-17,LOAN_ORIGINATION
LN0001019,CRM000592,HOME,2500000,15.2,120,ACTIVE,2025-02-24,LOAN_ORIGINATION
LN0001020,CRM000247,HOME,50000,12.93,36,ACTIVE,2024-06-09,LOAN_ORIGINATION
LN0001021,CRM003013,BUSINESS,5000000,8.36,12,ACTIVE,2019-07-31,LOAN_ORIGINATION
LN0001022,CRM000716,BUSINESS,50000,7.62,36,ACTIVE,2021-06-15,LOAN_ORIGINATION
LN0001023,CRM000090,HOME,250000,11.15,180,ACTIVE,2021-10-21,LOAN_ORIGINATION
LN0001024,CRM000972,PERSONAL,100000,18.4,12,DELINQUENT,2025-09-02,LOAN_ORIGINATION
LN0001025,CRM003542,PERSONAL,1000000,11.83,60,CLOSED,2025-09-01,LOAN_ORIGINATION
LN0001026,CRM000965,PERSONAL,2500000,16.42,240,ACTIVE,2023-05-14,LOAN_ORIGINATION
LN0001027,CRM002831,HOME,250000,17.65,48,ACTIVE,2026-02-26,LOAN_ORIGINATION
LN0001028,CRM001132,HOME,100000,10.39,48,ACTIVE,2021-05-03,LOAN_ORIGINATION
LN0001029,CRM001513,BUSINESS,1000000,13.76,36,ACTIVE,2026-03-29,LOAN_ORIGINATION
LN0001030,CRM003151,BUSINESS,5000000,16.12,180,ACTIVE,2020-04-18,LOAN_ORIGINATION
LN0001031,CRM001898,AUTO,5000000,13.25,240,ACTIVE,2022-03-09,LOAN_ORIGINATION
LN0001032,CRM003485,PERSONAL,500000,17.63,24,ACTIVE,2025-01-20,LOAN_ORIGINATION
LN0001033,CRM002705,BUSINESS,50000,15.84,36,CLOSED,2023-06-05,LOAN_ORIGINATION
LN0001034,CRM001248,BUSINESS,5000000,15.53,240,ACTIVE,2021-08-22,LOAN_ORIGINATION
LN0001035,CRM001433,HOME,100000,16.75,180,ACTIVE,2020-12-08,LOAN_ORIGINATION
LN0001036,CRM001673,HOME,50000,13.36,60,ACTIVE,2021-05-28,LOAN_ORIGINATION
LN0001037,CRM002716,BUSINESS,1000000,7.29,36,ACTIVE,2020-06-26,LOAN_ORIGINATION
LN0001038,CRM000677,PERSONAL,1000000,15.51,120,ACTIVE,2024-07-08,LOAN_ORIGINATION
LN0001039,CRM000209,PERSONAL,250000,17.39,240,CLOSED,2019-08-15,LOAN_ORIGINATION
LN0001040,CRM001928,AUTO,100000,9.7,36,ACTIVE,2024-04-23,LOAN_ORIGINATION
LN0001041,CRM002983,AUTO,5000000,16.55,12,ACTIVE,2020-06-01,LOAN_ORIGINATION
LN0001042,CRM001435,PERSONAL,500000,13.21,180,ACTIVE,2021-03-01,LOAN_ORIGINATION
LN0001043,CRM002236,BUSINESS,2500000,11.49,180,ACTIVE,2023-01-22,LOAN_ORIGINATION
LN0001044,CRM002675,AUTO,2500000,11.59,24,ACTIVE,2023-02-26,LOAN_ORIGINATION
LN0001045,CRM002042,BUSINESS,500000,13.3,36,DELINQUENT,2022-12-14,LOAN_ORIGINATION
LN0001046,CRM001733,HOME,100000,18.22,180,ACTIVE,2019-02-28,LOAN_ORIGINATION
LN0001047,CRM002167,HOME,1000000,15.16,24,ACTIVE,2026-02-18,LOAN_ORIGINATION
LN0001048,CRM002286,BUSINESS,2500000,13.06,240,ACTIVE,2025-08-13,LOAN_ORIGINATION
LN0001049,CRM003036,BUSINESS,1000000,14.35,120,CLOSED,2024-06-01,LOAN_ORIGINATION
LN0001050,CRM002520,PERSONAL,50000,12.44,12,CLOSED,2021-03-21,LOAN_ORIGINATION
LN0001051,CRM000687,BUSINESS,500000,9.37,12,ACTIVE,2025-07-22,LOAN_ORIGINATION
LN0001052,CRM002365,AUTO,1000000,17.65,240,CLOSED,2024-06-09,LOAN_ORIGINATION
LN0001053,CRM001152,HOME,2500000,9.01,36,ACTIVE,2023-01-05,LOAN_ORIGINATION
LN0001054,CRM001273,BUSINESS,250000,8.59,60,ACTIVE,2020-08-30,LOAN_ORIGINATION
LN0001055,CRM003930,HOME,50000,15.95,24,ACTIVE,2022-01-20,LOAN_ORIGINATION
LN0001056,CRM002636,AUTO,50000,9.14,180,CLOSED,2021-05-08,LOAN_ORIGINATION
LN0001057,CRM003075,BUSINESS,2500000,17.44,36,ACTIVE,2023-11-29,LOAN_ORIGINATION
LN0001058,CRM002514,AUTO,100000,15.06,36,ACTIVE,2020-07-04,LOAN_ORIGINATION
LN0001059,CRM000643,AUTO,1000000,15.58,120,ACTIVE,2023-03-03,LOAN_ORIGINATION
LN0001060,CRM003029,BUSINESS,50000,11.29,180,ACTIVE,2020-05-27,LOAN_ORIGINATION
LN0001061,CRM000274,AUTO,50000,15.41,240,ACTIVE,2023-04-11,LOAN_ORIGINATION
LN0001062,CRM003617,AUTO,500000,13.56,12,ACTIVE,2020-03-30,LOAN_ORIGINATION
LN0001063,CRM001213,BUSINESS,100000,12.5,180,ACTIVE,2019-06-09,LOAN_ORIGINATION
LN0001064,CRM002431,AUTO,5000000,13.86,48,ACTIVE,2025-12-05,LOAN_ORIGINATION
LN0001065,CRM002463,HOME,2500000,12.0,60,ACTIVE,2019-09-24,LOAN_ORIGINATION
LN0001066,CRM002108,HOME,2500000,17.7,48,CLOSED,2019-09-01,LOAN_ORIGINATION
LN0001067,CRM000371,PERSONAL,50000,10.87,12,CLOSED,2021-01-25,LOAN_ORIGINATION
LN0001068,CRM000177,HOME,1000000,11.75,180,ACTIVE,2020-05-16,LOAN_ORIGINATION
LN0001069,CRM002559,PERSONAL,1000000,10.36,60,CLOSED,2022-05-01,LOAN_ORIGINATION
LN0001070,CRM000125,HOME,2500000,11.28,60,DELINQUENT,2025-05-16,LOAN_ORIGINATION
LN0001071,CRM002401,BUSINESS,1000000,8.45,48,ACTIVE,2022-01-20,LOAN_ORIGINATION
LN0001072,CRM003423,PERSONAL,100000,11.72,120,ACTIVE,2025-07-15,LOAN_ORIGINATION
LN0001073,CRM003264,HOME,2500000,9.54,120,ACTIVE,2025-09-05,LOAN_ORIGINATION
LN0001074,CRM000447,PERSONAL,50000,11.5,240,CLOSED,2020-07-16,LOAN_ORIGINATION
LN0001075,CRM003375,PERSONAL,500000,13.66,24,ACTIVE,2020-03-29,LOAN_ORIGINATION
LN0001076,CRM000463,BUSINESS,100000,13.33,48,ACTIVE,2022-01-31,LOAN_ORIGINATION
LN0001077,CRM003148,AUTO,5000000,8.08,24,ACTIVE,2022-10-03,LOAN_ORIGINATION
LN0001078,CRM002292,AUTO,250000,18.05,48,ACTIVE,2020-12-08,LOAN_ORIGINATION
LN0001079,CRM003394,HOME,50000,14.83,60,ACTIVE,2019-06-12,LOAN_ORIGINATION
LN0001080,CRM002240,BUSINESS,5000000,16.21,24,ACTIVE,2024-07-09,LOAN_ORIGINATION
LN0001081,CRM000727,PERSONAL,2500000,9.93,120,CLOSED,2024-01-02,LOAN_ORIGINATION
LN0001082,CRM003661,BUSINESS,5000000,13.68,48,ACTIVE,2021-02-22,LOAN_ORIGINATION
LN0001083,CRM002970,PERSONAL,500000,11.99,48,ACTIVE,2019-11-20,LOAN_ORIGINATION
LN0001084,CRM003245,AUTO,1000000,12.66,12,ACTIVE,2021-02-01,LOAN_ORIGINATION
LN0001085,CRM003430,HOME,1000000,8.94,120,ACTIVE,2023-02-09,LOAN_ORIGINATION
LN0001086,CRM000955,HOME,500000,14.4,48,ACTIVE,2023-08-30,LOAN_ORIGINATION
LN0001087,CRM002494,HOME,2500000,14.46,48,ACTIVE,2022-01-12,LOAN_ORIGINATION
LN0001088,CRM000872,HOME,250000,14.98,180,CLOSED,2024-12-25,LOAN_ORIGINATION
LN0001089,CRM002256,BUSINESS,5000000,9.19,24,ACTIVE,2022-02-12,LOAN_ORIGINATION
LN0001090,CRM002271,HOME,50000,7.64,240,ACTIVE,2021-10-07,LOAN_ORIGINATION
LN0001091,CRM001447,PERSONAL,100000,12.87,60,CLOSED,2023-01-28,LOAN_ORIGINATION
LN0001092,CRM000228,AUTO,500000,15.91,12,CLOSED,2025-07-16,LOAN_ORIGINATION
LN0001093,CRM002341,AUTO,50000,8.74,36,ACTIVE,2021-06-06,LOAN_ORIGINATION
LN0001094,CRM003566,BUSINESS,1000000,14.61,180,CLOSED,2021-09-06,LOAN_ORIGINATION
LN0001095,CRM000316,PERSONAL,2500000,14.01,48,CLOSED,2019-05-01,LOAN_ORIGINATION
LN0001096,CRM000389,AUTO,1000000,12.74,180,CLOSED,2019-05-20,LOAN_ORIGINATION
LN0001097,CRM000095,HOME,100000,18.04,240,ACTIVE,2021-03-06,LOAN_ORIGINATION
LN0001098,CRM000560,AUTO,5000000,16.38,120,ACTIVE,2021-12-09,LOAN_ORIGINATION
LN0001099,CRM001710,BUSINESS,100000,14.58,180,CLOSED,2024-03-12,LOAN_ORIGINATION
LN0001100,CRM002924,HOME,2500000,11.41,60,CLOSED,2022-07-11,LOAN_ORIGINATION
LN0001101,CRM003235,PERSONAL,5000000,15.06,12,DELINQUENT,2020-05-31,LOAN_ORIGINATION
LN0001102,CRM002617,PERSONAL,2500000,9.6,24,ACTIVE,2023-06-14,LOAN_ORIGINATION
LN0001103,CRM002650,PERSONAL,5000000,12.86,12,CLOSED,2024-10-01,LOAN_ORIGINATION
LN0001104,CRM002393,AUTO,5000000,7.64,180,DELINQUENT,2024-11-19,LOAN_ORIGINATION
LN0001105,CRM001663,AUTO,500000,17.52,60,ACTIVE,2019-07-24,LOAN_ORIGINATION
LN0001106,CRM001142,PERSONAL,1000000,18.33,48,CLOSED,2026-05-15,LOAN_ORIGINATION
LN0001107,CRM001694,PERSONAL,5000000,16.65,120,ACTIVE,2019-06-28,LOAN_ORIGINATION
LN0001108,CRM002148,AUTO,50000,8.19,24,ACTIVE,2019-11-21,LOAN_ORIGINATION
LN0001109,CRM003134,PERSONAL,5000000,7.25,24,ACTIVE,2023-07-31,LOAN_ORIGINATION
LN0001110,CRM001489,PERSONAL,500000,10.39,24,DELINQUENT,2025-06-30,LOAN_ORIGINATION
LN0001111,CRM001968,HOME,50000,8.77,24,ACTIVE,2026-03-10,LOAN_ORIGINATION
LN0001112,CRM000938,AUTO,2500000,14.47,120,ACTIVE,2021-09-01,LOAN_ORIGINATION
LN0001113,CRM001528,AUTO,100000,11.12,240,ACTIVE,2020-10-09,LOAN_ORIGINATION
LN0001114,CRM003819,HOME,5000000,17.49,24,ACTIVE,2020-11-17,LOAN_ORIGINATION
LN0001115,CRM003517,HOME,100000,16.1,24,ACTIVE,2019-04-18,LOAN_ORIGINATION
LN0001116,CRM003614,PERSONAL,1000000,13.3,12,CLOSED,2025-09-19,LOAN_ORIGINATION
LN0001117,CRM003321,AUTO,500000,12.49,36,CLOSED,2023-01-25,LOAN_ORIGINATION
LN0001118,CRM003141,HOME,5000000,16.02,12,CLOSED,2024-03-04,LOAN_ORIGINATION
LN0001119,CRM003264,BUSINESS,250000,10.64,240,ACTIVE,2020-08-29,LOAN_ORIGINATION
LN0001120,CRM002583,AUTO,250000,17.17,240,ACTIVE,2023-07-22,LOAN_ORIGINATION
LN0001121,CRM000329,PERSONAL,250000,8.61,12,ACTIVE,2024-11-17,LOAN_ORIGINATION
LN0001122,CRM002234,BUSINESS,500000,7.77,12,CLOSED,2025-05-20,LOAN_ORIGINATION
LN0001123,CRM001017,AUTO,2500000,8.48,120,ACTIVE,2024-08-02,LOAN_ORIGINATION
LN0001124,CRM003076,PERSONAL,50000,13.53,180,ACTIVE,2023-06-30,LOAN_ORIGINATION
LN0001125,CRM000498,HOME,500000,12.1,12,ACTIVE,2022-07-20,LOAN_ORIGINATION
LN0001126,CRM001060,HOME,2500000,11.11,24,ACTIVE,2021-08-21,LOAN_ORIGINATION
LN0001127,CRM001587,HOME,2500000,8.34,24,ACTIVE,2026-01-28,LOAN_ORIGINATION
LN0001128,CRM001640,BUSINESS,2500000,9.86,120,CLOSED,2020-08-26,LOAN_ORIGINATION
LN0001129,CRM001701,HOME,1000000,10.6,48,ACTIVE,2025-01-14,LOAN_ORIGINATION
LN0001130,CRM000968,BUSINESS,100000,8.46,120,ACTIVE,2021-08-28,LOAN_ORIGINATION
LN0001131,CRM000447,HOME,250000,18.48,12,ACTIVE,2020-10-24,LOAN_ORIGINATION
LN0001132,CRM003244,PERSONAL,50000,8.8,60,CLOSED,2019-01-21,LOAN_ORIGINATION
LN0001133,CRM000280,PERSONAL,1000000,12.16,36,ACTIVE,2022-11-20,LOAN_ORIGINATION
LN0001134,CRM000391,HOME,1000000,7.79,36,DELINQUENT,2020-06-10,LOAN_ORIGINATION
LN0001135,CRM001479,BUSINESS,5000000,15.36,36,ACTIVE,2021-08-01,LOAN_ORIGINATION
LN0001136,CRM000221,BUSINESS,100000,8.91,12,CLOSED,2019-09-25,LOAN_ORIGINATION
LN0001137,CRM001244,AUTO,50000,15.81,60,DELINQUENT,2024-08-02,LOAN_ORIGINATION
LN0001138,CRM001487,AUTO,500000,15.82,48,CLOSED,2024-01-07,LOAN_ORIGINATION
LN0001139,CRM002089,BUSINESS,250000,15.39,24,ACTIVE,2020-11-22,LOAN_ORIGINATION
LN0001140,CRM000521,PERSONAL,100000,15.66,36,ACTIVE,2019-04-12,LOAN_ORIGINATION
LN0001141,CRM000966,PERSONAL,5000000,10.45,36,ACTIVE,2025-05-18,LOAN_ORIGINATION
LN0001142,CRM001189,PERSONAL,2500000,18.41,180,ACTIVE,2021-03-24,LOAN_ORIGINATION
LN0001143,CRM003659,BUSINESS,1000000,10.19,12,ACTIVE,2023-04-06,LOAN_ORIGINATION
LN0001144,CRM003286,PERSONAL,100000,13.84,36,ACTIVE,2019-04-23,LOAN_ORIGINATION
LN0001145,CRM001174,PERSONAL,100000,12.36,48,ACTIVE,2024-09-07,LOAN_ORIGINATION
LN0001146,CRM002731,BUSINESS,5000000,17.8,48,DELINQUENT,2023-08-02,LOAN_ORIGINATION
LN0001147,CRM000044,BUSINESS,500000,16.35,36,ACTIVE,2019-05-11,LOAN_ORIGINATION
LN0001148,CRM001196,AUTO,2500000,13.17,180,ACTIVE,2023-12-01,LOAN_ORIGINATION
LN0001149,CRM002352,BUSINESS,50000,16.01,12,ACTIVE,2026-04-20,LOAN_ORIGINATION
LN0001150,CRM001744,BUSINESS,50000,17.31,48,ACTIVE,2019-02-07,LOAN_ORIGINATION
LN0001151,CRM002606,BUSINESS,5000000,12.88,60,ACTIVE,2024-02-14,LOAN_ORIGINATION
LN0001152,CRM003988,BUSINESS,2500000,17.52,48,CLOSED,2019-01-03,LOAN_ORIGINATION
LN0001153,CRM002048,PERSONAL,2500000,13.16,60,ACTIVE,2019-09-27,LOAN_ORIGINATION
LN0001154,CRM001771,BUSINESS,100000,16.13,48,ACTIVE,2021-05-21,LOAN_ORIGINATION
LN0001155,CRM003765,AUTO,1000000,10.35,48,ACTIVE,2019-04-07,LOAN_ORIGINATION
LN0001156,CRM000796,PERSONAL,5000000,16.8,60,CLOSED,2025-09-28,LOAN_ORIGINATION
LN0001157,CRM003987,PERSONAL,500000,8.62,24,ACTIVE,2021-02-07,LOAN_ORIGINATION
LN0001158,CRM003263,PERSONAL,5000000,17.85,180,ACTIVE,2022-09-30,LOAN_ORIGINATION
LN0001159,CRM001678,HOME,1000000,10.39,60,ACTIVE,2024-12-17,LOAN_ORIGINATION
LN0001160,CRM003622,PERSONAL,5000000,12.98,36,ACTIVE,2024-07-17,LOAN_ORIGINATION
LN0001161,CRM000473,AUTO,50000,17.01,48,ACTIVE,2021-06-22,LOAN_ORIGINATION
LN0001162,CRM000390,BUSINESS,50000,15.79,120,ACTIVE,2019-11-03,LOAN_ORIGINATION
LN0001163,CRM003035,AUTO,100000,12.34,60,ACTIVE,2021-08-30,LOAN_ORIGINATION
LN0001164,CRM001365,HOME,50000,11.47,60,DELINQUENT,2020-05-20,LOAN_ORIGINATION
LN0001165,CRM003376,AUTO,1000000,17.72,24,ACTIVE,2022-01-10,LOAN_ORIGINATION
LN0001166,CRM002195,AUTO,5000000,8.22,24,ACTIVE,2025-04-03,LOAN_ORIGINATION
LN0001167,CRM000782,HOME,500000,11.29,12,ACTIVE,2021-01-27,LOAN_ORIGINATION
LN0001168,CRM002770,HOME,2500000,15.5,60,ACTIVE,2024-08-02,LOAN_ORIGINATION
LN0001169,CRM000268,AUTO,100000,7.33,60,ACTIVE,2021-12-01,LOAN_ORIGINATION
LN0001170,CRM003354,BUSINESS,500000,8.37,12,ACTIVE,2020-01-18,LOAN_ORIGINATION
LN0001171,CRM000709,BUSINESS,250000,7.59,48,ACTIVE,2022-02-12,LOAN_ORIGINATION
LN0001172,CRM002866,PERSONAL,250000,16.09,48,ACTIVE,2021-04-25,LOAN_ORIGINATION
LN0001173,CRM000586,HOME,50000,7.53,60,ACTIVE,2024-01-05,LOAN_ORIGINATION
LN0001174,CRM000895,PERSONAL,2500000,7.48,240,ACTIVE,2023-10-29,LOAN_ORIGINATION
LN0001175,CRM001849,HOME,250000,8.2,240,ACTIVE,2023-02-09,LOAN_ORIGINATION
LN0001176,CRM001849,AUTO,50000,8.64,36,CLOSED,2024-08-11,LOAN_ORIGINATION
LN0001177,CRM000362,PERSONAL,250000,10.79,60,CLOSED,2020-10-25,LOAN_ORIGINATION
LN0001178,CRM000356,PERSONAL,500000,18.42,240,ACTIVE,2019-01-19,LOAN_ORIGINATION
LN0001179,CRM002391,BUSINESS,1000000,13.55,24,ACTIVE,2024-08-07,LOAN_ORIGINATION
LN0001180,CRM003127,PERSONAL,500000,12.1,36,ACTIVE,2019-11-12,LOAN_ORIGINATION
LN0001181,CRM002767,PERSONAL,250000,14.79,24,ACTIVE,2020-12-07,LOAN_ORIGINATION
LN0001182,CRM002965,HOME,100000,12.07,60,ACTIVE,2021-12-28,LOAN_ORIGINATION
LN0001183,CRM002746,BUSINESS,5000000,12.32,36,ACTIVE,2019-03-02,LOAN_ORIGINATION
LN0001184,CRM000609,HOME,50000,9.88,120,ACTIVE,2025-09-19,LOAN_ORIGINATION
LN0001185,CRM001156,HOME,250000,10.31,36,ACTIVE,2025-08-03,LOAN_ORIGINATION
LN0001186,CRM002653,AUTO,5000000,7.99,36,ACTIVE,2024-05-26,LOAN_ORIGINATION
LN0001187,CRM001850,AUTO,5000000,16.08,12,DELINQUENT,2022-02-10,LOAN_ORIGINATION
LN0001188,CRM001583,PERSONAL,5000000,16.74,180,ACTIVE,2019-01-18,LOAN_ORIGINATION
LN0001189,CRM002502,BUSINESS,250000,18.48,240,ACTIVE,2025-07-31,LOAN_ORIGINATION
LN0001190,CRM001925,AUTO,1000000,17.4,36,ACTIVE,2020-06-15,LOAN_ORIGINATION
LN0001191,CRM003458,AUTO,100000,11.32,24,ACTIVE,2022-06-17,LOAN_ORIGINATION
LN0001192,CRM002586,HOME,500000,16.51,60,ACTIVE,2022-03-27,LOAN_ORIGINATION
LN0001193,CRM002042,BUSINESS,5000000,15.29,120,ACTIVE,2024-04-04,LOAN_ORIGINATION
LN0001194,CRM000827,AUTO,250000,13.68,180,ACTIVE,2024-04-15,LOAN_ORIGINATION
LN0001195,CRM002205,HOME,250000,9.79,48,ACTIVE,2025-11-07,LOAN_ORIGINATION
LN0001196,CRM001795,BUSINESS,500000,7.49,24,CLOSED,2020-09-28,LOAN_ORIGINATION
LN0001197,CRM001736,BUSINESS,1000000,12.74,120,ACTIVE,2019-12-11,LOAN_ORIGINATION
LN0001198,CRM002054,AUTO,500000,15.84,180,CLOSED,2026-04-19,LOAN_ORIGINATION
LN0001199,CRM000328,AUTO,500000,16.27,120,ACTIVE,2023-11-08,LOAN_ORIGINATION
LN0001200,CRM003597,BUSINESS,250000,14.9,24,CLOSED,2020-01-18,LOAN_ORIGINATION
LN0001201,CRM001384,BUSINESS,2500000,17.61,24,ACTIVE,2020-09-03,LOAN_ORIGINATION
LN0001202,CRM000055,BUSINESS,2500000,11.72,60,ACTIVE,2019-05-24,LOAN_ORIGINATION
LN0001203,CRM002341,AUTO,50000,13.32,36,ACTIVE,2021-02-13,LOAN_ORIGINATION
LN0001204,CRM003952,AUTO,1000000,7.65,240,CLOSED,2020-03-08,LOAN_ORIGINATION
LN0001205,CRM001522,HOME,50000,12.78,120,ACTIVE,2024-02-11,LOAN_ORIGINATION
LN0001206,CRM000895,BUSINESS,1000000,11.08,180,CLOSED,2022-05-03,LOAN_ORIGINATION
LN0001207,CRM001751,AUTO,500000,15.02,48,CLOSED,2024-12-07,LOAN_ORIGINATION
LN0001208,CRM003938,AUTO,2500000,8.89,24,CLOSED,2021-11-26,LOAN_ORIGINATION
LN0001209,CRM003177,PERSONAL,2500000,17.87,12,ACTIVE,2021-03-17,LOAN_ORIGINATION
LN0001210,CRM003894,BUSINESS,5000000,9.53,180,ACTIVE,2021-03-30,LOAN_ORIGINATION
LN0001211,CRM003951,HOME,5000000,18.17,24,ACTIVE,2026-02-21,LOAN_ORIGINATION
LN0001212,CRM003368,PERSONAL,1000000,18.29,240,ACTIVE,2024-12-10,LOAN_ORIGINATION
LN0001213,CRM001343,PERSONAL,250000,10.75,12,CLOSED,2019-01-26,LOAN_ORIGINATION
LN0001214,CRM002984,BUSINESS,1000000,12.42,12,CLOSED,2026-05-14,LOAN_ORIGINATION
LN0001215,CRM002318,HOME,5000000,7.81,180,ACTIVE,2020-08-01,LOAN_ORIGINATION
LN0001216,CRM003065,AUTO,250000,14.96,24,ACTIVE,2024-08-23,LOAN_ORIGINATION
LN0001217,CRM002385,HOME,2500000,18.12,36,ACTIVE,2026-01-10,LOAN_ORIGINATION
LN0001218,CRM003303,AUTO,5000000,16.34,120,ACTIVE,2020-08-25,LOAN_ORIGINATION
LN0001219,CRM003729,HOME,5000000,16.34,180,ACTIVE,2022-09-20,LOAN_ORIGINATION
LN0001220,CRM000324,AUTO,500000,11.26,24,ACTIVE,2024-08-26,LOAN_ORIGINATION
LN0001221,CRM002838,AUTO,50000,14.63,60,ACTIVE,2024-07-10,LOAN_ORIGINATION
LN0001222,CRM003615,PERSONAL,500000,15.94,60,CLOSED,2025-11-26,LOAN_ORIGINATION
LN0001223,CRM000694,BUSINESS,500000,11.33,180,ACTIVE,2021-11-15,LOAN_ORIGINATION
LN0001224,CRM002451,AUTO,2500000,13.81,120,CLOSED,2020-12-09,LOAN_ORIGINATION
LN0001225,CRM003217,PERSONAL,500000,15.5,120,CLOSED,2026-04-12,LOAN_ORIGINATION
LN0001226,CRM000316,HOME,50000,12.08,120,CLOSED,2025-05-25,LOAN_ORIGINATION
LN0001227,CRM001414,AUTO,5000000,16.96,36,ACTIVE,2024-07-20,LOAN_ORIGINATION
LN0001228,CRM000032,BUSINESS,2500000,9.05,180,ACTIVE,2023-08-19,LOAN_ORIGINATION
LN0001229,CRM000101,HOME,1000000,11.98,240,ACTIVE,2023-05-29,LOAN_ORIGINATION
LN0001230,CRM003105,HOME,5000000,16.19,60,CLOSED,2022-12-09,LOAN_ORIGINATION
LN0001231,CRM000172,AUTO,250000,14.65,48,ACTIVE,2026-03-22,LOAN_ORIGINATION
LN0001232,CRM002061,HOME,250000,17.66,48,ACTIVE,2025-07-08,LOAN_ORIGINATION
LN0001233,CRM002018,AUTO,100000,16.69,12,ACTIVE,2019-04-30,LOAN_ORIGINATION
LN0001234,CRM000795,BUSINESS,50000,15.69,60,ACTIVE,2019-03-21,LOAN_ORIGINATION
LN0001235,CRM001118,PERSONAL,2500000,18.11,180,ACTIVE,2025-03-22,LOAN_ORIGINATION
LN0001236,CRM000585,AUTO,500000,10.37,12,ACTIVE,2023-06-18,LOAN_ORIGINATION
LN0001237,CRM000317,HOME,250000,15.07,24,CLOSED,2025-08-07,LOAN_ORIGINATION
LN0001238,CRM001187,AUTO,50000,10.65,60,ACTIVE,2019-06-01,LOAN_ORIGINATION
LN0001239,CRM003167,AUTO,250000,7.71,24,ACTIVE,2026-01-18,LOAN_ORIGINATION
LN0001240,CRM000193,AUTO,2500000,15.03,48,ACTIVE,2020-04-10,LOAN_ORIGINATION
LN0001241,CRM002409,PERSONAL,250000,7.58,60,CLOSED,2021-03-23,LOAN_ORIGINATION
LN0001242,CRM001818,AUTO,250000,12.39,180,ACTIVE,2021-03-25,LOAN_ORIGINATION
LN0001243,CRM002740,HOME,100000,14.2,240,ACTIVE,2022-09-08,LOAN_ORIGINATION
LN0001244,CRM003500,HOME,250000,12.74,120,ACTIVE,2020-05-26,LOAN_ORIGINATION
LN0001245,CRM002503,HOME,2500000,14.62,60,ACTIVE,2025-01-08,LOAN_ORIGINATION
LN0001246,CRM002937,AUTO,2500000,14.28,48,ACTIVE,2019-12-07,LOAN_ORIGINATION
LN0001247,CRM000057,PERSONAL,250000,7.9,12,ACTIVE,2025-01-25,LOAN_ORIGINATION
LN0001248,CRM001897,PERSONAL,100000,13.27,48,ACTIVE,2021-03-29,LOAN_ORIGINATION
LN0001249,CRM000959,AUTO,2500000,13.32,180,CLOSED,2020-11-25,LOAN_ORIGINATION
LN0001250,CRM001565,BUSINESS,2500000,16.11,180,ACTIVE,2023-06-05,LOAN_ORIGINATION
LN0001251,CRM000958,PERSONAL,500000,10.32,60,ACTIVE,2022-06-30,LOAN_ORIGINATION
LN0001252,CRM001712,BUSINESS,50000,8.16,24,DELINQUENT,2019-02-05,LOAN_ORIGINATION
LN0001253,CRM003388,AUTO,50000,15.94,240,DELINQUENT,2022-03-19,LOAN_ORIGINATION
LN0001254,CRM002485,PERSONAL,1000000,11.75,240,ACTIVE,2022-12-25,LOAN_ORIGINATION
LN0001255,CRM002342,AUTO,100000,9.84,12,ACTIVE,2019-03-24,LOAN_ORIGINATION
LN0001256,CRM001174,BUSINESS,2500000,14.84,180,ACTIVE,2025-05-02,LOAN_ORIGINATION
LN0001257,CRM000834,HOME,100000,10.47,60,CLOSED,2023-06-25,LOAN_ORIGINATION
LN0001258,CRM002890,BUSINESS,1000000,11.2,48,ACTIVE,2025-12-11,LOAN_ORIGINATION
LN0001259,CRM000527,BUSINESS,500000,16.84,48,CLOSED,2025-09-29,LOAN_ORIGINATION
LN0001260,CRM003868,BUSINESS,1000000,13.71,36,ACTIVE,2022-02-13,LOAN_ORIGINATION
LN0001261,CRM000142,PERSONAL,100000,16.55,48,CLOSED,2025-11-19,LOAN_ORIGINATION
LN0001262,CRM001470,PERSONAL,50000,17.09,120,ACTIVE,2024-05-29,LOAN_ORIGINATION
LN0001263,CRM002115,HOME,5000000,7.86,48,CLOSED,2022-01-11,LOAN_ORIGINATION
LN0001264,CRM002541,BUSINESS,1000000,10.04,36,ACTIVE,2026-01-16,LOAN_ORIGINATION
LN0001265,CRM001984,HOME,100000,13.23,36,ACTIVE,2025-06-07,LOAN_ORIGINATION
LN0001266,CRM002387,AUTO,50000,16.77,36,ACTIVE,2020-12-09,LOAN_ORIGINATION
LN0001267,CRM002729,HOME,5000000,14.2,48,ACTIVE,2023-09-10,LOAN_ORIGINATION
LN0001268,CRM001299,HOME,500000,18.29,48,ACTIVE,2020-06-04,LOAN_ORIGINATION
LN0001269,CRM002408,PERSONAL,5000000,7.55,120,ACTIVE,2021-05-12,LOAN_ORIGINATION
LN0001270,CRM000186,HOME,1000000,15.56,240,CLOSED,2023-06-06,LOAN_ORIGINATION
LN0001271,CRM003605,PERSONAL,100000,18.01,48,ACTIVE,2022-04-24,LOAN_ORIGINATION
LN0001272,CRM001073,AUTO,1000000,11.49,180,ACTIVE,2024-01-10,LOAN_ORIGINATION
LN0001273,CRM002704,PERSONAL,100000,7.68,12,CLOSED,2019-10-27,LOAN_ORIGINATION
LN0001274,CRM000723,BUSINESS,2500000,16.53,240,ACTIVE,2019-03-01,LOAN_ORIGINATION
LN0001275,CRM000403,AUTO,2500000,8.99,36,ACTIVE,2019-09-16,LOAN_ORIGINATION
LN0001276,CRM003238,AUTO,2500000,15.74,48,ACTIVE,2024-11-02,LOAN_ORIGINATION
LN0001277,CRM000944,BUSINESS,100000,15.51,12,ACTIVE,2019-08-28,LOAN_ORIGINATION
LN0001278,CRM002936,AUTO,5000000,17.7,48,ACTIVE,2021-08-26,LOAN_ORIGINATION
LN0001279,CRM002753,BUSINESS,50000,9.6,240,ACTIVE,2023-02-27,LOAN_ORIGINATION
LN0001280,CRM003078,HOME,250000,9.09,12,DELINQUENT,2020-07-09,LOAN_ORIGINATION
LN0001281,CRM001741,AUTO,5000000,17.57,24,ACTIVE,2019-01-05,LOAN_ORIGINATION
LN0001282,CRM003140,HOME,100000,11.1,60,ACTIVE,2020-05-16,LOAN_ORIGINATION
LN0001283,CRM000150,HOME,1000000,14.61,120,CLOSED,2020-09-03,LOAN_ORIGINATION
LN0001284,CRM003482,AUTO,5000000,10.43,36,ACTIVE,2021-10-29,LOAN_ORIGINATION
LN0001285,CRM001589,HOME,5000000,10.06,180,CLOSED,2025-01-25,LOAN_ORIGINATION
LN0001286,CRM002231,HOME,50000,14.39,240,ACTIVE,2024-03-28,LOAN_ORIGINATION
LN0001287,CRM000245,AUTO,250000,14.16,240,ACTIVE,2021-04-06,LOAN_ORIGINATION
LN0001288,CRM002185,HOME,50000,16.51,120,ACTIVE,2020-04-02,LOAN_ORIGINATION
LN0001289,CRM000779,PERSONAL,250000,14.14,120,ACTIVE,2022-04-28,LOAN_ORIGINATION
LN0001290,CRM002063,AUTO,2500000,10.87,36,ACTIVE,2024-06-18,LOAN_ORIGINATION
LN0001291,CRM000457,BUSINESS,2500000,14.14,180,ACTIVE,2025-11-23,LOAN_ORIGINATION
LN0001292,CRM000081,AUTO,2500000,13.52,120,ACTIVE,2020-09-11,LOAN_ORIGINATION
LN0001293,CRM003434,BUSINESS,2500000,15.43,240,ACTIVE,2023-04-11,LOAN_ORIGINATION
LN0001294,CRM003447,PERSONAL,100000,8.56,36,CLOSED,2022-12-12,LOAN_ORIGINATION
LN0001295,CRM003648,AUTO,1000000,12.91,12,ACTIVE,2020-06-25,LOAN_ORIGINATION
LN0001296,CRM003130,HOME,1000000,11.69,24,ACTIVE,2023-09-21,LOAN_ORIGINATION
LN0001297,CRM001582,AUTO,2500000,8.66,36,ACTIVE,2024-07-16,LOAN_ORIGINATION
LN0001298,CRM002567,BUSINESS,5000000,7.7,24,ACTIVE,2025-08-26,LOAN_ORIGINATION
LN0001299,CRM003073,HOME,250000,17.06,36,ACTIVE,2023-01-13,LOAN_ORIGINATION
LN0001300,CRM003244,BUSINESS,500000,14.05,60,ACTIVE,2021-05-05,LOAN_ORIGINATION
LN0001301,CRM003078,PERSONAL,50000,9.4,24,ACTIVE,2020-12-15,LOAN_ORIGINATION
LN0001302,CRM000936,PERSONAL,2500000,9.16,12,CLOSED,2025-06-20,LOAN_ORIGINATION
LN0001303,CRM001423,HOME,250000,13.7,120,DELINQUENT,2025-01-04,LOAN_ORIGINATION
LN0001304,CRM002250,PERSONAL,5000000,11.88,48,ACTIVE,2025-03-23,LOAN_ORIGINATION
LN0001305,CRM001453,BUSINESS,250000,10.17,120,CLOSED,2022-01-30,LOAN_ORIGINATION
LN0001306,CRM001669,BUSINESS,5000000,12.37,12,CLOSED,2019-08-21,LOAN_ORIGINATION
LN0001307,CRM003647,BUSINESS,250000,8.28,24,ACTIVE,2024-08-12,LOAN_ORIGINATION
LN0001308,CRM000955,HOME,250000,17.79,180,ACTIVE,2021-05-08,LOAN_ORIGINATION
LN0001309,CRM001155,BUSINESS,2500000,16.19,24,ACTIVE,2024-11-28,LOAN_ORIGINATION
LN0001310,CRM000394,BUSINESS,1000000,9.57,12,CLOSED,2026-01-24,LOAN_ORIGINATION
LN0001311,CRM000731,PERSONAL,2500000,11.69,180,ACTIVE,2020-02-12,LOAN_ORIGINATION
LN0001312,CRM000338,HOME,50000,12.85,120,ACTIVE,2024-01-02,LOAN_ORIGINATION
LN0001313,CRM003957,BUSINESS,250000,10.15,60,ACTIVE,2023-05-15,LOAN_ORIGINATION
LN0001314,CRM002610,HOME,250000,8.38,24,ACTIVE,2019-04-10,LOAN_ORIGINATION
LN0001315,CRM001146,PERSONAL,50000,15.73,240,ACTIVE,2021-12-18,LOAN_ORIGINATION
LN0001316,CRM001215,HOME,500000,9.68,48,ACTIVE,2019-10-08,LOAN_ORIGINATION
LN0001317,CRM001459,HOME,2500000,12.47,60,ACTIVE,2025-12-06,LOAN_ORIGINATION
LN0001318,CRM003188,BUSINESS,250000,18.41,48,CLOSED,2021-08-16,LOAN_ORIGINATION
LN0001319,CRM002129,PERSONAL,100000,9.88,36,CLOSED,2022-08-28,LOAN_ORIGINATION
LN0001320,CRM001498,HOME,5000000,9.46,36,CLOSED,2019-09-12,LOAN_ORIGINATION
LN0001321,CRM001558,HOME,100000,13.87,36,ACTIVE,2025-07-08,LOAN_ORIGINATION
LN0001322,CRM002233,PERSONAL,50000,11.82,120,ACTIVE,2020-04-27,LOAN_ORIGINATION
LN0001323,CRM002039,PERSONAL,100000,12.26,120,ACTIVE,2024-09-04,LOAN_ORIGINATION
LN0001324,CRM000304,HOME,100000,11.75,180,ACTIVE,2026-02-12,LOAN_ORIGINATION
LN0001325,CRM002593,AUTO,50000,14.68,48,ACTIVE,2025-09-16,LOAN_ORIGINATION
LN0001326,CRM002113,PERSONAL,50000,11.46,180,CLOSED,2023-05-29,LOAN_ORIGINATION
LN0001327,CRM002249,BUSINESS,1000000,17.77,180,ACTIVE,2023-11-05,LOAN_ORIGINATION
LN0001328,CRM002795,HOME,500000,7.48,60,ACTIVE,2019-04-15,LOAN_ORIGINATION
LN0001329,CRM000696,HOME,100000,9.48,60,CLOSED,2019-09-27,LOAN_ORIGINATION
LN0001330,CRM000119,AUTO,5000000,16.54,24,ACTIVE,2020-08-15,LOAN_ORIGINATION
LN0001331,CRM003883,BUSINESS,5000000,16.17,48,ACTIVE,2019-02-20,LOAN_ORIGINATION
LN0001332,CRM001893,BUSINESS,1000000,17.44,36,CLOSED,2024-03-13,LOAN_ORIGINATION
LN0001333,CRM003340,AUTO,250000,15.78,48,CLOSED,2021-07-09,LOAN_ORIGINATION
LN0001334,CRM002702,PERSONAL,2500000,17.77,12,ACTIVE,2020-03-29,LOAN_ORIGINATION
LN0001335,CRM003429,PERSONAL,500000,8.31,12,CLOSED,2022-07-22,LOAN_ORIGINATION
LN0001336,CRM001603,PERSONAL,1000000,18.23,240,ACTIVE,2023-10-26,LOAN_ORIGINATION
LN0001337,CRM002258,HOME,2500000,14.36,36,ACTIVE,2021-10-19,LOAN_ORIGINATION
LN0001338,CRM002868,PERSONAL,5000000,10.27,36,ACTIVE,2022-01-10,LOAN_ORIGINATION
LN0001339,CRM000202,PERSONAL,250000,15.02,48,ACTIVE,2026-03-25,LOAN_ORIGINATION
LN0001340,CRM003344,HOME,50000,12.54,180,CLOSED,2022-10-27,LOAN_ORIGINATION
LN0001341,CRM001397,AUTO,50000,16.31,36,ACTIVE,2022-04-17,LOAN_ORIGINATION
LN0001342,CRM000461,PERSONAL,500000,7.8,120,DELINQUENT,2025-06-21,LOAN_ORIGINATION
LN0001343,CRM000675,PERSONAL,2500000,11.6,36,ACTIVE,2019-10-31,LOAN_ORIGINATION
LN0001344,CRM002970,AUTO,5000000,11.95,36,ACTIVE,2019-09-28,LOAN_ORIGINATION
LN0001345,CRM003455,AUTO,1000000,10.17,240,ACTIVE,2023-10-21,LOAN_ORIGINATION
LN0001346,CRM002283,HOME,100000,9.13,12,ACTIVE,2019-08-28,LOAN_ORIGINATION
LN0001347,CRM003175,PERSONAL,100000,10.88,36,ACTIVE,2021-07-27,LOAN_ORIGINATION
LN0001348,CRM000430,BUSINESS,5000000,7.89,36,DELINQUENT,2023-06-10,LOAN_ORIGINATION
LN0001349,CRM001171,HOME,500000,12.55,240,CLOSED,2024-06-12,LOAN_ORIGINATION
LN0001350,CRM001393,HOME,2500000,17.92,120,ACTIVE,2019-01-02,LOAN_ORIGINATION
LN0001351,CRM002041,AUTO,1000000,16.67,48,ACTIVE,2020-02-11,LOAN_ORIGINATION
LN0001352,CRM001329,HOME,5000000,13.55,180,ACTIVE,2020-05-08,LOAN_ORIGINATION
LN0001353,CRM002384,AUTO,1000000,9.11,180,DELINQUENT,2023-12-30,LOAN_ORIGINATION
LN0001354,CRM002235,PERSONAL,2500000,8.63,180,ACTIVE,2020-10-05,LOAN_ORIGINATION
LN0001355,CRM002028,AUTO,5000000,15.74,12,ACTIVE,2019-01-12,LOAN_ORIGINATION
LN0001356,CRM001670,BUSINESS,500000,16.07,120,CLOSED,2022-11-17,LOAN_ORIGINATION
LN0001357,CRM003710,AUTO,100000,8.38,36,ACTIVE,2022-10-06,LOAN_ORIGINATION
LN0001358,CRM000581,PERSONAL,500000,9.52,48,CLOSED,2026-04-02,LOAN_ORIGINATION
LN0001359,CRM003443,BUSINESS,500000,14.09,60,CLOSED,2025-11-14,LOAN_ORIGINATION
LN0001360,CRM003892,BUSINESS,250000,17.03,36,CLOSED,2024-03-10,LOAN_ORIGINATION
LN0001361,CRM000137,HOME,1000000,17.73,12,CLOSED,2023-11-02,LOAN_ORIGINATION
LN0001362,CRM000313,HOME,5000000,10.66,24,ACTIVE,2021-03-21,LOAN_ORIGINATION
LN0001363,CRM003690,BUSINESS,1000000,13.76,180,ACTIVE,2026-02-27,LOAN_ORIGINATION
LN0001364,CRM000042,PERSONAL,2500000,8.58,120,ACTIVE,2024-09-17,LOAN_ORIGINATION
LN0001365,CRM003698,PERSONAL,2500000,8.15,240,ACTIVE,2023-12-18,LOAN_ORIGINATION
LN0001366,CRM000940,HOME,500000,7.89,36,CLOSED,2022-07-17,LOAN_ORIGINATION
LN0001367,CRM000373,BUSINESS,500000,10.54,180,ACTIVE,2025-01-24,LOAN_ORIGINATION
LN0001368,CRM003980,AUTO,1000000,13.77,36,CLOSED,2025-02-22,LOAN_ORIGINATION
LN0001369,CRM000142,PERSONAL,2500000,16.82,120,ACTIVE,2024-09-09,LOAN_ORIGINATION
LN0001370,CRM003133,PERSONAL,500000,10.2,36,ACTIVE,2023-04-24,LOAN_ORIGINATION
LN0001371,CRM000804,HOME,250000,8.26,120,DELINQUENT,2021-11-02,LOAN_ORIGINATION
LN0001372,CRM002699,BUSINESS,2500000,16.36,48,ACTIVE,2021-07-29,LOAN_ORIGINATION
LN0001373,CRM000396,PERSONAL,50000,17.01,12,ACTIVE,2019-05-09,LOAN_ORIGINATION
LN0001374,CRM002382,AUTO,1000000,15.56,180,ACTIVE,2021-12-30,LOAN_ORIGINATION
LN0001375,CRM001998,HOME,250000,9.54,120,ACTIVE,2026-04-12,LOAN_ORIGINATION
LN0001376,CRM002053,PERSONAL,1000000,13.08,240,ACTIVE,2022-03-16,LOAN_ORIGINATION
LN0001377,CRM000409,AUTO,100000,11.74,36,CLOSED,2022-09-23,LOAN_ORIGINATION
LN0001378,CRM003917,PERSONAL,250000,12.81,24,ACTIVE,2025-01-01,LOAN_ORIGINATION
LN0001379,CRM002000,AUTO,2500000,9.46,180,DELINQUENT,2021-01-05,LOAN_ORIGINATION
LN0001380,CRM002977,AUTO,500000,14.72,120,ACTIVE,2026-03-02,LOAN_ORIGINATION
LN0001381,CRM001333,AUTO,2500000,17.98,24,ACTIVE,2019-07-07,LOAN_ORIGINATION
LN0001382,CRM002511,HOME,1000000,12.27,180,ACTIVE,2025-05-27,LOAN_ORIGINATION
LN0001383,CRM002139,PERSONAL,5000000,18.07,12,DELINQUENT,2019-08-22,LOAN_ORIGINATION
LN0001384,CRM003998,HOME,2500000,17.21,180,CLOSED,2020-12-28,LOAN_ORIGINATION
LN0001385,CRM000506,AUTO,5000000,7.71,240,ACTIVE,2022-06-30,LOAN_ORIGINATION
LN0001386,CRM003660,BUSINESS,1000000,14.75,24,ACTIVE,2023-09-25,LOAN_ORIGINATION
LN0001387,CRM003718,PERSONAL,100000,10.37,36,ACTIVE,2021-01-08,LOAN_ORIGINATION
LN0001388,CRM001947,AUTO,250000,13.89,240,ACTIVE,2019-08-11,LOAN_ORIGINATION
LN0001389,CRM001969,PERSONAL,1000000,15.78,12,ACTIVE,2021-04-24,LOAN_ORIGINATION
LN0001390,CRM003019,HOME,50000,11.04,240,CLOSED,2024-08-12,LOAN_ORIGINATION
LN0001391,CRM002000,BUSINESS,100000,15.51,240,ACTIVE,2023-07-31,LOAN_ORIGINATION
LN0001392,CRM002019,BUSINESS,2500000,8.9,36,CLOSED,2020-06-02,LOAN_ORIGINATION
LN0001393,CRM003193,HOME,2500000,14.16,24,CLOSED,2019-01-30,LOAN_ORIGINATION
LN0001394,CRM003242,HOME,100000,15.33,36,CLOSED,2022-09-09,LOAN_ORIGINATION
LN0001395,CRM000855,BUSINESS,2500000,9.99,60,CLOSED,2025-09-19,LOAN_ORIGINATION
LN0001396,CRM000668,HOME,50000,7.52,180,CLOSED,2026-05-22,LOAN_ORIGINATION
LN0001397,CRM003180,AUTO,2500000,10.2,24,ACTIVE,2022-07-02,LOAN_ORIGINATION
LN0001398,CRM001619,HOME,250000,10.39,12,ACTIVE,2022-02-22,LOAN_ORIGINATION
LN0001399,CRM002901,BUSINESS,100000,15.73,12,CLOSED,2020-04-19,LOAN_ORIGINATION
LN0001400,CRM003776,HOME,5000000,14.16,12,ACTIVE,2021-07-27,LOAN_ORIGINATION
LN0001401,CRM003279,BUSINESS,250000,18.14,48,DELINQUENT,2022-05-23,LOAN_ORIGINATION
LN0001402,CRM003677,BUSINESS,5000000,8.29,120,CLOSED,2023-05-28,LOAN_ORIGINATION
LN0001403,CRM000655,HOME,250000,9.06,120,ACTIVE,2021-07-06,LOAN_ORIGINATION
LN0001404,CRM001957,PERSONAL,50000,17.51,180,CLOSED,2019-10-02,LOAN_ORIGINATION
LN0001405,CRM002773,BUSINESS,2500000,16.34,120,CLOSED,2019-06-05,LOAN_ORIGINATION
LN0001406,CRM002977,HOME,1000000,13.56,36,ACTIVE,2022-01-05,LOAN_ORIGINATION
LN0001407,CRM001674,AUTO,2500000,15.18,240,CLOSED,2024-01-12,LOAN_ORIGINATION
LN0001408,CRM000901,HOME,50000,13.31,36,CLOSED,2024-11-25,LOAN_ORIGINATION
LN0001409,CRM001355,PERSONAL,2500000,17.84,120,CLOSED,2023-11-07,LOAN_ORIGINATION
LN0001410,CRM003880,PERSONAL,2500000,16.92,12,CLOSED,2025-08-10,LOAN_ORIGINATION
LN0001411,CRM002704,HOME,100000,11.81,240,CLOSED,2024-06-04,LOAN_ORIGINATION
LN0001412,CRM000931,PERSONAL,100000,16.78,36,ACTIVE,2019-06-01,LOAN_ORIGINATION
LN0001413,CRM001317,BUSINESS,1000000,10.06,60,CLOSED,2026-01-04,LOAN_ORIGINATION
LN0001414,CRM000360,AUTO,250000,15.33,120,CLOSED,2022-03-06,LOAN_ORIGINATION
LN0001415,CRM001347,BUSINESS,100000,18.46,48,ACTIVE,2021-05-29,LOAN_ORIGINATION
LN0001416,CRM002393,AUTO,5000000,13.71,12,CLOSED,2020-06-03,LOAN_ORIGINATION
LN0001417,CRM000119,HOME,2500000,15.4,120,ACTIVE,2025-05-02,LOAN_ORIGINATION
LN0001418,CRM002663,BUSINESS,1000000,8.84,180,ACTIVE,2019-10-08,LOAN_ORIGINATION
LN0001419,CRM001751,HOME,2500000,15.91,240,ACTIVE,2021-04-26,LOAN_ORIGINATION
LN0001420,CRM003173,BUSINESS,500000,10.05,60,ACTIVE,2020-02-11,LOAN_ORIGINATION
LN0001421,CRM003754,AUTO,5000000,13.58,180,ACTIVE,2025-05-26,LOAN_ORIGINATION
LN0001422,CRM003775,PERSONAL,50000,17.14,48,ACTIVE,2026-05-08,LOAN_ORIGINATION
LN0001423,CRM000890,PERSONAL,100000,16.29,120,ACTIVE,2022-09-11,LOAN_ORIGINATION
LN0001424,CRM002113,BUSINESS,100000,17.18,12,ACTIVE,2020-08-16,LOAN_ORIGINATION
LN0001425,CRM003969,PERSONAL,100000,12.8,120,ACTIVE,2021-03-25,LOAN_ORIGINATION
LN0001426,CRM000237,AUTO,2500000,16.76,24,ACTIVE,2021-08-05,LOAN_ORIGINATION
LN0001427,CRM001851,AUTO,1000000,16.78,12,CLOSED,2023-11-03,LOAN_ORIGINATION
LN0001428,CRM003436,AUTO,250000,18.35,240,ACTIVE,2022-09-18,LOAN_ORIGINATION
LN0001429,CRM001560,HOME,100000,18.47,180,ACTIVE,2022-08-20,LOAN_ORIGINATION
LN0001430,CRM002365,HOME,2500000,17.49,120,ACTIVE,2024-12-07,LOAN_ORIGINATION
LN0001431,CRM003835,AUTO,50000,17.03,12,ACTIVE,2019-03-19,LOAN_ORIGINATION
LN0001432,CRM002383,HOME,1000000,15.25,60,ACTIVE,2024-09-17,LOAN_ORIGINATION
LN0001433,CRM001233,HOME,1000000,12.47,240,ACTIVE,2022-01-18,LOAN_ORIGINATION
LN0001434,CRM001169,PERSONAL,50000,12.52,48,ACTIVE,2019-04-03,LOAN_ORIGINATION
LN0001435,CRM000313,AUTO,1000000,16.04,60,DELINQUENT,2024-01-16,LOAN_ORIGINATION
LN0001436,CRM001474,BUSINESS,500000,17.11,24,ACTIVE,2025-02-22,LOAN_ORIGINATION
LN0001437,CRM002827,AUTO,250000,17.28,60,DELINQUENT,2022-10-19,LOAN_ORIGINATION
LN0001438,CRM003843,BUSINESS,2500000,10.92,240,ACTIVE,2022-08-26,LOAN_ORIGINATION
LN0001439,CRM001440,PERSONAL,5000000,8.52,36,ACTIVE,2024-01-06,LOAN_ORIGINATION
LN0001440,CRM000349,PERSONAL,100000,7.61,48,DELINQUENT,2025-10-25,LOAN_ORIGINATION
LN0001441,CRM002771,AUTO,100000,17.9,24,CLOSED,2025-06-16,LOAN_ORIGINATION
LN0001442,CRM000516,BUSINESS,100000,18.42,48,ACTIVE,2021-10-07,LOAN_ORIGINATION
LN0001443,CRM000861,BUSINESS,50000,9.5,240,ACTIVE,2023-04-02,LOAN_ORIGINATION
LN0001444,CRM002838,PERSONAL,50000,18.23,60,ACTIVE,2020-10-30,LOAN_ORIGINATION
LN0001445,CRM002258,BUSINESS,500000,14.29,24,ACTIVE,2024-11-08,LOAN_ORIGINATION
LN0001446,CRM003005,PERSONAL,50000,14.63,36,ACTIVE,2022-06-29,LOAN_ORIGINATION
LN0001447,CRM003962,AUTO,250000,14.58,240,CLOSED,2024-08-05,LOAN_ORIGINATION
LN0001448,CRM003571,PERSONAL,100000,11.04,36,DELINQUENT,2019-03-30,LOAN_ORIGINATION
LN0001449,CRM001738,BUSINESS,5000000,14.47,60,ACTIVE,2023-08-29,LOAN_ORIGINATION
LN0001450,CRM000301,BUSINESS,2500000,17.38,48,ACTIVE,2026-01-05,LOAN_ORIGINATION
LN0001451,CRM001535,PERSONAL,500000,18.46,180,ACTIVE,2020-11-03,LOAN_ORIGINATION
LN0001452,CRM002921,HOME,50000,11.47,240,ACTIVE,2020-07-02,LOAN_ORIGINATION
LN0001453,CRM000885,BUSINESS,250000,12.67,180,ACTIVE,2019-06-20,LOAN_ORIGINATION
LN0001454,CRM000808,AUTO,250000,17.38,24,ACTIVE,2026-03-12,LOAN_ORIGINATION
LN0001455,CRM001510,HOME,2500000,17.17,36,ACTIVE,2019-03-16,LOAN_ORIGINATION
LN0001456,CRM003720,HOME,250000,10.32,60,ACTIVE,2022-06-13,LOAN_ORIGINATION
LN0001457,CRM003424,BUSINESS,100000,7.82,24,ACTIVE,2024-06-17,LOAN_ORIGINATION
LN0001458,CRM001653,PERSONAL,5000000,16.03,36,ACTIVE,2019-10-17,LOAN_ORIGINATION
LN0001459,CRM000091,AUTO,250000,14.8,60,ACTIVE,2023-03-23,LOAN_ORIGINATION
LN0001460,CRM001913,AUTO,500000,11.02,36,ACTIVE,2023-04-27,LOAN_ORIGINATION
LN0001461,CRM002040,PERSONAL,1000000,15.47,240,ACTIVE,2020-11-06,LOAN_ORIGINATION
LN0001462,CRM003382,BUSINESS,2500000,10.73,24,ACTIVE,2020-04-14,LOAN_ORIGINATION
LN0001463,CRM002891,BUSINESS,500000,18.33,60,CLOSED,2021-04-04,LOAN_ORIGINATION
LN0001464,CRM002330,AUTO,500000,11.27,12,ACTIVE,2021-02-01,LOAN_ORIGINATION
LN0001465,CRM000551,PERSONAL,250000,9.2,24,ACTIVE,2019-10-17,LOAN_ORIGINATION
LN0001466,CRM003129,BUSINESS,1000000,14.49,60,ACTIVE,2020-04-28,LOAN_ORIGINATION
LN0001467,CRM000313,PERSONAL,5000000,9.94,120,ACTIVE,2025-11-15,LOAN_ORIGINATION
LN0001468,CRM001267,BUSINESS,2500000,14.11,24,ACTIVE,2024-05-12,LOAN_ORIGINATION
LN0001469,CRM003323,PERSONAL,100000,16.74,240,ACTIVE,2022-02-01,LOAN_ORIGINATION
LN0001470,CRM001403,HOME,2500000,8.25,36,CLOSED,2024-06-07,LOAN_ORIGINATION
LN0001471,CRM003463,PERSONAL,100000,16.97,240,ACTIVE,2022-06-24,LOAN_ORIGINATION
LN0001472,CRM002466,AUTO,100000,14.47,36,ACTIVE,2022-03-15,LOAN_ORIGINATION
LN0001473,CRM002703,BUSINESS,1000000,11.18,48,ACTIVE,2023-12-30,LOAN_ORIGINATION
LN0001474,CRM001914,PERSONAL,250000,16.37,180,ACTIVE,2024-06-11,LOAN_ORIGINATION
LN0001475,CRM003576,BUSINESS,250000,12.63,240,ACTIVE,2024-12-24,LOAN_ORIGINATION
LN0001476,CRM001176,PERSONAL,5000000,15.41,120,ACTIVE,2021-07-16,LOAN_ORIGINATION
LN0001477,CRM000868,HOME,100000,8.51,24,ACTIVE,2023-03-08,LOAN_ORIGINATION
LN0001478,CRM002628,HOME,5000000,18.37,36,ACTIVE,2023-05-22,LOAN_ORIGINATION
LN0001479,CRM003878,BUSINESS,1000000,10.51,60,ACTIVE,2023-02-04,LOAN_ORIGINATION
LN0001480,CRM000770,HOME,500000,11.3,120,ACTIVE,2020-02-19,LOAN_ORIGINATION
LN0001481,CRM002627,HOME,250000,7.29,48,ACTIVE,2021-01-03,LOAN_ORIGINATION
LN0001482,CRM000832,PERSONAL,250000,11.77,36,ACTIVE,2024-07-16,LOAN_ORIGINATION
LN0001483,CRM003319,HOME,500000,17.9,24,ACTIVE,2020-05-21,LOAN_ORIGINATION
LN0001484,CRM001344,AUTO,100000,12.89,240,ACTIVE,2021-04-27,LOAN_ORIGINATION
LN0001485,CRM003873,BUSINESS,5000000,15.87,24,ACTIVE,2019-09-23,LOAN_ORIGINATION
LN0001486,CRM002162,BUSINESS,2500000,9.03,24,ACTIVE,2026-05-12,LOAN_ORIGINATION
LN0001487,CRM002320,HOME,5000000,17.86,240,ACTIVE,2022-10-18,LOAN_ORIGINATION
LN0001488,CRM003229,BUSINESS,100000,11.76,60,ACTIVE,2025-01-12,LOAN_ORIGINATION
LN0001489,CRM000778,HOME,2500000,13.84,180,CLOSED,2021-09-02,LOAN_ORIGINATION
LN0001490,CRM003001,PERSONAL,500000,8.55,60,ACTIVE,2020-05-18,LOAN_ORIGINATION
LN0001491,CRM001349,AUTO,5000000,13.12,180,ACTIVE,2023-07-13,LOAN_ORIGINATION
LN0001492,CRM000282,PERSONAL,500000,7.47,24,DELINQUENT,2023-07-25,LOAN_ORIGINATION
LN0001493,CRM000402,PERSONAL,500000,16.18,24,ACTIVE,2020-12-21,LOAN_ORIGINATION
LN0001494,CRM002831,PERSONAL,250000,17.96,12,ACTIVE,2019-07-23,LOAN_ORIGINATION
LN0001495,CRM000008,PERSONAL,500000,16.6,120,CLOSED,2024-01-24,LOAN_ORIGINATION
LN0001496,CRM003330,PERSONAL,5000000,16.0,36,CLOSED,2020-02-07,LOAN_ORIGINATION
LN0001497,CRM000231,BUSINESS,5000000,7.45,12,ACTIVE,2020-11-13,LOAN_ORIGINATION
LN0001498,CRM001362,PERSONAL,5000000,11.27,180,ACTIVE,2022-11-28,LOAN_ORIGINATION
LN0001499,CRM000031,BUSINESS,5000000,9.49,48,CLOSED,2021-08-28,LOAN_ORIGINATION
LN0001500,CRM001926,BUSINESS,1000000,8.67,36,DELINQUENT,2025-11-11,LOAN_ORIGINATION
LN0001501,CRM000295,PERSONAL,50000,8.96,12,ACTIVE,2020-10-01,LOAN_ORIGINATION
LN0001502,CRM001913,AUTO,100000,11.52,240,ACTIVE,2026-03-22,LOAN_ORIGINATION
LN0001503,CRM003432,BUSINESS,1000000,18.24,120,ACTIVE,2024-11-14,LOAN_ORIGINATION
LN0001504,CRM001303,AUTO,1000000,17.06,36,CLOSED,2022-09-06,LOAN_ORIGINATION
LN0001505,CRM000612,HOME,50000,17.58,180,ACTIVE,2023-01-11,LOAN_ORIGINATION
LN0001506,CRM000616,AUTO,2500000,17.2,120,ACTIVE,2022-09-30,LOAN_ORIGINATION
LN0001507,CRM001588,PERSONAL,2500000,11.47,180,ACTIVE,2025-03-15,LOAN_ORIGINATION
LN0001508,CRM000045,PERSONAL,2500000,7.71,12,ACTIVE,2026-05-07,LOAN_ORIGINATION
LN0001509,CRM001706,BUSINESS,100000,9.8,24,ACTIVE,2019-10-07,LOAN_ORIGINATION
LN0001510,CRM002090,BUSINESS,5000000,11.07,180,ACTIVE,2019-10-21,LOAN_ORIGINATION
LN0001511,CRM003550,PERSONAL,100000,13.87,120,ACTIVE,2019-09-12,LOAN_ORIGINATION
LN0001512,CRM001639,HOME,100000,15.49,36,ACTIVE,2024-01-27,LOAN_ORIGINATION
LN0001513,CRM003576,BUSINESS,2500000,16.88,240,CLOSED,2021-08-28,LOAN_ORIGINATION
LN0001514,CRM002285,BUSINESS,100000,17.15,240,ACTIVE,2020-04-19,LOAN_ORIGINATION
LN0001515,CRM003284,PERSONAL,500000,10.89,36,CLOSED,2022-10-07,LOAN_ORIGINATION
LN0001516,CRM002656,PERSONAL,1000000,16.87,48,CLOSED,2022-02-21,LOAN_ORIGINATION
LN0001517,CRM002471,AUTO,500000,16.92,24,ACTIVE,2020-04-16,LOAN_ORIGINATION
LN0001518,CRM000734,HOME,50000,18.04,180,CLOSED,2022-08-20,LOAN_ORIGINATION
LN0001519,CRM000518,PERSONAL,2500000,13.77,24,CLOSED,2023-04-27,LOAN_ORIGINATION
LN0001520,CRM001771,HOME,50000,14.03,240,ACTIVE,2019-01-02,LOAN_ORIGINATION
LN0001521,CRM003484,AUTO,50000,9.44,24,ACTIVE,2021-10-22,LOAN_ORIGINATION
LN0001522,CRM001864,HOME,2500000,10.13,48,ACTIVE,2025-10-01,LOAN_ORIGINATION
LN0001523,CRM002651,PERSONAL,5000000,11.06,12,ACTIVE,2024-07-23,LOAN_ORIGINATION
LN0001524,CRM002899,HOME,250000,17.38,12,ACTIVE,2022-12-15,LOAN_ORIGINATION
LN0001525,CRM001304,AUTO,2500000,14.14,240,CLOSED,2025-06-07,LOAN_ORIGINATION
LN0001526,CRM003505,BUSINESS,100000,17.6,60,CLOSED,2023-12-24,LOAN_ORIGINATION
LN0001527,CRM001035,BUSINESS,1000000,10.14,180,CLOSED,2023-09-09,LOAN_ORIGINATION
LN0001528,CRM003765,BUSINESS,500000,17.88,240,ACTIVE,2019-08-31,LOAN_ORIGINATION
LN0001529,CRM002849,AUTO,50000,16.2,60,ACTIVE,2024-06-07,LOAN_ORIGINATION
LN0001530,CRM001318,AUTO,5000000,9.49,24,ACTIVE,2026-01-23,LOAN_ORIGINATION
LN0001531,CRM002235,PERSONAL,100000,7.61,180,ACTIVE,2022-08-25,LOAN_ORIGINATION
LN0001532,CRM000488,AUTO,2500000,7.82,240,ACTIVE,2019-08-05,LOAN_ORIGINATION
LN0001533,CRM000220,AUTO,5000000,9.04,36,ACTIVE,2026-03-22,LOAN_ORIGINATION
LN0001534,CRM003409,HOME,5000000,11.08,36,CLOSED,2021-09-06,LOAN_ORIGINATION
LN0001535,CRM000355,PERSONAL,5000000,12.88,120,DELINQUENT,2022-03-24,LOAN_ORIGINATION
LN0001536,CRM002144,HOME,50000,8.34,24,CLOSED,2021-05-24,LOAN_ORIGINATION
LN0001537,CRM002637,BUSINESS,1000000,14.94,180,ACTIVE,2025-11-01,LOAN_ORIGINATION
LN0001538,CRM002786,HOME,100000,13.7,48,ACTIVE,2019-09-23,LOAN_ORIGINATION
LN0001539,CRM001582,BUSINESS,250000,14.81,12,ACTIVE,2022-02-22,LOAN_ORIGINATION
LN0001540,CRM002290,AUTO,500000,7.72,60,ACTIVE,2022-11-14,LOAN_ORIGINATION
LN0001541,CRM001917,PERSONAL,1000000,16.65,240,ACTIVE,2023-10-13,LOAN_ORIGINATION
LN0001542,CRM001820,AUTO,1000000,14.16,36,ACTIVE,2023-02-19,LOAN_ORIGINATION
LN0001543,CRM001480,HOME,50000,10.12,36,ACTIVE,2022-12-11,LOAN_ORIGINATION
LN0001544,CRM001447,PERSONAL,50000,8.76,48,ACTIVE,2019-12-03,LOAN_ORIGINATION
LN0001545,CRM000192,BUSINESS,1000000,13.57,12,CLOSED,2024-03-30,LOAN_ORIGINATION
LN0001546,CRM001838,AUTO,500000,14.23,60,ACTIVE,2025-12-29,LOAN_ORIGINATION
LN0001547,CRM000398,AUTO,500000,14.02,36,CLOSED,2021-12-29,LOAN_ORIGINATION
LN0001548,CRM002567,PERSONAL,50000,15.73,36,CLOSED,2025-08-04,LOAN_ORIGINATION
LN0001549,CRM001107,BUSINESS,500000,15.69,48,ACTIVE,2023-03-06,LOAN_ORIGINATION
LN0001550,CRM000361,BUSINESS,2500000,16.78,180,ACTIVE,2019-02-27,LOAN_ORIGINATION
LN0001551,CRM001840,AUTO,500000,16.7,60,CLOSED,2022-03-03,LOAN_ORIGINATION
LN0001552,CRM002962,PERSONAL,250000,15.33,180,ACTIVE,2024-12-09,LOAN_ORIGINATION
LN0001553,CRM000405,PERSONAL,1000000,7.58,60,ACTIVE,2022-07-19,LOAN_ORIGINATION
LN0001554,CRM001869,AUTO,100000,13.81,12,ACTIVE,2024-06-13,LOAN_ORIGINATION
LN0001555,CRM000014,PERSONAL,2500000,17.7,24,ACTIVE,2020-02-18,LOAN_ORIGINATION
LN0001556,CRM001807,HOME,50000,12.41,240,ACTIVE,2020-03-13,LOAN_ORIGINATION
LN0001557,CRM003525,HOME,5000000,12.23,48,CLOSED,2021-12-17,LOAN_ORIGINATION
LN0001558,CRM000174,PERSONAL,250000,8.33,24,ACTIVE,2020-11-23,LOAN_ORIGINATION
LN0001559,CRM002984,HOME,50000,11.47,12,ACTIVE,2021-12-03,LOAN_ORIGINATION
LN0001560,CRM002428,PERSONAL,500000,13.34,60,ACTIVE,2019-11-13,LOAN_ORIGINATION
LN0001561,CRM002963,BUSINESS,50000,7.97,120,ACTIVE,2025-05-10,LOAN_ORIGINATION
LN0001562,CRM000346,PERSONAL,250000,14.07,120,ACTIVE,2023-12-16,LOAN_ORIGINATION
LN0001563,CRM001876,PERSONAL,500000,17.48,240,ACTIVE,2021-01-25,LOAN_ORIGINATION
LN0001564,CRM002129,BUSINESS,2500000,9.66,60,ACTIVE,2023-09-15,LOAN_ORIGINATION
LN0001565,CRM000887,AUTO,1000000,11.75,120,ACTIVE,2024-11-26,LOAN_ORIGINATION
LN0001566,CRM002232,BUSINESS,100000,11.73,36,ACTIVE,2023-09-25,LOAN_ORIGINATION
LN0001567,CRM001929,HOME,2500000,7.69,36,ACTIVE,2019-09-26,LOAN_ORIGINATION
LN0001568,CRM003678,AUTO,250000,17.89,120,ACTIVE,2024-08-19,LOAN_ORIGINATION
LN0001569,CRM000660,BUSINESS,500000,14.23,24,ACTIVE,2023-01-18,LOAN_ORIGINATION
LN0001570,CRM000956,HOME,5000000,15.13,120,ACTIVE,2021-07-02,LOAN_ORIGINATION
LN0001571,CRM001156,BUSINESS,100000,10.01,48,ACTIVE,2021-01-01,LOAN_ORIGINATION
LN0001572,CRM003924,BUSINESS,1000000,16.01,24,ACTIVE,2025-09-30,LOAN_ORIGINATION
LN0001573,CRM002559,HOME,500000,9.12,24,ACTIVE,2022-12-07,LOAN_ORIGINATION
LN0001574,CRM002871,HOME,5000000,7.25,60,ACTIVE,2021-09-18,LOAN_ORIGINATION
LN0001575,CRM003786,BUSINESS,1000000,14.17,24,ACTIVE,2020-08-14,LOAN_ORIGINATION
LN0001576,CRM002187,HOME,100000,7.83,48,ACTIVE,2024-08-14,LOAN_ORIGINATION
LN0001577,CRM000313,HOME,250000,13.68,180,DELINQUENT,2025-01-25,LOAN_ORIGINATION
LN0001578,CRM001406,PERSONAL,5000000,18.08,36,ACTIVE,2019-09-18,LOAN_ORIGINATION
LN0001579,CRM003075,PERSONAL,2500000,9.02,36,CLOSED,2019-09-09,LOAN_ORIGINATION
LN0001580,CRM002535,PERSONAL,50000,16.88,24,CLOSED,2025-05-01,LOAN_ORIGINATION
LN0001581,CRM000436,BUSINESS,5000000,13.17,24,ACTIVE,2022-05-03,LOAN_ORIGINATION
LN0001582,CRM002472,AUTO,250000,11.47,36,ACTIVE,2025-05-23,LOAN_ORIGINATION
LN0001583,CRM001837,BUSINESS,500000,14.62,12,ACTIVE,2023-11-03,LOAN_ORIGINATION
LN0001584,CRM001294,HOME,5000000,9.18,12,ACTIVE,2024-04-23,LOAN_ORIGINATION
LN0001585,CRM001624,HOME,500000,13.52,24,CLOSED,2020-08-30,LOAN_ORIGINATION
LN0001586,CRM000826,HOME,100000,8.43,36,ACTIVE,2026-05-23,LOAN_ORIGINATION
LN0001587,CRM002898,AUTO,250000,11.12,120,CLOSED,2024-11-06,LOAN_ORIGINATION
LN0001588,CRM003502,PERSONAL,1000000,7.55,240,DELINQUENT,2023-11-29,LOAN_ORIGINATION
LN0001589,CRM001931,BUSINESS,2500000,13.21,180,ACTIVE,2020-11-29,LOAN_ORIGINATION
LN0001590,CRM003214,BUSINESS,5000000,10.76,120,ACTIVE,2025-11-15,LOAN_ORIGINATION
LN0001591,CRM003763,HOME,50000,15.91,24,CLOSED,2025-06-08,LOAN_ORIGINATION
LN0001592,CRM003366,PERSONAL,1000000,12.08,12,ACTIVE,2019-10-07,LOAN_ORIGINATION
LN0001593,CRM001814,AUTO,100000,12.11,24,ACTIVE,2023-10-26,LOAN_ORIGINATION
LN0001594,CRM001475,BUSINESS,1000000,11.81,36,ACTIVE,2019-07-28,LOAN_ORIGINATION
LN0001595,CRM000706,AUTO,1000000,13.58,36,ACTIVE,2022-08-14,LOAN_ORIGINATION
LN0001596,CRM001010,HOME,500000,14.35,180,ACTIVE,2024-07-29,LOAN_ORIGINATION
LN0001597,CRM002329,AUTO,2500000,10.39,48,DELINQUENT,2021-03-03,LOAN_ORIGINATION
LN0001598,CRM001444,AUTO,250000,12.46,120,ACTIVE,2024-02-28,LOAN_ORIGINATION
LN0001599,CRM002483,PERSONAL,250000,13.06,48,ACTIVE,2020-08-09,LOAN_ORIGINATION
LN0001600,CRM000947,BUSINESS,250000,10.27,36,ACTIVE,2021-09-23,LOAN_ORIGINATION
LN0001601,CRM001338,BUSINESS,50000,13.67,36,CLOSED,2019-10-15,LOAN_ORIGINATION
LN0001602,CRM000969,AUTO,1000000,8.44,240,ACTIVE,2024-12-03,LOAN_ORIGINATION
LN0001603,CRM000666,BUSINESS,500000,12.62,120,ACTIVE,2025-08-23,LOAN_ORIGINATION
LN0001604,CRM001956,HOME,5000000,15.77,12,CLOSED,2022-09-17,LOAN_ORIGINATION
LN0001605,CRM003441,AUTO,5000000,12.26,12,ACTIVE,2021-05-10,LOAN_ORIGINATION
LN0001606,CRM002158,BUSINESS,1000000,13.75,36,CLOSED,2025-09-22,LOAN_ORIGINATION
LN0001607,CRM001948,AUTO,1000000,18.36,180,ACTIVE,2021-09-07,LOAN_ORIGINATION
LN0001608,CRM002853,HOME,5000000,8.8,12,ACTIVE,2019-01-01,LOAN_ORIGINATION
LN0001609,CRM002750,PERSONAL,250000,9.39,24,CLOSED,2021-10-14,LOAN_ORIGINATION
LN0001610,CRM001920,BUSINESS,50000,11.32,60,CLOSED,2023-05-29,LOAN_ORIGINATION
LN0001611,CRM003493,AUTO,250000,12.77,24,ACTIVE,2019-09-09,LOAN_ORIGINATION
LN0001612,CRM001364,HOME,100000,8.37,180,CLOSED,2022-12-09,LOAN_ORIGINATION
LN0001613,CRM001773,AUTO,5000000,15.9,240,ACTIVE,2024-07-22,LOAN_ORIGINATION
LN0001614,CRM002083,PERSONAL,50000,16.58,120,DELINQUENT,2020-10-12,LOAN_ORIGINATION
LN0001615,CRM000337,PERSONAL,100000,11.85,48,ACTIVE,2021-12-16,LOAN_ORIGINATION
LN0001616,CRM001832,HOME,5000000,13.32,36,ACTIVE,2025-12-30,LOAN_ORIGINATION
LN0001617,CRM000137,HOME,5000000,16.85,48,ACTIVE,2023-05-05,LOAN_ORIGINATION
LN0001618,CRM000755,BUSINESS,100000,15.01,12,ACTIVE,2021-03-09,LOAN_ORIGINATION
LN0001619,CRM002442,HOME,500000,8.4,12,ACTIVE,2021-02-08,LOAN_ORIGINATION
LN0001620,CRM002288,AUTO,500000,15.44,24,CLOSED,2023-07-31,LOAN_ORIGINATION
LN0001621,CRM002453,PERSONAL,5000000,7.58,60,ACTIVE,2025-08-30,LOAN_ORIGINATION
LN0001622,CRM001221,HOME,100000,9.12,36,ACTIVE,2020-04-30,LOAN_ORIGINATION
LN0001623,CRM002371,AUTO,5000000,8.09,240,ACTIVE,2023-07-07,LOAN_ORIGINATION
LN0001624,CRM000538,HOME,100000,10.45,24,CLOSED,2025-01-25,LOAN_ORIGINATION
LN0001625,CRM000328,BUSINESS,500000,14.65,24,ACTIVE,2024-03-13,LOAN_ORIGINATION
LN0001626,CRM000809,BUSINESS,500000,14.66,48,ACTIVE,2023-01-19,LOAN_ORIGINATION
LN0001627,CRM000757,AUTO,250000,18.27,240,ACTIVE,2019-03-21,LOAN_ORIGINATION
LN0001628,CRM001393,AUTO,250000,16.44,120,CLOSED,2021-10-19,LOAN_ORIGINATION
LN0001629,CRM000416,PERSONAL,500000,18.12,12,ACTIVE,2023-03-30,LOAN_ORIGINATION
LN0001630,CRM000243,BUSINESS,250000,10.8,48,ACTIVE,2023-02-25,LOAN_ORIGINATION
LN0001631,CRM002538,PERSONAL,5000000,12.17,120,ACTIVE,2020-05-18,LOAN_ORIGINATION
LN0001632,CRM000809,PERSONAL,500000,17.5,12,ACTIVE,2023-05-21,LOAN_ORIGINATION
LN0001633,CRM003461,HOME,250000,7.32,12,DELINQUENT,2019-02-24,LOAN_ORIGINATION
LN0001634,CRM003379,PERSONAL,50000,8.01,36,ACTIVE,2023-12-10,LOAN_ORIGINATION
LN0001635,CRM000874,AUTO,500000,9.52,240,ACTIVE,2024-09-09,LOAN_ORIGINATION
LN0001636,CRM003042,PERSONAL,100000,13.85,180,ACTIVE,2026-02-09,LOAN_ORIGINATION
LN0001637,CRM002628,BUSINESS,50000,14.6,120,ACTIVE,2019-12-15,LOAN_ORIGINATION
LN0001638,CRM000387,BUSINESS,100000,13.35,180,ACTIVE,2026-04-29,LOAN_ORIGINATION
LN0001639,CRM003681,BUSINESS,100000,15.69,12,ACTIVE,2026-03-26,LOAN_ORIGINATION
LN0001640,CRM003603,PERSONAL,2500000,10.47,48,ACTIVE,2025-09-27,LOAN_ORIGINATION
LN0001641,CRM000322,HOME,50000,17.24,12,CLOSED,2022-12-14,LOAN_ORIGINATION
LN0001642,CRM001110,HOME,500000,14.15,48,DELINQUENT,2023-11-09,LOAN_ORIGINATION
LN0001643,CRM000145,PERSONAL,1000000,13.18,36,ACTIVE,2022-09-02,LOAN_ORIGINATION
LN0001644,CRM001174,BUSINESS,250000,14.63,240,ACTIVE,2024-06-11,LOAN_ORIGINATION
LN0001645,CRM000519,HOME,250000,17.13,60,ACTIVE,2021-06-25,LOAN_ORIGINATION
LN0001646,CRM002417,HOME,250000,12.35,48,CLOSED,2023-11-25,LOAN_ORIGINATION
LN0001647,CRM001537,HOME,1000000,15.87,120,ACTIVE,2020-06-06,LOAN_ORIGINATION
LN0001648,CRM001938,HOME,50000,14.93,12,ACTIVE,2024-10-08,LOAN_ORIGINATION
LN0001649,CRM000397,AUTO,1000000,13.76,48,ACTIVE,2021-01-28,LOAN_ORIGINATION
LN0001650,CRM000406,AUTO,2500000,13.89,60,ACTIVE,2021-04-16,LOAN_ORIGINATION
LN0001651,CRM002889,PERSONAL,50000,10.03,24,CLOSED,2024-03-07,LOAN_ORIGINATION
LN0001652,CRM001658,AUTO,2500000,18.24,36,ACTIVE,2019-09-02,LOAN_ORIGINATION
LN0001653,CRM000562,BUSINESS,100000,8.26,180,CLOSED,2021-01-06,LOAN_ORIGINATION
LN0001654,CRM002295,BUSINESS,2500000,13.05,60,ACTIVE,2022-08-26,LOAN_ORIGINATION
LN0001655,CRM000921,AUTO,250000,12.88,120,CLOSED,2019-11-04,LOAN_ORIGINATION
LN0001656,CRM003209,AUTO,5000000,7.79,240,ACTIVE,2023-11-18,LOAN_ORIGINATION
LN0001657,CRM003999,BUSINESS,5000000,16.79,12,ACTIVE,2023-06-07,LOAN_ORIGINATION
LN0001658,CRM002566,HOME,1000000,11.06,24,ACTIVE,2019-07-04,LOAN_ORIGINATION
LN0001659,CRM003330,PERSONAL,2500000,14.42,36,CLOSED,2020-07-16,LOAN_ORIGINATION
LN0001660,CRM002120,BUSINESS,250000,14.58,12,ACTIVE,2020-03-17,LOAN_ORIGINATION
LN0001661,CRM000774,BUSINESS,1000000,12.06,36,CLOSED,2021-12-17,LOAN_ORIGINATION
LN0001662,CRM002624,AUTO,100000,10.28,120,CLOSED,2021-03-03,LOAN_ORIGINATION
LN0001663,CRM002610,PERSONAL,250000,17.47,48,ACTIVE,2021-06-04,LOAN_ORIGINATION
LN0001664,CRM000645,AUTO,250000,8.69,120,CLOSED,2023-10-11,LOAN_ORIGINATION
LN0001665,CRM003858,PERSONAL,5000000,13.28,48,DELINQUENT,2020-07-05,LOAN_ORIGINATION
LN0001666,CRM000668,AUTO,1000000,13.13,60,ACTIVE,2020-03-18,LOAN_ORIGINATION
LN0001667,CRM000156,AUTO,250000,12.66,240,ACTIVE,2023-01-11,LOAN_ORIGINATION
LN0001668,CRM002106,PERSONAL,100000,14.5,60,ACTIVE,2022-12-01,LOAN_ORIGINATION
LN0001669,CRM003611,AUTO,100000,12.56,12,CLOSED,2023-01-22,LOAN_ORIGINATION
LN0001670,CRM003802,HOME,250000,10.92,240,ACTIVE,2019-03-02,LOAN_ORIGINATION
LN0001671,CRM003729,AUTO,500000,13.82,120,ACTIVE,2019-01-22,LOAN_ORIGINATION
LN0001672,CRM000779,HOME,50000,11.42,240,DELINQUENT,2019-07-22,LOAN_ORIGINATION
LN0001673,CRM001892,HOME,2500000,13.93,240,ACTIVE,2024-10-01,LOAN_ORIGINATION
LN0001674,CRM002785,PERSONAL,500000,9.52,12,ACTIVE,2019-04-16,LOAN_ORIGINATION
LN0001675,CRM002041,PERSONAL,50000,14.4,48,ACTIVE,2019-09-19,LOAN_ORIGINATION
LN0001676,CRM002616,BUSINESS,2500000,14.88,240,ACTIVE,2021-11-16,LOAN_ORIGINATION
LN0001677,CRM000258,BUSINESS,50000,13.59,120,ACTIVE,2021-02-19,LOAN_ORIGINATION
LN0001678,CRM002887,PERSONAL,50000,14.88,120,CLOSED,2023-05-17,LOAN_ORIGINATION
LN0001679,CRM001589,PERSONAL,500000,9.92,24,ACTIVE,2019-05-06,LOAN_ORIGINATION
LN0001680,CRM002441,BUSINESS,100000,12.74,36,CLOSED,2023-12-13,LOAN_ORIGINATION
LN0001681,CRM001811,PERSONAL,100000,13.23,48,ACTIVE,2022-05-02,LOAN_ORIGINATION
LN0001682,CRM003474,BUSINESS,100000,13.41,36,ACTIVE,2021-03-02,LOAN_ORIGINATION
LN0001683,CRM002109,HOME,2500000,9.71,36,CLOSED,2019-06-27,LOAN_ORIGINATION
LN0001684,CRM001668,AUTO,50000,17.44,12,ACTIVE,2026-02-05,LOAN_ORIGINATION
LN0001685,CRM000244,HOME,5000000,13.32,12,ACTIVE,2024-03-20,LOAN_ORIGINATION
LN0001686,CRM001011,AUTO,2500000,13.54,36,ACTIVE,2021-11-01,LOAN_ORIGINATION
LN0001687,CRM001121,PERSONAL,500000,13.15,60,ACTIVE,2019-09-18,LOAN_ORIGINATION
LN0001688,CRM000786,BUSINESS,250000,15.08,240,ACTIVE,2022-05-19,LOAN_ORIGINATION
LN0001689,CRM003680,HOME,100000,15.8,60,CLOSED,2020-01-03,LOAN_ORIGINATION
LN0001690,CRM003250,HOME,1000000,13.87,24,DELINQUENT,2019-02-04,LOAN_ORIGINATION
LN0001691,CRM001843,HOME,1000000,15.07,240,ACTIVE,2024-02-17,LOAN_ORIGINATION
LN0001692,CRM003262,HOME,500000,9.31,120,ACTIVE,2025-03-09,LOAN_ORIGINATION
LN0001693,CRM001315,AUTO,250000,16.22,48,ACTIVE,2021-09-08,LOAN_ORIGINATION
LN0001694,CRM003988,AUTO,500000,10.41,36,CLOSED,2019-10-29,LOAN_ORIGINATION
LN0001695,CRM001620,PERSONAL,1000000,10.38,60,ACTIVE,2020-02-04,LOAN_ORIGINATION
LN0001696,CRM001722,PERSONAL,500000,9.08,24,ACTIVE,2020-09-03,LOAN_ORIGINATION
LN0001697,CRM001909,PERSONAL,50000,16.27,12,ACTIVE,2022-01-11,LOAN_ORIGINATION
LN0001698,CRM001301,BUSINESS,500000,16.04,180,ACTIVE,2021-05-23,LOAN_ORIGINATION
LN0001699,CRM000054,PERSONAL,250000,10.15,24,ACTIVE,2021-02-17,LOAN_ORIGINATION
LN0001700,CRM000633,AUTO,1000000,15.23,48,CLOSED,2019-10-16,LOAN_ORIGINATION
LN0001701,CRM003001,BUSINESS,1000000,15.38,24,ACTIVE,2019-04-28,LOAN_ORIGINATION
LN0001702,CRM003306,PERSONAL,250000,12.55,12,ACTIVE,2019-06-22,LOAN_ORIGINATION
LN0001703,CRM002008,BUSINESS,5000000,17.09,180,ACTIVE,2020-06-30,LOAN_ORIGINATION
LN0001704,CRM002973,HOME,100000,11.82,240,ACTIVE,2019-02-20,LOAN_ORIGINATION
LN0001705,CRM001813,PERSONAL,5000000,12.77,48,ACTIVE,2022-01-26,LOAN_ORIGINATION
LN0001706,CRM003184,BUSINESS,100000,17.72,48,ACTIVE,2025-11-25,LOAN_ORIGINATION
LN0001707,CRM002337,BUSINESS,50000,13.57,180,ACTIVE,2021-01-25,LOAN_ORIGINATION
LN0001708,CRM002390,AUTO,2500000,16.83,180,ACTIVE,2020-09-01,LOAN_ORIGINATION
LN0001709,CRM001539,AUTO,100000,17.24,240,CLOSED,2026-04-10,LOAN_ORIGINATION
LN0001710,CRM001613,PERSONAL,50000,11.18,48,ACTIVE,2023-05-24,LOAN_ORIGINATION
LN0001711,CRM002068,AUTO,50000,13.4,36,CLOSED,2025-10-18,LOAN_ORIGINATION
LN0001712,CRM003416,AUTO,500000,16.6,60,ACTIVE,2021-04-23,LOAN_ORIGINATION
LN0001713,CRM001541,HOME,100000,14.76,24,ACTIVE,2021-05-12,LOAN_ORIGINATION
LN0001714,CRM003566,HOME,2500000,11.43,60,ACTIVE,2025-10-27,LOAN_ORIGINATION
LN0001715,CRM003070,HOME,2500000,7.35,180,ACTIVE,2021-06-09,LOAN_ORIGINATION
LN0001716,CRM000813,PERSONAL,2500000,18.14,240,CLOSED,2023-03-11,LOAN_ORIGINATION
LN0001717,CRM001735,HOME,5000000,15.47,36,ACTIVE,2022-06-22,LOAN_ORIGINATION
LN0001718,CRM001714,BUSINESS,250000,14.72,48,ACTIVE,2026-01-18,LOAN_ORIGINATION
LN0001719,CRM000757,PERSONAL,500000,13.17,24,CLOSED,2021-02-15,LOAN_ORIGINATION
LN0001720,CRM000036,PERSONAL,100000,15.07,180,ACTIVE,2021-09-04,LOAN_ORIGINATION
LN0001721,CRM000535,HOME,500000,13.88,24,ACTIVE,2022-02-22,LOAN_ORIGINATION
LN0001722,CRM000278,PERSONAL,5000000,7.73,120,ACTIVE,2022-11-25,LOAN_ORIGINATION
LN0001723,CRM002143,AUTO,50000,9.71,120,DELINQUENT,2020-11-09,LOAN_ORIGINATION
LN0001724,CRM002320,BUSINESS,50000,11.82,36,CLOSED,2023-07-24,LOAN_ORIGINATION
LN0001725,CRM002946,PERSONAL,100000,14.29,240,ACTIVE,2020-06-19,LOAN_ORIGINATION
LN0001726,CRM002904,BUSINESS,100000,8.17,36,ACTIVE,2019-04-16,LOAN_ORIGINATION
LN0001727,CRM003510,BUSINESS,2500000,12.4,36,ACTIVE,2024-02-26,LOAN_ORIGINATION
LN0001728,CRM001708,AUTO,50000,18.03,60,ACTIVE,2022-03-02,LOAN_ORIGINATION
LN0001729,CRM001490,HOME,100000,17.33,240,ACTIVE,2021-11-05,LOAN_ORIGINATION
LN0001730,CRM003911,HOME,100000,17.92,60,ACTIVE,2024-07-31,LOAN_ORIGINATION
LN0001731,CRM002513,BUSINESS,50000,14.24,60,ACTIVE,2025-10-24,LOAN_ORIGINATION
LN0001732,CRM002057,BUSINESS,2500000,7.48,120,ACTIVE,2022-03-09,LOAN_ORIGINATION
LN0001733,CRM001042,BUSINESS,5000000,9.02,12,ACTIVE,2021-02-25,LOAN_ORIGINATION
LN0001734,CRM001198,HOME,2500000,17.64,60,ACTIVE,2019-06-21,LOAN_ORIGINATION
LN0001735,CRM002881,BUSINESS,5000000,14.66,60,ACTIVE,2025-01-09,LOAN_ORIGINATION
LN0001736,CRM001294,HOME,1000000,13.3,180,CLOSED,2023-05-19,LOAN_ORIGINATION
LN0001737,CRM003839,HOME,5000000,14.21,180,ACTIVE,2025-01-26,LOAN_ORIGINATION
LN0001738,CRM003855,BUSINESS,500000,17.8,36,ACTIVE,2024-08-19,LOAN_ORIGINATION
LN0001739,CRM001111,BUSINESS,100000,10.04,120,CLOSED,2021-01-19,LOAN_ORIGINATION
LN0001740,CRM002872,HOME,50000,9.11,24,ACTIVE,2021-10-19,LOAN_ORIGINATION
LN0001741,CRM001191,HOME,100000,11.52,120,ACTIVE,2019-09-21,LOAN_ORIGINATION
LN0001742,CRM003687,AUTO,2500000,15.42,180,ACTIVE,2026-02-21,LOAN_ORIGINATION
LN0001743,CRM003609,AUTO,500000,8.92,36,CLOSED,2022-11-06,LOAN_ORIGINATION
LN0001744,CRM002007,AUTO,5000000,11.95,24,ACTIVE,2026-02-07,LOAN_ORIGINATION
LN0001745,CRM003382,PERSONAL,1000000,17.61,48,ACTIVE,2025-10-08,LOAN_ORIGINATION
LN0001746,CRM000548,HOME,2500000,7.92,36,ACTIVE,2021-07-22,LOAN_ORIGINATION
LN0001747,CRM003266,HOME,1000000,8.73,24,ACTIVE,2024-07-08,LOAN_ORIGINATION
LN0001748,CRM001223,AUTO,2500000,11.45,180,ACTIVE,2020-07-25,LOAN_ORIGINATION
LN0001749,CRM001945,BUSINESS,50000,15.09,48,ACTIVE,2021-03-11,LOAN_ORIGINATION
LN0001750,CRM000984,BUSINESS,250000,15.8,60,ACTIVE,2021-06-13,LOAN_ORIGINATION
LN0001751,CRM003421,BUSINESS,1000000,15.04,240,CLOSED,2020-01-15,LOAN_ORIGINATION
LN0001752,CRM001620,BUSINESS,250000,11.13,48,ACTIVE,2019-06-16,LOAN_ORIGINATION
LN0001753,CRM001893,PERSONAL,50000,11.38,120,CLOSED,2023-07-16,LOAN_ORIGINATION
LN0001754,CRM003048,BUSINESS,5000000,18.43,60,ACTIVE,2025-01-21,LOAN_ORIGINATION
LN0001755,CRM003745,HOME,100000,7.28,36,CLOSED,2024-05-25,LOAN_ORIGINATION
LN0001756,CRM000802,HOME,250000,8.14,120,CLOSED,2024-09-28,LOAN_ORIGINATION
LN0001757,CRM002742,HOME,250000,16.99,24,ACTIVE,2022-01-25,LOAN_ORIGINATION
LN0001758,CRM002695,BUSINESS,50000,10.48,48,CLOSED,2020-02-14,LOAN_ORIGINATION
LN0001759,CRM000735,AUTO,100000,10.31,240,ACTIVE,2020-01-15,LOAN_ORIGINATION
LN0001760,CRM002092,HOME,1000000,13.1,240,ACTIVE,2022-12-17,LOAN_ORIGINATION
LN0001761,CRM001477,HOME,1000000,18.15,48,ACTIVE,2025-05-07,LOAN_ORIGINATION
LN0001762,CRM001119,AUTO,250000,14.9,48,ACTIVE,2023-09-28,LOAN_ORIGINATION
LN0001763,CRM002605,PERSONAL,1000000,13.51,24,CLOSED,2025-12-12,LOAN_ORIGINATION
LN0001764,CRM002761,HOME,100000,18.16,36,ACTIVE,2025-02-06,LOAN_ORIGINATION
LN0001765,CRM000658,HOME,250000,8.34,180,ACTIVE,2021-03-01,LOAN_ORIGINATION
LN0001766,CRM000650,BUSINESS,250000,9.21,60,ACTIVE,2022-12-28,LOAN_ORIGINATION
LN0001767,CRM003678,BUSINESS,100000,16.62,180,CLOSED,2026-01-04,LOAN_ORIGINATION
LN0001768,CRM000666,AUTO,1000000,12.76,180,ACTIVE,2021-03-19,LOAN_ORIGINATION
LN0001769,CRM001548,AUTO,2500000,8.29,12,ACTIVE,2022-11-07,LOAN_ORIGINATION
LN0001770,CRM003868,HOME,250000,16.61,180,CLOSED,2019-12-10,LOAN_ORIGINATION
LN0001771,CRM003443,AUTO,5000000,17.94,36,ACTIVE,2024-02-22,LOAN_ORIGINATION
LN0001772,CRM003758,PERSONAL,50000,7.67,24,CLOSED,2023-06-13,LOAN_ORIGINATION
LN0001773,CRM002188,PERSONAL,5000000,8.28,120,ACTIVE,2023-01-08,LOAN_ORIGINATION
LN0001774,CRM003763,HOME,5000000,11.45,60,ACTIVE,2026-02-09,LOAN_ORIGINATION
LN0001775,CRM003376,HOME,250000,10.95,36,ACTIVE,2021-01-03,LOAN_ORIGINATION
LN0001776,CRM001551,BUSINESS,100000,17.83,12,ACTIVE,2022-07-21,LOAN_ORIGINATION
LN0001777,CRM001886,HOME,1000000,13.21,12,CLOSED,2023-11-12,LOAN_ORIGINATION
LN0001778,CRM001030,PERSONAL,5000000,15.22,24,ACTIVE,2021-11-12,LOAN_ORIGINATION
LN0001779,CRM001474,HOME,50000,9.69,24,ACTIVE,2020-07-27,LOAN_ORIGINATION
LN0001780,CRM001046,PERSONAL,500000,15.56,120,ACTIVE,2024-06-06,LOAN_ORIGINATION
LN0001781,CRM003766,BUSINESS,250000,13.34,36,CLOSED,2026-03-23,LOAN_ORIGINATION
LN0001782,CRM000840,AUTO,5000000,8.3,48,ACTIVE,2019-01-28,LOAN_ORIGINATION
LN0001783,CRM001085,BUSINESS,500000,9.78,120,CLOSED,2025-02-12,LOAN_ORIGINATION
LN0001784,CRM000556,AUTO,100000,17.08,24,ACTIVE,2024-08-03,LOAN_ORIGINATION
LN0001785,CRM000174,BUSINESS,100000,15.79,48,ACTIVE,2023-09-24,LOAN_ORIGINATION
LN0001786,CRM001351,BUSINESS,5000000,10.95,240,ACTIVE,2024-09-07,LOAN_ORIGINATION
LN0001787,CRM001011,BUSINESS,5000000,8.3,180,CLOSED,2021-10-28,LOAN_ORIGINATION
LN0001788,CRM000722,PERSONAL,500000,15.78,240,ACTIVE,2019-04-15,LOAN_ORIGINATION
LN0001789,CRM002005,PERSONAL,5000000,10.98,180,ACTIVE,2023-11-27,LOAN_ORIGINATION
LN0001790,CRM001611,HOME,1000000,10.14,24,ACTIVE,2021-05-11,LOAN_ORIGINATION
LN0001791,CRM002093,HOME,1000000,15.52,120,ACTIVE,2022-04-28,LOAN_ORIGINATION
LN0001792,CRM001328,HOME,50000,17.45,36,ACTIVE,2021-05-24,LOAN_ORIGINATION
LN0001793,CRM002397,HOME,500000,15.03,60,ACTIVE,2025-05-04,LOAN_ORIGINATION
LN0001794,CRM003769,BUSINESS,500000,17.79,36,DELINQUENT,2024-03-26,LOAN_ORIGINATION
LN0001795,CRM002570,HOME,5000000,13.5,12,DELINQUENT,2019-05-09,LOAN_ORIGINATION
LN0001796,CRM001372,BUSINESS,5000000,8.78,180,ACTIVE,2019-04-25,LOAN_ORIGINATION
LN0001797,CRM000563,HOME,50000,15.58,120,ACTIVE,2022-11-29,LOAN_ORIGINATION
LN0001798,CRM000905,HOME,500000,11.19,60,CLOSED,2024-09-09,LOAN_ORIGINATION
LN0001799,CRM001458,HOME,1000000,17.15,36,ACTIVE,2025-12-23,LOAN_ORIGINATION
LN0001800,CRM003163,PERSONAL,2500000,15.31,180,ACTIVE,2021-06-07,LOAN_ORIGINATION
LN0001801,CRM001675,AUTO,5000000,10.79,36,ACTIVE,2025-07-25,LOAN_ORIGINATION
LN0001802,CRM003665,AUTO,50000,15.69,240,CLOSED,2022-01-10,LOAN_ORIGINATION
LN0001803,CRM002698,AUTO,5000000,11.82,240,ACTIVE,2022-09-07,LOAN_ORIGINATION
LN0001804,CRM001392,BUSINESS,1000000,17.05,12,ACTIVE,2024-05-16,LOAN_ORIGINATION
LN0001805,CRM000418,BUSINESS,100000,15.67,24,CLOSED,2020-06-22,LOAN_ORIGINATION
LN0001806,CRM003370,BUSINESS,500000,7.51,120,ACTIVE,2025-09-16,LOAN_ORIGINATION
LN0001807,CRM000718,BUSINESS,5000000,9.86,180,ACTIVE,2025-08-12,LOAN_ORIGINATION
LN0001808,CRM001429,AUTO,5000000,7.61,180,ACTIVE,2021-05-26,LOAN_ORIGINATION
LN0001809,CRM003565,BUSINESS,1000000,17.97,60,ACTIVE,2019-05-18,LOAN_ORIGINATION
LN0001810,CRM000189,AUTO,50000,13.72,36,ACTIVE,2020-03-09,LOAN_ORIGINATION
LN0001811,CRM000108,BUSINESS,5000000,10.9,120,ACTIVE,2020-09-19,LOAN_ORIGINATION
LN0001812,CRM002278,PERSONAL,5000000,14.56,240,ACTIVE,2021-08-10,LOAN_ORIGINATION
LN0001813,CRM000941,BUSINESS,100000,16.23,240,ACTIVE,2024-03-06,LOAN_ORIGINATION
LN0001814,CRM002312,AUTO,5000000,10.91,240,ACTIVE,2025-03-29,LOAN_ORIGINATION
LN0001815,CRM001273,AUTO,1000000,15.76,240,ACTIVE,2024-07-11,LOAN_ORIGINATION
LN0001816,CRM003265,AUTO,2500000,13.96,240,ACTIVE,2026-03-08,LOAN_ORIGINATION
LN0001817,CRM002811,BUSINESS,50000,15.94,60,ACTIVE,2019-03-21,LOAN_ORIGINATION
LN0001818,CRM001465,BUSINESS,50000,14.08,240,ACTIVE,2020-03-11,LOAN_ORIGINATION
LN0001819,CRM000393,HOME,500000,7.63,24,ACTIVE,2020-12-16,LOAN_ORIGINATION
LN0001820,CRM000008,HOME,250000,15.69,12,ACTIVE,2021-06-10,LOAN_ORIGINATION
LN0001821,CRM000053,HOME,2500000,17.41,120,ACTIVE,2024-03-25,LOAN_ORIGINATION
LN0001822,CRM000138,BUSINESS,50000,8.08,120,ACTIVE,2021-08-15,LOAN_ORIGINATION
LN0001823,CRM003321,PERSONAL,2500000,9.05,36,CLOSED,2020-04-12,LOAN_ORIGINATION
LN0001824,CRM001100,HOME,500000,12.08,240,ACTIVE,2021-08-24,LOAN_ORIGINATION
LN0001825,CRM002854,AUTO,50000,16.3,48,ACTIVE,2026-02-09,LOAN_ORIGINATION
LN0001826,CRM002060,AUTO,5000000,7.75,60,ACTIVE,2022-02-10,LOAN_ORIGINATION
LN0001827,CRM001145,AUTO,1000000,10.28,180,ACTIVE,2019-06-30,LOAN_ORIGINATION
LN0001828,CRM002005,AUTO,1000000,17.98,240,ACTIVE,2020-03-10,LOAN_ORIGINATION
LN0001829,CRM003262,PERSONAL,5000000,9.41,12,CLOSED,2021-09-30,LOAN_ORIGINATION
LN0001830,CRM003836,BUSINESS,250000,10.06,120,ACTIVE,2019-12-13,LOAN_ORIGINATION
LN0001831,CRM000604,HOME,500000,13.03,240,ACTIVE,2025-11-23,LOAN_ORIGINATION
LN0001832,CRM001501,AUTO,5000000,13.37,120,ACTIVE,2022-01-20,LOAN_ORIGINATION
LN0001833,CRM000448,PERSONAL,5000000,9.08,48,CLOSED,2025-01-15,LOAN_ORIGINATION
LN0001834,CRM002729,AUTO,1000000,18.48,48,CLOSED,2025-01-10,LOAN_ORIGINATION
LN0001835,CRM003578,BUSINESS,100000,7.35,48,ACTIVE,2020-11-13,LOAN_ORIGINATION
LN0001836,CRM002131,BUSINESS,250000,15.62,240,ACTIVE,2024-11-30,LOAN_ORIGINATION
LN0001837,CRM001991,BUSINESS,500000,12.01,60,ACTIVE,2022-03-09,LOAN_ORIGINATION
LN0001838,CRM002610,BUSINESS,100000,10.96,36,ACTIVE,2024-02-27,LOAN_ORIGINATION
LN0001839,CRM001617,PERSONAL,50000,15.14,48,ACTIVE,2020-11-24,LOAN_ORIGINATION
LN0001840,CRM001155,AUTO,1000000,16.03,240,ACTIVE,2024-05-30,LOAN_ORIGINATION
LN0001841,CRM001071,BUSINESS,1000000,10.57,180,CLOSED,2020-07-03,LOAN_ORIGINATION
LN0001842,CRM002870,PERSONAL,500000,16.51,120,ACTIVE,2024-10-24,LOAN_ORIGINATION
LN0001843,CRM003569,HOME,100000,7.73,12,ACTIVE,2021-09-30,LOAN_ORIGINATION
LN0001844,CRM000940,HOME,500000,16.33,120,ACTIVE,2025-11-13,LOAN_ORIGINATION
LN0001845,CRM001979,PERSONAL,2500000,14.78,180,ACTIVE,2021-08-01,LOAN_ORIGINATION
LN0001846,CRM003103,PERSONAL,1000000,15.37,24,ACTIVE,2023-10-02,LOAN_ORIGINATION
LN0001847,CRM001291,AUTO,500000,8.67,36,CLOSED,2019-04-05,LOAN_ORIGINATION
LN0001848,CRM000564,AUTO,5000000,17.73,240,ACTIVE,2019-05-14,LOAN_ORIGINATION
LN0001849,CRM000250,AUTO,250000,9.11,36,ACTIVE,2019-01-05,LOAN_ORIGINATION
LN0001850,CRM003301,BUSINESS,2500000,16.4,60,CLOSED,2020-03-23,LOAN_ORIGINATION
LN0001851,CRM003193,PERSONAL,100000,10.02,240,ACTIVE,2023-01-09,LOAN_ORIGINATION
LN0001852,CRM002307,HOME,2500000,14.05,60,CLOSED,2019-07-15,LOAN_ORIGINATION
LN0001853,CRM003941,AUTO,5000000,14.99,48,CLOSED,2024-05-19,LOAN_ORIGINATION
LN0001854,CRM001835,PERSONAL,250000,16.31,60,CLOSED,2024-06-04,LOAN_ORIGINATION
LN0001855,CRM001916,AUTO,100000,16.17,48,ACTIVE,2024-12-28,LOAN_ORIGINATION
LN0001856,CRM001838,PERSONAL,2500000,14.1,60,ACTIVE,2021-05-27,LOAN_ORIGINATION
LN0001857,CRM002703,PERSONAL,250000,17.11,60,DELINQUENT,2020-08-19,LOAN_ORIGINATION
LN0001858,CRM003559,BUSINESS,2500000,9.19,180,ACTIVE,2026-01-02,LOAN_ORIGINATION
LN0001859,CRM000605,PERSONAL,50000,8.11,24,ACTIVE,2023-06-08,LOAN_ORIGINATION
LN0001860,CRM003302,BUSINESS,500000,16.96,24,CLOSED,2022-06-02,LOAN_ORIGINATION
LN0001861,CRM000787,PERSONAL,2500000,11.66,48,ACTIVE,2023-10-23,LOAN_ORIGINATION
LN0001862,CRM001182,BUSINESS,500000,18.47,24,ACTIVE,2026-03-18,LOAN_ORIGINATION
LN0001863,CRM002551,AUTO,50000,9.07,24,CLOSED,2020-04-09,LOAN_ORIGINATION
LN0001864,CRM001113,HOME,5000000,12.54,36,ACTIVE,2023-10-05,LOAN_ORIGINATION
LN0001865,CRM003440,AUTO,500000,17.1,240,CLOSED,2021-01-13,LOAN_ORIGINATION
LN0001866,CRM003471,AUTO,2500000,10.44,36,CLOSED,2022-09-08,LOAN_ORIGINATION
LN0001867,CRM000502,PERSONAL,1000000,14.29,240,CLOSED,2025-01-11,LOAN_ORIGINATION
LN0001868,CRM002946,BUSINESS,2500000,11.07,48,ACTIVE,2024-09-14,LOAN_ORIGINATION
LN0001869,CRM001266,HOME,100000,13.89,36,ACTIVE,2023-09-11,LOAN_ORIGINATION
LN0001870,CRM000843,BUSINESS,250000,13.48,60,DELINQUENT,2026-04-11,LOAN_ORIGINATION
LN0001871,CRM003020,HOME,5000000,16.97,240,CLOSED,2019-04-11,LOAN_ORIGINATION
LN0001872,CRM002754,PERSONAL,5000000,11.81,120,ACTIVE,2024-03-01,LOAN_ORIGINATION
LN0001873,CRM001804,HOME,2500000,14.24,48,DELINQUENT,2025-07-15,LOAN_ORIGINATION
LN0001874,CRM000765,PERSONAL,100000,7.26,24,ACTIVE,2025-09-12,LOAN_ORIGINATION
LN0001875,CRM003698,BUSINESS,2500000,8.61,48,CLOSED,2021-05-04,LOAN_ORIGINATION
LN0001876,CRM000710,BUSINESS,50000,10.92,60,ACTIVE,2024-10-24,LOAN_ORIGINATION
LN0001877,CRM000581,BUSINESS,2500000,9.22,48,ACTIVE,2025-03-31,LOAN_ORIGINATION
LN0001878,CRM003562,HOME,100000,11.19,24,ACTIVE,2019-02-14,LOAN_ORIGINATION
LN0001879,CRM000993,BUSINESS,500000,18.0,36,ACTIVE,2025-06-23,LOAN_ORIGINATION
LN0001880,CRM003678,HOME,1000000,9.82,120,ACTIVE,2023-07-05,LOAN_ORIGINATION
LN0001881,CRM001878,BUSINESS,500000,18.19,120,ACTIVE,2019-04-24,LOAN_ORIGINATION
LN0001882,CRM003936,AUTO,5000000,9.77,240,ACTIVE,2023-09-01,LOAN_ORIGINATION
LN0001883,CRM002245,BUSINESS,1000000,9.77,24,CLOSED,2021-11-06,LOAN_ORIGINATION
LN0001884,CRM003975,BUSINESS,250000,11.04,24,ACTIVE,2022-05-27,LOAN_ORIGINATION
LN0001885,CRM001199,BUSINESS,100000,15.14,24,ACTIVE,2020-01-01,LOAN_ORIGINATION
LN0001886,CRM001546,BUSINESS,250000,15.15,12,ACTIVE,2026-03-20,LOAN_ORIGINATION
LN0001887,CRM002749,PERSONAL,1000000,11.33,36,ACTIVE,2019-12-08,LOAN_ORIGINATION
LN0001888,CRM000310,AUTO,50000,9.65,120,CLOSED,2021-06-03,LOAN_ORIGINATION
LN0001889,CRM003085,PERSONAL,5000000,7.33,60,ACTIVE,2024-01-30,LOAN_ORIGINATION
LN0001890,CRM000967,AUTO,2500000,12.17,36,ACTIVE,2020-07-23,LOAN_ORIGINATION
LN0001891,CRM001247,PERSONAL,250000,13.59,120,ACTIVE,2020-03-23,LOAN_ORIGINATION
LN0001892,CRM003817,HOME,50000,15.58,36,ACTIVE,2020-10-13,LOAN_ORIGINATION
LN0001893,CRM003741,PERSONAL,100000,12.97,36,ACTIVE,2024-09-11,LOAN_ORIGINATION
LN0001894,CRM001313,BUSINESS,50000,9.66,180,DELINQUENT,2026-01-30,LOAN_ORIGINATION
LN0001895,CRM003656,AUTO,100000,13.59,36,ACTIVE,2025-06-28,LOAN_ORIGINATION
LN0001896,CRM003411,PERSONAL,50000,13.7,240,ACTIVE,2020-10-30,LOAN_ORIGINATION
LN0001897,CRM002743,BUSINESS,250000,17.26,60,ACTIVE,2025-09-05,LOAN_ORIGINATION
LN0001898,CRM002369,PERSONAL,2500000,17.44,12,ACTIVE,2022-02-25,LOAN_ORIGINATION
LN0001899,CRM000117,HOME,2500000,15.99,240,CLOSED,2024-03-25,LOAN_ORIGINATION
LN0001900,CRM002421,BUSINESS,1000000,11.3,48,ACTIVE,2023-03-26,LOAN_ORIGINATION
LN0001901,CRM000421,HOME,2500000,15.34,24,CLOSED,2025-11-02,LOAN_ORIGINATION
LN0001902,CRM000862,AUTO,250000,15.45,36,ACTIVE,2023-09-13,LOAN_ORIGINATION
LN0001903,CRM000193,HOME,50000,11.29,120,CLOSED,2026-03-16,LOAN_ORIGINATION
LN0001904,CRM000322,AUTO,50000,16.16,12,ACTIVE,2020-09-07,LOAN_ORIGINATION
LN0001905,CRM001864,AUTO,50000,7.54,180,ACTIVE,2024-01-16,LOAN_ORIGINATION
LN0001906,CRM002602,AUTO,500000,12.16,24,CLOSED,2024-10-20,LOAN_ORIGINATION
LN0001907,CRM000224,HOME,50000,17.97,36,ACTIVE,2021-12-17,LOAN_ORIGINATION
LN0001908,CRM001475,HOME,500000,14.45,24,ACTIVE,2023-05-21,LOAN_ORIGINATION
LN0001909,CRM000036,AUTO,5000000,10.13,24,ACTIVE,2022-02-08,LOAN_ORIGINATION
LN0001910,CRM002070,BUSINESS,1000000,13.05,36,ACTIVE,2021-07-04,LOAN_ORIGINATION
LN0001911,CRM000230,HOME,5000000,15.7,240,CLOSED,2020-11-13,LOAN_ORIGINATION
LN0001912,CRM002359,AUTO,250000,8.02,60,ACTIVE,2019-01-13,LOAN_ORIGINATION
LN0001913,CRM001657,PERSONAL,1000000,16.8,60,ACTIVE,2024-08-05,LOAN_ORIGINATION
LN0001914,CRM002816,PERSONAL,1000000,15.23,12,ACTIVE,2023-06-09,LOAN_ORIGINATION
LN0001915,CRM000395,HOME,1000000,7.28,24,ACTIVE,2024-01-11,LOAN_ORIGINATION
LN0001916,CRM000217,AUTO,50000,8.1,48,ACTIVE,2026-04-09,LOAN_ORIGINATION
LN0001917,CRM002048,PERSONAL,2500000,14.82,24,ACTIVE,2021-07-19,LOAN_ORIGINATION
LN0001918,CRM003167,PERSONAL,100000,18.2,120,CLOSED,2019-09-06,LOAN_ORIGINATION
LN0001919,CRM001161,PERSONAL,250000,10.45,60,ACTIVE,2023-09-12,LOAN_ORIGINATION
LN0001920,CRM003243,PERSONAL,1000000,14.94,240,ACTIVE,2024-07-16,LOAN_ORIGINATION
LN0001921,CRM002020,BUSINESS,500000,10.21,180,ACTIVE,2019-03-18,LOAN_ORIGINATION
LN0001922,CRM001295,AUTO,50000,7.55,180,CLOSED,2024-11-29,LOAN_ORIGINATION
LN0001923,CRM000690,BUSINESS,50000,12.23,24,ACTIVE,2022-10-20,LOAN_ORIGINATION
LN0001924,CRM003298,PERSONAL,1000000,8.13,120,CLOSED,2024-09-20,LOAN_ORIGINATION
LN0001925,CRM002736,BUSINESS,250000,13.65,240,ACTIVE,2025-05-12,LOAN_ORIGINATION
LN0001926,CRM003609,AUTO,5000000,8.23,24,ACTIVE,2021-02-14,LOAN_ORIGINATION
LN0001927,CRM002649,HOME,500000,9.72,240,ACTIVE,2023-06-08,LOAN_ORIGINATION
LN0001928,CRM001048,PERSONAL,50000,8.1,120,ACTIVE,2022-04-11,LOAN_ORIGINATION
LN0001929,CRM003447,AUTO,2500000,10.08,36,CLOSED,2024-09-09,LOAN_ORIGINATION
LN0001930,CRM001969,PERSONAL,500000,17.37,60,CLOSED,2025-09-18,LOAN_ORIGINATION
LN0001931,CRM003902,PERSONAL,2500000,12.91,24,ACTIVE,2024-11-02,LOAN_ORIGINATION
LN0001932,CRM001402,PERSONAL,100000,16.82,120,ACTIVE,2021-04-17,LOAN_ORIGINATION
LN0001933,CRM002554,PERSONAL,1000000,10.88,120,CLOSED,2021-04-16,LOAN_ORIGINATION
LN0001934,CRM003318,PERSONAL,50000,9.44,36,ACTIVE,2023-08-08,LOAN_ORIGINATION
LN0001935,CRM002594,PERSONAL,5000000,8.25,12,ACTIVE,2019-11-21,LOAN_ORIGINATION
LN0001936,CRM001371,BUSINESS,250000,14.86,36,CLOSED,2026-05-24,LOAN_ORIGINATION
LN0001937,CRM003280,AUTO,1000000,16.25,180,ACTIVE,2022-10-13,LOAN_ORIGINATION
LN0001938,CRM000649,HOME,1000000,17.15,48,CLOSED,2022-07-29,LOAN_ORIGINATION
LN0001939,CRM000921,PERSONAL,100000,17.06,120,ACTIVE,2025-10-24,LOAN_ORIGINATION
LN0001940,CRM003925,BUSINESS,100000,12.15,180,ACTIVE,2025-01-21,LOAN_ORIGINATION
LN0001941,CRM002003,PERSONAL,2500000,16.31,36,ACTIVE,2025-10-14,LOAN_ORIGINATION
LN0001942,CRM000542,HOME,100000,18.41,36,ACTIVE,2019-11-20,LOAN_ORIGINATION
LN0001943,CRM002061,PERSONAL,1000000,12.29,240,CLOSED,2019-06-20,LOAN_ORIGINATION
LN0001944,CRM000212,AUTO,5000000,10.9,180,ACTIVE,2020-12-27,LOAN_ORIGINATION
LN0001945,CRM003102,HOME,2500000,9.82,12,CLOSED,2023-10-02,LOAN_ORIGINATION
LN0001946,CRM002561,BUSINESS,100000,18.02,180,CLOSED,2024-02-05,LOAN_ORIGINATION
LN0001947,CRM003630,AUTO,1000000,15.55,120,CLOSED,2021-05-02,LOAN_ORIGINATION
LN0001948,CRM003132,AUTO,50000,11.5,36,ACTIVE,2024-02-21,LOAN_ORIGINATION
LN0001949,CRM000441,BUSINESS,1000000,10.46,240,DELINQUENT,2025-04-17,LOAN_ORIGINATION
LN0001950,CRM003588,HOME,2500000,15.07,48,ACTIVE,2021-01-18,LOAN_ORIGINATION
LN0001951,CRM000424,BUSINESS,5000000,10.3,60,ACTIVE,2025-08-24,LOAN_ORIGINATION
LN0001952,CRM001104,BUSINESS,500000,15.18,240,ACTIVE,2025-08-07,LOAN_ORIGINATION
LN0001953,CRM002831,AUTO,1000000,13.21,48,CLOSED,2025-08-24,LOAN_ORIGINATION
LN0001954,CRM000314,HOME,500000,11.62,60,ACTIVE,2022-10-30,LOAN_ORIGINATION
LN0001955,CRM003517,PERSONAL,500000,10.51,60,CLOSED,2021-04-29,LOAN_ORIGINATION
LN0001956,CRM002931,HOME,250000,7.35,180,ACTIVE,2022-10-05,LOAN_ORIGINATION
LN0001957,CRM003316,AUTO,2500000,17.6,36,ACTIVE,2019-11-19,LOAN_ORIGINATION
LN0001958,CRM002479,PERSONAL,50000,17.28,60,ACTIVE,2020-07-21,LOAN_ORIGINATION
LN0001959,CRM000330,HOME,100000,7.7,48,DELINQUENT,2023-12-08,LOAN_ORIGINATION
LN0001960,CRM001161,AUTO,100000,17.55,60,ACTIVE,2025-02-01,LOAN_ORIGINATION
LN0001961,CRM003861,AUTO,500000,17.15,36,ACTIVE,2024-06-08,LOAN_ORIGINATION
LN0001962,CRM002759,AUTO,100000,12.53,36,ACTIVE,2026-01-06,LOAN_ORIGINATION
LN0001963,CRM001709,PERSONAL,5000000,11.63,240,ACTIVE,2025-08-16,LOAN_ORIGINATION
LN0001964,CRM003858,AUTO,250000,8.71,24,ACTIVE,2021-08-12,LOAN_ORIGINATION
LN0001965,CRM001391,HOME,2500000,17.65,60,ACTIVE,2025-09-06,LOAN_ORIGINATION
LN0001966,CRM002729,AUTO,2500000,9.23,24,ACTIVE,2022-10-29,LOAN_ORIGINATION
LN0001967,CRM002999,PERSONAL,2500000,12.91,240,ACTIVE,2021-05-31,LOAN_ORIGINATION
LN0001968,CRM002039,PERSONAL,50000,11.53,180,CLOSED,2020-04-22,LOAN_ORIGINATION
LN0001969,CRM001441,BUSINESS,100000,12.47,36,ACTIVE,2025-12-03,LOAN_ORIGINATION
LN0001970,CRM003200,PERSONAL,2500000,7.23,180,ACTIVE,2019-06-23,LOAN_ORIGINATION
LN0001971,CRM003768,AUTO,250000,11.5,48,ACTIVE,2025-09-16,LOAN_ORIGINATION
LN0001972,CRM001071,AUTO,2500000,18.08,48,ACTIVE,2022-11-04,LOAN_ORIGINATION
LN0001973,CRM000141,BUSINESS,1000000,16.91,120,ACTIVE,2024-09-19,LOAN_ORIGINATION
LN0001974,CRM003890,BUSINESS,1000000,11.7,180,ACTIVE,2024-09-24,LOAN_ORIGINATION
LN0001975,CRM000157,BUSINESS,5000000,10.22,60,CLOSED,2019-05-04,LOAN_ORIGINATION
LN0001976,CRM000325,HOME,1000000,14.23,12,ACTIVE,2020-05-30,LOAN_ORIGINATION
LN0001977,CRM001777,HOME,250000,9.05,120,ACTIVE,2026-03-25,LOAN_ORIGINATION
LN0001978,CRM000111,BUSINESS,5000000,11.16,48,ACTIVE,2022-01-17,LOAN_ORIGINATION
LN0001979,CRM001770,PERSONAL,250000,11.37,240,ACTIVE,2025-01-07,LOAN_ORIGINATION
LN0001980,CRM002641,PERSONAL,2500000,8.76,36,CLOSED,2022-07-05,LOAN_ORIGINATION
LN0001981,CRM002151,AUTO,1000000,15.43,60,CLOSED,2024-04-17,LOAN_ORIGINATION
LN0001982,CRM000370,HOME,500000,8.16,12,CLOSED,2024-10-04,LOAN_ORIGINATION
LN0001983,CRM000453,AUTO,5000000,10.59,120,ACTIVE,2021-02-23,LOAN_ORIGINATION
LN0001984,CRM001244,BUSINESS,250000,9.73,48,ACTIVE,2022-06-17,LOAN_ORIGINATION
LN0001985,CRM002122,BUSINESS,500000,17.4,60,ACTIVE,2022-05-14,LOAN_ORIGINATION
LN0001986,CRM002679,BUSINESS,1000000,14.26,12,ACTIVE,2022-12-25,LOAN_ORIGINATION
LN0001987,CRM002829,HOME,2500000,12.03,240,ACTIVE,2026-05-21,LOAN_ORIGINATION
LN0001988,CRM001236,PERSONAL,500000,17.43,24,ACTIVE,2025-01-25,LOAN_ORIGINATION
LN0001989,CRM000670,BUSINESS,250000,12.43,60,ACTIVE,2019-11-21,LOAN_ORIGINATION
LN0001990,CRM003348,HOME,50000,10.81,60,CLOSED,2019-11-18,LOAN_ORIGINATION
LN0001991,CRM000296,HOME,1000000,12.74,60,ACTIVE,2023-07-02,LOAN_ORIGINATION
LN0001992,CRM002358,BUSINESS,1000000,11.05,48,ACTIVE,2025-12-11,LOAN_ORIGINATION
LN0001993,CRM003209,HOME,1000000,14.63,120,ACTIVE,2024-06-29,LOAN_ORIGINATION
LN0001994,CRM003661,AUTO,500000,10.21,120,ACTIVE,2024-10-03,LOAN_ORIGINATION
LN0001995,CRM003296,AUTO,100000,14.66,120,ACTIVE,2019-08-13,LOAN_ORIGINATION
LN0001996,CRM000609,AUTO,50000,18.45,240,DELINQUENT,2021-09-23,LOAN_ORIGINATION
LN0001997,CRM000966,AUTO,5000000,17.86,12,ACTIVE,2020-05-21,LOAN_ORIGINATION
LN0001998,CRM003589,BUSINESS,500000,11.21,12,ACTIVE,2023-06-17,LOAN_ORIGINATION
LN0001999,CRM003410,BUSINESS,1000000,12.99,12,ACTIVE,2021-05-19,LOAN_ORIGINATION
LN0002000,CRM003303,HOME,2500000,12.17,180,ACTIVE,2021-10-06,LOAN_ORIGINATION
