transaction_id,account_id,transaction_ts,transaction_type,direction,amount_inr,merchant_category,channel,source_system
TXN000000001,ACC0004422,2026-03-16 10:48:35,UPI,DEBIT,6116.56,TRAVEL,BRANCH,PAYMENTS
TXN000000002,ACC0003294,2026-06-16 18:58:44,NEFT,CREDIT,1380.46,TRAVEL,MOBILE,PAYMENTS
TXN000000003,ACC0003263,2026-01-08 19:20:38,NEFT,DEBIT,2188.8,CASH,ATM,PAYMENTS
TXN000000004,ACC0002082,2026-01-21 11:02:38,IMPS,DEBIT,1278.26,TRAVEL,WEB,PAYMENTS
TXN000000005,ACC0000363,2026-03-03 10:36:23,CASH_DEPOSIT,DEBIT,2437.32,ECOMMERCE,ATM,PAYMENTS
TXN000000006,ACC0002003,2026-09-03 12:51:26,CASH_DEPOSIT,CREDIT,2994.63,FUEL,POS,PAYMENTS
TXN000000007,ACC0003968,2026-06-27 01:01:29,NEFT,CREDIT,5963.44,TRAVEL,WEB,PAYMENTS
TXN000000008,ACC0002422,2026-03-20 05:38:15,CASH_DEPOSIT,DEBIT,2296.23,TRANSFER,WEB,PAYMENTS
TXN000000009,ACC0001274,2026-04-20 16:26:59,CARD_PURCHASE,CREDIT,398.52,CASH,BRANCH,PAYMENTS
TXN000000010,ACC0001256,2026-05-03 16:00:20,IMPS,DEBIT,8122.7,TRANSFER,ATM,PAYMENTS
TXN000000011,ACC0003037,2026-03-08 09:27:34,CARD_PURCHASE,CREDIT,308.32,ECOMMERCE,MOBILE,PAYMENTS
TXN000000012,ACC0000045,2026-05-17 07:56:06,NEFT,DEBIT,1150.52,TRAVEL,ATM,PAYMENTS
TXN000000013,ACC0003001,2026-03-22 03:37:06,NEFT,CREDIT,1707.23,ECOMMERCE,MOBILE,PAYMENTS
TXN000000014,ACC0000479,2026-08-15 00:17:26,CARD_PURCHASE,CREDIT,4908.2,TRAVEL,ATM,PAYMENTS
TXN000000015,ACC0000800,2026-01-22 15:30:42,ATM_WITHDRAWAL,DEBIT,5645.32,ECOMMERCE,BRANCH,PAYMENTS
TXN000000016,ACC0002194,2026-07-28 05:01:46,IMPS,CREDIT,46788.97,FUEL,ATM,PAYMENTS
TXN000000017,ACC0002074,2026-01-19 06:28:05,NEFT,DEBIT,7312.49,TRAVEL,ATM,PAYMENTS
TXN000000018,ACC0001520,2026-05-11 19:37:02,ATM_WITHDRAWAL,CREDIT,15223.87,FUEL,BRANCH,PAYMENTS
TXN000000019,ACC0004628,2026-02-06 04:57:40,ATM_WITHDRAWAL,CREDIT,912.3,FUEL,MOBILE,PAYMENTS
TXN000000020,ACC0001570,2026-04-24 02:03:38,UPI,CREDIT,2103.78,CASH,BRANCH,PAYMENTS
TXN000000021,ACC0004574,2026-08-15 03:35:21,IMPS,CREDIT,5963.39,FUEL,WEB,PAYMENTS
TXN000000022,ACC0004218,2026-03-01 10:55:40,CASH_DEPOSIT,DEBIT,2985.54,TRANSFER,MOBILE,PAYMENTS
TXN000000023,ACC0003148,2026-02-27 04:32:34,IMPS,DEBIT,5269.72,UTILITIES,MOBILE,PAYMENTS
TXN000000024,ACC0001324,2026-09-13 16:23:57,CARD_PURCHASE,DEBIT,5413.82,CASH,BRANCH,PAYMENTS
TXN000000025,ACC0003889,2026-09-03 20:52:27,CASH_DEPOSIT,DEBIT,4182.03,ECOMMERCE,ATM,PAYMENTS
TXN000000026,ACC0004891,2026-06-14 04:05:22,CASH_DEPOSIT,DEBIT,4927.93,ECOMMERCE,ATM,PAYMENTS
TXN000000027,ACC0000838,2026-02-12 17:04:24,CARD_PURCHASE,DEBIT,3585.55,TRANSFER,MOBILE,PAYMENTS
TXN000000028,ACC0002897,2026-01-26 06:23:34,CARD_PURCHASE,CREDIT,15619.7,CASH,WEB,PAYMENTS
TXN000000029,ACC0004493,2026-01-28 02:41:57,NEFT,DEBIT,2680.79,TRANSFER,MOBILE,PAYMENTS
TXN000000030,ACC0003448,2026-03-10 01:53:35,UPI,CREDIT,14678.06,GROCERY,BRANCH,PAYMENTS
TXN000000031,ACC0001812,2026-01-05 00:21:56,UPI,CREDIT,6681.23,FUEL,ATM,PAYMENTS
TXN000000032,ACC0002149,2026-05-13 05:39:40,IMPS,CREDIT,9266.32,FUEL,BRANCH,PAYMENTS
TXN000000033,ACC0001432,2026-07-27 20:16:02,IMPS,CREDIT,9151.39,TRANSFER,POS,PAYMENTS
TXN000000034,ACC0004404,2026-06-27 02:08:52,CARD_PURCHASE,DEBIT,1843.35,TRANSFER,POS,PAYMENTS
TXN000000035,ACC0000544,2026-04-23 11:56:15,CARD_PURCHASE,CREDIT,47610.35,CASH,POS,PAYMENTS
TXN000000036,ACC0003577,2026-08-22 02:14:39,UPI,DEBIT,17490.52,UTILITIES,ATM,PAYMENTS
TXN000000037,ACC0003824,2026-09-23 22:10:07,UPI,DEBIT,4975.19,CASH,MOBILE,PAYMENTS
TXN000000038,ACC0004470,2026-06-26 17:53:03,CARD_PURCHASE,CREDIT,23974.67,FUEL,WEB,PAYMENTS
TXN000000039,ACC0003852,2026-08-14 09:20:21,ATM_WITHDRAWAL,DEBIT,5887.28,TRAVEL,POS,PAYMENTS
TXN000000040,ACC0000961,2026-03-08 02:55:10,CARD_PURCHASE,CREDIT,3498.96,FUEL,WEB,PAYMENTS
TXN000000041,ACC0003494,2026-04-24 01:52:53,CARD_PURCHASE,CREDIT,2368.84,GROCERY,MOBILE,PAYMENTS
TXN000000042,ACC0000311,2026-04-20 17:04:53,UPI,DEBIT,4644.15,GROCERY,WEB,PAYMENTS
TXN000000043,ACC0004746,2026-02-27 10:05:20,CARD_PURCHASE,CREDIT,18779.68,TRAVEL,MOBILE,PAYMENTS
TXN000000044,ACC0002392,2026-06-11 16:26:02,IMPS,DEBIT,19557.05,TRAVEL,ATM,PAYMENTS
TXN000000045,ACC0003397,2026-08-29 20:12:24,NEFT,DEBIT,1320.81,TRAVEL,WEB,PAYMENTS
TXN000000046,ACC0004846,2026-04-15 15:14:51,UPI,CREDIT,13945.64,CASH,MOBILE,PAYMENTS
TXN000000047,ACC0003385,2026-02-03 20:28:35,NEFT,CREDIT,38076.44,UTILITIES,BRANCH,PAYMENTS
TXN000000048,ACC0002020,2026-09-01 16:38:14,IMPS,DEBIT,16149.92,ECOMMERCE,BRANCH,PAYMENTS
TXN000000049,ACC0003446,2026-04-21 00:13:02,UPI,CREDIT,15168.57,TRANSFER,BRANCH,PAYMENTS
TXN000000050,ACC0002298,2026-05-19 05:00:56,ATM_WITHDRAWAL,DEBIT,9389.31,TRANSFER,MOBILE,PAYMENTS
TXN000000051,ACC0001493,2026-06-09 02:24:00,UPI,DEBIT,1935.98,FUEL,WEB,PAYMENTS
TXN000000052,ACC0004417,2026-04-30 11:36:58,CARD_PURCHASE,CREDIT,4283.79,CASH,BRANCH,PAYMENTS
TXN000000053,ACC0003671,2026-08-08 14:45:51,IMPS,CREDIT,2017.51,UTILITIES,POS,PAYMENTS
TXN000000054,ACC0002810,2026-01-22 21:02:28,CARD_PURCHASE,DEBIT,896.06,ECOMMERCE,BRANCH,PAYMENTS
TXN000000055,ACC0001130,2026-04-02 09:55:49,CASH_DEPOSIT,DEBIT,3696.01,ECOMMERCE,ATM,PAYMENTS
TXN000000056,ACC0002138,2026-08-01 17:59:56,CASH_DEPOSIT,DEBIT,3951.12,FUEL,MOBILE,PAYMENTS
TXN000000057,ACC0000043,2026-04-20 11:22:31,CASH_DEPOSIT,DEBIT,2685.64,TRAVEL,MOBILE,PAYMENTS
TXN000000058,ACC0001103,2026-05-10 06:15:37,UPI,CREDIT,2379.85,ECOMMERCE,MOBILE,PAYMENTS
TXN000000059,ACC0004302,2026-08-04 22:31:06,IMPS,DEBIT,4806.62,GROCERY,WEB,PAYMENTS
TXN000000060,ACC0001287,2026-08-28 16:17:27,ATM_WITHDRAWAL,DEBIT,4237.72,TRANSFER,BRANCH,PAYMENTS
TXN000000061,ACC0002960,2026-04-07 00:23:38,IMPS,DEBIT,5323.84,GROCERY,MOBILE,PAYMENTS
TXN000000062,ACC0004287,2026-05-18 13:12:15,CARD_PURCHASE,CREDIT,5829.39,UTILITIES,BRANCH,PAYMENTS
TXN000000063,ACC0003011,2026-07-24 22:17:34,NEFT,CREDIT,3832.15,FUEL,ATM,PAYMENTS
TXN000000064,ACC0003166,2026-06-29 23:27:39,NEFT,DEBIT,2603.76,TRAVEL,WEB,PAYMENTS
TXN000000065,ACC0003358,2026-09-21 22:20:24,IMPS,CREDIT,15968.22,UTILITIES,POS,PAYMENTS
TXN000000066,ACC0002198,2026-03-21 17:53:24,UPI,DEBIT,4890.07,UTILITIES,WEB,PAYMENTS
TXN000000067,ACC0004926,2026-06-24 15:43:01,CARD_PURCHASE,CREDIT,5980.47,UTILITIES,MOBILE,PAYMENTS
TXN000000068,ACC0002519,2026-04-17 09:08:08,CARD_PURCHASE,CREDIT,6088.05,ECOMMERCE,WEB,PAYMENTS
TXN000000069,ACC0004010,2026-03-02 15:53:18,CASH_DEPOSIT,CREDIT,21552.55,TRAVEL,POS,PAYMENTS
TXN000000070,ACC0000625,2026-02-08 13:16:00,NEFT,CREDIT,9814.37,TRAVEL,WEB,PAYMENTS
TXN000000071,ACC0002617,2026-03-25 17:40:34,NEFT,DEBIT,1292.74,GROCERY,ATM,PAYMENTS
TXN000000072,ACC0003644,2026-04-30 00:52:47,IMPS,CREDIT,3797.41,TRAVEL,POS,PAYMENTS
TXN000000073,ACC0000222,2026-09-09 16:54:18,CASH_DEPOSIT,DEBIT,63036.25,ECOMMERCE,POS,PAYMENTS
TXN000000074,ACC0001616,2026-08-16 23:20:20,IMPS,DEBIT,3280.14,TRAVEL,POS,PAYMENTS
TXN000000075,ACC0003853,2026-07-12 00:16:00,ATM_WITHDRAWAL,DEBIT,1666.03,CASH,WEB,PAYMENTS
TXN000000076,ACC0003217,2026-06-29 06:17:52,CARD_PURCHASE,DEBIT,11816.05,TRAVEL,WEB,PAYMENTS
TXN000000077,ACC0004118,2026-06-23 12:47:39,UPI,DEBIT,17498.14,GROCERY,BRANCH,PAYMENTS
TXN000000078,ACC0002323,2026-08-29 11:51:52,IMPS,DEBIT,788.63,UTILITIES,POS,PAYMENTS
TXN000000079,ACC0004878,2026-07-26 10:57:56,IMPS,DEBIT,1811.22,TRANSFER,ATM,PAYMENTS
TXN000000080,ACC0000565,2026-01-09 18:58:43,CARD_PURCHASE,DEBIT,18430.47,UTILITIES,MOBILE,PAYMENTS
TXN000000081,ACC0000842,2026-04-26 08:03:48,UPI,DEBIT,1339.19,TRANSFER,WEB,PAYMENTS
TXN000000082,ACC0000152,2026-01-01 23:05:13,ATM_WITHDRAWAL,DEBIT,6842.57,CASH,POS,PAYMENTS
TXN000000083,ACC0004256,2026-09-13 05:53:47,IMPS,DEBIT,13374.86,FUEL,WEB,PAYMENTS
TXN000000084,ACC0000535,2026-07-18 04:22:18,CASH_DEPOSIT,CREDIT,10069.65,CASH,WEB,PAYMENTS
TXN000000085,ACC0001582,2026-05-03 19:10:52,CARD_PURCHASE,CREDIT,5461.7,CASH,BRANCH,PAYMENTS
TXN000000086,ACC0002794,2026-07-28 03:09:41,NEFT,DEBIT,48466.41,FUEL,MOBILE,PAYMENTS
TXN000000087,ACC0004912,2026-06-01 02:07:44,IMPS,CREDIT,517.57,TRANSFER,POS,PAYMENTS
TXN000000088,ACC0002631,2026-08-07 22:08:59,UPI,DEBIT,2341.43,UTILITIES,ATM,PAYMENTS
TXN000000089,ACC0001867,2026-08-02 01:30:30,CARD_PURCHASE,CREDIT,1809.03,FUEL,ATM,PAYMENTS
TXN000000090,ACC0003777,2026-05-06 20:54:01,UPI,DEBIT,2832.56,TRANSFER,BRANCH,PAYMENTS
TXN000000091,ACC0001018,2026-01-18 20:37:17,IMPS,CREDIT,5589.05,TRAVEL,POS,PAYMENTS
TXN000000092,ACC0004945,2026-01-03 14:06:25,CASH_DEPOSIT,CREDIT,2490.1,ECOMMERCE,ATM,PAYMENTS
TXN000000093,ACC0002228,2026-02-05 02:46:48,CARD_PURCHASE,DEBIT,12209.4,TRAVEL,ATM,PAYMENTS
TXN000000094,ACC0001131,2026-09-13 16:56:47,UPI,DEBIT,2699.17,UTILITIES,WEB,PAYMENTS
TXN000000095,ACC0000293,2026-08-19 01:40:08,NEFT,DEBIT,625.12,TRAVEL,ATM,PAYMENTS
TXN000000096,ACC0000408,2026-09-20 18:10:55,CASH_DEPOSIT,CREDIT,2701.21,ECOMMERCE,BRANCH,PAYMENTS
TXN000000097,ACC0003667,2026-06-13 09:32:29,ATM_WITHDRAWAL,CREDIT,6178.14,CASH,BRANCH,PAYMENTS
TXN000000098,ACC0001627,2026-06-20 22:58:51,IMPS,DEBIT,4226.87,GROCERY,ATM,PAYMENTS
TXN000000099,ACC0003470,2026-05-18 08:17:44,UPI,DEBIT,3428.94,FUEL,MOBILE,PAYMENTS
TXN000000100,ACC0001595,2026-09-11 02:43:57,UPI,CREDIT,2054.11,CASH,MOBILE,PAYMENTS
TXN000000101,ACC0001349,2026-07-27 00:13:40,CARD_PURCHASE,CREDIT,1683.25,CASH,WEB,PAYMENTS
TXN000000102,ACC0003679,2026-01-26 10:42:49,IMPS,CREDIT,13442.57,TRANSFER,POS,PAYMENTS
TXN000000103,ACC0000425,2026-05-08 03:27:04,CASH_DEPOSIT,DEBIT,39916.53,TRANSFER,WEB,PAYMENTS
TXN000000104,ACC0002533,2026-07-14 13:12:27,CASH_DEPOSIT,CREDIT,1683.8,GROCERY,POS,PAYMENTS
TXN000000105,ACC0004564,2026-08-15 17:09:12,ATM_WITHDRAWAL,DEBIT,2118.99,UTILITIES,ATM,PAYMENTS
TXN000000106,ACC0001061,2026-09-08 14:50:33,UPI,DEBIT,646.24,CASH,MOBILE,PAYMENTS
TXN000000107,ACC0004966,2026-06-20 21:32:26,CARD_PURCHASE,CREDIT,7726.47,FUEL,ATM,PAYMENTS
TXN000000108,ACC0002691,2026-05-21 14:59:25,UPI,CREDIT,2779.75,TRANSFER,MOBILE,PAYMENTS
TXN000000109,ACC0000801,2026-08-08 03:58:01,CARD_PURCHASE,DEBIT,2245.94,FUEL,MOBILE,PAYMENTS
TXN000000110,ACC0001671,2026-01-26 13:16:09,CARD_PURCHASE,DEBIT,1521.56,CASH,MOBILE,PAYMENTS
TXN000000111,ACC0004910,2026-03-11 12:46:22,IMPS,DEBIT,3470.18,CASH,POS,PAYMENTS
TXN000000112,ACC0000102,2026-04-01 16:27:57,CASH_DEPOSIT,DEBIT,2606.64,ECOMMERCE,WEB,PAYMENTS
TXN000000113,ACC0000600,2026-04-15 11:35:44,CASH_DEPOSIT,CREDIT,7450.31,FUEL,ATM,PAYMENTS
TXN000000114,ACC0002908,2026-04-05 15:15:52,CARD_PURCHASE,CREDIT,3733.24,FUEL,ATM,PAYMENTS
TXN000000115,ACC0003012,2026-07-14 20:01:37,UPI,CREDIT,1260.03,GROCERY,WEB,PAYMENTS
TXN000000116,ACC0001840,2026-05-17 06:58:51,CASH_DEPOSIT,CREDIT,2675.35,ECOMMERCE,MOBILE,PAYMENTS
TXN000000117,ACC0002026,2026-05-16 04:34:47,CARD_PURCHASE,DEBIT,3937.93,TRAVEL,WEB,PAYMENTS
TXN000000118,ACC0003281,2026-01-14 06:59:02,CARD_PURCHASE,DEBIT,2006.99,TRANSFER,MOBILE,PAYMENTS
TXN000000119,ACC0002465,2026-04-10 03:08:40,UPI,DEBIT,1595.77,TRANSFER,BRANCH,PAYMENTS
TXN000000120,ACC0004165,2026-05-29 20:23:47,IMPS,CREDIT,2837.16,GROCERY,POS,PAYMENTS
TXN000000121,ACC0003511,2026-04-13 18:38:03,ATM_WITHDRAWAL,DEBIT,1004.03,GROCERY,WEB,PAYMENTS
TXN000000122,ACC0001145,2026-01-30 14:02:14,CARD_PURCHASE,CREDIT,3934.96,TRAVEL,MOBILE,PAYMENTS
TXN000000123,ACC0002963,2026-07-28 23:01:50,UPI,CREDIT,3202.67,TRAVEL,POS,PAYMENTS
TXN000000124,ACC0000564,2026-04-10 22:38:19,ATM_WITHDRAWAL,CREDIT,9709.13,TRAVEL,MOBILE,PAYMENTS
TXN000000125,ACC0001542,2026-02-28 23:25:27,CASH_DEPOSIT,DEBIT,27795.22,TRANSFER,ATM,PAYMENTS
TXN000000126,ACC0004602,2026-06-24 09:24:18,IMPS,DEBIT,1669.86,TRAVEL,BRANCH,PAYMENTS
TXN000000127,ACC0003714,2026-09-19 17:52:42,UPI,DEBIT,7329.11,TRANSFER,MOBILE,PAYMENTS
TXN000000128,ACC0003549,2026-05-08 01:24:48,IMPS,CREDIT,19007.97,TRANSFER,ATM,PAYMENTS
TXN000000129,ACC0004200,2026-08-20 08:17:20,IMPS,CREDIT,3244.97,ECOMMERCE,BRANCH,PAYMENTS
TXN000000130,ACC0002725,2026-06-21 08:05:31,CARD_PURCHASE,CREDIT,11055.68,CASH,POS,PAYMENTS
TXN000000131,ACC0003977,2026-01-12 20:10:05,IMPS,DEBIT,1014.51,UTILITIES,POS,PAYMENTS
TXN000000132,ACC0002432,2026-02-13 01:05:05,ATM_WITHDRAWAL,CREDIT,1325.84,TRAVEL,BRANCH,PAYMENTS
TXN000000133,ACC0003965,2026-04-23 19:12:30,NEFT,DEBIT,4625.63,TRANSFER,BRANCH,PAYMENTS
TXN000000134,ACC0003136,2026-09-17 00:16:14,CASH_DEPOSIT,DEBIT,2983.34,TRAVEL,ATM,PAYMENTS
TXN000000135,ACC0000341,2026-03-05 03:35:05,IMPS,DEBIT,1410.4,GROCERY,WEB,PAYMENTS
TXN000000136,ACC0002372,2026-08-27 00:46:29,ATM_WITHDRAWAL,CREDIT,1962.09,GROCERY,POS,PAYMENTS
TXN000000137,ACC0001567,2026-08-05 02:40:15,ATM_WITHDRAWAL,CREDIT,7144.25,CASH,POS,PAYMENTS
TXN000000138,ACC0003834,2026-08-09 12:36:22,ATM_WITHDRAWAL,DEBIT,2087.47,ECOMMERCE,ATM,PAYMENTS
TXN000000139,ACC0003355,2026-01-30 22:10:22,CARD_PURCHASE,CREDIT,12015.37,TRAVEL,WEB,PAYMENTS
TXN000000140,ACC0000864,2026-03-02 04:45:25,CARD_PURCHASE,CREDIT,5687.42,FUEL,BRANCH,PAYMENTS
TXN000000141,ACC0000461,2026-07-03 17:32:24,IMPS,CREDIT,2711.89,TRAVEL,WEB,PAYMENTS
TXN000000142,ACC0001549,2026-04-27 13:08:18,ATM_WITHDRAWAL,DEBIT,3125.57,FUEL,ATM,PAYMENTS
TXN000000143,ACC0001238,2026-04-27 02:20:11,UPI,DEBIT,1882.51,CASH,MOBILE,PAYMENTS
TXN000000144,ACC0003506,2026-07-17 09:57:19,IMPS,CREDIT,26174.62,TRANSFER,BRANCH,PAYMENTS
TXN000000145,ACC0002083,2026-04-23 10:14:01,CARD_PURCHASE,CREDIT,6576.09,TRANSFER,ATM,PAYMENTS
TXN000000146,ACC0003625,2026-02-02 02:17:48,NEFT,CREDIT,25185.82,FUEL,ATM,PAYMENTS
TXN000000147,ACC0004503,2026-03-24 03:41:17,ATM_WITHDRAWAL,CREDIT,2063.52,GROCERY,ATM,PAYMENTS
TXN000000148,ACC0003502,2026-08-08 12:18:28,UPI,DEBIT,2440.62,CASH,BRANCH,PAYMENTS
TXN000000149,ACC0004943,2026-08-10 00:13:00,UPI,CREDIT,32674.87,ECOMMERCE,BRANCH,PAYMENTS
TXN000000150,ACC0001033,2026-04-02 20:58:06,CASH_DEPOSIT,CREDIT,2064.98,CASH,WEB,PAYMENTS
TXN000000151,ACC0000845,2026-05-10 16:46:18,NEFT,DEBIT,15360.78,UTILITIES,POS,PAYMENTS
TXN000000152,ACC0001927,2026-02-02 04:01:29,CASH_DEPOSIT,CREDIT,5641.59,TRAVEL,POS,PAYMENTS
TXN000000153,ACC0000079,2026-01-11 17:55:00,CARD_PURCHASE,CREDIT,6707.23,UTILITIES,MOBILE,PAYMENTS
TXN000000154,ACC0003297,2026-02-14 23:50:45,CASH_DEPOSIT,CREDIT,5917.67,FUEL,ATM,PAYMENTS
TXN000000155,ACC0003196,2026-07-26 09:28:17,NEFT,CREDIT,11863.27,TRAVEL,POS,PAYMENTS
TXN000000156,ACC0004143,2026-04-03 15:26:19,CARD_PURCHASE,CREDIT,8734.09,TRAVEL,POS,PAYMENTS
TXN000000157,ACC0002239,2026-06-15 20:48:06,CARD_PURCHASE,CREDIT,6262.88,ECOMMERCE,ATM,PAYMENTS
TXN000000158,ACC0001324,2026-03-11 11:16:40,CASH_DEPOSIT,CREDIT,2982.73,TRAVEL,ATM,PAYMENTS
TXN000000159,ACC0004891,2026-08-09 08:14:21,UPI,CREDIT,15999.32,GROCERY,ATM,PAYMENTS
TXN000000160,ACC0000891,2026-05-22 03:34:20,ATM_WITHDRAWAL,CREDIT,6793.05,UTILITIES,WEB,PAYMENTS
TXN000000161,ACC0001689,2026-06-20 13:09:46,NEFT,DEBIT,371.23,UTILITIES,MOBILE,PAYMENTS
TXN000000162,ACC0002348,2026-09-18 09:12:58,UPI,DEBIT,25810.64,ECOMMERCE,ATM,PAYMENTS
TXN000000163,ACC0002416,2026-06-04 17:09:12,CASH_DEPOSIT,DEBIT,1890.54,UTILITIES,POS,PAYMENTS
TXN000000164,ACC0001840,2026-02-22 06:49:13,IMPS,DEBIT,604.99,CASH,ATM,PAYMENTS
TXN000000165,ACC0002485,2026-01-03 01:19:38,UPI,DEBIT,6741.55,UTILITIES,MOBILE,PAYMENTS
TXN000000166,ACC0000974,2026-05-02 20:54:34,UPI,CREDIT,9693.39,CASH,MOBILE,PAYMENTS
TXN000000167,ACC0001476,2026-07-10 00:48:07,NEFT,CREDIT,3455.79,FUEL,MOBILE,PAYMENTS
TXN000000168,ACC0000059,2026-01-19 17:37:31,CARD_PURCHASE,CREDIT,2526.16,TRAVEL,MOBILE,PAYMENTS
TXN000000169,ACC0004526,2026-09-22 05:17:02,CARD_PURCHASE,CREDIT,2696.51,TRAVEL,ATM,PAYMENTS
TXN000000170,ACC0004607,2026-02-25 06:50:30,IMPS,CREDIT,6099.5,ECOMMERCE,ATM,PAYMENTS
TXN000000171,ACC0003429,2026-05-01 19:08:03,CASH_DEPOSIT,CREDIT,1444.14,ECOMMERCE,WEB,PAYMENTS
TXN000000172,ACC0003884,2026-07-18 12:00:09,IMPS,CREDIT,5037.88,ECOMMERCE,POS,PAYMENTS
TXN000000173,ACC0004473,2026-01-27 00:11:38,IMPS,DEBIT,894.72,TRANSFER,MOBILE,PAYMENTS
TXN000000174,ACC0003450,2026-03-11 12:40:05,CARD_PURCHASE,DEBIT,76570.19,TRANSFER,WEB,PAYMENTS
TXN000000175,ACC0003620,2026-03-09 03:42:00,ATM_WITHDRAWAL,DEBIT,675.11,ECOMMERCE,BRANCH,PAYMENTS
TXN000000176,ACC0000828,2026-06-04 02:29:42,NEFT,CREDIT,6081.11,GROCERY,MOBILE,PAYMENTS
TXN000000177,ACC0003618,2026-02-22 22:41:55,NEFT,DEBIT,2244.82,TRAVEL,MOBILE,PAYMENTS
TXN000000178,ACC0000126,2026-03-11 03:14:12,NEFT,DEBIT,22072.68,TRAVEL,MOBILE,PAYMENTS
TXN000000179,ACC0001871,2026-08-17 02:34:38,CASH_DEPOSIT,CREDIT,1802.27,UTILITIES,BRANCH,PAYMENTS
TXN000000180,ACC0000906,2026-06-11 08:59:12,IMPS,DEBIT,24234.96,FUEL,BRANCH,PAYMENTS
TXN000000181,ACC0004651,2026-05-13 04:43:19,IMPS,DEBIT,1918.49,UTILITIES,POS,PAYMENTS
TXN000000182,ACC0003894,2026-05-26 17:58:14,UPI,DEBIT,24420.66,FUEL,POS,PAYMENTS
TXN000000183,ACC0000290,2026-05-11 13:49:13,UPI,CREDIT,5312.7,UTILITIES,WEB,PAYMENTS
TXN000000184,ACC0004718,2026-06-06 06:44:21,ATM_WITHDRAWAL,CREDIT,10892.18,ECOMMERCE,WEB,PAYMENTS
TXN000000185,ACC0003295,2026-01-24 09:15:45,CARD_PURCHASE,DEBIT,2610.78,TRAVEL,POS,PAYMENTS
TXN000000186,ACC0003422,2026-09-19 19:39:36,CARD_PURCHASE,CREDIT,12174.21,TRANSFER,WEB,PAYMENTS
TXN000000187,ACC0002661,2026-09-08 01:50:39,UPI,CREDIT,790.36,CASH,ATM,PAYMENTS
TXN000000188,ACC0001705,2026-03-01 15:07:58,CARD_PURCHASE,DEBIT,30408.39,TRAVEL,MOBILE,PAYMENTS
TXN000000189,ACC0003990,2026-01-02 05:06:55,NEFT,CREDIT,6788.89,FUEL,ATM,PAYMENTS
TXN000000190,ACC0001215,2026-01-17 21:09:19,ATM_WITHDRAWAL,DEBIT,12050.44,UTILITIES,BRANCH,PAYMENTS
TXN000000191,ACC0002817,2026-06-29 19:38:17,IMPS,DEBIT,6041.25,FUEL,WEB,PAYMENTS
TXN000000192,ACC0000559,2026-01-20 04:34:41,UPI,DEBIT,564.52,FUEL,WEB,PAYMENTS
TXN000000193,ACC0004600,2026-08-22 21:03:11,NEFT,CREDIT,8997.5,GROCERY,MOBILE,PAYMENTS
TXN000000194,ACC0001944,2026-06-28 22:12:54,ATM_WITHDRAWAL,CREDIT,35773.59,TRAVEL,WEB,PAYMENTS
TXN000000195,ACC0004477,2026-07-28 12:28:18,IMPS,DEBIT,9053.89,TRAVEL,WEB,PAYMENTS
TXN000000196,ACC0004232,2026-08-13 00:42:51,NEFT,CREDIT,6174.64,UTILITIES,WEB,PAYMENTS
TXN000000197,ACC0001366,2026-07-26 19:47:18,CASH_DEPOSIT,CREDIT,1360.56,CASH,WEB,PAYMENTS
TXN000000198,ACC0004039,2026-01-02 10:41:03,CARD_PURCHASE,CREDIT,6958.82,CASH,MOBILE,PAYMENTS
TXN000000199,ACC0004733,2026-02-28 06:50:47,UPI,CREDIT,1784.72,GROCERY,MOBILE,PAYMENTS
TXN000000200,ACC0002203,2026-01-20 19:21:24,ATM_WITHDRAWAL,CREDIT,54170.85,FUEL,MOBILE,PAYMENTS
TXN000000201,ACC0003136,2026-06-12 16:49:29,IMPS,DEBIT,1341.28,GROCERY,WEB,PAYMENTS
TXN000000202,ACC0001677,2026-04-01 03:47:32,CASH_DEPOSIT,CREDIT,1956.62,ECOMMERCE,MOBILE,PAYMENTS
TXN000000203,ACC0000161,2026-08-18 03:04:30,UPI,DEBIT,5460.52,CASH,BRANCH,PAYMENTS
TXN000000204,ACC0003825,2026-06-24 22:57:47,IMPS,CREDIT,3444.38,UTILITIES,BRANCH,PAYMENTS
TXN000000205,ACC0001441,2026-08-15 09:22:48,NEFT,DEBIT,680.52,FUEL,POS,PAYMENTS
TXN000000206,ACC0001032,2026-02-02 12:57:03,NEFT,DEBIT,2725.71,GROCERY,MOBILE,PAYMENTS
TXN000000207,ACC0002628,2026-02-13 02:21:43,ATM_WITHDRAWAL,CREDIT,3336.94,TRAVEL,WEB,PAYMENTS
TXN000000208,ACC0000045,2026-07-05 01:06:42,CARD_PURCHASE,CREDIT,3878.08,CASH,POS,PAYMENTS
TXN000000209,ACC0000373,2026-07-12 15:26:34,UPI,CREDIT,3369.66,TRANSFER,ATM,PAYMENTS
TXN000000210,ACC0001808,2026-03-03 03:19:05,UPI,DEBIT,2238.29,CASH,BRANCH,PAYMENTS
TXN000000211,ACC0004799,2026-08-23 06:08:05,ATM_WITHDRAWAL,DEBIT,1260.41,FUEL,ATM,PAYMENTS
TXN000000212,ACC0001424,2026-01-07 08:58:38,UPI,DEBIT,12848.84,ECOMMERCE,POS,PAYMENTS
TXN000000213,ACC0003519,2026-02-17 01:06:57,UPI,CREDIT,4090.35,FUEL,ATM,PAYMENTS
TXN000000214,ACC0001534,2026-05-01 06:41:10,CASH_DEPOSIT,DEBIT,7872.2,GROCERY,MOBILE,PAYMENTS
TXN000000215,ACC0003913,2026-02-22 17:07:21,CASH_DEPOSIT,DEBIT,2396.71,GROCERY,WEB,PAYMENTS
TXN000000216,ACC0003003,2026-05-13 21:28:14,CARD_PURCHASE,CREDIT,3119.37,UTILITIES,BRANCH,PAYMENTS
TXN000000217,ACC0000058,2026-02-25 19:29:17,CASH_DEPOSIT,CREDIT,7249.8,GROCERY,WEB,PAYMENTS
TXN000000218,ACC0001805,2026-09-07 21:41:55,CARD_PURCHASE,DEBIT,2837.36,FUEL,POS,PAYMENTS
TXN000000219,ACC0001885,2026-09-03 06:18:33,ATM_WITHDRAWAL,DEBIT,8194.92,TRANSFER,ATM,PAYMENTS
TXN000000220,ACC0001190,2026-08-21 17:46:16,NEFT,CREDIT,1572.79,CASH,MOBILE,PAYMENTS
TXN000000221,ACC0001856,2026-01-09 13:48:18,UPI,DEBIT,425.89,UTILITIES,MOBILE,PAYMENTS
TXN000000222,ACC0002950,2026-05-02 20:25:37,IMPS,DEBIT,6617.82,FUEL,ATM,PAYMENTS
TXN000000223,ACC0000434,2026-01-02 00:17:15,CARD_PURCHASE,CREDIT,3629.39,CASH,WEB,PAYMENTS
TXN000000224,ACC0003931,2026-05-20 06:41:15,UPI,DEBIT,5451.1,TRAVEL,POS,PAYMENTS
TXN000000225,ACC0002372,2026-01-22 19:33:22,UPI,DEBIT,41138.32,ECOMMERCE,POS,PAYMENTS
TXN000000226,ACC0004555,2026-08-23 08:11:29,UPI,DEBIT,7444.85,TRANSFER,MOBILE,PAYMENTS
TXN000000227,ACC0003138,2026-07-04 04:00:48,NEFT,DEBIT,7959.02,FUEL,BRANCH,PAYMENTS
TXN000000228,ACC0001715,2026-06-24 19:11:26,UPI,CREDIT,4429.94,GROCERY,BRANCH,PAYMENTS
TXN000000229,ACC0000753,2026-07-26 03:43:52,CARD_PURCHASE,DEBIT,22217.39,ECOMMERCE,POS,PAYMENTS
TXN000000230,ACC0004964,2026-06-05 05:36:55,CASH_DEPOSIT,CREDIT,10310.52,ECOMMERCE,ATM,PAYMENTS
TXN000000231,ACC0001758,2026-03-30 11:29:58,ATM_WITHDRAWAL,CREDIT,617.87,UTILITIES,WEB,PAYMENTS
TXN000000232,ACC0003612,2026-07-28 16:45:45,IMPS,CREDIT,27295.46,GROCERY,BRANCH,PAYMENTS
TXN000000233,ACC0004967,2026-08-12 03:55:01,NEFT,CREDIT,1791.28,GROCERY,MOBILE,PAYMENTS
TXN000000234,ACC0004073,2026-07-18 19:51:51,UPI,CREDIT,1304.44,TRANSFER,WEB,PAYMENTS
TXN000000235,ACC0001509,2026-04-11 12:55:26,CARD_PURCHASE,CREDIT,4717.22,FUEL,MOBILE,PAYMENTS
TXN000000236,ACC0000218,2026-05-06 06:59:00,CARD_PURCHASE,CREDIT,11015.18,ECOMMERCE,MOBILE,PAYMENTS
TXN000000237,ACC0004453,2026-07-03 10:00:16,ATM_WITHDRAWAL,CREDIT,3029.65,TRANSFER,MOBILE,PAYMENTS
TXN000000238,ACC0002828,2026-09-03 16:10:57,IMPS,CREDIT,2172.88,FUEL,BRANCH,PAYMENTS
TXN000000239,ACC0001164,2026-03-06 18:51:44,NEFT,DEBIT,962.79,TRAVEL,ATM,PAYMENTS
TXN000000240,ACC0004042,2026-09-17 01:08:04,NEFT,CREDIT,4376.45,UTILITIES,ATM,PAYMENTS
TXN000000241,ACC0004332,2026-09-13 15:39:14,CASH_DEPOSIT,CREDIT,8776.21,GROCERY,WEB,PAYMENTS
TXN000000242,ACC0004817,2026-08-09 05:16:40,IMPS,CREDIT,720.35,ECOMMERCE,POS,PAYMENTS
TXN000000243,ACC0003411,2026-07-20 13:25:40,CARD_PURCHASE,DEBIT,2355.54,FUEL,ATM,PAYMENTS
TXN000000244,ACC0003630,2026-08-28 17:24:26,IMPS,DEBIT,2433.33,ECOMMERCE,MOBILE,PAYMENTS
TXN000000245,ACC0001473,2026-04-06 00:23:08,CARD_PURCHASE,DEBIT,3885.24,TRAVEL,WEB,PAYMENTS
TXN000000246,ACC0000275,2026-05-01 13:29:40,CASH_DEPOSIT,CREDIT,2090.65,UTILITIES,WEB,PAYMENTS
TXN000000247,ACC0001415,2026-06-09 16:03:02,ATM_WITHDRAWAL,DEBIT,785.58,GROCERY,MOBILE,PAYMENTS
TXN000000248,ACC0000914,2026-08-31 01:30:20,ATM_WITHDRAWAL,DEBIT,16408.57,GROCERY,BRANCH,PAYMENTS
TXN000000249,ACC0003281,2026-06-10 17:56:11,CASH_DEPOSIT,CREDIT,6069.86,CASH,MOBILE,PAYMENTS
TXN000000250,ACC0004933,2026-08-11 06:07:15,CARD_PURCHASE,CREDIT,50831.08,TRAVEL,ATM,PAYMENTS
TXN000000251,ACC0004488,2026-06-08 07:34:40,IMPS,DEBIT,1883.61,GROCERY,BRANCH,PAYMENTS
TXN000000252,ACC0002864,2026-09-20 04:19:43,UPI,DEBIT,2459.24,FUEL,WEB,PAYMENTS
TXN000000253,ACC0004975,2026-05-04 12:00:08,NEFT,DEBIT,7225.52,FUEL,POS,PAYMENTS
TXN000000254,ACC0002589,2026-01-06 13:21:46,CASH_DEPOSIT,DEBIT,3350.53,FUEL,WEB,PAYMENTS
TXN000000255,ACC0002602,2026-08-28 09:15:23,ATM_WITHDRAWAL,DEBIT,12658.31,FUEL,POS,PAYMENTS
TXN000000256,ACC0003177,2026-05-19 07:45:16,NEFT,DEBIT,19204.01,TRAVEL,POS,PAYMENTS
TXN000000257,ACC0001567,2026-01-05 01:35:42,CARD_PURCHASE,CREDIT,11034.59,TRANSFER,MOBILE,PAYMENTS
TXN000000258,ACC0003462,2026-02-13 11:27:01,ATM_WITHDRAWAL,CREDIT,347.6,TRAVEL,ATM,PAYMENTS
TXN000000259,ACC0000289,2026-02-16 22:50:39,NEFT,CREDIT,9872.11,TRAVEL,BRANCH,PAYMENTS
TXN000000260,ACC0000384,2026-07-23 05:13:31,CASH_DEPOSIT,CREDIT,11591.06,FUEL,BRANCH,PAYMENTS
TXN000000261,ACC0000956,2026-08-19 01:41:11,CASH_DEPOSIT,CREDIT,8898.59,FUEL,ATM,PAYMENTS
TXN000000262,ACC0004523,2026-05-31 10:01:05,CARD_PURCHASE,DEBIT,2598.44,FUEL,BRANCH,PAYMENTS
TXN000000263,ACC0003916,2026-01-20 06:56:14,UPI,DEBIT,6862.89,TRANSFER,POS,PAYMENTS
TXN000000264,ACC0001460,2026-08-07 08:11:43,CARD_PURCHASE,DEBIT,4676.66,UTILITIES,BRANCH,PAYMENTS
TXN000000265,ACC0004090,2026-07-08 00:54:28,NEFT,CREDIT,7797.75,TRAVEL,POS,PAYMENTS
TXN000000266,ACC0004973,2026-05-18 01:22:31,NEFT,CREDIT,17349.17,UTILITIES,MOBILE,PAYMENTS
TXN000000267,ACC0004557,2026-07-24 20:07:54,CARD_PURCHASE,DEBIT,7663.46,GROCERY,ATM,PAYMENTS
TXN000000268,ACC0003422,2026-01-20 06:35:54,NEFT,DEBIT,4316.75,CASH,POS,PAYMENTS
TXN000000269,ACC0004524,2026-02-21 15:20:54,IMPS,DEBIT,6253.43,GROCERY,POS,PAYMENTS
TXN000000270,ACC0003468,2026-06-09 17:34:38,UPI,DEBIT,4177.1,CASH,WEB,PAYMENTS
TXN000000271,ACC0004591,2026-02-15 13:05:13,UPI,CREDIT,1903.19,UTILITIES,POS,PAYMENTS
TXN000000272,ACC0004994,2026-06-12 05:44:54,UPI,DEBIT,1636.15,FUEL,WEB,PAYMENTS
TXN000000273,ACC0002618,2026-04-25 11:23:32,CARD_PURCHASE,CREDIT,10815.35,UTILITIES,MOBILE,PAYMENTS
TXN000000274,ACC0004648,2026-08-25 21:55:23,UPI,DEBIT,877.39,ECOMMERCE,ATM,PAYMENTS
TXN000000275,ACC0004955,2026-02-01 09:48:57,NEFT,CREDIT,6000.92,ECOMMERCE,BRANCH,PAYMENTS
TXN000000276,ACC0002560,2026-06-18 04:52:13,NEFT,DEBIT,6730.7,ECOMMERCE,WEB,PAYMENTS
TXN000000277,ACC0003194,2026-05-16 10:59:57,CASH_DEPOSIT,CREDIT,1311.67,CASH,POS,PAYMENTS
TXN000000278,ACC0003473,2026-05-06 14:06:24,UPI,CREDIT,672.06,CASH,BRANCH,PAYMENTS
TXN000000279,ACC0001809,2026-06-14 06:59:42,NEFT,DEBIT,1972.26,FUEL,WEB,PAYMENTS
TXN000000280,ACC0002453,2026-05-18 10:58:22,NEFT,CREDIT,4900.47,UTILITIES,WEB,PAYMENTS
TXN000000281,ACC0001665,2026-04-02 07:57:25,NEFT,DEBIT,1297.46,GROCERY,ATM,PAYMENTS
TXN000000282,ACC0004632,2026-08-24 08:07:02,CARD_PURCHASE,CREDIT,3642.2,ECOMMERCE,POS,PAYMENTS
TXN000000283,ACC0002947,2026-03-07 00:25:38,ATM_WITHDRAWAL,DEBIT,3002.33,TRAVEL,POS,PAYMENTS
TXN000000284,ACC0004226,2026-04-13 07:54:45,IMPS,CREDIT,903.91,TRAVEL,BRANCH,PAYMENTS
TXN000000285,ACC0002355,2026-08-31 17:04:17,UPI,DEBIT,10448.84,GROCERY,BRANCH,PAYMENTS
TXN000000286,ACC0003175,2026-05-20 05:32:24,NEFT,DEBIT,4668.69,ECOMMERCE,ATM,PAYMENTS
TXN000000287,ACC0002371,2026-03-16 10:58:54,UPI,DEBIT,1466.68,TRAVEL,POS,PAYMENTS
TXN000000288,ACC0002989,2026-08-27 12:02:48,UPI,CREDIT,10044.88,TRAVEL,BRANCH,PAYMENTS
TXN000000289,ACC0001583,2026-08-07 06:30:49,CASH_DEPOSIT,CREDIT,8554.33,ECOMMERCE,MOBILE,PAYMENTS
TXN000000290,ACC0004799,2026-05-01 06:50:58,CASH_DEPOSIT,DEBIT,14367.72,FUEL,POS,PAYMENTS
TXN000000291,ACC0003486,2026-08-24 16:03:28,CASH_DEPOSIT,DEBIT,14784.46,FUEL,POS,PAYMENTS
TXN000000292,ACC0001078,2026-06-17 18:47:18,UPI,CREDIT,5219.99,TRANSFER,BRANCH,PAYMENTS
TXN000000293,ACC0004831,2026-05-14 19:00:56,ATM_WITHDRAWAL,DEBIT,22716.47,ECOMMERCE,POS,PAYMENTS
TXN000000294,ACC0001026,2026-01-01 13:02:21,CARD_PURCHASE,DEBIT,2510.32,GROCERY,BRANCH,PAYMENTS
TXN000000295,ACC0000104,2026-09-01 16:56:57,CARD_PURCHASE,DEBIT,1214.32,ECOMMERCE,MOBILE,PAYMENTS
TXN000000296,ACC0002411,2026-06-17 09:46:38,ATM_WITHDRAWAL,DEBIT,2604.84,CASH,BRANCH,PAYMENTS
TXN000000297,ACC0004935,2026-08-05 20:24:45,IMPS,DEBIT,1260.83,FUEL,ATM,PAYMENTS
TXN000000298,ACC0004324,2026-03-30 13:48:11,NEFT,CREDIT,4141.11,ECOMMERCE,WEB,PAYMENTS
TXN000000299,ACC0003501,2026-08-14 10:47:50,CARD_PURCHASE,DEBIT,994.77,CASH,WEB,PAYMENTS
TXN000000300,ACC0001801,2026-02-06 01:05:11,CASH_DEPOSIT,CREDIT,6597.28,TRANSFER,ATM,PAYMENTS
TXN000000301,ACC0000695,2026-02-19 23:13:52,UPI,DEBIT,45910.79,GROCERY,WEB,PAYMENTS
TXN000000302,ACC0003060,2026-08-14 04:48:20,NEFT,CREDIT,2953.12,GROCERY,MOBILE,PAYMENTS
TXN000000303,ACC0002159,2026-03-04 19:18:48,UPI,CREDIT,1780.44,UTILITIES,MOBILE,PAYMENTS
TXN000000304,ACC0002610,2026-04-05 07:18:55,NEFT,DEBIT,33119.53,UTILITIES,ATM,PAYMENTS
TXN000000305,ACC0001168,2026-03-20 12:19:51,NEFT,DEBIT,1036.12,TRAVEL,POS,PAYMENTS
TXN000000306,ACC0001069,2026-06-22 20:25:40,ATM_WITHDRAWAL,DEBIT,11859.76,GROCERY,POS,PAYMENTS
TXN000000307,ACC0001138,2026-05-25 10:31:05,IMPS,CREDIT,5281.64,ECOMMERCE,ATM,PAYMENTS
TXN000000308,ACC0002373,2026-02-21 11:19:51,IMPS,CREDIT,11434.21,TRAVEL,ATM,PAYMENTS
TXN000000309,ACC0004787,2026-06-18 08:18:29,NEFT,CREDIT,8296.89,TRANSFER,WEB,PAYMENTS
TXN000000310,ACC0002461,2026-04-18 12:14:48,NEFT,DEBIT,436.64,TRAVEL,MOBILE,PAYMENTS
TXN000000311,ACC0003440,2026-04-02 14:55:26,CARD_PURCHASE,DEBIT,8160.72,TRANSFER,BRANCH,PAYMENTS
TXN000000312,ACC0004724,2026-05-09 04:59:40,CASH_DEPOSIT,DEBIT,3684.11,TRAVEL,WEB,PAYMENTS
TXN000000313,ACC0001296,2026-04-24 07:19:40,IMPS,DEBIT,5336.16,FUEL,POS,PAYMENTS
TXN000000314,ACC0004883,2026-03-29 03:49:41,NEFT,DEBIT,2590.68,UTILITIES,BRANCH,PAYMENTS
TXN000000315,ACC0004901,2026-07-05 13:45:51,NEFT,CREDIT,3148.27,TRAVEL,WEB,PAYMENTS
TXN000000316,ACC0003037,2026-05-16 01:33:56,CASH_DEPOSIT,DEBIT,5831.04,TRANSFER,WEB,PAYMENTS
TXN000000317,ACC0002629,2026-09-20 17:46:39,NEFT,CREDIT,5983.32,CASH,POS,PAYMENTS
TXN000000318,ACC0000489,2026-07-15 15:51:57,NEFT,DEBIT,757.42,GROCERY,BRANCH,PAYMENTS
TXN000000319,ACC0000307,2026-01-11 19:28:10,CARD_PURCHASE,CREDIT,46676.79,FUEL,WEB,PAYMENTS
TXN000000320,ACC0004081,2026-03-28 23:24:21,NEFT,DEBIT,9544.57,CASH,POS,PAYMENTS
TXN000000321,ACC0003753,2026-07-10 23:24:31,ATM_WITHDRAWAL,CREDIT,7058.25,FUEL,BRANCH,PAYMENTS
TXN000000322,ACC0003719,2026-07-26 09:22:59,CASH_DEPOSIT,DEBIT,18494.48,UTILITIES,ATM,PAYMENTS
TXN000000323,ACC0001787,2026-03-30 21:04:17,NEFT,DEBIT,22547.7,ECOMMERCE,POS,PAYMENTS
TXN000000324,ACC0003199,2026-01-28 15:41:01,UPI,DEBIT,5137.91,TRANSFER,POS,PAYMENTS
TXN000000325,ACC0003764,2026-04-03 23:42:37,UPI,DEBIT,11827.58,ECOMMERCE,ATM,PAYMENTS
TXN000000326,ACC0004010,2026-09-17 19:17:39,IMPS,CREDIT,3769.34,FUEL,POS,PAYMENTS
TXN000000327,ACC0004543,2026-05-02 16:44:32,IMPS,CREDIT,2910.32,ECOMMERCE,WEB,PAYMENTS
TXN000000328,ACC0001749,2026-09-18 04:28:22,NEFT,DEBIT,1710.71,GROCERY,ATM,PAYMENTS
TXN000000329,ACC0003077,2026-04-30 02:49:50,UPI,DEBIT,5995.27,GROCERY,MOBILE,PAYMENTS
TXN000000330,ACC0003308,2026-07-03 00:52:03,ATM_WITHDRAWAL,CREDIT,1671.11,CASH,WEB,PAYMENTS
TXN000000331,ACC0002396,2026-08-01 02:13:34,ATM_WITHDRAWAL,CREDIT,3284.92,CASH,MOBILE,PAYMENTS
TXN000000332,ACC0002595,2026-04-22 19:02:44,UPI,CREDIT,4688.27,FUEL,BRANCH,PAYMENTS
TXN000000333,ACC0001835,2026-09-15 01:31:39,CASH_DEPOSIT,CREDIT,4336.2,TRANSFER,ATM,PAYMENTS
TXN000000334,ACC0003039,2026-03-29 01:34:02,CARD_PURCHASE,DEBIT,7244.97,TRAVEL,MOBILE,PAYMENTS
TXN000000335,ACC0004516,2026-02-13 04:32:49,CASH_DEPOSIT,CREDIT,17679.86,TRAVEL,ATM,PAYMENTS
TXN000000336,ACC0000757,2026-01-11 22:21:47,ATM_WITHDRAWAL,CREDIT,4423.11,CASH,WEB,PAYMENTS
TXN000000337,ACC0003942,2026-07-08 14:39:35,IMPS,DEBIT,3076.86,UTILITIES,ATM,PAYMENTS
TXN000000338,ACC0004641,2026-04-29 08:11:51,UPI,DEBIT,4665.76,TRAVEL,POS,PAYMENTS
TXN000000339,ACC0000483,2026-03-21 08:09:21,IMPS,CREDIT,1846.52,GROCERY,BRANCH,PAYMENTS
TXN000000340,ACC0004811,2026-01-30 09:56:44,IMPS,CREDIT,5104.63,ECOMMERCE,BRANCH,PAYMENTS
TXN000000341,ACC0001846,2026-01-18 22:49:35,NEFT,DEBIT,902.87,ECOMMERCE,ATM,PAYMENTS
TXN000000342,ACC0004120,2026-02-19 02:48:48,IMPS,DEBIT,7076.52,TRAVEL,POS,PAYMENTS
TXN000000343,ACC0004564,2026-02-05 08:21:49,NEFT,DEBIT,67246.35,UTILITIES,ATM,PAYMENTS
TXN000000344,ACC0001193,2026-06-03 22:52:41,NEFT,CREDIT,1992.7,FUEL,MOBILE,PAYMENTS
TXN000000345,ACC0003728,2026-05-20 19:09:25,UPI,CREDIT,9311.48,ECOMMERCE,POS,PAYMENTS
TXN000000346,ACC0002278,2026-06-09 22:53:46,IMPS,DEBIT,2160.92,CASH,ATM,PAYMENTS
TXN000000347,ACC0004872,2026-02-09 03:29:36,IMPS,DEBIT,4958.76,GROCERY,BRANCH,PAYMENTS
TXN000000348,ACC0003639,2026-05-21 06:47:19,UPI,DEBIT,2985.92,FUEL,ATM,PAYMENTS
TXN000000349,ACC0001856,2026-05-15 20:24:13,IMPS,DEBIT,5736.35,UTILITIES,MOBILE,PAYMENTS
TXN000000350,ACC0003709,2026-06-20 09:05:21,NEFT,DEBIT,3775.94,ECOMMERCE,MOBILE,PAYMENTS
TXN000000351,ACC0001503,2026-05-10 02:58:51,IMPS,DEBIT,4801.54,GROCERY,POS,PAYMENTS
TXN000000352,ACC0001938,2026-01-19 23:17:31,IMPS,CREDIT,10632.89,GROCERY,MOBILE,PAYMENTS
TXN000000353,ACC0004810,2026-07-15 15:50:31,IMPS,CREDIT,873.3,TRANSFER,POS,PAYMENTS
TXN000000354,ACC0004146,2026-06-25 15:33:38,NEFT,DEBIT,813.76,ECOMMERCE,BRANCH,PAYMENTS
TXN000000355,ACC0000666,2026-05-12 09:26:45,IMPS,DEBIT,2149.96,UTILITIES,BRANCH,PAYMENTS
TXN000000356,ACC0001921,2026-01-04 14:15:46,UPI,DEBIT,894.1,TRANSFER,POS,PAYMENTS
TXN000000357,ACC0004818,2026-01-19 11:00:35,CASH_DEPOSIT,CREDIT,46780.77,TRAVEL,WEB,PAYMENTS
TXN000000358,ACC0004778,2026-06-05 09:22:07,CARD_PURCHASE,DEBIT,6022.45,UTILITIES,POS,PAYMENTS
TXN000000359,ACC0003692,2026-01-12 10:39:15,UPI,CREDIT,12947.98,ECOMMERCE,BRANCH,PAYMENTS
TXN000000360,ACC0000759,2026-09-14 06:00:14,UPI,CREDIT,11070.19,CASH,ATM,PAYMENTS
TXN000000361,ACC0004335,2026-06-02 02:09:01,UPI,CREDIT,3942.56,GROCERY,BRANCH,PAYMENTS
TXN000000362,ACC0002863,2026-04-13 18:49:24,IMPS,CREDIT,1638.08,TRAVEL,WEB,PAYMENTS
TXN000000363,ACC0000444,2026-05-06 08:26:23,CARD_PURCHASE,DEBIT,4665.4,ECOMMERCE,WEB,PAYMENTS
TXN000000364,ACC0003584,2026-09-18 10:02:06,CARD_PURCHASE,DEBIT,4826.48,CASH,WEB,PAYMENTS
TXN000000365,ACC0004536,2026-04-15 08:24:29,ATM_WITHDRAWAL,CREDIT,4623.97,TRAVEL,ATM,PAYMENTS
TXN000000366,ACC0001768,2026-06-15 02:26:56,UPI,DEBIT,3295.76,TRANSFER,POS,PAYMENTS
TXN000000367,ACC0000343,2026-01-08 05:01:06,CARD_PURCHASE,CREDIT,8430.66,TRANSFER,ATM,PAYMENTS
TXN000000368,ACC0001300,2026-04-07 21:26:10,NEFT,DEBIT,8047.0,ECOMMERCE,MOBILE,PAYMENTS
TXN000000369,ACC0000280,2026-03-20 14:39:14,ATM_WITHDRAWAL,DEBIT,1373.43,TRAVEL,BRANCH,PAYMENTS
TXN000000370,ACC0003995,2026-07-01 11:43:21,NEFT,DEBIT,14221.29,TRAVEL,BRANCH,PAYMENTS
TXN000000371,ACC0004521,2026-02-06 16:28:22,CASH_DEPOSIT,DEBIT,1984.99,TRAVEL,MOBILE,PAYMENTS
TXN000000372,ACC0004003,2026-02-22 04:19:45,ATM_WITHDRAWAL,CREDIT,1701.79,GROCERY,BRANCH,PAYMENTS
TXN000000373,ACC0001259,2026-07-11 20:58:45,NEFT,DEBIT,7604.56,ECOMMERCE,MOBILE,PAYMENTS
TXN000000374,ACC0001335,2026-07-01 12:43:49,CARD_PURCHASE,DEBIT,5947.94,ECOMMERCE,WEB,PAYMENTS
TXN000000375,ACC0004867,2026-01-29 09:22:27,CARD_PURCHASE,CREDIT,20099.84,ECOMMERCE,BRANCH,PAYMENTS
TXN000000376,ACC0004724,2026-05-12 10:23:47,IMPS,DEBIT,4732.97,GROCERY,POS,PAYMENTS
TXN000000377,ACC0002652,2026-07-30 15:41:08,NEFT,DEBIT,612.1,FUEL,WEB,PAYMENTS
TXN000000378,ACC0000899,2026-05-29 07:37:54,UPI,CREDIT,3934.43,TRANSFER,ATM,PAYMENTS
TXN000000379,ACC0000736,2026-05-02 14:25:06,ATM_WITHDRAWAL,DEBIT,3211.43,TRAVEL,POS,PAYMENTS
TXN000000380,ACC0000537,2026-08-23 08:20:04,NEFT,CREDIT,7914.91,TRAVEL,WEB,PAYMENTS
TXN000000381,ACC0001589,2026-01-12 10:56:37,CASH_DEPOSIT,CREDIT,2593.85,FUEL,BRANCH,PAYMENTS
TXN000000382,ACC0001614,2026-02-19 09:53:23,NEFT,DEBIT,6283.77,GROCERY,POS,PAYMENTS
TXN000000383,ACC0002408,2026-08-11 01:38:31,UPI,DEBIT,23905.18,TRAVEL,MOBILE,PAYMENTS
TXN000000384,ACC0003143,2026-04-18 04:11:24,IMPS,DEBIT,3861.96,TRAVEL,BRANCH,PAYMENTS
TXN000000385,ACC0000109,2026-05-06 15:45:15,IMPS,DEBIT,6178.09,CASH,ATM,PAYMENTS
TXN000000386,ACC0000992,2026-01-07 01:33:56,CARD_PURCHASE,CREDIT,20570.23,GROCERY,WEB,PAYMENTS
TXN000000387,ACC0001428,2026-06-03 23:08:14,NEFT,CREDIT,1915.92,TRAVEL,BRANCH,PAYMENTS
TXN000000388,ACC0001675,2026-06-01 20:38:18,UPI,DEBIT,676.07,GROCERY,BRANCH,PAYMENTS
TXN000000389,ACC0002483,2026-05-25 20:57:02,UPI,CREDIT,19024.32,UTILITIES,POS,PAYMENTS
TXN000000390,ACC0004673,2026-01-05 21:57:02,UPI,CREDIT,4552.13,FUEL,MOBILE,PAYMENTS
TXN000000391,ACC0000870,2026-01-20 19:07:55,IMPS,DEBIT,1518.65,ECOMMERCE,POS,PAYMENTS
TXN000000392,ACC0000596,2026-09-16 13:48:16,CARD_PURCHASE,DEBIT,23632.75,ECOMMERCE,POS,PAYMENTS
TXN000000393,ACC0001990,2026-01-26 20:57:09,CASH_DEPOSIT,CREDIT,4012.19,GROCERY,POS,PAYMENTS
TXN000000394,ACC0001083,2026-02-08 03:30:16,UPI,DEBIT,7883.28,GROCERY,POS,PAYMENTS
TXN000000395,ACC0000667,2026-09-20 16:52:11,UPI,DEBIT,3730.07,FUEL,ATM,PAYMENTS
TXN000000396,ACC0001694,2026-03-19 06:02:57,IMPS,CREDIT,46796.19,UTILITIES,ATM,PAYMENTS
TXN000000397,ACC0002661,2026-08-06 01:04:15,IMPS,DEBIT,998.5,ECOMMERCE,MOBILE,PAYMENTS
TXN000000398,ACC0004799,2026-03-19 22:48:46,CARD_PURCHASE,DEBIT,4078.67,TRAVEL,WEB,PAYMENTS
TXN000000399,ACC0004215,2026-07-26 08:38:21,CARD_PURCHASE,CREDIT,16485.81,TRANSFER,WEB,PAYMENTS
TXN000000400,ACC0004549,2026-07-16 11:52:59,CARD_PURCHASE,DEBIT,1853.52,CASH,MOBILE,PAYMENTS
TXN000000401,ACC0000644,2026-02-09 08:21:37,IMPS,CREDIT,10437.05,ECOMMERCE,WEB,PAYMENTS
TXN000000402,ACC0001810,2026-08-12 01:20:42,IMPS,CREDIT,898.82,ECOMMERCE,POS,PAYMENTS
TXN000000403,ACC0003602,2026-02-12 12:41:37,NEFT,DEBIT,1203.31,FUEL,MOBILE,PAYMENTS
TXN000000404,ACC0004855,2026-02-20 06:42:16,IMPS,DEBIT,2738.01,TRAVEL,ATM,PAYMENTS
TXN000000405,ACC0002253,2026-05-26 18:55:14,ATM_WITHDRAWAL,CREDIT,11574.1,CASH,WEB,PAYMENTS
TXN000000406,ACC0004036,2026-04-26 16:37:13,ATM_WITHDRAWAL,DEBIT,633.44,TRANSFER,ATM,PAYMENTS
TXN000000407,ACC0001363,2026-02-01 08:51:18,CARD_PURCHASE,DEBIT,4831.28,FUEL,MOBILE,PAYMENTS
TXN000000408,ACC0000688,2026-04-05 17:20:49,IMPS,CREDIT,3214.01,TRAVEL,ATM,PAYMENTS
TXN000000409,ACC0003679,2026-03-06 14:25:54,CASH_DEPOSIT,CREDIT,17829.53,TRANSFER,POS,PAYMENTS
TXN000000410,ACC0004093,2026-07-12 09:32:42,NEFT,CREDIT,1274.27,TRANSFER,WEB,PAYMENTS
TXN000000411,ACC0000074,2026-02-11 14:27:33,IMPS,DEBIT,1399.87,TRANSFER,MOBILE,PAYMENTS
TXN000000412,ACC0002863,2026-01-29 14:48:46,IMPS,DEBIT,10306.49,TRAVEL,MOBILE,PAYMENTS
TXN000000413,ACC0004106,2026-01-08 11:27:23,ATM_WITHDRAWAL,DEBIT,617.73,TRAVEL,BRANCH,PAYMENTS
TXN000000414,ACC0001857,2026-08-05 09:49:49,IMPS,DEBIT,8104.03,ECOMMERCE,WEB,PAYMENTS
TXN000000415,ACC0000722,2026-02-13 14:34:38,IMPS,DEBIT,4089.52,TRANSFER,BRANCH,PAYMENTS
TXN000000416,ACC0001562,2026-01-14 14:56:13,NEFT,DEBIT,2779.83,UTILITIES,BRANCH,PAYMENTS
TXN000000417,ACC0003828,2026-03-30 21:49:15,NEFT,CREDIT,3491.62,FUEL,WEB,PAYMENTS
TXN000000418,ACC0000889,2026-05-11 09:31:42,UPI,DEBIT,8880.3,TRAVEL,BRANCH,PAYMENTS
TXN000000419,ACC0003052,2026-08-28 14:49:27,CARD_PURCHASE,CREDIT,3298.3,TRAVEL,ATM,PAYMENTS
TXN000000420,ACC0004434,2026-01-09 18:03:42,CASH_DEPOSIT,DEBIT,20657.07,TRAVEL,BRANCH,PAYMENTS
TXN000000421,ACC0000683,2026-06-17 01:23:12,CASH_DEPOSIT,DEBIT,1228.72,FUEL,WEB,PAYMENTS
TXN000000422,ACC0001655,2026-02-11 20:12:13,CARD_PURCHASE,DEBIT,144.1,GROCERY,WEB,PAYMENTS
TXN000000423,ACC0003520,2026-01-31 23:24:15,ATM_WITHDRAWAL,DEBIT,49173.67,ECOMMERCE,POS,PAYMENTS
TXN000000424,ACC0000005,2026-01-15 22:21:09,CASH_DEPOSIT,CREDIT,819.62,GROCERY,POS,PAYMENTS
TXN000000425,ACC0002593,2026-08-03 03:00:49,IMPS,DEBIT,6015.72,ECOMMERCE,BRANCH,PAYMENTS
TXN000000426,ACC0001355,2026-05-16 01:32:54,CARD_PURCHASE,CREDIT,5288.48,GROCERY,MOBILE,PAYMENTS
TXN000000427,ACC0003700,2026-07-07 22:47:12,UPI,DEBIT,1995.65,CASH,WEB,PAYMENTS
TXN000000428,ACC0002877,2026-08-31 08:16:50,CASH_DEPOSIT,DEBIT,1808.66,TRAVEL,ATM,PAYMENTS
TXN000000429,ACC0004232,2026-02-12 13:02:09,CASH_DEPOSIT,CREDIT,3421.04,TRAVEL,BRANCH,PAYMENTS
TXN000000430,ACC0004777,2026-08-20 13:17:47,NEFT,DEBIT,9198.36,UTILITIES,BRANCH,PAYMENTS
TXN000000431,ACC0001204,2026-05-28 12:29:42,CARD_PURCHASE,DEBIT,2666.72,CASH,MOBILE,PAYMENTS
TXN000000432,ACC0001404,2026-01-16 02:24:10,CASH_DEPOSIT,CREDIT,14412.83,FUEL,BRANCH,PAYMENTS
TXN000000433,ACC0000467,2026-02-24 16:48:51,CARD_PURCHASE,CREDIT,19290.75,TRAVEL,WEB,PAYMENTS
TXN000000434,ACC0000801,2026-04-15 05:49:52,ATM_WITHDRAWAL,DEBIT,7886.38,ECOMMERCE,WEB,PAYMENTS
TXN000000435,ACC0003553,2026-03-02 11:11:34,NEFT,DEBIT,812.19,TRAVEL,ATM,PAYMENTS
TXN000000436,ACC0003821,2026-05-20 00:52:42,NEFT,DEBIT,8318.21,UTILITIES,BRANCH,PAYMENTS
TXN000000437,ACC0002881,2026-01-09 13:51:23,NEFT,CREDIT,638.03,UTILITIES,BRANCH,PAYMENTS
TXN000000438,ACC0004545,2026-04-11 23:45:11,CASH_DEPOSIT,CREDIT,3115.65,TRANSFER,WEB,PAYMENTS
TXN000000439,ACC0002334,2026-04-09 04:00:26,CASH_DEPOSIT,DEBIT,3746.96,UTILITIES,ATM,PAYMENTS
TXN000000440,ACC0001150,2026-04-20 22:43:32,UPI,DEBIT,716.02,ECOMMERCE,POS,PAYMENTS
TXN000000441,ACC0003177,2026-06-05 18:43:40,CARD_PURCHASE,DEBIT,2100.08,UTILITIES,ATM,PAYMENTS
TXN000000442,ACC0000943,2026-07-14 13:19:58,CASH_DEPOSIT,CREDIT,1808.7,FUEL,ATM,PAYMENTS
TXN000000443,ACC0002094,2026-08-14 13:13:51,NEFT,CREDIT,2923.12,UTILITIES,ATM,PAYMENTS
TXN000000444,ACC0004486,2026-03-04 03:24:43,IMPS,CREDIT,7784.68,UTILITIES,WEB,PAYMENTS
TXN000000445,ACC0001220,2026-08-26 20:11:26,UPI,DEBIT,12921.29,FUEL,POS,PAYMENTS
TXN000000446,ACC0000196,2026-03-05 07:59:50,CARD_PURCHASE,DEBIT,7474.02,UTILITIES,BRANCH,PAYMENTS
TXN000000447,ACC0001739,2026-01-15 23:07:41,CASH_DEPOSIT,CREDIT,1052.94,TRAVEL,BRANCH,PAYMENTS
TXN000000448,ACC0002529,2026-03-21 04:12:18,NEFT,CREDIT,3633.37,ECOMMERCE,POS,PAYMENTS
TXN000000449,ACC0004510,2026-07-07 09:22:18,CASH_DEPOSIT,CREDIT,25379.37,TRANSFER,WEB,PAYMENTS
TXN000000450,ACC0002690,2026-01-28 04:12:47,ATM_WITHDRAWAL,CREDIT,10959.12,ECOMMERCE,POS,PAYMENTS
TXN000000451,ACC0001642,2026-09-24 00:49:53,CASH_DEPOSIT,DEBIT,4944.81,TRAVEL,MOBILE,PAYMENTS
TXN000000452,ACC0003833,2026-01-26 23:27:35,CASH_DEPOSIT,DEBIT,5811.69,ECOMMERCE,BRANCH,PAYMENTS
TXN000000453,ACC0002425,2026-04-05 11:37:31,UPI,CREDIT,3646.0,UTILITIES,ATM,PAYMENTS
TXN000000454,ACC0002165,2026-04-29 23:07:07,IMPS,DEBIT,14641.73,ECOMMERCE,POS,PAYMENTS
TXN000000455,ACC0004311,2026-04-14 04:40:32,IMPS,CREDIT,6269.63,TRAVEL,BRANCH,PAYMENTS
TXN000000456,ACC0000946,2026-09-12 14:50:30,NEFT,DEBIT,5583.3,TRAVEL,BRANCH,PAYMENTS
TXN000000457,ACC0000236,2026-08-02 21:39:20,IMPS,CREDIT,5008.04,TRAVEL,WEB,PAYMENTS
TXN000000458,ACC0002002,2026-07-07 03:58:09,IMPS,CREDIT,2435.25,GROCERY,BRANCH,PAYMENTS
TXN000000459,ACC0002060,2026-03-01 16:46:59,CARD_PURCHASE,DEBIT,8388.87,ECOMMERCE,ATM,PAYMENTS
TXN000000460,ACC0001985,2026-05-16 07:31:16,IMPS,CREDIT,663.4,FUEL,BRANCH,PAYMENTS
TXN000000461,ACC0002180,2026-06-10 06:54:22,ATM_WITHDRAWAL,DEBIT,2959.85,FUEL,BRANCH,PAYMENTS
TXN000000462,ACC0002848,2026-02-21 20:21:58,IMPS,DEBIT,2103.83,TRAVEL,BRANCH,PAYMENTS
TXN000000463,ACC0002203,2026-08-31 09:03:32,CARD_PURCHASE,DEBIT,1717.6,TRAVEL,ATM,PAYMENTS
TXN000000464,ACC0000673,2026-08-17 06:25:22,CASH_DEPOSIT,DEBIT,6833.86,CASH,BRANCH,PAYMENTS
TXN000000465,ACC0001114,2026-04-20 05:04:37,UPI,CREDIT,4148.53,ECOMMERCE,ATM,PAYMENTS
TXN000000466,ACC0003652,2026-04-24 06:46:12,UPI,CREDIT,21125.39,TRANSFER,BRANCH,PAYMENTS
TXN000000467,ACC0004058,2026-07-04 11:31:56,IMPS,DEBIT,227.31,CASH,BRANCH,PAYMENTS
TXN000000468,ACC0000822,2026-06-28 03:46:08,UPI,DEBIT,1426.06,UTILITIES,WEB,PAYMENTS
TXN000000469,ACC0000637,2026-08-13 20:03:00,CARD_PURCHASE,CREDIT,2929.83,CASH,WEB,PAYMENTS
TXN000000470,ACC0004540,2026-08-07 14:14:20,CASH_DEPOSIT,DEBIT,6609.12,GROCERY,ATM,PAYMENTS
TXN000000471,ACC0004882,2026-07-12 23:52:11,IMPS,CREDIT,703.58,CASH,POS,PAYMENTS
TXN000000472,ACC0004004,2026-05-21 02:16:57,CASH_DEPOSIT,CREDIT,2097.59,UTILITIES,WEB,PAYMENTS
TXN000000473,ACC0001362,2026-09-22 10:45:20,ATM_WITHDRAWAL,DEBIT,797.57,CASH,POS,PAYMENTS
TXN000000474,ACC0004410,2026-09-21 17:28:39,UPI,DEBIT,9094.37,TRAVEL,WEB,PAYMENTS
TXN000000475,ACC0000586,2026-08-03 06:41:12,UPI,DEBIT,4456.86,CASH,WEB,PAYMENTS
TXN000000476,ACC0004629,2026-03-15 20:03:21,IMPS,CREDIT,27326.42,TRANSFER,BRANCH,PAYMENTS
TXN000000477,ACC0000315,2026-03-26 16:42:04,NEFT,DEBIT,2702.81,TRAVEL,MOBILE,PAYMENTS
TXN000000478,ACC0002117,2026-03-23 18:09:20,IMPS,DEBIT,1877.95,ECOMMERCE,WEB,PAYMENTS
TXN000000479,ACC0004859,2026-03-06 21:01:02,IMPS,CREDIT,14997.14,FUEL,MOBILE,PAYMENTS
TXN000000480,ACC0001072,2026-04-16 03:24:35,ATM_WITHDRAWAL,DEBIT,6826.78,TRANSFER,WEB,PAYMENTS
TXN000000481,ACC0002258,2026-04-15 02:49:07,UPI,CREDIT,2472.67,FUEL,ATM,PAYMENTS
TXN000000482,ACC0001321,2026-04-14 02:50:03,NEFT,CREDIT,2618.55,ECOMMERCE,BRANCH,PAYMENTS
TXN000000483,ACC0004854,2026-09-01 09:09:33,CARD_PURCHASE,CREDIT,4449.28,CASH,MOBILE,PAYMENTS
TXN000000484,ACC0001204,2026-05-01 01:46:07,UPI,DEBIT,64297.85,ECOMMERCE,POS,PAYMENTS
TXN000000485,ACC0004251,2026-04-12 08:48:52,IMPS,DEBIT,4444.72,GROCERY,POS,PAYMENTS
TXN000000486,ACC0002687,2026-06-29 18:20:41,NEFT,DEBIT,2516.83,TRANSFER,BRANCH,PAYMENTS
TXN000000487,ACC0004561,2026-02-22 12:41:39,IMPS,DEBIT,20945.27,UTILITIES,WEB,PAYMENTS
TXN000000488,ACC0004241,2026-09-16 01:38:17,UPI,DEBIT,1018.91,TRAVEL,WEB,PAYMENTS
TXN000000489,ACC0003509,2026-08-22 03:30:34,ATM_WITHDRAWAL,DEBIT,4960.87,FUEL,POS,PAYMENTS
TXN000000490,ACC0002151,2026-07-08 18:59:48,IMPS,DEBIT,2945.27,UTILITIES,BRANCH,PAYMENTS
TXN000000491,ACC0003122,2026-02-06 14:32:06,ATM_WITHDRAWAL,DEBIT,3510.76,TRAVEL,POS,PAYMENTS
TXN000000492,ACC0001388,2026-04-12 17:15:04,CASH_DEPOSIT,CREDIT,1850.94,UTILITIES,WEB,PAYMENTS
TXN000000493,ACC0002508,2026-08-22 09:25:45,CASH_DEPOSIT,DEBIT,3519.38,GROCERY,ATM,PAYMENTS
TXN000000494,ACC0004929,2026-03-06 10:06:30,CARD_PURCHASE,CREDIT,5927.2,TRANSFER,POS,PAYMENTS
TXN000000495,ACC0002624,2026-01-15 16:27:39,NEFT,DEBIT,1574.39,UTILITIES,ATM,PAYMENTS
TXN000000496,ACC0002692,2026-01-14 14:58:33,UPI,CREDIT,1022.61,TRAVEL,ATM,PAYMENTS
TXN000000497,ACC0001997,2026-06-16 11:46:05,CASH_DEPOSIT,DEBIT,5108.06,ECOMMERCE,BRANCH,PAYMENTS
TXN000000498,ACC0004483,2026-07-26 19:14:35,ATM_WITHDRAWAL,DEBIT,4633.39,ECOMMERCE,MOBILE,PAYMENTS
TXN000000499,ACC0002188,2026-07-19 17:32:55,CASH_DEPOSIT,CREDIT,4628.32,ECOMMERCE,POS,PAYMENTS
TXN000000500,ACC0000831,2026-06-04 18:17:26,CASH_DEPOSIT,CREDIT,28247.93,TRANSFER,ATM,PAYMENTS
TXN000000501,ACC0002810,2026-08-17 02:15:10,NEFT,DEBIT,7680.6,ECOMMERCE,WEB,PAYMENTS
TXN000000502,ACC0003505,2026-07-22 16:31:48,UPI,DEBIT,1096.95,GROCERY,BRANCH,PAYMENTS
TXN000000503,ACC0000628,2026-07-21 21:15:30,NEFT,CREDIT,5029.83,TRAVEL,BRANCH,PAYMENTS
TXN000000504,ACC0000714,2026-05-01 15:12:18,CARD_PURCHASE,DEBIT,935.55,CASH,MOBILE,PAYMENTS
TXN000000505,ACC0004181,2026-02-11 18:52:16,NEFT,DEBIT,1751.25,TRANSFER,ATM,PAYMENTS
TXN000000506,ACC0003865,2026-07-27 21:33:16,IMPS,CREDIT,3030.22,ECOMMERCE,ATM,PAYMENTS
TXN000000507,ACC0002217,2026-03-26 15:20:10,UPI,DEBIT,3109.23,GROCERY,ATM,PAYMENTS
TXN000000508,ACC0004014,2026-04-17 02:20:33,ATM_WITHDRAWAL,DEBIT,6449.38,FUEL,ATM,PAYMENTS
TXN000000509,ACC0000015,2026-01-17 13:54:18,IMPS,CREDIT,1266.94,TRANSFER,WEB,PAYMENTS
TXN000000510,ACC0000485,2026-07-23 15:13:57,CASH_DEPOSIT,CREDIT,342.55,TRANSFER,WEB,PAYMENTS
TXN000000511,ACC0002350,2026-09-03 19:34:33,ATM_WITHDRAWAL,CREDIT,3445.47,ECOMMERCE,BRANCH,PAYMENTS
TXN000000512,ACC0004708,2026-04-19 20:41:32,ATM_WITHDRAWAL,DEBIT,70213.7,FUEL,POS,PAYMENTS
TXN000000513,ACC0002429,2026-09-18 20:07:14,IMPS,CREDIT,1303.31,UTILITIES,POS,PAYMENTS
TXN000000514,ACC0003979,2026-03-13 02:59:55,IMPS,DEBIT,3866.14,GROCERY,POS,PAYMENTS
TXN000000515,ACC0003791,2026-05-22 00:13:50,NEFT,DEBIT,4562.35,TRANSFER,MOBILE,PAYMENTS
TXN000000516,ACC0004064,2026-08-19 18:16:55,ATM_WITHDRAWAL,DEBIT,6923.59,FUEL,POS,PAYMENTS
TXN000000517,ACC0001839,2026-05-13 16:06:50,NEFT,CREDIT,11268.44,TRANSFER,POS,PAYMENTS
TXN000000518,ACC0001475,2026-03-06 12:55:08,ATM_WITHDRAWAL,DEBIT,8604.79,CASH,WEB,PAYMENTS
TXN000000519,ACC0000476,2026-06-05 23:59:59,CASH_DEPOSIT,DEBIT,30054.5,TRANSFER,POS,PAYMENTS
TXN000000520,ACC0000043,2026-07-25 03:53:02,CASH_DEPOSIT,CREDIT,439.81,TRANSFER,POS,PAYMENTS
TXN000000521,ACC0001860,2026-04-22 04:50:57,CASH_DEPOSIT,DEBIT,4045.39,ECOMMERCE,POS,PAYMENTS
TXN000000522,ACC0003008,2026-08-31 21:09:16,CASH_DEPOSIT,CREDIT,1297.52,ECOMMERCE,ATM,PAYMENTS
TXN000000523,ACC0001176,2026-03-21 02:22:18,IMPS,CREDIT,1772.78,ECOMMERCE,MOBILE,PAYMENTS
TXN000000524,ACC0002976,2026-06-24 13:43:02,IMPS,CREDIT,885.88,GROCERY,ATM,PAYMENTS
TXN000000525,ACC0001088,2026-05-16 10:03:26,UPI,CREDIT,8978.24,GROCERY,WEB,PAYMENTS
TXN000000526,ACC0001466,2026-07-22 05:29:02,NEFT,CREDIT,141169.1,ECOMMERCE,ATM,PAYMENTS
TXN000000527,ACC0004310,2026-09-05 03:58:13,IMPS,DEBIT,702.67,TRAVEL,WEB,PAYMENTS
TXN000000528,ACC0004799,2026-07-29 15:18:02,UPI,DEBIT,6319.14,UTILITIES,MOBILE,PAYMENTS
TXN000000529,ACC0003801,2026-08-01 12:16:44,ATM_WITHDRAWAL,CREDIT,1057.95,UTILITIES,WEB,PAYMENTS
TXN000000530,ACC0003300,2026-08-02 02:22:37,CARD_PURCHASE,CREDIT,4098.46,GROCERY,MOBILE,PAYMENTS
TXN000000531,ACC0001470,2026-01-25 00:54:15,ATM_WITHDRAWAL,CREDIT,23362.33,CASH,ATM,PAYMENTS
TXN000000532,ACC0003272,2026-01-27 11:05:35,CASH_DEPOSIT,DEBIT,4013.01,CASH,MOBILE,PAYMENTS
TXN000000533,ACC0003250,2026-04-10 18:42:05,CASH_DEPOSIT,CREDIT,1512.93,FUEL,WEB,PAYMENTS
TXN000000534,ACC0002441,2026-05-04 07:14:15,CASH_DEPOSIT,DEBIT,1211.99,UTILITIES,POS,PAYMENTS
TXN000000535,ACC0003783,2026-04-14 13:35:48,NEFT,CREDIT,1334.59,GROCERY,MOBILE,PAYMENTS
TXN000000536,ACC0002787,2026-05-24 04:43:02,NEFT,CREDIT,42529.58,FUEL,ATM,PAYMENTS
TXN000000537,ACC0002744,2026-02-21 22:12:39,IMPS,DEBIT,4494.88,GROCERY,WEB,PAYMENTS
TXN000000538,ACC0004181,2026-07-26 06:55:18,UPI,DEBIT,4461.73,TRAVEL,POS,PAYMENTS
TXN000000539,ACC0003624,2026-02-14 22:52:05,ATM_WITHDRAWAL,CREDIT,2865.33,GROCERY,MOBILE,PAYMENTS
TXN000000540,ACC0003185,2026-02-27 21:56:14,ATM_WITHDRAWAL,DEBIT,1391.35,UTILITIES,BRANCH,PAYMENTS
TXN000000541,ACC0004083,2026-06-05 16:46:30,CASH_DEPOSIT,DEBIT,3741.58,GROCERY,BRANCH,PAYMENTS
TXN000000542,ACC0004461,2026-07-07 12:33:13,CARD_PURCHASE,CREDIT,8300.86,ECOMMERCE,ATM,PAYMENTS
TXN000000543,ACC0000745,2026-07-25 01:09:57,CASH_DEPOSIT,DEBIT,2224.86,FUEL,BRANCH,PAYMENTS
TXN000000544,ACC0003840,2026-06-05 00:09:42,NEFT,DEBIT,1395.65,TRAVEL,ATM,PAYMENTS
TXN000000545,ACC0001674,2026-07-17 23:37:50,CASH_DEPOSIT,DEBIT,34100.83,TRAVEL,POS,PAYMENTS
TXN000000546,ACC0001462,2026-05-11 00:49:03,NEFT,DEBIT,10197.39,TRAVEL,POS,PAYMENTS
TXN000000547,ACC0002553,2026-05-09 12:39:12,NEFT,DEBIT,5347.92,FUEL,POS,PAYMENTS
TXN000000548,ACC0002415,2026-08-23 04:54:54,NEFT,DEBIT,3589.36,UTILITIES,MOBILE,PAYMENTS
TXN000000549,ACC0003914,2026-06-19 13:46:30,IMPS,CREDIT,30435.46,TRANSFER,BRANCH,PAYMENTS
TXN000000550,ACC0000650,2026-01-21 03:45:55,CASH_DEPOSIT,DEBIT,20288.64,UTILITIES,WEB,PAYMENTS
TXN000000551,ACC0001323,2026-02-14 15:46:44,IMPS,CREDIT,3821.26,TRANSFER,WEB,PAYMENTS
TXN000000552,ACC0004537,2026-04-12 21:45:00,ATM_WITHDRAWAL,CREDIT,30662.61,ECOMMERCE,BRANCH,PAYMENTS
TXN000000553,ACC0004953,2026-04-10 14:39:15,UPI,CREDIT,24845.5,UTILITIES,ATM,PAYMENTS
TXN000000554,ACC0004769,2026-02-20 12:00:57,CASH_DEPOSIT,DEBIT,2249.53,FUEL,ATM,PAYMENTS
TXN000000555,ACC0002371,2026-02-15 07:35:23,NEFT,CREDIT,3085.53,ECOMMERCE,WEB,PAYMENTS
TXN000000556,ACC0004056,2026-09-16 07:52:15,UPI,DEBIT,2657.23,UTILITIES,WEB,PAYMENTS
TXN000000557,ACC0003627,2026-02-07 19:57:17,CARD_PURCHASE,DEBIT,2940.48,FUEL,BRANCH,PAYMENTS
TXN000000558,ACC0002683,2026-01-22 10:19:08,UPI,DEBIT,4315.99,FUEL,WEB,PAYMENTS
TXN000000559,ACC0002919,2026-03-03 06:41:53,NEFT,DEBIT,6217.03,FUEL,BRANCH,PAYMENTS
TXN000000560,ACC0000064,2026-03-04 23:37:41,ATM_WITHDRAWAL,DEBIT,1494.4,FUEL,MOBILE,PAYMENTS
TXN000000561,ACC0001392,2026-07-03 14:52:40,NEFT,DEBIT,9480.79,GROCERY,ATM,PAYMENTS
TXN000000562,ACC0002905,2026-04-19 09:01:18,CASH_DEPOSIT,CREDIT,1888.82,ECOMMERCE,MOBILE,PAYMENTS
TXN000000563,ACC0003644,2026-04-19 01:50:37,CARD_PURCHASE,CREDIT,2017.57,TRANSFER,ATM,PAYMENTS
TXN000000564,ACC0000933,2026-02-21 09:38:13,NEFT,CREDIT,6549.23,UTILITIES,WEB,PAYMENTS
TXN000000565,ACC0002809,2026-04-05 04:33:27,ATM_WITHDRAWAL,CREDIT,6425.21,UTILITIES,POS,PAYMENTS
TXN000000566,ACC0000397,2026-02-24 10:43:52,UPI,DEBIT,17644.64,GROCERY,BRANCH,PAYMENTS
TXN000000567,ACC0004268,2026-05-27 19:29:23,CARD_PURCHASE,CREDIT,706.69,UTILITIES,BRANCH,PAYMENTS
TXN000000568,ACC0000136,2026-07-27 12:53:31,CASH_DEPOSIT,CREDIT,6838.41,TRAVEL,WEB,PAYMENTS
TXN000000569,ACC0003239,2026-07-27 04:16:07,IMPS,CREDIT,921.4,ECOMMERCE,WEB,PAYMENTS
TXN000000570,ACC0002844,2026-08-16 23:19:42,CARD_PURCHASE,DEBIT,4468.74,GROCERY,MOBILE,PAYMENTS
TXN000000571,ACC0002536,2026-03-26 13:13:45,CARD_PURCHASE,CREDIT,867.33,TRAVEL,POS,PAYMENTS
TXN000000572,ACC0001640,2026-03-26 16:54:53,UPI,DEBIT,4244.58,ECOMMERCE,WEB,PAYMENTS
TXN000000573,ACC0004491,2026-09-02 16:14:36,CASH_DEPOSIT,DEBIT,80306.35,UTILITIES,BRANCH,PAYMENTS
TXN000000574,ACC0000478,2026-03-14 02:39:28,UPI,DEBIT,2119.81,FUEL,ATM,PAYMENTS
TXN000000575,ACC0002070,2026-05-02 09:06:53,CARD_PURCHASE,CREDIT,4160.45,TRAVEL,WEB,PAYMENTS
TXN000000576,ACC0004262,2026-03-10 21:53:38,IMPS,CREDIT,4097.84,CASH,BRANCH,PAYMENTS
TXN000000577,ACC0002207,2026-05-24 20:24:47,ATM_WITHDRAWAL,DEBIT,1879.01,UTILITIES,POS,PAYMENTS
TXN000000578,ACC0001705,2026-05-31 03:55:41,IMPS,CREDIT,13270.92,UTILITIES,POS,PAYMENTS
TXN000000579,ACC0001547,2026-02-01 10:18:03,IMPS,DEBIT,9569.58,FUEL,MOBILE,PAYMENTS
TXN000000580,ACC0004391,2026-07-29 21:07:58,UPI,DEBIT,3708.62,ECOMMERCE,WEB,PAYMENTS
TXN000000581,ACC0000690,2026-09-19 03:34:29,UPI,CREDIT,10609.39,TRAVEL,POS,PAYMENTS
TXN000000582,ACC0001520,2026-03-27 10:52:06,IMPS,DEBIT,2799.81,UTILITIES,MOBILE,PAYMENTS
TXN000000583,ACC0004887,2026-02-07 11:30:10,CASH_DEPOSIT,CREDIT,1369.86,TRANSFER,MOBILE,PAYMENTS
TXN000000584,ACC0004922,2026-06-30 04:01:53,IMPS,CREDIT,1820.76,FUEL,POS,PAYMENTS
TXN000000585,ACC0000350,2026-04-22 04:13:17,CARD_PURCHASE,CREDIT,16077.16,ECOMMERCE,POS,PAYMENTS
TXN000000586,ACC0003888,2026-03-25 14:11:34,ATM_WITHDRAWAL,CREDIT,208.03,TRAVEL,POS,PAYMENTS
TXN000000587,ACC0004114,2026-07-01 10:25:42,NEFT,CREDIT,2907.21,GROCERY,ATM,PAYMENTS
TXN000000588,ACC0002565,2026-08-28 21:14:10,UPI,DEBIT,30178.35,CASH,ATM,PAYMENTS
TXN000000589,ACC0002366,2026-06-01 04:31:30,NEFT,CREDIT,1903.79,ECOMMERCE,MOBILE,PAYMENTS
TXN000000590,ACC0001913,2026-08-10 01:38:34,CARD_PURCHASE,CREDIT,997.14,TRANSFER,WEB,PAYMENTS
TXN000000591,ACC0001566,2026-05-28 11:43:17,NEFT,DEBIT,4964.69,GROCERY,POS,PAYMENTS
TXN000000592,ACC0002505,2026-09-14 00:51:40,CASH_DEPOSIT,DEBIT,2926.19,GROCERY,MOBILE,PAYMENTS
TXN000000593,ACC0002481,2026-02-23 04:00:32,CARD_PURCHASE,CREDIT,3380.29,TRANSFER,ATM,PAYMENTS
TXN000000594,ACC0003468,2026-07-04 04:05:06,ATM_WITHDRAWAL,CREDIT,16135.75,CASH,WEB,PAYMENTS
TXN000000595,ACC0000464,2026-04-11 11:30:58,UPI,CREDIT,1382.72,GROCERY,POS,PAYMENTS
TXN000000596,ACC0002639,2026-01-17 14:09:45,CASH_DEPOSIT,CREDIT,2921.29,CASH,BRANCH,PAYMENTS
TXN000000597,ACC0003491,2026-01-07 18:07:38,NEFT,CREDIT,1626.56,FUEL,BRANCH,PAYMENTS
TXN000000598,ACC0003578,2026-05-28 15:05:17,CARD_PURCHASE,DEBIT,2554.1,CASH,BRANCH,PAYMENTS
TXN000000599,ACC0000794,2026-07-31 23:37:51,UPI,CREDIT,4131.05,CASH,BRANCH,PAYMENTS
TXN000000600,ACC0000859,2026-02-04 19:05:14,CARD_PURCHASE,CREDIT,6782.26,FUEL,MOBILE,PAYMENTS
TXN000000601,ACC0000552,2026-06-26 23:16:26,UPI,CREDIT,14746.61,GROCERY,ATM,PAYMENTS
TXN000000602,ACC0001258,2026-01-10 08:40:33,IMPS,DEBIT,4677.83,GROCERY,WEB,PAYMENTS
TXN000000603,ACC0000643,2026-07-30 04:52:43,ATM_WITHDRAWAL,CREDIT,2402.38,ECOMMERCE,ATM,PAYMENTS
TXN000000604,ACC0000399,2026-03-28 16:15:04,ATM_WITHDRAWAL,CREDIT,4073.29,UTILITIES,WEB,PAYMENTS
TXN000000605,ACC0004080,2026-06-20 21:04:46,NEFT,CREDIT,8657.07,ECOMMERCE,BRANCH,PAYMENTS
TXN000000606,ACC0003459,2026-02-21 21:27:05,UPI,CREDIT,1382.26,CASH,WEB,PAYMENTS
TXN000000607,ACC0001789,2026-06-02 08:42:07,ATM_WITHDRAWAL,CREDIT,961.96,CASH,ATM,PAYMENTS
TXN000000608,ACC0002349,2026-01-02 15:25:14,UPI,DEBIT,4399.46,TRAVEL,ATM,PAYMENTS
TXN000000609,ACC0004041,2026-07-15 12:35:09,NEFT,CREDIT,6503.72,UTILITIES,POS,PAYMENTS
TXN000000610,ACC0002578,2026-06-01 12:35:14,UPI,CREDIT,5140.77,GROCERY,WEB,PAYMENTS
TXN000000611,ACC0001423,2026-05-19 14:33:27,CARD_PURCHASE,CREDIT,43834.0,TRANSFER,ATM,PAYMENTS
TXN000000612,ACC0002221,2026-06-22 19:49:43,UPI,DEBIT,3336.92,GROCERY,BRANCH,PAYMENTS
TXN000000613,ACC0004723,2026-07-29 04:04:33,CARD_PURCHASE,CREDIT,942.44,TRAVEL,ATM,PAYMENTS
TXN000000614,ACC0004549,2026-01-18 04:40:12,UPI,DEBIT,4875.65,UTILITIES,BRANCH,PAYMENTS
TXN000000615,ACC0004329,2026-05-29 20:09:53,IMPS,DEBIT,2984.53,TRANSFER,MOBILE,PAYMENTS
TXN000000616,ACC0004505,2026-01-01 03:47:37,ATM_WITHDRAWAL,CREDIT,2161.18,ECOMMERCE,POS,PAYMENTS
TXN000000617,ACC0001056,2026-06-15 02:00:49,UPI,DEBIT,31085.57,ECOMMERCE,BRANCH,PAYMENTS
TXN000000618,ACC0003848,2026-02-16 13:30:24,NEFT,CREDIT,3330.13,ECOMMERCE,ATM,PAYMENTS
TXN000000619,ACC0000741,2026-05-15 13:05:25,UPI,CREDIT,3064.66,CASH,BRANCH,PAYMENTS
TXN000000620,ACC0000968,2026-07-26 13:53:31,ATM_WITHDRAWAL,CREDIT,27856.21,TRANSFER,POS,PAYMENTS
TXN000000621,ACC0001051,2026-07-07 18:08:52,CARD_PURCHASE,CREDIT,3045.27,TRANSFER,WEB,PAYMENTS
TXN000000622,ACC0002753,2026-05-30 14:41:44,IMPS,DEBIT,3713.33,CASH,ATM,PAYMENTS
TXN000000623,ACC0000013,2026-07-31 02:10:09,CARD_PURCHASE,CREDIT,2469.51,UTILITIES,ATM,PAYMENTS
TXN000000624,ACC0000914,2026-07-14 09:17:13,CASH_DEPOSIT,DEBIT,594647.26,GROCERY,MOBILE,PAYMENTS
TXN000000625,ACC0001822,2026-07-18 00:15:54,UPI,DEBIT,1057.47,FUEL,ATM,PAYMENTS
TXN000000626,ACC0004290,2026-05-30 02:08:46,ATM_WITHDRAWAL,DEBIT,3485.39,TRANSFER,BRANCH,PAYMENTS
TXN000000627,ACC0004172,2026-06-28 12:26:43,NEFT,DEBIT,1491.65,UTILITIES,WEB,PAYMENTS
TXN000000628,ACC0001805,2026-03-25 12:22:11,UPI,CREDIT,3121.04,FUEL,MOBILE,PAYMENTS
TXN000000629,ACC0002566,2026-05-01 02:27:51,IMPS,DEBIT,4685.24,CASH,WEB,PAYMENTS
TXN000000630,ACC0001179,2026-04-03 18:05:31,ATM_WITHDRAWAL,DEBIT,940.04,ECOMMERCE,ATM,PAYMENTS
TXN000000631,ACC0002381,2026-05-29 08:47:07,ATM_WITHDRAWAL,DEBIT,631.69,FUEL,POS,PAYMENTS
TXN000000632,ACC0001116,2026-04-05 10:17:28,UPI,DEBIT,920.52,TRAVEL,MOBILE,PAYMENTS
TXN000000633,ACC0000827,2026-09-13 23:50:24,IMPS,CREDIT,4208.76,FUEL,POS,PAYMENTS
TXN000000634,ACC0001186,2026-03-13 18:27:20,CARD_PURCHASE,CREDIT,13081.84,TRAVEL,ATM,PAYMENTS
TXN000000635,ACC0002572,2026-09-17 11:02:09,UPI,CREDIT,9665.62,UTILITIES,POS,PAYMENTS
TXN000000636,ACC0004852,2026-05-31 04:06:37,CARD_PURCHASE,DEBIT,786.2,TRANSFER,BRANCH,PAYMENTS
TXN000000637,ACC0000713,2026-08-18 06:36:01,NEFT,DEBIT,7138.88,FUEL,ATM,PAYMENTS
TXN000000638,ACC0001864,2026-04-04 16:40:44,CARD_PURCHASE,CREDIT,451.55,GROCERY,POS,PAYMENTS
TXN000000639,ACC0003173,2026-01-02 21:59:20,CASH_DEPOSIT,CREDIT,8954.1,FUEL,BRANCH,PAYMENTS
TXN000000640,ACC0001539,2026-05-03 14:13:17,NEFT,DEBIT,10868.44,TRANSFER,WEB,PAYMENTS
TXN000000641,ACC0004668,2026-09-09 19:45:46,ATM_WITHDRAWAL,DEBIT,2015.03,TRAVEL,MOBILE,PAYMENTS
TXN000000642,ACC0001406,2026-04-27 18:45:47,NEFT,DEBIT,4063.73,FUEL,WEB,PAYMENTS
TXN000000643,ACC0004846,2026-06-04 05:29:33,UPI,DEBIT,859.34,CASH,BRANCH,PAYMENTS
TXN000000644,ACC0002459,2026-07-05 13:55:37,ATM_WITHDRAWAL,CREDIT,3310.47,CASH,BRANCH,PAYMENTS
TXN000000645,ACC0002285,2026-05-29 16:47:01,CARD_PURCHASE,CREDIT,1970.97,CASH,POS,PAYMENTS
TXN000000646,ACC0001998,2026-05-10 05:32:49,ATM_WITHDRAWAL,CREDIT,2309.81,TRANSFER,ATM,PAYMENTS
TXN000000647,ACC0001684,2026-09-04 04:24:07,UPI,DEBIT,2887.53,TRAVEL,ATM,PAYMENTS
TXN000000648,ACC0003534,2026-08-30 16:34:07,UPI,CREDIT,2364.39,ECOMMERCE,BRANCH,PAYMENTS
TXN000000649,ACC0000760,2026-03-05 00:32:36,NEFT,CREDIT,265.38,GROCERY,POS,PAYMENTS
TXN000000650,ACC0000615,2026-08-24 13:59:30,IMPS,DEBIT,9564.0,ECOMMERCE,WEB,PAYMENTS
TXN000000651,ACC0000963,2026-09-23 09:32:00,CASH_DEPOSIT,CREDIT,2640.3,GROCERY,MOBILE,PAYMENTS
TXN000000652,ACC0001532,2026-03-05 06:38:59,ATM_WITHDRAWAL,DEBIT,20059.96,TRAVEL,MOBILE,PAYMENTS
TXN000000653,ACC0001482,2026-06-14 05:24:03,UPI,CREDIT,4682.91,CASH,WEB,PAYMENTS
TXN000000654,ACC0003426,2026-06-04 19:51:00,NEFT,CREDIT,4155.16,CASH,WEB,PAYMENTS
TXN000000655,ACC0000144,2026-01-16 07:36:37,CARD_PURCHASE,DEBIT,2775.0,TRANSFER,WEB,PAYMENTS
TXN000000656,ACC0001433,2026-06-27 09:19:22,IMPS,DEBIT,2655.78,ECOMMERCE,ATM,PAYMENTS
TXN000000657,ACC0003213,2026-02-28 02:19:28,IMPS,CREDIT,11239.25,TRANSFER,ATM,PAYMENTS
TXN000000658,ACC0000551,2026-07-12 03:39:14,CARD_PURCHASE,CREDIT,2280.16,UTILITIES,WEB,PAYMENTS
TXN000000659,ACC0000294,2026-05-05 11:36:48,CARD_PURCHASE,DEBIT,3141.23,UTILITIES,ATM,PAYMENTS
TXN000000660,ACC0000980,2026-03-25 14:46:59,UPI,CREDIT,1087.91,FUEL,ATM,PAYMENTS
TXN000000661,ACC0000177,2026-05-05 19:56:47,CASH_DEPOSIT,CREDIT,3743.33,GROCERY,POS,PAYMENTS
TXN000000662,ACC0004399,2026-08-04 08:16:34,NEFT,DEBIT,415.05,CASH,WEB,PAYMENTS
TXN000000663,ACC0004233,2026-06-24 21:23:01,CASH_DEPOSIT,CREDIT,835.38,GROCERY,POS,PAYMENTS
TXN000000664,ACC0000386,2026-04-02 18:57:33,ATM_WITHDRAWAL,CREDIT,651.77,TRAVEL,POS,PAYMENTS
TXN000000665,ACC0002673,2026-09-12 12:21:40,IMPS,DEBIT,11827.53,TRAVEL,WEB,PAYMENTS
TXN000000666,ACC0000410,2026-08-01 19:35:32,UPI,CREDIT,2110.4,TRAVEL,ATM,PAYMENTS
TXN000000667,ACC0002365,2026-07-30 22:56:18,CARD_PURCHASE,DEBIT,2175.64,FUEL,ATM,PAYMENTS
TXN000000668,ACC0004332,2026-01-13 15:52:39,IMPS,CREDIT,6885.73,CASH,POS,PAYMENTS
TXN000000669,ACC0003591,2026-04-07 22:16:17,NEFT,DEBIT,5761.61,TRANSFER,POS,PAYMENTS
TXN000000670,ACC0001269,2026-06-22 06:21:42,CARD_PURCHASE,DEBIT,3790.48,TRAVEL,ATM,PAYMENTS
TXN000000671,ACC0003340,2026-02-02 04:49:43,IMPS,DEBIT,283.83,UTILITIES,ATM,PAYMENTS
TXN000000672,ACC0001574,2026-02-18 06:36:23,IMPS,CREDIT,2008.48,ECOMMERCE,ATM,PAYMENTS
TXN000000673,ACC0004493,2026-07-12 05:36:55,CASH_DEPOSIT,DEBIT,2679.11,FUEL,WEB,PAYMENTS
TXN000000674,ACC0000136,2026-09-23 20:01:58,NEFT,CREDIT,9421.1,UTILITIES,MOBILE,PAYMENTS
TXN000000675,ACC0002396,2026-01-22 14:50:53,CARD_PURCHASE,CREDIT,3270.41,TRAVEL,MOBILE,PAYMENTS
TXN000000676,ACC0000187,2026-01-18 12:36:57,ATM_WITHDRAWAL,CREDIT,493.17,FUEL,POS,PAYMENTS
TXN000000677,ACC0001217,2026-03-13 16:45:07,CARD_PURCHASE,DEBIT,4238.21,ECOMMERCE,MOBILE,PAYMENTS
TXN000000678,ACC0002737,2026-03-05 02:39:04,ATM_WITHDRAWAL,CREDIT,9680.63,FUEL,POS,PAYMENTS
TXN000000679,ACC0003353,2026-07-20 07:14:36,UPI,DEBIT,12828.81,TRANSFER,POS,PAYMENTS
TXN000000680,ACC0002291,2026-03-18 08:23:44,CASH_DEPOSIT,CREDIT,5024.07,CASH,ATM,PAYMENTS
TXN000000681,ACC0001489,2026-02-17 05:33:30,UPI,DEBIT,1552.87,CASH,ATM,PAYMENTS
TXN000000682,ACC0001831,2026-02-23 06:15:56,IMPS,CREDIT,8020.9,GROCERY,WEB,PAYMENTS
TXN000000683,ACC0003181,2026-05-01 14:20:57,UPI,DEBIT,7736.87,ECOMMERCE,MOBILE,PAYMENTS
TXN000000684,ACC0004418,2026-05-02 09:34:56,IMPS,CREDIT,2644.51,TRANSFER,ATM,PAYMENTS
TXN000000685,ACC0004606,2026-08-09 00:30:43,NEFT,DEBIT,5134.0,UTILITIES,MOBILE,PAYMENTS
TXN000000686,ACC0000007,2026-09-18 09:53:13,IMPS,DEBIT,2549.91,TRAVEL,ATM,PAYMENTS
TXN000000687,ACC0000829,2026-03-17 12:59:54,IMPS,DEBIT,7066.69,ECOMMERCE,MOBILE,PAYMENTS
TXN000000688,ACC0003868,2026-02-23 08:50:29,UPI,DEBIT,4677.23,FUEL,ATM,PAYMENTS
TXN000000689,ACC0000661,2026-07-27 08:31:23,CASH_DEPOSIT,DEBIT,3425.18,CASH,WEB,PAYMENTS
TXN000000690,ACC0003441,2026-07-27 02:25:06,NEFT,DEBIT,4023.74,TRANSFER,BRANCH,PAYMENTS
TXN000000691,ACC0004899,2026-07-23 15:34:31,IMPS,DEBIT,1303.74,UTILITIES,MOBILE,PAYMENTS
TXN000000692,ACC0004729,2026-05-21 00:29:33,CARD_PURCHASE,CREDIT,5289.0,TRAVEL,MOBILE,PAYMENTS
TXN000000693,ACC0003962,2026-04-20 00:46:57,UPI,CREDIT,6428.84,CASH,ATM,PAYMENTS
TXN000000694,ACC0001451,2026-05-18 01:47:49,UPI,DEBIT,2790.47,TRANSFER,WEB,PAYMENTS
TXN000000695,ACC0002500,2026-03-31 17:25:00,CARD_PURCHASE,DEBIT,21102.4,CASH,MOBILE,PAYMENTS
TXN000000696,ACC0001200,2026-04-03 22:21:17,UPI,CREDIT,20317.37,CASH,ATM,PAYMENTS
TXN000000697,ACC0000497,2026-01-28 06:49:21,ATM_WITHDRAWAL,CREDIT,3921.12,UTILITIES,WEB,PAYMENTS
TXN000000698,ACC0000382,2026-04-05 12:39:05,CARD_PURCHASE,CREDIT,859.46,UTILITIES,WEB,PAYMENTS
TXN000000699,ACC0001867,2026-01-21 15:42:55,NEFT,CREDIT,10607.43,GROCERY,POS,PAYMENTS
TXN000000700,ACC0000007,2026-05-23 15:06:48,IMPS,CREDIT,1947.26,UTILITIES,BRANCH,PAYMENTS
TXN000000701,ACC0002986,2026-04-24 23:44:25,CASH_DEPOSIT,CREDIT,7010.92,TRAVEL,MOBILE,PAYMENTS
TXN000000702,ACC0002347,2026-05-24 19:34:40,CARD_PURCHASE,CREDIT,4082.32,CASH,POS,PAYMENTS
TXN000000703,ACC0001879,2026-04-08 16:48:44,IMPS,DEBIT,2378.48,FUEL,BRANCH,PAYMENTS
TXN000000704,ACC0003273,2026-02-25 16:48:37,IMPS,CREDIT,569.71,CASH,BRANCH,PAYMENTS
TXN000000705,ACC0001275,2026-04-01 15:33:40,NEFT,CREDIT,127.11,TRAVEL,WEB,PAYMENTS
TXN000000706,ACC0001801,2026-02-14 10:45:44,ATM_WITHDRAWAL,DEBIT,686.62,GROCERY,POS,PAYMENTS
TXN000000707,ACC0001778,2026-02-25 10:13:35,CARD_PURCHASE,DEBIT,2263.05,UTILITIES,MOBILE,PAYMENTS
TXN000000708,ACC0001638,2026-07-14 14:58:20,NEFT,DEBIT,5007.06,CASH,ATM,PAYMENTS
TXN000000709,ACC0000094,2026-06-11 17:33:54,CARD_PURCHASE,CREDIT,3504.71,TRANSFER,MOBILE,PAYMENTS
TXN000000710,ACC0000183,2026-06-20 15:16:03,UPI,DEBIT,868.91,TRANSFER,POS,PAYMENTS
TXN000000711,ACC0000660,2026-01-04 09:19:16,UPI,CREDIT,3505.52,TRANSFER,ATM,PAYMENTS
TXN000000712,ACC0002684,2026-03-22 02:04:50,UPI,DEBIT,476.07,UTILITIES,ATM,PAYMENTS
TXN000000713,ACC0004613,2026-01-30 15:54:51,NEFT,DEBIT,6784.7,TRAVEL,WEB,PAYMENTS
TXN000000714,ACC0002340,2026-06-21 21:04:59,UPI,DEBIT,11347.41,GROCERY,BRANCH,PAYMENTS
TXN000000715,ACC0002966,2026-09-07 18:05:20,UPI,DEBIT,3053.37,CASH,BRANCH,PAYMENTS
TXN000000716,ACC0003174,2026-03-16 10:35:40,IMPS,CREDIT,1418.4,FUEL,POS,PAYMENTS
TXN000000717,ACC0000713,2026-01-24 00:14:25,IMPS,DEBIT,62800.37,GROCERY,ATM,PAYMENTS
TXN000000718,ACC0001178,2026-05-08 18:29:52,UPI,DEBIT,1846.82,FUEL,ATM,PAYMENTS
TXN000000719,ACC0003348,2026-03-06 11:28:58,ATM_WITHDRAWAL,CREDIT,12925.12,CASH,ATM,PAYMENTS
TXN000000720,ACC0000994,2026-03-14 19:52:10,IMPS,CREDIT,4235.99,FUEL,BRANCH,PAYMENTS
TXN000000721,ACC0001468,2026-03-16 15:59:23,IMPS,CREDIT,6920.21,ECOMMERCE,BRANCH,PAYMENTS
TXN000000722,ACC0000766,2026-06-08 22:07:32,CASH_DEPOSIT,CREDIT,5915.82,CASH,BRANCH,PAYMENTS
TXN000000723,ACC0003522,2026-03-29 09:00:56,UPI,DEBIT,5128.21,ECOMMERCE,WEB,PAYMENTS
TXN000000724,ACC0000393,2026-01-10 20:30:22,CARD_PURCHASE,CREDIT,3700.09,TRANSFER,WEB,PAYMENTS
TXN000000725,ACC0001628,2026-05-13 10:02:13,UPI,CREDIT,1570.15,FUEL,BRANCH,PAYMENTS
TXN000000726,ACC0002507,2026-04-15 09:24:08,UPI,CREDIT,2670.26,TRANSFER,BRANCH,PAYMENTS
TXN000000727,ACC0003202,2026-03-14 12:59:26,IMPS,CREDIT,5524.07,ECOMMERCE,MOBILE,PAYMENTS
TXN000000728,ACC0004574,2026-02-21 23:27:32,IMPS,DEBIT,1136.77,TRAVEL,POS,PAYMENTS
TXN000000729,ACC0004005,2026-05-06 13:40:13,CASH_DEPOSIT,DEBIT,5317.34,UTILITIES,BRANCH,PAYMENTS
TXN000000730,ACC0001399,2026-06-21 01:22:21,CARD_PURCHASE,DEBIT,6324.01,TRANSFER,WEB,PAYMENTS
TXN000000731,ACC0000949,2026-04-07 15:23:45,NEFT,CREDIT,4846.13,TRAVEL,WEB,PAYMENTS
TXN000000732,ACC0002073,2026-05-17 06:15:22,IMPS,DEBIT,2404.16,GROCERY,BRANCH,PAYMENTS
TXN000000733,ACC0004958,2026-09-20 23:10:04,UPI,CREDIT,3383.25,FUEL,ATM,PAYMENTS
TXN000000734,ACC0002944,2026-07-06 20:39:32,NEFT,CREDIT,1703.6,ECOMMERCE,WEB,PAYMENTS
TXN000000735,ACC0000316,2026-01-28 12:54:44,ATM_WITHDRAWAL,CREDIT,5131.1,GROCERY,POS,PAYMENTS
TXN000000736,ACC0002075,2026-01-01 15:18:51,IMPS,CREDIT,6254.02,UTILITIES,BRANCH,PAYMENTS
TXN000000737,ACC0001837,2026-02-10 07:39:48,NEFT,DEBIT,1710.0,TRAVEL,MOBILE,PAYMENTS
TXN000000738,ACC0003075,2026-07-02 15:31:01,IMPS,CREDIT,28806.96,FUEL,MOBILE,PAYMENTS
TXN000000739,ACC0000214,2026-03-21 23:29:15,UPI,DEBIT,2664.57,TRAVEL,MOBILE,PAYMENTS
TXN000000740,ACC0001256,2026-01-05 22:28:26,NEFT,CREDIT,4278.07,FUEL,ATM,PAYMENTS
TXN000000741,ACC0001879,2026-01-03 13:24:09,CASH_DEPOSIT,DEBIT,683.72,FUEL,ATM,PAYMENTS
TXN000000742,ACC0003335,2026-05-08 10:39:53,ATM_WITHDRAWAL,DEBIT,1984.9,ECOMMERCE,ATM,PAYMENTS
TXN000000743,ACC0004452,2026-08-30 10:22:11,CASH_DEPOSIT,DEBIT,5304.42,FUEL,BRANCH,PAYMENTS
TXN000000744,ACC0003639,2026-01-22 04:54:27,CARD_PURCHASE,CREDIT,1697.16,FUEL,WEB,PAYMENTS
TXN000000745,ACC0003407,2026-02-13 06:40:49,UPI,DEBIT,19629.16,FUEL,ATM,PAYMENTS
TXN000000746,ACC0004988,2026-03-06 21:19:56,ATM_WITHDRAWAL,CREDIT,4042.12,TRAVEL,MOBILE,PAYMENTS
TXN000000747,ACC0003285,2026-08-22 03:53:57,UPI,CREDIT,2865.61,CASH,WEB,PAYMENTS
TXN000000748,ACC0001081,2026-09-16 19:39:22,CASH_DEPOSIT,DEBIT,37214.66,CASH,POS,PAYMENTS
TXN000000749,ACC0004766,2026-06-03 01:50:13,ATM_WITHDRAWAL,CREDIT,6100.55,TRANSFER,BRANCH,PAYMENTS
TXN000000750,ACC0003453,2026-01-24 07:45:01,IMPS,CREDIT,11964.47,TRANSFER,BRANCH,PAYMENTS
TXN000000751,ACC0004477,2026-08-01 22:51:31,ATM_WITHDRAWAL,DEBIT,1428.1,ECOMMERCE,BRANCH,PAYMENTS
TXN000000752,ACC0000555,2026-02-27 04:05:19,ATM_WITHDRAWAL,CREDIT,13686.3,TRAVEL,POS,PAYMENTS
TXN000000753,ACC0003867,2026-07-25 01:10:53,NEFT,DEBIT,145.92,ECOMMERCE,POS,PAYMENTS
TXN000000754,ACC0001550,2026-04-30 04:12:56,CARD_PURCHASE,DEBIT,2720.3,TRANSFER,POS,PAYMENTS
TXN000000755,ACC0000302,2026-08-04 17:05:49,UPI,DEBIT,2924.44,CASH,ATM,PAYMENTS
TXN000000756,ACC0003981,2026-06-19 04:07:36,NEFT,CREDIT,4005.25,UTILITIES,POS,PAYMENTS
TXN000000757,ACC0003871,2026-08-20 08:27:24,CASH_DEPOSIT,CREDIT,9398.31,TRANSFER,WEB,PAYMENTS
TXN000000758,ACC0004806,2026-09-02 15:11:04,ATM_WITHDRAWAL,DEBIT,16058.15,CASH,WEB,PAYMENTS
TXN000000759,ACC0002448,2026-08-17 06:05:05,CASH_DEPOSIT,CREDIT,8369.0,ECOMMERCE,ATM,PAYMENTS
TXN000000760,ACC0000949,2026-07-15 11:02:24,IMPS,DEBIT,5348.57,TRAVEL,WEB,PAYMENTS
TXN000000761,ACC0001935,2026-01-05 12:41:15,CASH_DEPOSIT,CREDIT,12797.38,GROCERY,BRANCH,PAYMENTS
TXN000000762,ACC0003541,2026-09-17 07:26:21,NEFT,CREDIT,1441.31,ECOMMERCE,MOBILE,PAYMENTS
TXN000000763,ACC0003157,2026-07-09 11:05:13,UPI,DEBIT,8408.56,CASH,BRANCH,PAYMENTS
TXN000000764,ACC0003217,2026-09-18 23:46:06,ATM_WITHDRAWAL,DEBIT,8680.51,FUEL,BRANCH,PAYMENTS
TXN000000765,ACC0001330,2026-09-11 02:04:53,UPI,DEBIT,7085.71,CASH,BRANCH,PAYMENTS
TXN000000766,ACC0004430,2026-01-18 06:37:00,IMPS,CREDIT,6831.78,CASH,ATM,PAYMENTS
TXN000000767,ACC0000933,2026-06-10 23:47:30,NEFT,CREDIT,1415.93,ECOMMERCE,BRANCH,PAYMENTS
TXN000000768,ACC0001775,2026-03-30 21:57:19,NEFT,CREDIT,2846.75,ECOMMERCE,MOBILE,PAYMENTS
TXN000000769,ACC0003608,2026-06-10 01:48:54,CASH_DEPOSIT,CREDIT,47775.99,FUEL,BRANCH,PAYMENTS
TXN000000770,ACC0003470,2026-08-10 22:47:06,NEFT,DEBIT,2308.54,GROCERY,POS,PAYMENTS
TXN000000771,ACC0000333,2026-01-26 15:00:04,CASH_DEPOSIT,DEBIT,5129.03,GROCERY,MOBILE,PAYMENTS
TXN000000772,ACC0004378,2026-09-19 10:41:18,ATM_WITHDRAWAL,DEBIT,9990.04,TRANSFER,WEB,PAYMENTS
TXN000000773,ACC0004602,2026-01-18 00:12:16,IMPS,DEBIT,1789.52,TRANSFER,ATM,PAYMENTS
TXN000000774,ACC0000798,2026-05-20 13:12:37,CASH_DEPOSIT,CREDIT,1479.1,TRAVEL,ATM,PAYMENTS
TXN000000775,ACC0003696,2026-05-30 02:07:34,CASH_DEPOSIT,DEBIT,13639.3,TRAVEL,BRANCH,PAYMENTS
TXN000000776,ACC0004973,2026-07-09 00:30:31,UPI,CREDIT,5603.47,TRANSFER,ATM,PAYMENTS
TXN000000777,ACC0003305,2026-09-10 12:00:14,IMPS,DEBIT,5728.83,CASH,BRANCH,PAYMENTS
TXN000000778,ACC0002402,2026-07-20 01:16:52,CARD_PURCHASE,DEBIT,3941.09,FUEL,POS,PAYMENTS
TXN000000779,ACC0003648,2026-06-30 12:30:14,UPI,DEBIT,5567.68,GROCERY,ATM,PAYMENTS
TXN000000780,ACC0002805,2026-05-17 01:35:39,IMPS,DEBIT,12819.22,TRANSFER,BRANCH,PAYMENTS
TXN000000781,ACC0003925,2026-01-09 07:26:14,ATM_WITHDRAWAL,DEBIT,9342.56,ECOMMERCE,BRANCH,PAYMENTS
TXN000000782,ACC0001680,2026-08-01 08:50:47,CASH_DEPOSIT,DEBIT,3243.47,TRANSFER,BRANCH,PAYMENTS
TXN000000783,ACC0003131,2026-03-13 07:54:22,CASH_DEPOSIT,DEBIT,547.97,FUEL,ATM,PAYMENTS
TXN000000784,ACC0003883,2026-09-06 16:25:28,IMPS,CREDIT,12667.36,CASH,MOBILE,PAYMENTS
TXN000000785,ACC0001646,2026-06-11 23:57:44,UPI,DEBIT,1098.92,FUEL,MOBILE,PAYMENTS
TXN000000786,ACC0001513,2026-04-15 17:09:23,IMPS,DEBIT,850.26,ECOMMERCE,BRANCH,PAYMENTS
TXN000000787,ACC0001805,2026-07-14 23:43:47,UPI,DEBIT,2750.03,TRAVEL,WEB,PAYMENTS
TXN000000788,ACC0003251,2026-06-02 22:15:28,ATM_WITHDRAWAL,CREDIT,1221.12,TRANSFER,POS,PAYMENTS
TXN000000789,ACC0000306,2026-01-24 09:15:01,UPI,DEBIT,4142.23,UTILITIES,WEB,PAYMENTS
TXN000000790,ACC0000948,2026-04-11 20:28:30,IMPS,CREDIT,45571.53,CASH,WEB,PAYMENTS
TXN000000791,ACC0004365,2026-06-17 06:39:47,CARD_PURCHASE,CREDIT,17257.33,TRAVEL,WEB,PAYMENTS
TXN000000792,ACC0004278,2026-06-18 04:40:44,ATM_WITHDRAWAL,CREDIT,7679.72,TRANSFER,ATM,PAYMENTS
TXN000000793,ACC0001877,2026-06-27 17:47:37,CARD_PURCHASE,CREDIT,50442.67,UTILITIES,MOBILE,PAYMENTS
TXN000000794,ACC0003352,2026-06-15 14:51:51,UPI,CREDIT,464.94,TRANSFER,ATM,PAYMENTS
TXN000000795,ACC0004214,2026-03-19 07:26:03,IMPS,CREDIT,4344.17,FUEL,ATM,PAYMENTS
TXN000000796,ACC0002019,2026-08-12 12:05:25,CARD_PURCHASE,DEBIT,5251.32,GROCERY,BRANCH,PAYMENTS
TXN000000797,ACC0004691,2026-08-03 20:13:54,ATM_WITHDRAWAL,CREDIT,2561.34,TRANSFER,ATM,PAYMENTS
TXN000000798,ACC0003901,2026-08-28 18:30:35,CARD_PURCHASE,CREDIT,1382.21,FUEL,WEB,PAYMENTS
TXN000000799,ACC0001982,2026-07-11 03:16:26,UPI,DEBIT,6287.53,TRAVEL,BRANCH,PAYMENTS
TXN000000800,ACC0001557,2026-05-29 04:26:21,CARD_PURCHASE,CREDIT,3366.11,ECOMMERCE,BRANCH,PAYMENTS
TXN000000801,ACC0004950,2026-02-07 11:27:05,UPI,DEBIT,437.82,FUEL,ATM,PAYMENTS
TXN000000802,ACC0000700,2026-09-21 22:12:05,NEFT,CREDIT,10926.0,TRAVEL,BRANCH,PAYMENTS
TXN000000803,ACC0003079,2026-04-03 19:44:16,UPI,CREDIT,2925.14,CASH,POS,PAYMENTS
TXN000000804,ACC0001886,2026-01-21 10:31:50,NEFT,DEBIT,854.29,ECOMMERCE,BRANCH,PAYMENTS
TXN000000805,ACC0004768,2026-04-05 12:05:44,ATM_WITHDRAWAL,CREDIT,17512.05,ECOMMERCE,MOBILE,PAYMENTS
TXN000000806,ACC0004100,2026-02-02 07:29:34,UPI,CREDIT,2020.94,CASH,ATM,PAYMENTS
TXN000000807,ACC0004515,2026-03-27 05:15:11,UPI,DEBIT,33335.51,GROCERY,WEB,PAYMENTS
TXN000000808,ACC0001768,2026-04-10 06:41:09,ATM_WITHDRAWAL,DEBIT,4677.32,TRAVEL,BRANCH,PAYMENTS
TXN000000809,ACC0002378,2026-02-08 23:45:29,UPI,CREDIT,3710.74,TRAVEL,WEB,PAYMENTS
TXN000000810,ACC0004940,2026-06-11 03:56:10,CARD_PURCHASE,CREDIT,10094.22,TRAVEL,BRANCH,PAYMENTS
TXN000000811,ACC0000578,2026-04-17 14:30:51,NEFT,DEBIT,4423.1,FUEL,WEB,PAYMENTS
TXN000000812,ACC0001037,2026-07-25 13:18:09,CASH_DEPOSIT,DEBIT,19780.42,TRANSFER,MOBILE,PAYMENTS
TXN000000813,ACC0002722,2026-02-19 20:34:32,CARD_PURCHASE,CREDIT,2109.5,TRAVEL,WEB,PAYMENTS
TXN000000814,ACC0003345,2026-01-07 02:50:38,ATM_WITHDRAWAL,DEBIT,6394.75,CASH,ATM,PAYMENTS
TXN000000815,ACC0003676,2026-06-25 19:07:25,CARD_PURCHASE,DEBIT,2311.87,TRANSFER,WEB,PAYMENTS
TXN000000816,ACC0003814,2026-08-21 12:31:51,UPI,CREDIT,3925.36,TRANSFER,BRANCH,PAYMENTS
TXN000000817,ACC0001114,2026-02-03 12:26:12,IMPS,CREDIT,804.86,ECOMMERCE,ATM,PAYMENTS
TXN000000818,ACC0003395,2026-04-20 22:48:35,UPI,CREDIT,8018.51,FUEL,MOBILE,PAYMENTS
TXN000000819,ACC0002012,2026-04-21 13:36:42,CARD_PURCHASE,CREDIT,2264.66,ECOMMERCE,BRANCH,PAYMENTS
TXN000000820,ACC0001257,2026-02-28 17:27:17,ATM_WITHDRAWAL,DEBIT,5880.76,FUEL,WEB,PAYMENTS
TXN000000821,ACC0002289,2026-09-12 00:57:47,CARD_PURCHASE,DEBIT,1286.14,CASH,POS,PAYMENTS
TXN000000822,ACC0002910,2026-04-06 13:45:03,UPI,DEBIT,11370.85,GROCERY,BRANCH,PAYMENTS
TXN000000823,ACC0004825,2026-08-31 16:38:22,UPI,DEBIT,1418.21,ECOMMERCE,MOBILE,PAYMENTS
TXN000000824,ACC0002674,2026-09-03 00:39:54,IMPS,CREDIT,1774.3,TRAVEL,ATM,PAYMENTS
TXN000000825,ACC0000307,2026-06-26 01:06:06,IMPS,CREDIT,1238.73,GROCERY,MOBILE,PAYMENTS
TXN000000826,ACC0002399,2026-01-13 17:11:58,NEFT,DEBIT,12079.43,FUEL,BRANCH,PAYMENTS
TXN000000827,ACC0003006,2026-09-19 14:01:12,IMPS,CREDIT,14660.26,ECOMMERCE,MOBILE,PAYMENTS
TXN000000828,ACC0003187,2026-08-01 02:46:18,CASH_DEPOSIT,CREDIT,8604.1,TRAVEL,MOBILE,PAYMENTS
TXN000000829,ACC0000474,2026-03-09 12:36:20,NEFT,DEBIT,16512.53,UTILITIES,BRANCH,PAYMENTS
TXN000000830,ACC0002251,2026-05-11 11:58:18,NEFT,CREDIT,237.78,FUEL,BRANCH,PAYMENTS
TXN000000831,ACC0004736,2026-09-22 15:41:09,IMPS,CREDIT,11375.29,GROCERY,MOBILE,PAYMENTS
TXN000000832,ACC0001162,2026-01-02 11:42:29,CASH_DEPOSIT,CREDIT,2635.66,TRAVEL,MOBILE,PAYMENTS
TXN000000833,ACC0004648,2026-08-23 10:33:51,UPI,CREDIT,1639.54,TRAVEL,MOBILE,PAYMENTS
TXN000000834,ACC0004329,2026-01-07 13:13:54,UPI,CREDIT,1557.57,UTILITIES,POS,PAYMENTS
TXN000000835,ACC0003906,2026-03-28 21:58:17,UPI,CREDIT,2177.55,UTILITIES,ATM,PAYMENTS
TXN000000836,ACC0003864,2026-07-27 23:43:35,IMPS,CREDIT,4395.12,GROCERY,ATM,PAYMENTS
TXN000000837,ACC0001262,2026-02-03 11:18:29,CASH_DEPOSIT,CREDIT,3611.22,TRANSFER,POS,PAYMENTS
TXN000000838,ACC0003885,2026-04-20 03:23:30,CARD_PURCHASE,DEBIT,1781.71,UTILITIES,WEB,PAYMENTS
TXN000000839,ACC0004426,2026-08-17 19:10:02,ATM_WITHDRAWAL,DEBIT,12516.9,CASH,ATM,PAYMENTS
TXN000000840,ACC0002615,2026-03-19 19:15:02,CARD_PURCHASE,DEBIT,3436.19,ECOMMERCE,WEB,PAYMENTS
TXN000000841,ACC0000816,2026-01-07 23:53:19,IMPS,DEBIT,33198.1,TRAVEL,WEB,PAYMENTS
TXN000000842,ACC0000979,2026-04-25 07:10:46,IMPS,DEBIT,219.49,ECOMMERCE,ATM,PAYMENTS
TXN000000843,ACC0000639,2026-03-26 12:17:57,ATM_WITHDRAWAL,CREDIT,8161.35,FUEL,POS,PAYMENTS
TXN000000844,ACC0003316,2026-02-15 21:43:56,CASH_DEPOSIT,DEBIT,704.81,TRANSFER,ATM,PAYMENTS
TXN000000845,ACC0001784,2026-05-23 22:00:03,IMPS,DEBIT,22495.76,GROCERY,POS,PAYMENTS
TXN000000846,ACC0004886,2026-01-05 12:26:33,CARD_PURCHASE,DEBIT,4262.14,FUEL,POS,PAYMENTS
TXN000000847,ACC0001874,2026-08-13 23:29:18,ATM_WITHDRAWAL,CREDIT,5300.35,ECOMMERCE,ATM,PAYMENTS
TXN000000848,ACC0000350,2026-08-08 16:44:07,CARD_PURCHASE,CREDIT,15084.89,CASH,POS,PAYMENTS
TXN000000849,ACC0001163,2026-02-16 06:51:01,CARD_PURCHASE,CREDIT,8641.61,GROCERY,MOBILE,PAYMENTS
TXN000000850,ACC0003069,2026-04-28 15:56:20,IMPS,DEBIT,10607.96,GROCERY,POS,PAYMENTS
TXN000000851,ACC0000121,2026-06-13 21:48:47,NEFT,DEBIT,6643.31,TRANSFER,WEB,PAYMENTS
TXN000000852,ACC0003583,2026-02-09 21:41:31,CARD_PURCHASE,CREDIT,8774.0,UTILITIES,ATM,PAYMENTS
TXN000000853,ACC0000419,2026-08-08 11:33:21,NEFT,CREDIT,14639.35,TRANSFER,BRANCH,PAYMENTS
TXN000000854,ACC0004547,2026-06-08 05:22:49,ATM_WITHDRAWAL,CREDIT,34138.71,GROCERY,WEB,PAYMENTS
TXN000000855,ACC0003521,2026-09-18 02:17:14,UPI,DEBIT,774.66,TRAVEL,MOBILE,PAYMENTS
TXN000000856,ACC0004499,2026-07-17 16:48:59,CARD_PURCHASE,CREDIT,513.98,FUEL,POS,PAYMENTS
TXN000000857,ACC0004674,2026-03-11 23:23:58,UPI,CREDIT,2601.41,FUEL,BRANCH,PAYMENTS
TXN000000858,ACC0002248,2026-04-15 15:42:19,CASH_DEPOSIT,DEBIT,13196.3,TRANSFER,ATM,PAYMENTS
TXN000000859,ACC0003494,2026-06-14 02:07:41,NEFT,DEBIT,13621.47,GROCERY,BRANCH,PAYMENTS
TXN000000860,ACC0004030,2026-08-24 12:08:58,CARD_PURCHASE,DEBIT,4240.85,TRAVEL,ATM,PAYMENTS
TXN000000861,ACC0000460,2026-02-04 14:39:52,IMPS,CREDIT,3594.55,ECOMMERCE,BRANCH,PAYMENTS
TXN000000862,ACC0003189,2026-05-07 16:05:36,CASH_DEPOSIT,CREDIT,2734.51,TRAVEL,WEB,PAYMENTS
TXN000000863,ACC0004446,2026-02-04 12:50:40,ATM_WITHDRAWAL,CREDIT,2044.86,UTILITIES,BRANCH,PAYMENTS
TXN000000864,ACC0004631,2026-02-23 05:18:29,ATM_WITHDRAWAL,DEBIT,2634.45,UTILITIES,WEB,PAYMENTS
TXN000000865,ACC0002094,2026-07-25 06:20:47,CASH_DEPOSIT,CREDIT,13250.62,TRAVEL,WEB,PAYMENTS
TXN000000866,ACC0002281,2026-01-06 14:51:00,UPI,CREDIT,2309.96,FUEL,WEB,PAYMENTS
TXN000000867,ACC0002604,2026-08-23 01:17:23,CASH_DEPOSIT,DEBIT,3254.91,TRAVEL,WEB,PAYMENTS
TXN000000868,ACC0002304,2026-05-16 17:13:57,ATM_WITHDRAWAL,DEBIT,4654.52,CASH,WEB,PAYMENTS
TXN000000869,ACC0001924,2026-06-08 10:06:48,CARD_PURCHASE,CREDIT,11186.79,FUEL,MOBILE,PAYMENTS
TXN000000870,ACC0004923,2026-03-13 14:45:58,CASH_DEPOSIT,CREDIT,235.69,GROCERY,MOBILE,PAYMENTS
TXN000000871,ACC0003418,2026-01-27 04:09:40,UPI,DEBIT,22571.07,FUEL,MOBILE,PAYMENTS
TXN000000872,ACC0001855,2026-02-20 03:25:33,CARD_PURCHASE,CREDIT,11632.76,FUEL,MOBILE,PAYMENTS
TXN000000873,ACC0003910,2026-07-08 21:18:32,ATM_WITHDRAWAL,DEBIT,7574.12,ECOMMERCE,WEB,PAYMENTS
TXN000000874,ACC0003834,2026-02-10 07:11:42,CARD_PURCHASE,DEBIT,14092.68,GROCERY,WEB,PAYMENTS
TXN000000875,ACC0000704,2026-07-03 12:12:27,UPI,DEBIT,2920.8,TRANSFER,BRANCH,PAYMENTS
TXN000000876,ACC0003450,2026-08-07 16:02:42,NEFT,CREDIT,6039.09,CASH,WEB,PAYMENTS
TXN000000877,ACC0003447,2026-06-27 09:15:14,CASH_DEPOSIT,DEBIT,16220.08,CASH,WEB,PAYMENTS
TXN000000878,ACC0000856,2026-07-20 17:08:55,UPI,DEBIT,10910.15,UTILITIES,WEB,PAYMENTS
TXN000000879,ACC0000135,2026-01-04 00:28:38,CARD_PURCHASE,CREDIT,1124.06,UTILITIES,WEB,PAYMENTS
TXN000000880,ACC0002053,2026-05-11 09:55:43,NEFT,CREDIT,2441.1,ECOMMERCE,ATM,PAYMENTS
TXN000000881,ACC0001014,2026-01-11 01:29:21,CASH_DEPOSIT,DEBIT,11553.86,GROCERY,WEB,PAYMENTS
TXN000000882,ACC0000339,2026-06-05 17:59:43,ATM_WITHDRAWAL,DEBIT,3599.96,UTILITIES,POS,PAYMENTS
TXN000000883,ACC0002295,2026-03-12 04:52:44,IMPS,CREDIT,3084.84,GROCERY,BRANCH,PAYMENTS
TXN000000884,ACC0000594,2026-02-14 17:09:24,ATM_WITHDRAWAL,DEBIT,19905.52,FUEL,WEB,PAYMENTS
TXN000000885,ACC0000143,2026-01-18 03:18:24,UPI,CREDIT,2110.33,GROCERY,MOBILE,PAYMENTS
TXN000000886,ACC0002791,2026-09-13 19:24:41,NEFT,DEBIT,279.3,FUEL,MOBILE,PAYMENTS
TXN000000887,ACC0004187,2026-06-12 23:41:56,NEFT,DEBIT,3375.98,TRANSFER,BRANCH,PAYMENTS
TXN000000888,ACC0003619,2026-02-20 21:03:58,IMPS,DEBIT,42113.33,UTILITIES,BRANCH,PAYMENTS
TXN000000889,ACC0003772,2026-08-06 01:08:47,CASH_DEPOSIT,DEBIT,1112.34,ECOMMERCE,BRANCH,PAYMENTS
TXN000000890,ACC0002965,2026-06-03 13:33:37,IMPS,CREDIT,1070.54,TRAVEL,ATM,PAYMENTS
TXN000000891,ACC0003114,2026-02-27 21:15:10,ATM_WITHDRAWAL,DEBIT,11385.93,CASH,POS,PAYMENTS
TXN000000892,ACC0001014,2026-09-15 22:32:41,ATM_WITHDRAWAL,DEBIT,16018.8,FUEL,MOBILE,PAYMENTS
TXN000000893,ACC0004977,2026-01-03 20:17:58,NEFT,DEBIT,6418.98,CASH,ATM,PAYMENTS
TXN000000894,ACC0003146,2026-09-07 08:09:26,NEFT,CREDIT,4727.06,CASH,POS,PAYMENTS
TXN000000895,ACC0004422,2026-09-17 22:05:45,CASH_DEPOSIT,DEBIT,1751.5,UTILITIES,WEB,PAYMENTS
TXN000000896,ACC0000649,2026-07-01 17:54:17,CASH_DEPOSIT,CREDIT,5278.13,ECOMMERCE,ATM,PAYMENTS
TXN000000897,ACC0004010,2026-08-11 05:18:26,ATM_WITHDRAWAL,DEBIT,1613.11,GROCERY,POS,PAYMENTS
TXN000000898,ACC0004110,2026-06-24 07:15:56,UPI,CREDIT,11660.22,ECOMMERCE,MOBILE,PAYMENTS
TXN000000899,ACC0003667,2026-01-23 06:15:59,CASH_DEPOSIT,CREDIT,2388.32,GROCERY,WEB,PAYMENTS
TXN000000900,ACC0002112,2026-04-01 11:39:21,IMPS,DEBIT,5734.25,TRANSFER,WEB,PAYMENTS
TXN000000901,ACC0002050,2026-05-23 04:44:08,IMPS,CREDIT,1530.02,CASH,POS,PAYMENTS
TXN000000902,ACC0004593,2026-03-24 00:27:15,CASH_DEPOSIT,DEBIT,708.52,TRAVEL,MOBILE,PAYMENTS
TXN000000903,ACC0002045,2026-04-25 08:40:21,NEFT,DEBIT,3005.96,UTILITIES,BRANCH,PAYMENTS
TXN000000904,ACC0002027,2026-04-19 18:49:15,CARD_PURCHASE,CREDIT,23399.7,TRAVEL,WEB,PAYMENTS
TXN000000905,ACC0004828,2026-06-15 03:20:58,UPI,CREDIT,14098.57,ECOMMERCE,ATM,PAYMENTS
TXN000000906,ACC0003479,2026-06-19 10:34:44,ATM_WITHDRAWAL,DEBIT,2090.26,FUEL,WEB,PAYMENTS
TXN000000907,ACC0001882,2026-08-30 21:29:10,CARD_PURCHASE,DEBIT,1589.83,TRAVEL,MOBILE,PAYMENTS
TXN000000908,ACC0003242,2026-06-16 13:19:01,CASH_DEPOSIT,DEBIT,8051.52,UTILITIES,ATM,PAYMENTS
TXN000000909,ACC0003610,2026-07-18 09:28:54,NEFT,CREDIT,5414.82,TRAVEL,MOBILE,PAYMENTS
TXN000000910,ACC0000985,2026-08-10 06:46:24,ATM_WITHDRAWAL,DEBIT,2751.26,ECOMMERCE,WEB,PAYMENTS
TXN000000911,ACC0003154,2026-01-30 01:11:46,CASH_DEPOSIT,DEBIT,7030.63,CASH,ATM,PAYMENTS
TXN000000912,ACC0001366,2026-08-08 00:31:28,IMPS,CREDIT,3561.61,TRAVEL,BRANCH,PAYMENTS
TXN000000913,ACC0004968,2026-02-15 21:49:54,ATM_WITHDRAWAL,CREDIT,8716.46,ECOMMERCE,WEB,PAYMENTS
TXN000000914,ACC0003699,2026-05-01 05:26:32,IMPS,DEBIT,1487.9,CASH,ATM,PAYMENTS
TXN000000915,ACC0003761,2026-01-08 05:39:20,UPI,DEBIT,7958.93,UTILITIES,BRANCH,PAYMENTS
TXN000000916,ACC0000640,2026-01-25 13:25:00,ATM_WITHDRAWAL,DEBIT,23009.88,GROCERY,WEB,PAYMENTS
TXN000000917,ACC0004850,2026-05-10 16:06:31,ATM_WITHDRAWAL,DEBIT,4563.86,UTILITIES,BRANCH,PAYMENTS
TXN000000918,ACC0002174,2026-06-19 19:23:00,ATM_WITHDRAWAL,CREDIT,2315.46,CASH,ATM,PAYMENTS
TXN000000919,ACC0004012,2026-09-05 22:16:38,ATM_WITHDRAWAL,CREDIT,7486.77,UTILITIES,POS,PAYMENTS
TXN000000920,ACC0003293,2026-09-05 11:34:16,CARD_PURCHASE,CREDIT,479.62,UTILITIES,MOBILE,PAYMENTS
TXN000000921,ACC0001004,2026-04-20 03:24:21,UPI,CREDIT,5208.2,TRANSFER,ATM,PAYMENTS
TXN000000922,ACC0000495,2026-07-26 10:17:31,ATM_WITHDRAWAL,DEBIT,4353.71,GROCERY,BRANCH,PAYMENTS
TXN000000923,ACC0002776,2026-09-15 17:55:01,CASH_DEPOSIT,DEBIT,464.66,ECOMMERCE,POS,PAYMENTS
TXN000000924,ACC0003023,2026-03-31 21:38:33,IMPS,DEBIT,2672.3,GROCERY,MOBILE,PAYMENTS
TXN000000925,ACC0002348,2026-01-27 08:08:05,ATM_WITHDRAWAL,CREDIT,12263.79,TRAVEL,WEB,PAYMENTS
TXN000000926,ACC0000896,2026-01-01 12:47:16,CASH_DEPOSIT,CREDIT,5211.48,ECOMMERCE,MOBILE,PAYMENTS
TXN000000927,ACC0001831,2026-07-11 21:06:43,CASH_DEPOSIT,CREDIT,1735.36,TRAVEL,POS,PAYMENTS
TXN000000928,ACC0003405,2026-09-06 11:11:52,ATM_WITHDRAWAL,CREDIT,1091.58,CASH,WEB,PAYMENTS
TXN000000929,ACC0003658,2026-04-14 18:45:35,NEFT,CREDIT,815.41,ECOMMERCE,POS,PAYMENTS
TXN000000930,ACC0003986,2026-04-13 03:08:35,ATM_WITHDRAWAL,DEBIT,23720.43,ECOMMERCE,MOBILE,PAYMENTS
TXN000000931,ACC0004849,2026-08-28 23:42:01,CASH_DEPOSIT,CREDIT,3069.56,UTILITIES,MOBILE,PAYMENTS
TXN000000932,ACC0000533,2026-07-20 18:39:54,CASH_DEPOSIT,DEBIT,1510.52,UTILITIES,WEB,PAYMENTS
TXN000000933,ACC0003744,2026-02-25 02:02:14,CARD_PURCHASE,DEBIT,7587.9,GROCERY,MOBILE,PAYMENTS
TXN000000934,ACC0002287,2026-09-01 23:19:08,CASH_DEPOSIT,CREDIT,13943.12,TRANSFER,POS,PAYMENTS
TXN000000935,ACC0000353,2026-07-06 08:03:23,IMPS,DEBIT,8801.44,GROCERY,ATM,PAYMENTS
TXN000000936,ACC0001165,2026-03-31 20:42:19,UPI,DEBIT,548.51,UTILITIES,WEB,PAYMENTS
TXN000000937,ACC0001238,2026-07-23 16:42:09,CASH_DEPOSIT,CREDIT,20025.32,CASH,BRANCH,PAYMENTS
TXN000000938,ACC0001370,2026-03-10 18:35:38,UPI,CREDIT,6597.84,ECOMMERCE,BRANCH,PAYMENTS
TXN000000939,ACC0002093,2026-08-13 04:37:45,NEFT,CREDIT,2600.63,TRANSFER,WEB,PAYMENTS
TXN000000940,ACC0004114,2026-02-03 23:24:44,NEFT,DEBIT,3682.59,ECOMMERCE,MOBILE,PAYMENTS
TXN000000941,ACC0003989,2026-03-18 11:46:04,IMPS,CREDIT,1134.12,TRANSFER,BRANCH,PAYMENTS
TXN000000942,ACC0002785,2026-07-21 22:49:55,NEFT,DEBIT,20787.2,GROCERY,BRANCH,PAYMENTS
TXN000000943,ACC0000073,2026-04-27 16:42:36,UPI,CREDIT,769.6,TRANSFER,ATM,PAYMENTS
TXN000000944,ACC0004087,2026-08-10 07:07:45,IMPS,DEBIT,21276.44,GROCERY,BRANCH,PAYMENTS
TXN000000945,ACC0002076,2026-05-01 17:40:39,IMPS,CREDIT,1382.68,TRAVEL,MOBILE,PAYMENTS
TXN000000946,ACC0003428,2026-07-07 19:44:26,ATM_WITHDRAWAL,CREDIT,565.76,FUEL,MOBILE,PAYMENTS
TXN000000947,ACC0004088,2026-08-19 01:12:46,NEFT,DEBIT,1397.05,CASH,BRANCH,PAYMENTS
TXN000000948,ACC0002069,2026-05-10 04:30:19,IMPS,DEBIT,674.08,TRANSFER,POS,PAYMENTS
TXN000000949,ACC0001823,2026-02-21 20:35:24,ATM_WITHDRAWAL,CREDIT,5468.91,TRANSFER,POS,PAYMENTS
TXN000000950,ACC0000832,2026-01-11 23:25:55,CARD_PURCHASE,DEBIT,1020.45,UTILITIES,WEB,PAYMENTS
TXN000000951,ACC0004361,2026-05-28 00:23:52,CARD_PURCHASE,DEBIT,1567.93,ECOMMERCE,MOBILE,PAYMENTS
TXN000000952,ACC0000792,2026-06-16 20:21:41,UPI,CREDIT,2719.56,FUEL,ATM,PAYMENTS
TXN000000953,ACC0004245,2026-03-04 17:09:04,CARD_PURCHASE,DEBIT,2148.93,ECOMMERCE,MOBILE,PAYMENTS
TXN000000954,ACC0001243,2026-05-17 12:47:10,IMPS,CREDIT,1123.42,FUEL,POS,PAYMENTS
TXN000000955,ACC0001115,2026-09-15 16:20:36,UPI,DEBIT,277.93,ECOMMERCE,POS,PAYMENTS
TXN000000956,ACC0002557,2026-03-08 02:15:29,IMPS,DEBIT,2117.24,ECOMMERCE,POS,PAYMENTS
TXN000000957,ACC0004240,2026-07-20 10:06:43,CARD_PURCHASE,DEBIT,3343.58,UTILITIES,MOBILE,PAYMENTS
TXN000000958,ACC0002466,2026-09-11 07:40:34,ATM_WITHDRAWAL,DEBIT,1729.56,TRAVEL,BRANCH,PAYMENTS
TXN000000959,ACC0001419,2026-04-24 06:14:16,CASH_DEPOSIT,DEBIT,5816.5,FUEL,MOBILE,PAYMENTS
TXN000000960,ACC0004575,2026-07-25 06:21:34,IMPS,DEBIT,4057.06,CASH,WEB,PAYMENTS
TXN000000961,ACC0003351,2026-03-05 10:06:35,UPI,CREDIT,22929.56,ECOMMERCE,BRANCH,PAYMENTS
TXN000000962,ACC0003143,2026-03-17 21:52:19,IMPS,DEBIT,11077.85,GROCERY,BRANCH,PAYMENTS
TXN000000963,ACC0001859,2026-07-24 08:31:41,IMPS,CREDIT,8783.3,UTILITIES,MOBILE,PAYMENTS
TXN000000964,ACC0003958,2026-02-19 10:44:49,NEFT,CREDIT,587.65,FUEL,POS,PAYMENTS
TXN000000965,ACC0001409,2026-08-22 19:28:51,IMPS,DEBIT,4954.72,UTILITIES,MOBILE,PAYMENTS
TXN000000966,ACC0000392,2026-09-18 01:54:56,CASH_DEPOSIT,CREDIT,3166.5,FUEL,POS,PAYMENTS
TXN000000967,ACC0003572,2026-08-07 18:21:26,CARD_PURCHASE,CREDIT,265.0,FUEL,POS,PAYMENTS
TXN000000968,ACC0003766,2026-03-05 01:07:17,UPI,CREDIT,3388.04,TRANSFER,POS,PAYMENTS
TXN000000969,ACC0003605,2026-01-19 06:57:51,IMPS,DEBIT,2098.04,UTILITIES,POS,PAYMENTS
TXN000000970,ACC0002299,2026-07-24 13:25:11,CASH_DEPOSIT,DEBIT,8062.98,TRAVEL,MOBILE,PAYMENTS
TXN000000971,ACC0000968,2026-02-03 21:05:43,NEFT,DEBIT,3889.54,ECOMMERCE,WEB,PAYMENTS
TXN000000972,ACC0001014,2026-05-06 14:45:35,NEFT,CREDIT,8900.06,GROCERY,MOBILE,PAYMENTS
TXN000000973,ACC0002373,2026-01-14 22:02:45,CARD_PURCHASE,CREDIT,5040.28,UTILITIES,POS,PAYMENTS
TXN000000974,ACC0002675,2026-01-18 17:43:37,NEFT,CREDIT,10026.06,CASH,POS,PAYMENTS
TXN000000975,ACC0001366,2026-01-08 01:59:14,CASH_DEPOSIT,DEBIT,2963.77,FUEL,MOBILE,PAYMENTS
TXN000000976,ACC0004696,2026-07-04 02:59:05,CARD_PURCHASE,DEBIT,1254.14,TRAVEL,WEB,PAYMENTS
TXN000000977,ACC0002840,2026-01-09 00:44:11,NEFT,CREDIT,13858.26,UTILITIES,BRANCH,PAYMENTS
TXN000000978,ACC0002857,2026-03-06 15:29:39,IMPS,CREDIT,12408.12,TRAVEL,ATM,PAYMENTS
TXN000000979,ACC0002536,2026-02-24 21:26:28,ATM_WITHDRAWAL,CREDIT,3014.56,FUEL,ATM,PAYMENTS
TXN000000980,ACC0002031,2026-01-22 15:30:59,NEFT,DEBIT,2602.1,CASH,BRANCH,PAYMENTS
TXN000000981,ACC0001409,2026-06-08 23:10:33,IMPS,DEBIT,16114.15,TRAVEL,POS,PAYMENTS
TXN000000982,ACC0002991,2026-07-22 04:06:46,CASH_DEPOSIT,CREDIT,5107.8,TRANSFER,WEB,PAYMENTS
TXN000000983,ACC0004338,2026-04-27 11:50:15,UPI,DEBIT,2428.75,TRAVEL,MOBILE,PAYMENTS
TXN000000984,ACC0002414,2026-08-06 01:00:20,ATM_WITHDRAWAL,DEBIT,4141.83,TRANSFER,POS,PAYMENTS
TXN000000985,ACC0002203,2026-02-05 14:28:47,CARD_PURCHASE,DEBIT,584.87,CASH,POS,PAYMENTS
TXN000000986,ACC0003828,2026-08-26 05:27:21,IMPS,DEBIT,48719.46,TRANSFER,POS,PAYMENTS
TXN000000987,ACC0001002,2026-04-02 04:06:37,NEFT,CREDIT,23419.94,TRANSFER,ATM,PAYMENTS
TXN000000988,ACC0002052,2026-03-05 13:12:09,CARD_PURCHASE,CREDIT,7761.64,CASH,BRANCH,PAYMENTS
TXN000000989,ACC0004339,2026-01-01 14:19:46,ATM_WITHDRAWAL,DEBIT,4927.42,ECOMMERCE,BRANCH,PAYMENTS
TXN000000990,ACC0002864,2026-07-12 18:12:21,ATM_WITHDRAWAL,DEBIT,7044.04,ECOMMERCE,BRANCH,PAYMENTS
TXN000000991,ACC0004560,2026-08-28 17:21:13,CARD_PURCHASE,CREDIT,18448.12,CASH,WEB,PAYMENTS
TXN000000992,ACC0002848,2026-02-05 21:59:39,UPI,DEBIT,4751.23,GROCERY,WEB,PAYMENTS
TXN000000993,ACC0002300,2026-06-07 13:58:58,UPI,DEBIT,2381.64,FUEL,WEB,PAYMENTS
TXN000000994,ACC0000332,2026-01-31 06:36:26,UPI,DEBIT,5113.34,TRAVEL,MOBILE,PAYMENTS
TXN000000995,ACC0003448,2026-03-01 19:48:25,ATM_WITHDRAWAL,DEBIT,1432.39,ECOMMERCE,WEB,PAYMENTS
TXN000000996,ACC0001918,2026-07-19 02:31:13,UPI,CREDIT,9102.21,ECOMMERCE,MOBILE,PAYMENTS
TXN000000997,ACC0000790,2026-02-03 20:23:47,UPI,DEBIT,3487.67,FUEL,MOBILE,PAYMENTS
TXN000000998,ACC0000279,2026-01-28 22:53:16,CARD_PURCHASE,DEBIT,1873.46,TRAVEL,BRANCH,PAYMENTS
TXN000000999,ACC0001152,2026-08-14 14:46:44,UPI,CREDIT,4603.87,TRAVEL,ATM,PAYMENTS
TXN000001000,ACC0002650,2026-01-13 12:17:55,ATM_WITHDRAWAL,CREDIT,6216.98,TRANSFER,WEB,PAYMENTS
TXN000001001,ACC0002250,2026-07-10 05:41:29,NEFT,DEBIT,8022.55,TRANSFER,BRANCH,PAYMENTS
TXN000001002,ACC0002915,2026-05-23 01:31:48,UPI,CREDIT,685.45,GROCERY,BRANCH,PAYMENTS
TXN000001003,ACC0002749,2026-06-03 11:25:22,CARD_PURCHASE,CREDIT,1692.36,UTILITIES,BRANCH,PAYMENTS
TXN000001004,ACC0003764,2026-08-11 19:55:47,CARD_PURCHASE,DEBIT,8620.62,TRAVEL,WEB,PAYMENTS
TXN000001005,ACC0001976,2026-08-28 03:15:58,CASH_DEPOSIT,DEBIT,567.37,FUEL,WEB,PAYMENTS
TXN000001006,ACC0000671,2026-03-15 11:34:43,CASH_DEPOSIT,CREDIT,4900.91,CASH,WEB,PAYMENTS
TXN000001007,ACC0003082,2026-01-29 04:24:57,CARD_PURCHASE,CREDIT,1300.66,TRANSFER,BRANCH,PAYMENTS
TXN000001008,ACC0003774,2026-04-24 00:14:57,CASH_DEPOSIT,DEBIT,4921.27,CASH,BRANCH,PAYMENTS
TXN000001009,ACC0003381,2026-06-19 14:17:27,CARD_PURCHASE,DEBIT,6964.94,CASH,MOBILE,PAYMENTS
TXN000001010,ACC0003303,2026-04-03 19:25:10,IMPS,CREDIT,5264.9,TRANSFER,WEB,PAYMENTS
TXN000001011,ACC0001134,2026-04-19 00:59:49,CARD_PURCHASE,CREDIT,1611.61,GROCERY,WEB,PAYMENTS
TXN000001012,ACC0002445,2026-05-16 01:32:48,ATM_WITHDRAWAL,DEBIT,1161.4,FUEL,BRANCH,PAYMENTS
TXN000001013,ACC0001966,2026-08-29 23:53:39,CARD_PURCHASE,CREDIT,4853.4,FUEL,WEB,PAYMENTS
TXN000001014,ACC0003743,2026-08-23 23:14:01,CASH_DEPOSIT,DEBIT,2992.62,ECOMMERCE,MOBILE,PAYMENTS
TXN000001015,ACC0003440,2026-03-24 12:46:03,ATM_WITHDRAWAL,CREDIT,8120.7,GROCERY,BRANCH,PAYMENTS
TXN000001016,ACC0004523,2026-07-10 12:13:02,ATM_WITHDRAWAL,DEBIT,12467.77,CASH,BRANCH,PAYMENTS
TXN000001017,ACC0002200,2026-06-08 22:04:23,CASH_DEPOSIT,CREDIT,10217.54,TRAVEL,BRANCH,PAYMENTS
TXN000001018,ACC0000731,2026-02-10 08:29:24,IMPS,CREDIT,37016.59,GROCERY,ATM,PAYMENTS
TXN000001019,ACC0002427,2026-08-19 16:29:19,ATM_WITHDRAWAL,DEBIT,535.01,GROCERY,WEB,PAYMENTS
TXN000001020,ACC0001327,2026-08-20 20:09:03,IMPS,DEBIT,2097.84,FUEL,POS,PAYMENTS
TXN000001021,ACC0004399,2026-09-12 17:29:13,NEFT,DEBIT,12980.02,TRANSFER,WEB,PAYMENTS
TXN000001022,ACC0002612,2026-01-30 03:39:06,UPI,DEBIT,865.78,UTILITIES,WEB,PAYMENTS
TXN000001023,ACC0001100,2026-06-15 04:12:37,IMPS,CREDIT,1732.79,ECOMMERCE,POS,PAYMENTS
TXN000001024,ACC0003251,2026-01-17 11:02:03,NEFT,CREDIT,19474.08,TRANSFER,BRANCH,PAYMENTS
TXN000001025,ACC0000555,2026-09-03 17:18:16,CARD_PURCHASE,DEBIT,4977.47,FUEL,ATM,PAYMENTS
TXN000001026,ACC0004433,2026-06-29 02:25:37,CARD_PURCHASE,DEBIT,7351.71,GROCERY,ATM,PAYMENTS
TXN000001027,ACC0000686,2026-02-02 11:03:01,NEFT,DEBIT,10648.21,FUEL,ATM,PAYMENTS
TXN000001028,ACC0001586,2026-06-28 19:49:10,UPI,DEBIT,242.33,FUEL,WEB,PAYMENTS
TXN000001029,ACC0000905,2026-02-22 23:03:01,CARD_PURCHASE,DEBIT,1288.14,TRAVEL,BRANCH,PAYMENTS
TXN000001030,ACC0003770,2026-04-24 08:51:03,ATM_WITHDRAWAL,CREDIT,1406.19,TRANSFER,BRANCH,PAYMENTS
TXN000001031,ACC0001429,2026-05-23 03:45:11,ATM_WITHDRAWAL,DEBIT,11640.27,UTILITIES,POS,PAYMENTS
TXN000001032,ACC0002304,2026-05-23 10:16:34,ATM_WITHDRAWAL,CREDIT,2671.54,FUEL,MOBILE,PAYMENTS
TXN000001033,ACC0003692,2026-04-23 06:37:25,CARD_PURCHASE,DEBIT,1650.76,FUEL,BRANCH,PAYMENTS
TXN000001034,ACC0001841,2026-06-30 05:39:11,CARD_PURCHASE,CREDIT,4742.19,GROCERY,WEB,PAYMENTS
TXN000001035,ACC0001045,2026-03-01 16:15:55,CARD_PURCHASE,DEBIT,12450.26,FUEL,ATM,PAYMENTS
TXN000001036,ACC0003762,2026-05-21 18:34:22,NEFT,CREDIT,2384.85,TRANSFER,BRANCH,PAYMENTS
TXN000001037,ACC0001119,2026-01-28 15:03:07,UPI,DEBIT,24252.99,TRANSFER,POS,PAYMENTS
TXN000001038,ACC0001367,2026-05-17 08:28:28,IMPS,DEBIT,4272.66,GROCERY,BRANCH,PAYMENTS
TXN000001039,ACC0003171,2026-03-27 05:50:01,CARD_PURCHASE,DEBIT,796.88,FUEL,WEB,PAYMENTS
TXN000001040,ACC0004445,2026-05-21 10:14:55,ATM_WITHDRAWAL,CREDIT,3798.44,TRANSFER,BRANCH,PAYMENTS
TXN000001041,ACC0002984,2026-05-29 18:46:38,CASH_DEPOSIT,DEBIT,5307.96,CASH,BRANCH,PAYMENTS
TXN000001042,ACC0004404,2026-04-29 05:55:44,CARD_PURCHASE,DEBIT,4571.11,GROCERY,WEB,PAYMENTS
TXN000001043,ACC0003516,2026-05-23 18:08:01,IMPS,DEBIT,2109.02,GROCERY,WEB,PAYMENTS
TXN000001044,ACC0000261,2026-09-21 11:29:53,CARD_PURCHASE,DEBIT,5142.24,ECOMMERCE,WEB,PAYMENTS
TXN000001045,ACC0002469,2026-01-23 16:08:56,UPI,DEBIT,2518.24,UTILITIES,WEB,PAYMENTS
TXN000001046,ACC0000581,2026-05-06 18:05:24,NEFT,DEBIT,7962.9,TRAVEL,BRANCH,PAYMENTS
TXN000001047,ACC0000892,2026-03-18 14:43:01,CARD_PURCHASE,DEBIT,3790.7,GROCERY,POS,PAYMENTS
TXN000001048,ACC0002909,2026-01-03 15:12:43,CASH_DEPOSIT,DEBIT,11834.64,UTILITIES,MOBILE,PAYMENTS
TXN000001049,ACC0003368,2026-01-05 00:04:18,NEFT,DEBIT,7489.03,TRANSFER,POS,PAYMENTS
TXN000001050,ACC0001907,2026-05-30 17:21:58,ATM_WITHDRAWAL,CREDIT,2922.49,TRAVEL,POS,PAYMENTS
TXN000001051,ACC0000794,2026-05-08 18:09:29,CASH_DEPOSIT,CREDIT,34031.43,GROCERY,ATM,PAYMENTS
TXN000001052,ACC0004957,2026-01-18 15:39:49,NEFT,CREDIT,47551.05,TRANSFER,MOBILE,PAYMENTS
TXN000001053,ACC0001835,2026-05-21 19:54:15,UPI,DEBIT,1246.32,CASH,ATM,PAYMENTS
TXN000001054,ACC0004471,2026-08-10 09:27:00,UPI,DEBIT,605.86,TRANSFER,ATM,PAYMENTS
TXN000001055,ACC0001013,2026-05-29 19:39:54,NEFT,CREDIT,1689.34,CASH,WEB,PAYMENTS
TXN000001056,ACC0004262,2026-04-10 19:42:03,CASH_DEPOSIT,CREDIT,3257.18,TRAVEL,POS,PAYMENTS
TXN000001057,ACC0000074,2026-09-18 22:33:56,IMPS,DEBIT,1517.08,TRAVEL,WEB,PAYMENTS
TXN000001058,ACC0003068,2026-06-14 19:50:52,IMPS,DEBIT,2633.72,GROCERY,MOBILE,PAYMENTS
TXN000001059,ACC0001833,2026-08-05 05:49:23,NEFT,DEBIT,5459.1,ECOMMERCE,MOBILE,PAYMENTS
TXN000001060,ACC0002215,2026-06-02 10:05:06,CARD_PURCHASE,CREDIT,1684.81,TRAVEL,WEB,PAYMENTS
TXN000001061,ACC0001442,2026-07-03 04:12:17,CASH_DEPOSIT,CREDIT,9808.43,CASH,MOBILE,PAYMENTS
TXN000001062,ACC0001171,2026-04-04 10:32:56,CASH_DEPOSIT,CREDIT,4735.25,TRAVEL,MOBILE,PAYMENTS
TXN000001063,ACC0002454,2026-03-23 23:43:34,CARD_PURCHASE,DEBIT,6757.02,UTILITIES,ATM,PAYMENTS
TXN000001064,ACC0001794,2026-03-06 19:14:38,CASH_DEPOSIT,CREDIT,10529.22,FUEL,WEB,PAYMENTS
TXN000001065,ACC0003519,2026-01-25 00:51:33,IMPS,DEBIT,14023.67,CASH,ATM,PAYMENTS
TXN000001066,ACC0001635,2026-06-21 01:37:45,UPI,CREDIT,21114.99,GROCERY,ATM,PAYMENTS
TXN000001067,ACC0001980,2026-07-19 12:40:25,CARD_PURCHASE,DEBIT,3277.53,TRAVEL,POS,PAYMENTS
TXN000001068,ACC0000408,2026-07-10 20:21:35,IMPS,CREDIT,3090.95,GROCERY,WEB,PAYMENTS
TXN000001069,ACC0004003,2026-03-17 18:10:58,UPI,CREDIT,1268.49,GROCERY,BRANCH,PAYMENTS
TXN000001070,ACC0001735,2026-01-25 02:42:39,ATM_WITHDRAWAL,CREDIT,2983.72,UTILITIES,WEB,PAYMENTS
TXN000001071,ACC0001076,2026-07-30 16:05:33,CASH_DEPOSIT,DEBIT,4998.69,UTILITIES,MOBILE,PAYMENTS
TXN000001072,ACC0001488,2026-06-30 14:12:57,ATM_WITHDRAWAL,DEBIT,1223.37,TRAVEL,WEB,PAYMENTS
TXN000001073,ACC0003280,2026-09-01 14:04:54,NEFT,CREDIT,1390.62,TRANSFER,MOBILE,PAYMENTS
TXN000001074,ACC0003712,2026-06-11 01:35:21,IMPS,DEBIT,4725.86,ECOMMERCE,ATM,PAYMENTS
TXN000001075,ACC0001686,2026-02-03 04:04:33,CARD_PURCHASE,DEBIT,4063.74,GROCERY,ATM,PAYMENTS
TXN000001076,ACC0001369,2026-02-14 20:27:34,CARD_PURCHASE,DEBIT,3454.09,TRANSFER,POS,PAYMENTS
TXN000001077,ACC0001707,2026-06-16 08:31:07,CARD_PURCHASE,CREDIT,8338.32,CASH,POS,PAYMENTS
TXN000001078,ACC0004680,2026-06-19 05:10:29,NEFT,DEBIT,4446.97,GROCERY,POS,PAYMENTS
TXN000001079,ACC0002994,2026-07-15 07:23:00,IMPS,CREDIT,10340.05,TRAVEL,WEB,PAYMENTS
TXN000001080,ACC0002273,2026-09-08 13:39:19,UPI,CREDIT,16741.97,ECOMMERCE,POS,PAYMENTS
TXN000001081,ACC0001749,2026-06-17 22:04:20,IMPS,DEBIT,24672.77,UTILITIES,BRANCH,PAYMENTS
TXN000001082,ACC0001390,2026-01-18 02:36:02,UPI,DEBIT,9123.39,TRANSFER,POS,PAYMENTS
TXN000001083,ACC0003630,2026-09-05 15:53:28,CASH_DEPOSIT,DEBIT,3028.82,CASH,ATM,PAYMENTS
TXN000001084,ACC0000988,2026-09-08 01:44:10,CASH_DEPOSIT,DEBIT,30277.18,UTILITIES,WEB,PAYMENTS
TXN000001085,ACC0004341,2026-07-08 06:51:40,CARD_PURCHASE,DEBIT,15189.49,GROCERY,BRANCH,PAYMENTS
TXN000001086,ACC0002257,2026-06-20 01:06:20,CARD_PURCHASE,CREDIT,13008.95,TRAVEL,POS,PAYMENTS
TXN000001087,ACC0002967,2026-02-16 11:45:51,UPI,DEBIT,1471.96,UTILITIES,BRANCH,PAYMENTS
TXN000001088,ACC0001852,2026-02-12 12:31:42,NEFT,DEBIT,1485.37,CASH,WEB,PAYMENTS
TXN000001089,ACC0002683,2026-02-08 16:09:03,CASH_DEPOSIT,CREDIT,14704.57,TRANSFER,WEB,PAYMENTS
TXN000001090,ACC0000818,2026-09-04 17:14:12,UPI,CREDIT,1569.5,UTILITIES,BRANCH,PAYMENTS
TXN000001091,ACC0001229,2026-06-26 16:38:56,ATM_WITHDRAWAL,CREDIT,3547.43,TRAVEL,POS,PAYMENTS
TXN000001092,ACC0002714,2026-01-25 09:47:02,UPI,DEBIT,1141.66,TRAVEL,WEB,PAYMENTS
TXN000001093,ACC0002825,2026-08-13 20:46:40,UPI,DEBIT,4915.75,GROCERY,BRANCH,PAYMENTS
TXN000001094,ACC0001015,2026-09-18 18:58:31,IMPS,CREDIT,2012.71,FUEL,POS,PAYMENTS
TXN000001095,ACC0003826,2026-06-23 17:05:22,ATM_WITHDRAWAL,CREDIT,1758.27,FUEL,ATM,PAYMENTS
TXN000001096,ACC0001698,2026-06-01 15:47:45,IMPS,DEBIT,4329.34,TRANSFER,POS,PAYMENTS
TXN000001097,ACC0003755,2026-08-06 17:15:55,CARD_PURCHASE,DEBIT,1793.24,GROCERY,ATM,PAYMENTS
TXN000001098,ACC0003401,2026-04-10 13:04:29,UPI,CREDIT,10018.95,ECOMMERCE,POS,PAYMENTS
TXN000001099,ACC0004328,2026-01-01 13:06:48,IMPS,DEBIT,10124.28,GROCERY,WEB,PAYMENTS
TXN000001100,ACC0004449,2026-03-01 03:15:09,IMPS,DEBIT,46102.01,FUEL,ATM,PAYMENTS
TXN000001101,ACC0000402,2026-08-04 11:37:47,NEFT,DEBIT,694.77,FUEL,ATM,PAYMENTS
TXN000001102,ACC0000498,2026-01-07 22:50:49,ATM_WITHDRAWAL,DEBIT,11202.49,TRANSFER,ATM,PAYMENTS
TXN000001103,ACC0001427,2026-02-23 06:03:18,NEFT,DEBIT,34145.64,TRANSFER,POS,PAYMENTS
TXN000001104,ACC0004293,2026-01-21 18:09:16,ATM_WITHDRAWAL,DEBIT,3918.02,FUEL,WEB,PAYMENTS
TXN000001105,ACC0004598,2026-09-15 11:46:37,NEFT,DEBIT,9941.88,CASH,BRANCH,PAYMENTS
TXN000001106,ACC0004838,2026-05-13 01:00:03,IMPS,CREDIT,1704.19,FUEL,ATM,PAYMENTS
TXN000001107,ACC0004666,2026-01-13 12:19:16,ATM_WITHDRAWAL,DEBIT,2274.43,TRAVEL,WEB,PAYMENTS
TXN000001108,ACC0001520,2026-08-11 07:22:33,NEFT,DEBIT,1710.42,TRAVEL,WEB,PAYMENTS
TXN000001109,ACC0001189,2026-02-09 22:44:02,UPI,DEBIT,3262.22,CASH,MOBILE,PAYMENTS
TXN000001110,ACC0001782,2026-07-13 20:41:28,UPI,CREDIT,1409.92,ECOMMERCE,WEB,PAYMENTS
TXN000001111,ACC0001306,2026-05-29 19:52:45,NEFT,DEBIT,1997.72,FUEL,WEB,PAYMENTS
TXN000001112,ACC0000591,2026-08-28 08:53:24,CASH_DEPOSIT,DEBIT,5586.3,TRANSFER,WEB,PAYMENTS
TXN000001113,ACC0003137,2026-08-10 18:48:51,CARD_PURCHASE,DEBIT,6700.58,GROCERY,POS,PAYMENTS
TXN000001114,ACC0003784,2026-01-31 13:03:40,IMPS,CREDIT,21154.95,FUEL,ATM,PAYMENTS
TXN000001115,ACC0004292,2026-06-03 09:02:58,NEFT,CREDIT,833.12,FUEL,ATM,PAYMENTS
TXN000001116,ACC0003072,2026-01-04 21:25:40,CARD_PURCHASE,CREDIT,19641.24,UTILITIES,WEB,PAYMENTS
TXN000001117,ACC0004394,2026-05-15 05:12:59,ATM_WITHDRAWAL,CREDIT,9378.68,ECOMMERCE,MOBILE,PAYMENTS
TXN000001118,ACC0003640,2026-07-24 11:49:41,NEFT,DEBIT,3731.57,TRANSFER,BRANCH,PAYMENTS
TXN000001119,ACC0003755,2026-03-14 02:32:35,CARD_PURCHASE,DEBIT,1014.04,GROCERY,ATM,PAYMENTS
TXN000001120,ACC0002651,2026-01-30 17:37:33,CASH_DEPOSIT,CREDIT,166.84,TRAVEL,POS,PAYMENTS
TXN000001121,ACC0004391,2026-04-05 16:46:42,ATM_WITHDRAWAL,CREDIT,1267.52,TRAVEL,POS,PAYMENTS
TXN000001122,ACC0004629,2026-06-24 11:16:24,IMPS,CREDIT,4919.22,ECOMMERCE,POS,PAYMENTS
TXN000001123,ACC0001423,2026-02-27 03:35:09,CARD_PURCHASE,DEBIT,1488.9,GROCERY,MOBILE,PAYMENTS
TXN000001124,ACC0000085,2026-02-25 03:36:51,IMPS,CREDIT,5748.99,FUEL,MOBILE,PAYMENTS
TXN000001125,ACC0002483,2026-06-17 01:04:28,ATM_WITHDRAWAL,DEBIT,5287.79,CASH,ATM,PAYMENTS
TXN000001126,ACC0002399,2026-04-18 09:27:49,ATM_WITHDRAWAL,DEBIT,806.89,UTILITIES,WEB,PAYMENTS
TXN000001127,ACC0003140,2026-08-28 06:44:07,UPI,CREDIT,5470.35,ECOMMERCE,ATM,PAYMENTS
TXN000001128,ACC0000772,2026-04-14 21:14:22,IMPS,CREDIT,26141.07,CASH,BRANCH,PAYMENTS
TXN000001129,ACC0000748,2026-08-07 14:15:22,IMPS,CREDIT,205.69,CASH,POS,PAYMENTS
TXN000001130,ACC0003270,2026-04-21 07:43:20,UPI,DEBIT,1975.64,ECOMMERCE,BRANCH,PAYMENTS
TXN000001131,ACC0002766,2026-03-14 05:13:34,NEFT,DEBIT,10446.14,CASH,POS,PAYMENTS
TXN000001132,ACC0003801,2026-03-11 13:23:38,NEFT,DEBIT,11790.07,GROCERY,BRANCH,PAYMENTS
TXN000001133,ACC0003307,2026-02-18 16:34:06,CARD_PURCHASE,CREDIT,3014.43,UTILITIES,WEB,PAYMENTS
TXN000001134,ACC0004781,2026-04-14 00:58:22,UPI,CREDIT,2941.11,TRAVEL,BRANCH,PAYMENTS
TXN000001135,ACC0002768,2026-04-06 01:24:32,ATM_WITHDRAWAL,CREDIT,5385.96,GROCERY,WEB,PAYMENTS
TXN000001136,ACC0003593,2026-02-06 14:30:02,UPI,CREDIT,2407.67,ECOMMERCE,BRANCH,PAYMENTS
TXN000001137,ACC0004689,2026-03-20 15:32:26,IMPS,CREDIT,405.42,TRAVEL,ATM,PAYMENTS
TXN000001138,ACC0000904,2026-01-08 17:04:32,ATM_WITHDRAWAL,CREDIT,1211.89,UTILITIES,ATM,PAYMENTS
TXN000001139,ACC0003745,2026-05-22 19:57:50,NEFT,DEBIT,10083.49,UTILITIES,POS,PAYMENTS
TXN000001140,ACC0000976,2026-08-02 23:24:02,IMPS,DEBIT,3212.81,ECOMMERCE,ATM,PAYMENTS
TXN000001141,ACC0000143,2026-09-18 03:05:03,NEFT,DEBIT,9100.49,FUEL,WEB,PAYMENTS
TXN000001142,ACC0001648,2026-09-13 22:36:07,IMPS,DEBIT,37845.09,UTILITIES,WEB,PAYMENTS
TXN000001143,ACC0000067,2026-06-01 03:54:29,UPI,CREDIT,23413.9,TRAVEL,MOBILE,PAYMENTS
TXN000001144,ACC0002455,2026-01-10 13:40:49,CARD_PURCHASE,DEBIT,10049.68,UTILITIES,ATM,PAYMENTS
TXN000001145,ACC0002208,2026-08-30 13:39:38,NEFT,DEBIT,4590.46,UTILITIES,MOBILE,PAYMENTS
TXN000001146,ACC0000837,2026-06-06 13:28:22,NEFT,DEBIT,12344.3,TRANSFER,MOBILE,PAYMENTS
TXN000001147,ACC0001791,2026-06-01 07:41:36,CASH_DEPOSIT,CREDIT,3907.72,TRAVEL,WEB,PAYMENTS
TXN000001148,ACC0003887,2026-01-26 14:56:17,CASH_DEPOSIT,DEBIT,1395.19,GROCERY,ATM,PAYMENTS
TXN000001149,ACC0004188,2026-02-03 10:16:08,IMPS,DEBIT,1764.54,GROCERY,POS,PAYMENTS
TXN000001150,ACC0002242,2026-08-01 16:26:00,CASH_DEPOSIT,CREDIT,3250.68,GROCERY,ATM,PAYMENTS
TXN000001151,ACC0000763,2026-04-20 05:39:38,NEFT,DEBIT,1684.94,CASH,BRANCH,PAYMENTS
TXN000001152,ACC0002298,2026-01-05 05:30:51,CARD_PURCHASE,CREDIT,7964.99,TRANSFER,BRANCH,PAYMENTS
TXN000001153,ACC0001688,2026-07-23 06:49:38,ATM_WITHDRAWAL,DEBIT,3306.64,ECOMMERCE,WEB,PAYMENTS
TXN000001154,ACC0003387,2026-08-18 02:35:43,NEFT,DEBIT,4531.52,FUEL,WEB,PAYMENTS
TXN000001155,ACC0000969,2026-06-28 12:08:27,ATM_WITHDRAWAL,CREDIT,10196.01,CASH,POS,PAYMENTS
TXN000001156,ACC0003633,2026-01-07 15:10:33,UPI,DEBIT,751.55,CASH,WEB,PAYMENTS
TXN000001157,ACC0003064,2026-04-18 23:41:54,ATM_WITHDRAWAL,CREDIT,2999.79,GROCERY,ATM,PAYMENTS
TXN000001158,ACC0004158,2026-05-10 19:53:48,CARD_PURCHASE,DEBIT,1537.66,UTILITIES,MOBILE,PAYMENTS
TXN000001159,ACC0004954,2026-02-01 10:56:36,IMPS,DEBIT,14823.11,TRANSFER,BRANCH,PAYMENTS
TXN000001160,ACC0002070,2026-06-06 21:08:13,CARD_PURCHASE,DEBIT,5048.4,CASH,MOBILE,PAYMENTS
TXN000001161,ACC0003701,2026-06-13 20:00:33,ATM_WITHDRAWAL,DEBIT,11215.73,GROCERY,MOBILE,PAYMENTS
TXN000001162,ACC0002926,2026-08-31 11:41:09,IMPS,DEBIT,6111.42,UTILITIES,WEB,PAYMENTS
TXN000001163,ACC0003542,2026-07-18 13:29:12,UPI,DEBIT,3680.22,UTILITIES,POS,PAYMENTS
TXN000001164,ACC0004583,2026-09-02 12:07:36,CARD_PURCHASE,DEBIT,420.42,GROCERY,ATM,PAYMENTS
TXN000001165,ACC0004223,2026-04-27 19:27:42,ATM_WITHDRAWAL,CREDIT,3350.92,TRANSFER,WEB,PAYMENTS
TXN000001166,ACC0004024,2026-02-08 00:59:38,UPI,DEBIT,1242.46,ECOMMERCE,WEB,PAYMENTS
TXN000001167,ACC0004935,2026-05-19 16:32:12,CARD_PURCHASE,DEBIT,2280.13,ECOMMERCE,WEB,PAYMENTS
TXN000001168,ACC0001446,2026-02-12 04:32:56,UPI,CREDIT,1187.11,TRAVEL,WEB,PAYMENTS
TXN000001169,ACC0003616,2026-06-05 00:19:48,NEFT,CREDIT,2922.68,TRANSFER,WEB,PAYMENTS
TXN000001170,ACC0002192,2026-04-23 20:55:15,CARD_PURCHASE,CREDIT,2245.84,ECOMMERCE,ATM,PAYMENTS
TXN000001171,ACC0001906,2026-04-19 02:51:07,IMPS,DEBIT,12802.66,GROCERY,BRANCH,PAYMENTS
TXN000001172,ACC0002603,2026-01-11 18:44:14,CARD_PURCHASE,CREDIT,7611.78,TRAVEL,POS,PAYMENTS
TXN000001173,ACC0003988,2026-08-11 18:48:40,NEFT,DEBIT,3120.59,TRAVEL,MOBILE,PAYMENTS
TXN000001174,ACC0002320,2026-06-19 11:36:24,UPI,CREDIT,9552.29,TRAVEL,WEB,PAYMENTS
TXN000001175,ACC0001754,2026-06-12 10:42:25,CARD_PURCHASE,DEBIT,5359.59,FUEL,MOBILE,PAYMENTS
TXN000001176,ACC0001404,2026-04-25 14:07:23,UPI,CREDIT,22077.67,UTILITIES,ATM,PAYMENTS
TXN000001177,ACC0002015,2026-01-02 22:45:22,CASH_DEPOSIT,DEBIT,2560.47,TRANSFER,POS,PAYMENTS
TXN000001178,ACC0002213,2026-03-30 02:40:11,UPI,CREDIT,2317.77,ECOMMERCE,POS,PAYMENTS
TXN000001179,ACC0002923,2026-04-18 07:55:04,CARD_PURCHASE,CREDIT,15232.03,UTILITIES,BRANCH,PAYMENTS
TXN000001180,ACC0003047,2026-02-21 10:03:04,CARD_PURCHASE,CREDIT,35555.35,TRANSFER,ATM,PAYMENTS
TXN000001181,ACC0002058,2026-01-13 10:29:13,CASH_DEPOSIT,DEBIT,2696.88,UTILITIES,WEB,PAYMENTS
TXN000001182,ACC0000173,2026-05-23 02:59:17,NEFT,DEBIT,328.21,CASH,BRANCH,PAYMENTS
TXN000001183,ACC0000283,2026-08-04 00:42:25,CASH_DEPOSIT,CREDIT,5107.94,CASH,ATM,PAYMENTS
TXN000001184,ACC0004654,2026-07-19 06:24:19,UPI,CREDIT,6130.79,TRAVEL,ATM,PAYMENTS
TXN000001185,ACC0000621,2026-08-02 21:38:09,CASH_DEPOSIT,DEBIT,5795.07,FUEL,BRANCH,PAYMENTS
TXN000001186,ACC0000664,2026-04-29 00:11:17,CASH_DEPOSIT,DEBIT,5940.49,TRANSFER,ATM,PAYMENTS
TXN000001187,ACC0004334,2026-08-04 23:27:31,NEFT,CREDIT,8560.43,CASH,WEB,PAYMENTS
TXN000001188,ACC0002943,2026-02-14 00:47:44,UPI,CREDIT,19563.99,CASH,MOBILE,PAYMENTS
TXN000001189,ACC0000943,2026-08-14 22:27:50,CASH_DEPOSIT,DEBIT,15275.54,ECOMMERCE,POS,PAYMENTS
TXN000001190,ACC0001539,2026-03-06 05:22:35,CASH_DEPOSIT,CREDIT,797.31,CASH,ATM,PAYMENTS
TXN000001191,ACC0000189,2026-04-16 15:09:51,ATM_WITHDRAWAL,CREDIT,12570.24,TRANSFER,POS,PAYMENTS
TXN000001192,ACC0004944,2026-07-08 21:27:21,ATM_WITHDRAWAL,DEBIT,1421.64,FUEL,WEB,PAYMENTS
TXN000001193,ACC0004533,2026-07-17 17:49:13,ATM_WITHDRAWAL,DEBIT,23566.82,GROCERY,POS,PAYMENTS
TXN000001194,ACC0001570,2026-04-22 00:56:44,IMPS,DEBIT,4387.55,GROCERY,POS,PAYMENTS
TXN000001195,ACC0001558,2026-04-20 20:10:06,CARD_PURCHASE,DEBIT,5222.87,CASH,WEB,PAYMENTS
TXN000001196,ACC0001139,2026-01-05 22:58:35,CASH_DEPOSIT,DEBIT,5280.39,ECOMMERCE,ATM,PAYMENTS
TXN000001197,ACC0004600,2026-02-15 06:44:12,IMPS,CREDIT,2390.52,CASH,POS,PAYMENTS
TXN000001198,ACC0004565,2026-06-23 19:36:36,UPI,CREDIT,2508.3,UTILITIES,ATM,PAYMENTS
TXN000001199,ACC0000118,2026-02-12 17:38:51,UPI,CREDIT,2398.25,CASH,BRANCH,PAYMENTS
TXN000001200,ACC0004405,2026-04-15 21:32:47,CARD_PURCHASE,DEBIT,35641.18,GROCERY,MOBILE,PAYMENTS
TXN000001201,ACC0003425,2026-08-02 23:50:02,UPI,DEBIT,21258.45,ECOMMERCE,BRANCH,PAYMENTS
TXN000001202,ACC0002022,2026-09-05 16:15:45,IMPS,CREDIT,5590.94,UTILITIES,BRANCH,PAYMENTS
TXN000001203,ACC0000759,2026-07-24 09:51:36,UPI,CREDIT,1028.47,TRAVEL,BRANCH,PAYMENTS
TXN000001204,ACC0004228,2026-08-27 21:07:49,IMPS,CREDIT,9971.25,ECOMMERCE,POS,PAYMENTS
TXN000001205,ACC0003177,2026-03-15 13:52:13,UPI,DEBIT,528.06,ECOMMERCE,MOBILE,PAYMENTS
TXN000001206,ACC0002298,2026-04-23 12:49:27,UPI,CREDIT,2889.94,TRAVEL,ATM,PAYMENTS
TXN000001207,ACC0000071,2026-03-09 21:08:41,CARD_PURCHASE,DEBIT,4532.27,CASH,ATM,PAYMENTS
TXN000001208,ACC0002613,2026-08-09 03:56:45,CASH_DEPOSIT,DEBIT,17643.35,UTILITIES,POS,PAYMENTS
TXN000001209,ACC0002326,2026-05-28 19:05:49,CARD_PURCHASE,DEBIT,1550.76,GROCERY,ATM,PAYMENTS
TXN000001210,ACC0001449,2026-06-22 02:38:58,ATM_WITHDRAWAL,DEBIT,715.63,GROCERY,MOBILE,PAYMENTS
TXN000001211,ACC0000533,2026-04-25 02:01:29,IMPS,DEBIT,4771.34,TRAVEL,BRANCH,PAYMENTS
TXN000001212,ACC0002323,2026-08-21 22:40:18,IMPS,CREDIT,2330.0,FUEL,MOBILE,PAYMENTS
TXN000001213,ACC0000762,2026-08-27 09:20:00,UPI,DEBIT,8208.42,TRANSFER,ATM,PAYMENTS
TXN000001214,ACC0004314,2026-02-06 22:41:03,CARD_PURCHASE,CREDIT,5279.58,UTILITIES,BRANCH,PAYMENTS
TXN000001215,ACC0004138,2026-04-20 09:07:31,CARD_PURCHASE,DEBIT,61053.45,ECOMMERCE,BRANCH,PAYMENTS
TXN000001216,ACC0002899,2026-03-26 16:40:32,NEFT,CREDIT,1377.6,CASH,POS,PAYMENTS
TXN000001217,ACC0003403,2026-05-12 08:25:32,NEFT,CREDIT,28729.08,FUEL,WEB,PAYMENTS
TXN000001218,ACC0004124,2026-02-23 14:11:53,CARD_PURCHASE,DEBIT,5259.26,CASH,BRANCH,PAYMENTS
TXN000001219,ACC0000557,2026-07-02 14:01:50,UPI,DEBIT,5961.37,GROCERY,MOBILE,PAYMENTS
TXN000001220,ACC0002993,2026-04-03 17:07:27,UPI,DEBIT,3905.9,TRANSFER,MOBILE,PAYMENTS
TXN000001221,ACC0001845,2026-05-20 15:18:44,UPI,DEBIT,3162.79,GROCERY,WEB,PAYMENTS
TXN000001222,ACC0000949,2026-02-05 22:13:34,CARD_PURCHASE,DEBIT,4666.67,FUEL,ATM,PAYMENTS
TXN000001223,ACC0003904,2026-05-12 17:38:02,UPI,CREDIT,19434.52,UTILITIES,WEB,PAYMENTS
TXN000001224,ACC0002503,2026-04-04 13:30:44,CASH_DEPOSIT,DEBIT,5313.08,ECOMMERCE,BRANCH,PAYMENTS
TXN000001225,ACC0004689,2026-09-04 20:19:12,IMPS,CREDIT,2582.74,UTILITIES,MOBILE,PAYMENTS
TXN000001226,ACC0003419,2026-01-10 14:45:41,CASH_DEPOSIT,DEBIT,3854.26,GROCERY,BRANCH,PAYMENTS
TXN000001227,ACC0004810,2026-08-12 03:22:27,CARD_PURCHASE,DEBIT,7920.86,TRAVEL,MOBILE,PAYMENTS
TXN000001228,ACC0001080,2026-06-16 20:02:02,UPI,DEBIT,3861.98,FUEL,ATM,PAYMENTS
TXN000001229,ACC0002114,2026-05-03 01:03:31,CASH_DEPOSIT,CREDIT,17144.01,TRAVEL,ATM,PAYMENTS
TXN000001230,ACC0002585,2026-02-16 05:48:15,ATM_WITHDRAWAL,CREDIT,4041.99,CASH,WEB,PAYMENTS
TXN000001231,ACC0002122,2026-04-29 23:28:59,ATM_WITHDRAWAL,CREDIT,7335.82,CASH,POS,PAYMENTS
TXN000001232,ACC0000285,2026-01-20 20:00:10,NEFT,CREDIT,975.1,FUEL,ATM,PAYMENTS
TXN000001233,ACC0000876,2026-04-01 04:10:25,CARD_PURCHASE,CREDIT,15256.25,CASH,ATM,PAYMENTS
TXN000001234,ACC0001313,2026-08-16 16:17:56,UPI,CREDIT,614.92,FUEL,POS,PAYMENTS
TXN000001235,ACC0003307,2026-07-08 23:21:49,IMPS,DEBIT,8698.17,CASH,BRANCH,PAYMENTS
TXN000001236,ACC0003484,2026-01-21 14:07:30,CARD_PURCHASE,CREDIT,36878.5,TRAVEL,MOBILE,PAYMENTS
TXN000001237,ACC0001448,2026-01-08 04:14:56,UPI,DEBIT,11027.69,ECOMMERCE,MOBILE,PAYMENTS
TXN000001238,ACC0004561,2026-07-06 12:57:51,IMPS,CREDIT,1046.15,UTILITIES,POS,PAYMENTS
TXN000001239,ACC0004700,2026-07-10 14:41:02,ATM_WITHDRAWAL,DEBIT,4458.24,UTILITIES,MOBILE,PAYMENTS
TXN000001240,ACC0004058,2026-06-04 05:19:59,IMPS,CREDIT,1873.62,TRANSFER,ATM,PAYMENTS
TXN000001241,ACC0003019,2026-03-07 20:10:08,CARD_PURCHASE,DEBIT,1515.62,ECOMMERCE,POS,PAYMENTS
TXN000001242,ACC0001986,2026-03-12 18:05:40,IMPS,DEBIT,21119.34,GROCERY,MOBILE,PAYMENTS
TXN000001243,ACC0003672,2026-08-31 06:45:36,CASH_DEPOSIT,CREDIT,29858.85,FUEL,POS,PAYMENTS
TXN000001244,ACC0003978,2026-09-22 20:07:31,IMPS,CREDIT,2105.85,GROCERY,MOBILE,PAYMENTS
TXN000001245,ACC0004581,2026-07-09 08:05:53,NEFT,DEBIT,1438.07,UTILITIES,WEB,PAYMENTS
TXN000001246,ACC0003371,2026-08-04 13:34:50,NEFT,CREDIT,2181.8,GROCERY,BRANCH,PAYMENTS
TXN000001247,ACC0001056,2026-02-27 04:05:53,UPI,DEBIT,4110.14,FUEL,MOBILE,PAYMENTS
TXN000001248,ACC0004103,2026-01-13 13:36:40,IMPS,DEBIT,13304.15,GROCERY,BRANCH,PAYMENTS
TXN000001249,ACC0004162,2026-04-05 19:52:26,IMPS,DEBIT,1559.52,TRAVEL,POS,PAYMENTS
TXN000001250,ACC0000646,2026-02-27 13:49:57,CARD_PURCHASE,DEBIT,14898.73,GROCERY,BRANCH,PAYMENTS
TXN000001251,ACC0002029,2026-04-19 07:43:24,CARD_PURCHASE,CREDIT,6914.3,TRANSFER,ATM,PAYMENTS
TXN000001252,ACC0004600,2026-05-30 23:26:04,IMPS,DEBIT,2851.76,ECOMMERCE,BRANCH,PAYMENTS
TXN000001253,ACC0003323,2026-03-12 13:10:35,NEFT,CREDIT,935.42,FUEL,BRANCH,PAYMENTS
TXN000001254,ACC0001289,2026-09-07 07:30:31,NEFT,CREDIT,1918.59,FUEL,ATM,PAYMENTS
TXN000001255,ACC0000855,2026-05-09 19:40:28,ATM_WITHDRAWAL,DEBIT,15356.99,UTILITIES,ATM,PAYMENTS
TXN000001256,ACC0004155,2026-07-11 20:43:46,CARD_PURCHASE,CREDIT,5376.26,TRANSFER,BRANCH,PAYMENTS
TXN000001257,ACC0004490,2026-03-23 15:39:49,IMPS,CREDIT,7427.68,TRAVEL,WEB,PAYMENTS
TXN000001258,ACC0002748,2026-04-06 04:17:39,ATM_WITHDRAWAL,CREDIT,456.77,ECOMMERCE,POS,PAYMENTS
TXN000001259,ACC0000995,2026-09-07 02:08:06,UPI,CREDIT,4933.57,UTILITIES,WEB,PAYMENTS
TXN000001260,ACC0001874,2026-06-04 08:18:27,NEFT,DEBIT,3287.42,GROCERY,BRANCH,PAYMENTS
TXN000001261,ACC0000854,2026-09-18 10:59:47,UPI,CREDIT,4793.5,CASH,WEB,PAYMENTS
TXN000001262,ACC0003467,2026-01-21 06:58:24,CARD_PURCHASE,DEBIT,1749.57,GROCERY,WEB,PAYMENTS
TXN000001263,ACC0004678,2026-05-16 05:40:21,CARD_PURCHASE,DEBIT,4829.32,TRAVEL,BRANCH,PAYMENTS
TXN000001264,ACC0001255,2026-03-30 12:24:20,IMPS,CREDIT,16995.33,TRANSFER,MOBILE,PAYMENTS
TXN000001265,ACC0002161,2026-03-21 18:18:39,CASH_DEPOSIT,DEBIT,926.01,ECOMMERCE,ATM,PAYMENTS
TXN000001266,ACC0001769,2026-02-17 02:05:08,NEFT,DEBIT,11984.98,ECOMMERCE,ATM,PAYMENTS
TXN000001267,ACC0004519,2026-05-02 23:42:47,CARD_PURCHASE,CREDIT,3652.31,TRAVEL,POS,PAYMENTS
TXN000001268,ACC0001400,2026-03-21 06:41:52,IMPS,CREDIT,9519.23,GROCERY,BRANCH,PAYMENTS
TXN000001269,ACC0004673,2026-03-21 21:35:11,UPI,CREDIT,1406.04,TRANSFER,BRANCH,PAYMENTS
TXN000001270,ACC0002199,2026-02-06 14:48:40,UPI,DEBIT,1820.41,FUEL,WEB,PAYMENTS
TXN000001271,ACC0004040,2026-05-13 11:19:06,NEFT,DEBIT,1814.7,FUEL,WEB,PAYMENTS
TXN000001272,ACC0001969,2026-01-07 08:24:11,IMPS,CREDIT,1111.52,GROCERY,ATM,PAYMENTS
TXN000001273,ACC0001037,2026-02-23 06:40:18,IMPS,DEBIT,2607.97,FUEL,ATM,PAYMENTS
TXN000001274,ACC0002936,2026-05-17 10:04:24,IMPS,CREDIT,4768.22,TRANSFER,BRANCH,PAYMENTS
TXN000001275,ACC0002704,2026-08-30 03:22:48,UPI,CREDIT,11216.67,TRAVEL,POS,PAYMENTS
TXN000001276,ACC0001022,2026-04-14 01:30:51,UPI,DEBIT,3083.37,ECOMMERCE,ATM,PAYMENTS
TXN000001277,ACC0003248,2026-03-15 02:04:40,NEFT,DEBIT,5364.55,FUEL,ATM,PAYMENTS
TXN000001278,ACC0003086,2026-08-18 05:20:45,ATM_WITHDRAWAL,CREDIT,1291.32,GROCERY,BRANCH,PAYMENTS
TXN000001279,ACC0001195,2026-08-31 06:06:56,CASH_DEPOSIT,CREDIT,9401.64,CASH,POS,PAYMENTS
TXN000001280,ACC0000210,2026-02-26 17:23:56,CASH_DEPOSIT,DEBIT,17142.18,ECOMMERCE,POS,PAYMENTS
TXN000001281,ACC0003959,2026-04-11 21:42:58,IMPS,CREDIT,18382.84,FUEL,POS,PAYMENTS
TXN000001282,ACC0003907,2026-08-18 05:25:02,CARD_PURCHASE,CREDIT,5437.75,GROCERY,MOBILE,PAYMENTS
TXN000001283,ACC0003463,2026-05-18 17:57:14,IMPS,DEBIT,16359.05,GROCERY,ATM,PAYMENTS
TXN000001284,ACC0004259,2026-05-22 16:15:08,CARD_PURCHASE,DEBIT,718.72,TRANSFER,POS,PAYMENTS
TXN000001285,ACC0002959,2026-02-13 15:22:50,CARD_PURCHASE,CREDIT,1065.31,UTILITIES,POS,PAYMENTS
TXN000001286,ACC0004496,2026-04-14 07:19:42,CARD_PURCHASE,DEBIT,10434.17,ECOMMERCE,BRANCH,PAYMENTS
TXN000001287,ACC0003432,2026-05-15 18:12:02,CASH_DEPOSIT,DEBIT,830.75,FUEL,ATM,PAYMENTS
TXN000001288,ACC0004842,2026-09-23 10:05:00,CASH_DEPOSIT,CREDIT,5296.11,CASH,MOBILE,PAYMENTS
TXN000001289,ACC0001144,2026-03-19 22:54:57,CASH_DEPOSIT,DEBIT,6896.75,FUEL,WEB,PAYMENTS
TXN000001290,ACC0002528,2026-02-19 03:47:47,NEFT,CREDIT,1529.75,GROCERY,ATM,PAYMENTS
TXN000001291,ACC0002023,2026-03-17 20:33:18,CASH_DEPOSIT,DEBIT,1165.79,TRAVEL,POS,PAYMENTS
TXN000001292,ACC0002754,2026-08-31 08:04:07,IMPS,DEBIT,1786.68,TRANSFER,BRANCH,PAYMENTS
TXN000001293,ACC0002469,2026-03-20 17:45:48,NEFT,CREDIT,981.1,UTILITIES,BRANCH,PAYMENTS
TXN000001294,ACC0003412,2026-09-15 05:25:34,UPI,CREDIT,9673.92,CASH,MOBILE,PAYMENTS
TXN000001295,ACC0003010,2026-05-29 15:41:03,ATM_WITHDRAWAL,DEBIT,2044.96,TRAVEL,MOBILE,PAYMENTS
TXN000001296,ACC0004595,2026-06-28 04:32:51,NEFT,DEBIT,5795.34,ECOMMERCE,BRANCH,PAYMENTS
TXN000001297,ACC0002052,2026-02-03 23:17:55,NEFT,CREDIT,949.3,TRAVEL,BRANCH,PAYMENTS
TXN000001298,ACC0001607,2026-09-06 06:40:29,IMPS,CREDIT,1212.04,TRAVEL,ATM,PAYMENTS
TXN000001299,ACC0004707,2026-06-15 19:05:44,ATM_WITHDRAWAL,DEBIT,6094.37,ECOMMERCE,ATM,PAYMENTS
TXN000001300,ACC0002041,2026-03-12 16:38:17,UPI,CREDIT,506.54,TRAVEL,ATM,PAYMENTS
TXN000001301,ACC0004977,2026-03-11 05:34:45,NEFT,CREDIT,2526.07,GROCERY,WEB,PAYMENTS
TXN000001302,ACC0000350,2026-05-07 04:54:39,IMPS,DEBIT,896.57,CASH,WEB,PAYMENTS
TXN000001303,ACC0000535,2026-08-25 17:16:58,CASH_DEPOSIT,CREDIT,1159.78,UTILITIES,POS,PAYMENTS
TXN000001304,ACC0003928,2026-06-04 16:59:02,NEFT,CREDIT,5449.94,TRANSFER,BRANCH,PAYMENTS
TXN000001305,ACC0001965,2026-08-26 05:31:27,ATM_WITHDRAWAL,CREDIT,2130.41,ECOMMERCE,POS,PAYMENTS
TXN000001306,ACC0002669,2026-04-16 21:18:33,ATM_WITHDRAWAL,DEBIT,2240.8,UTILITIES,ATM,PAYMENTS
TXN000001307,ACC0002010,2026-01-11 17:14:44,IMPS,CREDIT,1419.09,FUEL,POS,PAYMENTS
TXN000001308,ACC0001414,2026-04-01 15:45:56,ATM_WITHDRAWAL,CREDIT,1095.44,ECOMMERCE,MOBILE,PAYMENTS
TXN000001309,ACC0002352,2026-03-16 06:36:35,CASH_DEPOSIT,DEBIT,578.5,ECOMMERCE,MOBILE,PAYMENTS
TXN000001310,ACC0002304,2026-06-13 04:24:18,IMPS,CREDIT,43557.57,CASH,POS,PAYMENTS
TXN000001311,ACC0004277,2026-03-14 11:14:17,IMPS,DEBIT,2736.47,TRANSFER,BRANCH,PAYMENTS
TXN000001312,ACC0001586,2026-07-01 05:42:53,UPI,CREDIT,3408.09,UTILITIES,ATM,PAYMENTS
TXN000001313,ACC0003258,2026-03-29 23:22:44,ATM_WITHDRAWAL,DEBIT,959.04,TRAVEL,BRANCH,PAYMENTS
TXN000001314,ACC0001534,2026-02-06 14:13:00,CARD_PURCHASE,CREDIT,1005.08,GROCERY,BRANCH,PAYMENTS
TXN000001315,ACC0000521,2026-03-08 05:32:19,CARD_PURCHASE,DEBIT,3478.17,GROCERY,WEB,PAYMENTS
TXN000001316,ACC0003901,2026-01-03 07:35:37,CASH_DEPOSIT,CREDIT,2106.74,UTILITIES,WEB,PAYMENTS
TXN000001317,ACC0000177,2026-01-22 18:13:12,ATM_WITHDRAWAL,CREDIT,13068.72,FUEL,MOBILE,PAYMENTS
TXN000001318,ACC0000250,2026-03-01 05:34:09,ATM_WITHDRAWAL,CREDIT,4962.27,GROCERY,BRANCH,PAYMENTS
TXN000001319,ACC0002446,2026-08-12 03:28:51,ATM_WITHDRAWAL,DEBIT,1975.84,GROCERY,ATM,PAYMENTS
TXN000001320,ACC0001487,2026-03-04 05:51:31,UPI,DEBIT,4397.63,FUEL,POS,PAYMENTS
TXN000001321,ACC0001929,2026-07-08 02:33:13,CASH_DEPOSIT,CREDIT,409.33,TRAVEL,ATM,PAYMENTS
TXN000001322,ACC0002734,2026-05-13 16:58:00,CASH_DEPOSIT,CREDIT,371.06,GROCERY,MOBILE,PAYMENTS
TXN000001323,ACC0000305,2026-09-15 13:56:21,IMPS,DEBIT,1130.45,ECOMMERCE,ATM,PAYMENTS
TXN000001324,ACC0001109,2026-01-31 02:34:03,IMPS,CREDIT,1638.27,TRAVEL,BRANCH,PAYMENTS
TXN000001325,ACC0000891,2026-01-20 08:55:51,CARD_PURCHASE,CREDIT,3423.63,FUEL,WEB,PAYMENTS
TXN000001326,ACC0000259,2026-09-15 18:01:35,IMPS,DEBIT,2007.68,ECOMMERCE,BRANCH,PAYMENTS
TXN000001327,ACC0003330,2026-06-30 04:24:12,CASH_DEPOSIT,CREDIT,1857.45,UTILITIES,WEB,PAYMENTS
TXN000001328,ACC0004628,2026-07-16 23:39:24,CASH_DEPOSIT,DEBIT,4345.43,FUEL,POS,PAYMENTS
TXN000001329,ACC0000601,2026-06-07 10:50:09,CASH_DEPOSIT,CREDIT,13943.44,FUEL,WEB,PAYMENTS
TXN000001330,ACC0000538,2026-06-02 01:33:35,CASH_DEPOSIT,CREDIT,10609.74,FUEL,POS,PAYMENTS
TXN000001331,ACC0001196,2026-03-09 05:54:17,ATM_WITHDRAWAL,DEBIT,4417.23,ECOMMERCE,ATM,PAYMENTS
TXN000001332,ACC0001877,2026-03-01 11:13:04,NEFT,DEBIT,4281.59,FUEL,WEB,PAYMENTS
TXN000001333,ACC0002414,2026-02-26 16:20:31,CASH_DEPOSIT,DEBIT,24912.98,UTILITIES,BRANCH,PAYMENTS
TXN000001334,ACC0003520,2026-09-22 04:53:42,CASH_DEPOSIT,CREDIT,2943.18,GROCERY,ATM,PAYMENTS
TXN000001335,ACC0001877,2026-06-01 15:46:44,NEFT,CREDIT,1937.94,CASH,MOBILE,PAYMENTS
TXN000001336,ACC0003620,2026-01-21 05:49:18,UPI,DEBIT,2214.23,GROCERY,ATM,PAYMENTS
TXN000001337,ACC0001579,2026-02-21 22:31:27,NEFT,DEBIT,1142.96,GROCERY,WEB,PAYMENTS
TXN000001338,ACC0004404,2026-04-10 01:23:41,UPI,CREDIT,3533.71,GROCERY,WEB,PAYMENTS
TXN000001339,ACC0002829,2026-08-13 02:42:06,CASH_DEPOSIT,CREDIT,794.46,CASH,POS,PAYMENTS
TXN000001340,ACC0000802,2026-09-09 22:54:37,ATM_WITHDRAWAL,DEBIT,2356.03,TRAVEL,BRANCH,PAYMENTS
TXN000001341,ACC0003122,2026-02-11 23:09:03,NEFT,CREDIT,23940.08,FUEL,MOBILE,PAYMENTS
TXN000001342,ACC0001880,2026-04-24 23:51:48,UPI,CREDIT,7019.21,GROCERY,POS,PAYMENTS
TXN000001343,ACC0001445,2026-08-23 02:22:05,IMPS,CREDIT,1383.98,UTILITIES,BRANCH,PAYMENTS
TXN000001344,ACC0004834,2026-06-06 13:15:24,IMPS,DEBIT,11974.68,TRAVEL,POS,PAYMENTS
TXN000001345,ACC0004873,2026-05-10 18:26:05,ATM_WITHDRAWAL,DEBIT,10550.63,UTILITIES,POS,PAYMENTS
TXN000001346,ACC0003704,2026-06-16 14:18:16,ATM_WITHDRAWAL,DEBIT,6200.51,FUEL,WEB,PAYMENTS
TXN000001347,ACC0000231,2026-06-29 06:25:48,ATM_WITHDRAWAL,DEBIT,10388.55,CASH,ATM,PAYMENTS
TXN000001348,ACC0002025,2026-06-06 01:28:46,CARD_PURCHASE,CREDIT,540.22,TRANSFER,POS,PAYMENTS
TXN000001349,ACC0001360,2026-09-02 06:30:28,NEFT,CREDIT,1889.37,FUEL,MOBILE,PAYMENTS
TXN000001350,ACC0000963,2026-08-18 13:56:40,NEFT,CREDIT,2811.61,UTILITIES,MOBILE,PAYMENTS
TXN000001351,ACC0002059,2026-05-16 23:04:07,CARD_PURCHASE,DEBIT,2693.46,TRANSFER,ATM,PAYMENTS
TXN000001352,ACC0001829,2026-08-04 16:49:58,NEFT,DEBIT,7644.95,TRAVEL,POS,PAYMENTS
TXN000001353,ACC0004613,2026-05-14 00:22:38,UPI,DEBIT,1333.24,CASH,BRANCH,PAYMENTS
TXN000001354,ACC0004087,2026-04-14 05:17:01,CARD_PURCHASE,DEBIT,6709.67,TRANSFER,ATM,PAYMENTS
TXN000001355,ACC0003940,2026-03-07 04:36:57,UPI,CREDIT,6222.71,FUEL,BRANCH,PAYMENTS
TXN000001356,ACC0001695,2026-02-27 20:04:21,UPI,DEBIT,16970.12,GROCERY,WEB,PAYMENTS
TXN000001357,ACC0000916,2026-03-21 01:59:32,CARD_PURCHASE,CREDIT,10349.5,ECOMMERCE,POS,PAYMENTS
TXN000001358,ACC0001583,2026-07-20 02:29:03,CARD_PURCHASE,DEBIT,37127.2,FUEL,ATM,PAYMENTS
TXN000001359,ACC0001840,2026-02-05 09:43:01,CARD_PURCHASE,CREDIT,5087.96,UTILITIES,POS,PAYMENTS
TXN000001360,ACC0002837,2026-01-08 16:06:13,CASH_DEPOSIT,CREDIT,6098.18,FUEL,BRANCH,PAYMENTS
TXN000001361,ACC0001624,2026-07-11 18:17:12,NEFT,DEBIT,1497.62,TRAVEL,WEB,PAYMENTS
TXN000001362,ACC0001523,2026-01-02 03:48:23,ATM_WITHDRAWAL,CREDIT,2315.36,UTILITIES,POS,PAYMENTS
TXN000001363,ACC0002795,2026-05-22 15:18:32,NEFT,DEBIT,3596.27,FUEL,POS,PAYMENTS
TXN000001364,ACC0001036,2026-07-22 18:44:28,CASH_DEPOSIT,CREDIT,2749.96,UTILITIES,ATM,PAYMENTS
TXN000001365,ACC0001027,2026-08-18 22:26:22,UPI,CREDIT,385.26,ECOMMERCE,POS,PAYMENTS
TXN000001366,ACC0003408,2026-02-28 01:39:32,ATM_WITHDRAWAL,CREDIT,2241.57,TRAVEL,WEB,PAYMENTS
TXN000001367,ACC0003916,2026-01-11 00:01:25,IMPS,CREDIT,1425.09,TRAVEL,WEB,PAYMENTS
TXN000001368,ACC0000073,2026-04-30 13:48:57,UPI,CREDIT,11525.69,ECOMMERCE,ATM,PAYMENTS
TXN000001369,ACC0000304,2026-04-09 18:57:26,CARD_PURCHASE,CREDIT,12461.0,UTILITIES,WEB,PAYMENTS
TXN000001370,ACC0004633,2026-03-20 08:09:20,UPI,DEBIT,8041.41,GROCERY,ATM,PAYMENTS
TXN000001371,ACC0002121,2026-03-13 02:32:39,UPI,CREDIT,8861.01,GROCERY,MOBILE,PAYMENTS
TXN000001372,ACC0000148,2026-02-26 12:22:19,CARD_PURCHASE,CREDIT,3321.6,GROCERY,POS,PAYMENTS
TXN000001373,ACC0001068,2026-06-01 08:42:21,IMPS,CREDIT,4740.15,GROCERY,MOBILE,PAYMENTS
TXN000001374,ACC0003430,2026-07-05 00:54:34,NEFT,CREDIT,3493.13,CASH,WEB,PAYMENTS
TXN000001375,ACC0000376,2026-03-04 17:34:39,IMPS,CREDIT,6770.58,TRAVEL,WEB,PAYMENTS
TXN000001376,ACC0000169,2026-03-13 20:21:20,IMPS,DEBIT,5764.1,GROCERY,POS,PAYMENTS
TXN000001377,ACC0001896,2026-06-01 14:51:07,IMPS,DEBIT,3704.81,CASH,ATM,PAYMENTS
TXN000001378,ACC0000823,2026-07-28 11:21:37,NEFT,DEBIT,118.45,FUEL,BRANCH,PAYMENTS
TXN000001379,ACC0004673,2026-01-29 12:10:57,NEFT,DEBIT,5730.13,CASH,BRANCH,PAYMENTS
TXN000001380,ACC0003314,2026-04-21 19:29:41,NEFT,CREDIT,14368.31,ECOMMERCE,ATM,PAYMENTS
TXN000001381,ACC0004013,2026-06-09 07:25:12,CARD_PURCHASE,DEBIT,890.85,UTILITIES,WEB,PAYMENTS
TXN000001382,ACC0001350,2026-06-22 18:40:37,ATM_WITHDRAWAL,DEBIT,1279.01,CASH,MOBILE,PAYMENTS
TXN000001383,ACC0001414,2026-03-12 01:24:22,CASH_DEPOSIT,DEBIT,2864.87,GROCERY,WEB,PAYMENTS
TXN000001384,ACC0000792,2026-07-29 12:58:55,CARD_PURCHASE,CREDIT,3798.53,CASH,POS,PAYMENTS
TXN000001385,ACC0003044,2026-02-15 10:58:28,CASH_DEPOSIT,CREDIT,878.31,ECOMMERCE,ATM,PAYMENTS
TXN000001386,ACC0001097,2026-01-13 02:37:19,ATM_WITHDRAWAL,DEBIT,18527.76,CASH,POS,PAYMENTS
TXN000001387,ACC0004448,2026-05-17 08:31:31,NEFT,DEBIT,5129.55,GROCERY,WEB,PAYMENTS
TXN000001388,ACC0004295,2026-03-02 09:26:24,IMPS,CREDIT,1520.76,ECOMMERCE,POS,PAYMENTS
TXN000001389,ACC0000966,2026-08-11 18:01:27,UPI,DEBIT,3089.58,TRAVEL,BRANCH,PAYMENTS
TXN000001390,ACC0004561,2026-02-07 21:25:31,ATM_WITHDRAWAL,CREDIT,1480.49,TRAVEL,POS,PAYMENTS
TXN000001391,ACC0003329,2026-04-12 11:31:50,UPI,DEBIT,397.71,TRANSFER,WEB,PAYMENTS
TXN000001392,ACC0002569,2026-08-17 02:20:08,CASH_DEPOSIT,CREDIT,1144.46,FUEL,WEB,PAYMENTS
TXN000001393,ACC0000793,2026-01-20 23:17:42,CASH_DEPOSIT,CREDIT,1355.59,GROCERY,ATM,PAYMENTS
TXN000001394,ACC0004696,2026-06-04 23:42:37,NEFT,CREDIT,822.54,TRANSFER,BRANCH,PAYMENTS
TXN000001395,ACC0004840,2026-02-24 11:02:48,UPI,DEBIT,4855.02,CASH,BRANCH,PAYMENTS
TXN000001396,ACC0003120,2026-08-12 00:25:45,IMPS,CREDIT,10010.93,GROCERY,POS,PAYMENTS
TXN000001397,ACC0004798,2026-01-11 10:47:03,CASH_DEPOSIT,DEBIT,1150.56,TRAVEL,WEB,PAYMENTS
TXN000001398,ACC0001106,2026-07-27 14:05:27,CARD_PURCHASE,DEBIT,14815.68,TRANSFER,WEB,PAYMENTS
TXN000001399,ACC0000607,2026-01-18 15:49:11,UPI,CREDIT,50236.66,TRANSFER,ATM,PAYMENTS
TXN000001400,ACC0003211,2026-07-19 05:47:26,UPI,CREDIT,9529.47,CASH,WEB,PAYMENTS
TXN000001401,ACC0000272,2026-05-03 11:09:41,ATM_WITHDRAWAL,CREDIT,8739.98,TRANSFER,MOBILE,PAYMENTS
TXN000001402,ACC0002036,2026-07-12 01:11:35,NEFT,DEBIT,8215.01,CASH,WEB,PAYMENTS
TXN000001403,ACC0001661,2026-06-11 00:26:54,ATM_WITHDRAWAL,DEBIT,3053.72,CASH,POS,PAYMENTS
TXN000001404,ACC0003772,2026-06-16 12:05:52,CARD_PURCHASE,CREDIT,15298.64,FUEL,MOBILE,PAYMENTS
TXN000001405,ACC0001206,2026-09-01 04:16:14,ATM_WITHDRAWAL,DEBIT,6008.11,TRANSFER,MOBILE,PAYMENTS
TXN000001406,ACC0004093,2026-04-16 02:14:45,ATM_WITHDRAWAL,CREDIT,1975.13,FUEL,POS,PAYMENTS
TXN000001407,ACC0000561,2026-08-15 22:44:20,CASH_DEPOSIT,DEBIT,4804.55,TRANSFER,BRANCH,PAYMENTS
TXN000001408,ACC0000163,2026-07-01 09:08:43,CASH_DEPOSIT,DEBIT,11443.03,UTILITIES,ATM,PAYMENTS
TXN000001409,ACC0003468,2026-07-02 05:49:53,ATM_WITHDRAWAL,CREDIT,3191.81,FUEL,ATM,PAYMENTS
TXN000001410,ACC0001321,2026-05-20 21:05:39,ATM_WITHDRAWAL,CREDIT,12663.26,FUEL,POS,PAYMENTS
TXN000001411,ACC0000466,2026-05-25 08:24:51,CARD_PURCHASE,DEBIT,1212.81,TRANSFER,ATM,PAYMENTS
TXN000001412,ACC0004759,2026-01-26 10:36:47,CARD_PURCHASE,DEBIT,3248.16,CASH,BRANCH,PAYMENTS
TXN000001413,ACC0002804,2026-01-17 17:59:02,UPI,CREDIT,18737.19,TRAVEL,WEB,PAYMENTS
TXN000001414,ACC0000189,2026-08-06 03:52:20,CASH_DEPOSIT,CREDIT,3501.98,CASH,POS,PAYMENTS
TXN000001415,ACC0001238,2026-02-26 17:31:19,ATM_WITHDRAWAL,CREDIT,2119.21,GROCERY,POS,PAYMENTS
TXN000001416,ACC0004522,2026-09-10 19:55:22,UPI,CREDIT,20938.97,ECOMMERCE,POS,PAYMENTS
TXN000001417,ACC0003607,2026-01-04 11:00:49,IMPS,DEBIT,9020.03,TRAVEL,MOBILE,PAYMENTS
TXN000001418,ACC0002127,2026-06-26 17:08:56,IMPS,CREDIT,547.68,GROCERY,POS,PAYMENTS
TXN000001419,ACC0000982,2026-01-28 22:53:39,UPI,DEBIT,2987.62,UTILITIES,ATM,PAYMENTS
TXN000001420,ACC0000159,2026-02-07 10:32:37,IMPS,DEBIT,3011.93,TRAVEL,POS,PAYMENTS
TXN000001421,ACC0000278,2026-06-08 21:37:51,ATM_WITHDRAWAL,DEBIT,24184.25,ECOMMERCE,MOBILE,PAYMENTS
TXN000001422,ACC0002373,2026-08-09 00:59:09,NEFT,DEBIT,1192.55,GROCERY,BRANCH,PAYMENTS
TXN000001423,ACC0003576,2026-07-09 08:37:28,CARD_PURCHASE,DEBIT,2059.26,UTILITIES,WEB,PAYMENTS
TXN000001424,ACC0001855,2026-09-15 11:13:52,NEFT,DEBIT,1002.77,TRANSFER,ATM,PAYMENTS
TXN000001425,ACC0000095,2026-01-01 18:28:41,CARD_PURCHASE,CREDIT,1425.28,GROCERY,POS,PAYMENTS
TXN000001426,ACC0001065,2026-06-30 16:01:46,IMPS,DEBIT,6903.59,FUEL,ATM,PAYMENTS
TXN000001427,ACC0004269,2026-09-07 03:41:10,CASH_DEPOSIT,DEBIT,8450.47,GROCERY,MOBILE,PAYMENTS
TXN000001428,ACC0000039,2026-06-14 01:25:01,CARD_PURCHASE,CREDIT,4142.36,ECOMMERCE,POS,PAYMENTS
TXN000001429,ACC0002373,2026-05-30 14:05:56,ATM_WITHDRAWAL,DEBIT,3113.04,FUEL,WEB,PAYMENTS
TXN000001430,ACC0000679,2026-06-07 07:10:04,NEFT,CREDIT,7477.01,CASH,MOBILE,PAYMENTS
TXN000001431,ACC0004765,2026-09-19 02:40:48,IMPS,DEBIT,910.2,CASH,WEB,PAYMENTS
TXN000001432,ACC0003557,2026-09-20 11:49:52,CARD_PURCHASE,DEBIT,6325.11,TRAVEL,MOBILE,PAYMENTS
TXN000001433,ACC0003526,2026-03-07 09:31:40,CARD_PURCHASE,CREDIT,29700.36,UTILITIES,WEB,PAYMENTS
TXN000001434,ACC0000779,2026-04-23 20:43:06,CARD_PURCHASE,CREDIT,15992.67,GROCERY,MOBILE,PAYMENTS
TXN000001435,ACC0002272,2026-06-30 14:07:58,ATM_WITHDRAWAL,DEBIT,12983.41,TRANSFER,MOBILE,PAYMENTS
TXN000001436,ACC0004720,2026-01-03 12:05:00,NEFT,CREDIT,848.78,ECOMMERCE,ATM,PAYMENTS
TXN000001437,ACC0002252,2026-08-12 04:34:33,IMPS,DEBIT,820.29,FUEL,POS,PAYMENTS
TXN000001438,ACC0000217,2026-07-08 22:12:04,CARD_PURCHASE,CREDIT,3701.35,FUEL,POS,PAYMENTS
TXN000001439,ACC0003327,2026-03-05 11:41:36,IMPS,CREDIT,17261.44,GROCERY,POS,PAYMENTS
TXN000001440,ACC0003854,2026-02-09 19:49:42,IMPS,CREDIT,874.5,TRANSFER,POS,PAYMENTS
TXN000001441,ACC0002763,2026-05-30 08:58:16,ATM_WITHDRAWAL,DEBIT,11231.9,UTILITIES,POS,PAYMENTS
TXN000001442,ACC0004549,2026-09-21 15:09:50,UPI,CREDIT,4969.71,TRANSFER,ATM,PAYMENTS
TXN000001443,ACC0002074,2026-01-29 12:22:58,NEFT,CREDIT,576.81,TRANSFER,WEB,PAYMENTS
TXN000001444,ACC0001606,2026-01-06 15:59:39,UPI,DEBIT,10187.98,FUEL,ATM,PAYMENTS
TXN000001445,ACC0003015,2026-04-29 20:12:56,IMPS,DEBIT,1698.41,TRANSFER,WEB,PAYMENTS
TXN000001446,ACC0004109,2026-02-10 17:49:18,CASH_DEPOSIT,DEBIT,10935.57,CASH,MOBILE,PAYMENTS
TXN000001447,ACC0002510,2026-03-02 23:50:06,IMPS,CREDIT,82670.96,TRAVEL,WEB,PAYMENTS
TXN000001448,ACC0002011,2026-07-20 07:43:45,NEFT,CREDIT,1121.16,ECOMMERCE,POS,PAYMENTS
TXN000001449,ACC0000026,2026-08-18 02:16:48,CASH_DEPOSIT,DEBIT,4779.58,CASH,MOBILE,PAYMENTS
TXN000001450,ACC0004136,2026-05-12 09:57:37,ATM_WITHDRAWAL,CREDIT,8170.59,CASH,BRANCH,PAYMENTS
TXN000001451,ACC0004108,2026-02-16 21:22:48,NEFT,DEBIT,5462.29,TRANSFER,WEB,PAYMENTS
TXN000001452,ACC0002116,2026-04-06 10:10:07,NEFT,CREDIT,2650.25,TRANSFER,BRANCH,PAYMENTS
TXN000001453,ACC0001894,2026-03-01 10:05:53,UPI,CREDIT,6727.64,CASH,POS,PAYMENTS
TXN000001454,ACC0004312,2026-07-04 22:28:25,CASH_DEPOSIT,DEBIT,1495.06,CASH,MOBILE,PAYMENTS
TXN000001455,ACC0002087,2026-08-05 21:23:17,CASH_DEPOSIT,CREDIT,7865.33,FUEL,MOBILE,PAYMENTS
TXN000001456,ACC0000751,2026-04-30 17:53:39,CASH_DEPOSIT,CREDIT,3194.68,FUEL,MOBILE,PAYMENTS
TXN000001457,ACC0000235,2026-09-01 03:04:39,CARD_PURCHASE,DEBIT,40079.11,ECOMMERCE,WEB,PAYMENTS
TXN000001458,ACC0002907,2026-06-26 02:38:14,NEFT,DEBIT,4236.28,FUEL,ATM,PAYMENTS
TXN000001459,ACC0001473,2026-02-15 16:00:09,UPI,DEBIT,33419.78,FUEL,WEB,PAYMENTS
TXN000001460,ACC0004234,2026-03-17 00:13:01,CARD_PURCHASE,CREDIT,9191.42,CASH,WEB,PAYMENTS
TXN000001461,ACC0004013,2026-02-20 20:37:14,ATM_WITHDRAWAL,DEBIT,2221.54,TRAVEL,ATM,PAYMENTS
TXN000001462,ACC0003412,2026-07-29 15:57:52,CARD_PURCHASE,DEBIT,3964.84,UTILITIES,BRANCH,PAYMENTS
TXN000001463,ACC0003915,2026-02-18 21:38:31,IMPS,DEBIT,16686.31,FUEL,POS,PAYMENTS
TXN000001464,ACC0001278,2026-07-06 20:10:28,CASH_DEPOSIT,DEBIT,260.67,UTILITIES,BRANCH,PAYMENTS
TXN000001465,ACC0002945,2026-01-24 15:58:38,IMPS,DEBIT,4893.9,UTILITIES,POS,PAYMENTS
TXN000001466,ACC0002702,2026-02-11 03:22:24,ATM_WITHDRAWAL,CREDIT,14795.1,TRANSFER,MOBILE,PAYMENTS
TXN000001467,ACC0003367,2026-01-11 23:32:36,NEFT,CREDIT,5605.9,GROCERY,POS,PAYMENTS
TXN000001468,ACC0000348,2026-02-15 12:55:31,CASH_DEPOSIT,DEBIT,1125.62,CASH,ATM,PAYMENTS
TXN000001469,ACC0001105,2026-04-05 12:32:57,UPI,CREDIT,738.35,CASH,BRANCH,PAYMENTS
TXN000001470,ACC0000033,2026-07-15 00:54:34,IMPS,DEBIT,574.34,ECOMMERCE,WEB,PAYMENTS
TXN000001471,ACC0002998,2026-01-22 22:06:00,UPI,DEBIT,3150.35,GROCERY,ATM,PAYMENTS
TXN000001472,ACC0000227,2026-03-02 11:18:41,IMPS,CREDIT,11399.6,TRAVEL,WEB,PAYMENTS
TXN000001473,ACC0003150,2026-04-03 12:19:45,IMPS,DEBIT,742.95,TRAVEL,BRANCH,PAYMENTS
TXN000001474,ACC0003705,2026-04-24 03:00:31,IMPS,CREDIT,9558.37,ECOMMERCE,ATM,PAYMENTS
TXN000001475,ACC0000751,2026-09-15 15:24:04,IMPS,DEBIT,3244.34,CASH,BRANCH,PAYMENTS
TXN000001476,ACC0002968,2026-03-24 22:25:28,ATM_WITHDRAWAL,DEBIT,2877.78,UTILITIES,WEB,PAYMENTS
TXN000001477,ACC0003152,2026-05-25 19:30:20,UPI,DEBIT,1170.4,FUEL,ATM,PAYMENTS
TXN000001478,ACC0001284,2026-06-20 13:54:35,UPI,CREDIT,3987.43,FUEL,WEB,PAYMENTS
TXN000001479,ACC0000224,2026-03-20 10:52:59,CASH_DEPOSIT,CREDIT,705.09,ECOMMERCE,BRANCH,PAYMENTS
TXN000001480,ACC0003545,2026-08-08 11:14:22,ATM_WITHDRAWAL,CREDIT,12151.84,UTILITIES,MOBILE,PAYMENTS
TXN000001481,ACC0003904,2026-06-16 22:36:30,ATM_WITHDRAWAL,DEBIT,3658.52,CASH,BRANCH,PAYMENTS
TXN000001482,ACC0000311,2026-02-10 10:06:44,ATM_WITHDRAWAL,DEBIT,33957.24,UTILITIES,BRANCH,PAYMENTS
TXN000001483,ACC0001135,2026-03-30 22:49:33,CARD_PURCHASE,DEBIT,9207.54,TRAVEL,MOBILE,PAYMENTS
TXN000001484,ACC0000627,2026-06-07 18:22:30,ATM_WITHDRAWAL,CREDIT,10363.62,TRAVEL,WEB,PAYMENTS
TXN000001485,ACC0003733,2026-03-10 15:38:06,CASH_DEPOSIT,DEBIT,1268.68,FUEL,BRANCH,PAYMENTS
TXN000001486,ACC0000839,2026-05-20 05:14:30,NEFT,DEBIT,1919.2,TRANSFER,BRANCH,PAYMENTS
TXN000001487,ACC0004830,2026-09-12 16:39:15,ATM_WITHDRAWAL,DEBIT,12095.05,CASH,POS,PAYMENTS
TXN000001488,ACC0004977,2026-08-04 03:53:01,UPI,CREDIT,3460.49,GROCERY,POS,PAYMENTS
TXN000001489,ACC0003710,2026-05-20 05:58:29,CARD_PURCHASE,DEBIT,2224.69,CASH,ATM,PAYMENTS
TXN000001490,ACC0000513,2026-05-21 18:21:11,IMPS,CREDIT,5203.19,CASH,BRANCH,PAYMENTS
TXN000001491,ACC0002700,2026-05-27 21:43:07,UPI,CREDIT,2390.33,TRANSFER,MOBILE,PAYMENTS
TXN000001492,ACC0003795,2026-08-09 18:35:36,IMPS,CREDIT,1500.14,FUEL,POS,PAYMENTS
TXN000001493,ACC0003268,2026-09-03 09:05:20,UPI,CREDIT,16119.1,GROCERY,POS,PAYMENTS
TXN000001494,ACC0003515,2026-09-21 10:52:14,CASH_DEPOSIT,CREDIT,677.43,GROCERY,BRANCH,PAYMENTS
TXN000001495,ACC0000800,2026-08-10 10:39:36,CARD_PURCHASE,CREDIT,6615.73,CASH,WEB,PAYMENTS
TXN000001496,ACC0003899,2026-01-05 11:22:33,CARD_PURCHASE,DEBIT,3413.19,ECOMMERCE,ATM,PAYMENTS
TXN000001497,ACC0003510,2026-05-23 01:41:57,CASH_DEPOSIT,DEBIT,5474.82,TRAVEL,BRANCH,PAYMENTS
TXN000001498,ACC0001486,2026-05-30 21:48:28,NEFT,CREDIT,5517.05,CASH,WEB,PAYMENTS
TXN000001499,ACC0002936,2026-01-30 14:22:16,ATM_WITHDRAWAL,CREDIT,3592.69,FUEL,WEB,PAYMENTS
TXN000001500,ACC0003172,2026-04-13 03:42:50,IMPS,CREDIT,966.8,FUEL,BRANCH,PAYMENTS
TXN000001501,ACC0002362,2026-09-15 09:57:09,ATM_WITHDRAWAL,DEBIT,1065.52,GROCERY,BRANCH,PAYMENTS
TXN000001502,ACC0003582,2026-06-01 16:46:59,CARD_PURCHASE,CREDIT,11703.3,FUEL,ATM,PAYMENTS
TXN000001503,ACC0003726,2026-05-14 01:42:28,CASH_DEPOSIT,DEBIT,5639.43,UTILITIES,WEB,PAYMENTS
TXN000001504,ACC0004431,2026-02-14 20:35:59,UPI,DEBIT,4908.6,CASH,MOBILE,PAYMENTS
TXN000001505,ACC0001301,2026-01-24 11:15:06,UPI,DEBIT,13324.36,UTILITIES,ATM,PAYMENTS
TXN000001506,ACC0001946,2026-01-04 17:27:21,NEFT,DEBIT,13474.19,TRAVEL,MOBILE,PAYMENTS
TXN000001507,ACC0002242,2026-04-27 11:17:29,CARD_PURCHASE,CREDIT,67143.85,GROCERY,POS,PAYMENTS
TXN000001508,ACC0004815,2026-08-11 15:00:38,UPI,CREDIT,1051.71,TRAVEL,ATM,PAYMENTS
TXN000001509,ACC0004914,2026-05-11 07:27:08,NEFT,DEBIT,1835.93,ECOMMERCE,POS,PAYMENTS
TXN000001510,ACC0004219,2026-09-02 12:38:29,ATM_WITHDRAWAL,DEBIT,3730.7,ECOMMERCE,ATM,PAYMENTS
TXN000001511,ACC0004859,2026-05-13 08:05:00,IMPS,DEBIT,3053.35,FUEL,ATM,PAYMENTS
TXN000001512,ACC0002487,2026-01-27 21:15:45,CASH_DEPOSIT,CREDIT,21796.5,GROCERY,ATM,PAYMENTS
TXN000001513,ACC0004685,2026-06-24 20:29:55,ATM_WITHDRAWAL,CREDIT,1129.27,GROCERY,ATM,PAYMENTS
TXN000001514,ACC0002747,2026-06-01 09:36:55,NEFT,DEBIT,10985.36,CASH,POS,PAYMENTS
TXN000001515,ACC0003053,2026-04-02 14:39:35,UPI,CREDIT,16099.67,GROCERY,ATM,PAYMENTS
TXN000001516,ACC0000641,2026-08-13 11:48:20,NEFT,CREDIT,2322.9,TRAVEL,MOBILE,PAYMENTS
TXN000001517,ACC0000487,2026-06-12 09:55:57,IMPS,DEBIT,18315.6,FUEL,ATM,PAYMENTS
TXN000001518,ACC0000495,2026-07-24 18:01:06,NEFT,CREDIT,4543.78,FUEL,POS,PAYMENTS
TXN000001519,ACC0004063,2026-05-30 08:36:04,CARD_PURCHASE,CREDIT,3925.43,GROCERY,WEB,PAYMENTS
TXN000001520,ACC0000750,2026-08-02 00:50:17,CARD_PURCHASE,CREDIT,924.84,TRAVEL,BRANCH,PAYMENTS
TXN000001521,ACC0002463,2026-01-10 10:08:56,CASH_DEPOSIT,DEBIT,6695.79,TRANSFER,BRANCH,PAYMENTS
TXN000001522,ACC0001096,2026-06-07 14:50:23,IMPS,DEBIT,13044.51,GROCERY,BRANCH,PAYMENTS
TXN000001523,ACC0004482,2026-01-09 22:45:58,CASH_DEPOSIT,CREDIT,7541.13,FUEL,MOBILE,PAYMENTS
TXN000001524,ACC0002421,2026-08-25 08:43:58,ATM_WITHDRAWAL,CREDIT,2008.04,CASH,POS,PAYMENTS
TXN000001525,ACC0003808,2026-08-13 13:03:02,NEFT,CREDIT,1978.93,GROCERY,ATM,PAYMENTS
TXN000001526,ACC0002512,2026-07-01 01:18:47,UPI,DEBIT,5373.1,ECOMMERCE,POS,PAYMENTS
TXN000001527,ACC0002382,2026-09-18 05:45:21,NEFT,CREDIT,5135.13,FUEL,WEB,PAYMENTS
TXN000001528,ACC0000232,2026-03-12 04:37:43,UPI,DEBIT,5207.42,UTILITIES,WEB,PAYMENTS
TXN000001529,ACC0002036,2026-05-31 23:36:27,CASH_DEPOSIT,DEBIT,2295.06,CASH,BRANCH,PAYMENTS
TXN000001530,ACC0003122,2026-01-03 08:57:55,ATM_WITHDRAWAL,DEBIT,4294.28,FUEL,ATM,PAYMENTS
TXN000001531,ACC0003554,2026-01-20 02:09:05,NEFT,CREDIT,2790.52,GROCERY,BRANCH,PAYMENTS
TXN000001532,ACC0002152,2026-05-20 20:19:04,CASH_DEPOSIT,CREDIT,1852.4,ECOMMERCE,BRANCH,PAYMENTS
TXN000001533,ACC0001735,2026-07-14 08:46:38,NEFT,CREDIT,3193.34,GROCERY,POS,PAYMENTS
TXN000001534,ACC0004325,2026-04-09 11:11:42,NEFT,CREDIT,2055.72,CASH,POS,PAYMENTS
TXN000001535,ACC0003544,2026-04-10 21:31:24,CARD_PURCHASE,DEBIT,3190.52,TRAVEL,MOBILE,PAYMENTS
TXN000001536,ACC0002642,2026-08-04 18:24:06,NEFT,DEBIT,13389.11,UTILITIES,MOBILE,PAYMENTS
TXN000001537,ACC0004924,2026-01-01 21:43:58,CASH_DEPOSIT,CREDIT,5947.64,UTILITIES,MOBILE,PAYMENTS
TXN000001538,ACC0001869,2026-06-04 17:36:00,IMPS,DEBIT,10870.82,TRANSFER,BRANCH,PAYMENTS
TXN000001539,ACC0004397,2026-01-17 23:37:15,NEFT,CREDIT,11437.57,FUEL,WEB,PAYMENTS
TXN000001540,ACC0004679,2026-07-15 06:12:46,CARD_PURCHASE,CREDIT,6895.12,CASH,MOBILE,PAYMENTS
TXN000001541,ACC0001232,2026-05-25 11:50:59,NEFT,CREDIT,4976.91,FUEL,WEB,PAYMENTS
TXN000001542,ACC0001523,2026-02-23 15:38:49,NEFT,DEBIT,9854.87,CASH,WEB,PAYMENTS
TXN000001543,ACC0004017,2026-05-03 16:13:43,UPI,DEBIT,1428.83,TRANSFER,ATM,PAYMENTS
TXN000001544,ACC0001774,2026-01-02 17:36:18,UPI,CREDIT,3374.71,TRAVEL,MOBILE,PAYMENTS
TXN000001545,ACC0002988,2026-04-26 03:32:32,IMPS,CREDIT,4038.59,ECOMMERCE,WEB,PAYMENTS
TXN000001546,ACC0004893,2026-06-22 02:32:08,NEFT,CREDIT,14050.84,GROCERY,POS,PAYMENTS
TXN000001547,ACC0001287,2026-04-15 18:02:25,UPI,DEBIT,4130.66,FUEL,WEB,PAYMENTS
TXN000001548,ACC0002451,2026-05-14 10:16:17,UPI,CREDIT,1786.28,FUEL,POS,PAYMENTS
TXN000001549,ACC0001453,2026-09-17 10:53:26,IMPS,CREDIT,3770.52,ECOMMERCE,WEB,PAYMENTS
TXN000001550,ACC0000732,2026-01-07 22:36:03,ATM_WITHDRAWAL,CREDIT,3870.24,CASH,ATM,PAYMENTS
TXN000001551,ACC0000050,2026-05-08 15:56:44,UPI,DEBIT,7206.18,TRAVEL,MOBILE,PAYMENTS
TXN000001552,ACC0000494,2026-01-04 23:16:25,ATM_WITHDRAWAL,CREDIT,5773.81,TRANSFER,MOBILE,PAYMENTS
TXN000001553,ACC0000539,2026-07-20 12:19:50,ATM_WITHDRAWAL,DEBIT,1638.15,FUEL,WEB,PAYMENTS
TXN000001554,ACC0003155,2026-05-27 12:17:26,ATM_WITHDRAWAL,CREDIT,7939.58,ECOMMERCE,ATM,PAYMENTS
TXN000001555,ACC0003969,2026-04-30 05:41:30,CARD_PURCHASE,DEBIT,13577.73,CASH,BRANCH,PAYMENTS
TXN000001556,ACC0003739,2026-07-18 07:26:31,UPI,DEBIT,34316.73,TRANSFER,BRANCH,PAYMENTS
TXN000001557,ACC0004016,2026-05-11 14:39:28,UPI,DEBIT,8487.83,TRANSFER,POS,PAYMENTS
TXN000001558,ACC0001137,2026-06-11 10:09:46,ATM_WITHDRAWAL,CREDIT,1321.14,GROCERY,BRANCH,PAYMENTS
TXN000001559,ACC0003159,2026-03-19 19:14:24,CARD_PURCHASE,DEBIT,1752.65,TRANSFER,BRANCH,PAYMENTS
TXN000001560,ACC0004936,2026-05-06 06:23:53,UPI,DEBIT,12243.53,GROCERY,WEB,PAYMENTS
TXN000001561,ACC0003371,2026-05-12 01:34:52,NEFT,DEBIT,484.18,FUEL,ATM,PAYMENTS
TXN000001562,ACC0002472,2026-08-02 21:24:35,CASH_DEPOSIT,DEBIT,686.02,UTILITIES,WEB,PAYMENTS
TXN000001563,ACC0000646,2026-02-12 00:35:04,UPI,CREDIT,12492.12,ECOMMERCE,MOBILE,PAYMENTS
TXN000001564,ACC0003781,2026-04-11 14:13:08,IMPS,CREDIT,5018.52,ECOMMERCE,WEB,PAYMENTS
TXN000001565,ACC0004513,2026-02-21 05:20:18,UPI,CREDIT,3705.58,GROCERY,BRANCH,PAYMENTS
TXN000001566,ACC0002636,2026-04-09 03:46:09,ATM_WITHDRAWAL,DEBIT,5001.04,FUEL,POS,PAYMENTS
TXN000001567,ACC0001939,2026-04-22 15:05:44,NEFT,DEBIT,11223.33,UTILITIES,BRANCH,PAYMENTS
TXN000001568,ACC0000115,2026-07-23 10:42:49,IMPS,CREDIT,4509.05,TRAVEL,WEB,PAYMENTS
TXN000001569,ACC0003945,2026-08-03 02:02:54,CARD_PURCHASE,CREDIT,7585.04,ECOMMERCE,POS,PAYMENTS
TXN000001570,ACC0001183,2026-05-08 22:42:04,IMPS,CREDIT,654.06,FUEL,WEB,PAYMENTS
TXN000001571,ACC0001353,2026-05-16 20:17:43,CARD_PURCHASE,DEBIT,3720.87,UTILITIES,BRANCH,PAYMENTS
TXN000001572,ACC0003275,2026-03-01 00:04:56,CARD_PURCHASE,DEBIT,3409.84,ECOMMERCE,BRANCH,PAYMENTS
TXN000001573,ACC0003101,2026-05-15 22:49:49,CASH_DEPOSIT,CREDIT,72714.85,TRAVEL,ATM,PAYMENTS
TXN000001574,ACC0001455,2026-08-24 13:05:33,UPI,CREDIT,598.56,GROCERY,BRANCH,PAYMENTS
TXN000001575,ACC0004991,2026-06-08 23:48:29,CARD_PURCHASE,CREDIT,26892.37,TRANSFER,POS,PAYMENTS
TXN000001576,ACC0003192,2026-06-22 23:01:22,UPI,DEBIT,5984.26,FUEL,BRANCH,PAYMENTS
TXN000001577,ACC0000089,2026-05-23 12:39:54,CASH_DEPOSIT,CREDIT,12056.26,TRAVEL,POS,PAYMENTS
TXN000001578,ACC0002533,2026-04-22 10:32:41,ATM_WITHDRAWAL,CREDIT,1147.81,CASH,ATM,PAYMENTS
TXN000001579,ACC0001033,2026-04-25 14:18:54,ATM_WITHDRAWAL,CREDIT,14181.41,CASH,MOBILE,PAYMENTS
TXN000001580,ACC0000705,2026-01-31 13:09:18,NEFT,CREDIT,148.98,ECOMMERCE,ATM,PAYMENTS
TXN000001581,ACC0002143,2026-03-02 22:45:56,IMPS,CREDIT,4902.39,CASH,MOBILE,PAYMENTS
TXN000001582,ACC0003354,2026-08-02 03:11:41,UPI,DEBIT,671.24,CASH,ATM,PAYMENTS
TXN000001583,ACC0003205,2026-04-24 02:59:00,NEFT,CREDIT,3876.37,UTILITIES,ATM,PAYMENTS
TXN000001584,ACC0003103,2026-06-01 13:07:04,CASH_DEPOSIT,DEBIT,5892.88,GROCERY,POS,PAYMENTS
TXN000001585,ACC0003226,2026-04-22 13:31:27,CARD_PURCHASE,DEBIT,5695.7,ECOMMERCE,WEB,PAYMENTS
TXN000001586,ACC0002806,2026-07-13 06:01:38,ATM_WITHDRAWAL,CREDIT,2952.42,GROCERY,WEB,PAYMENTS
TXN000001587,ACC0004170,2026-06-21 06:20:01,CARD_PURCHASE,DEBIT,2017.32,FUEL,MOBILE,PAYMENTS
TXN000001588,ACC0000943,2026-09-08 20:59:19,NEFT,DEBIT,1482.75,UTILITIES,WEB,PAYMENTS
TXN000001589,ACC0000848,2026-08-24 12:04:53,UPI,CREDIT,1257.95,TRAVEL,MOBILE,PAYMENTS
TXN000001590,ACC0004983,2026-01-19 09:19:19,NEFT,DEBIT,1068.16,GROCERY,ATM,PAYMENTS
TXN000001591,ACC0002828,2026-09-17 08:10:30,UPI,CREDIT,3646.45,UTILITIES,ATM,PAYMENTS
TXN000001592,ACC0001471,2026-03-26 13:24:35,UPI,CREDIT,1610.65,TRANSFER,BRANCH,PAYMENTS
TXN000001593,ACC0003798,2026-01-26 23:53:04,IMPS,CREDIT,7107.62,UTILITIES,MOBILE,PAYMENTS
TXN000001594,ACC0002218,2026-05-18 11:43:22,CASH_DEPOSIT,DEBIT,8267.29,CASH,MOBILE,PAYMENTS
TXN000001595,ACC0004686,2026-05-17 13:31:25,UPI,DEBIT,13982.26,CASH,POS,PAYMENTS
TXN000001596,ACC0004354,2026-08-03 14:04:36,UPI,CREDIT,1173.88,UTILITIES,BRANCH,PAYMENTS
TXN000001597,ACC0003279,2026-06-07 21:01:38,IMPS,CREDIT,3655.61,TRAVEL,POS,PAYMENTS
TXN000001598,ACC0003403,2026-07-31 12:26:01,CARD_PURCHASE,DEBIT,5066.7,CASH,WEB,PAYMENTS
TXN000001599,ACC0002753,2026-04-02 00:20:34,CARD_PURCHASE,DEBIT,1789.55,UTILITIES,WEB,PAYMENTS
TXN000001600,ACC0003948,2026-02-12 17:03:33,ATM_WITHDRAWAL,DEBIT,1763.39,TRANSFER,BRANCH,PAYMENTS
TXN000001601,ACC0000909,2026-09-04 00:46:05,UPI,DEBIT,2105.29,CASH,ATM,PAYMENTS
TXN000001602,ACC0003404,2026-02-14 03:41:25,ATM_WITHDRAWAL,DEBIT,6157.11,CASH,POS,PAYMENTS
TXN000001603,ACC0004454,2026-08-21 17:12:08,IMPS,CREDIT,4378.57,FUEL,BRANCH,PAYMENTS
TXN000001604,ACC0001760,2026-03-10 02:48:24,ATM_WITHDRAWAL,DEBIT,3471.93,FUEL,WEB,PAYMENTS
TXN000001605,ACC0001416,2026-06-16 01:08:20,CASH_DEPOSIT,CREDIT,8238.38,FUEL,ATM,PAYMENTS
TXN000001606,ACC0004729,2026-04-04 10:27:37,CASH_DEPOSIT,DEBIT,19338.91,ECOMMERCE,MOBILE,PAYMENTS
TXN000001607,ACC0002440,2026-02-11 22:36:18,UPI,DEBIT,20715.65,FUEL,ATM,PAYMENTS
TXN000001608,ACC0000970,2026-06-24 11:13:12,UPI,DEBIT,2254.06,ECOMMERCE,POS,PAYMENTS
TXN000001609,ACC0002303,2026-07-08 11:42:45,UPI,DEBIT,2864.49,GROCERY,WEB,PAYMENTS
TXN000001610,ACC0004073,2026-06-03 00:05:56,CARD_PURCHASE,DEBIT,8021.02,UTILITIES,POS,PAYMENTS
TXN000001611,ACC0000670,2026-04-01 15:03:10,CARD_PURCHASE,DEBIT,7986.89,FUEL,BRANCH,PAYMENTS
TXN000001612,ACC0003818,2026-02-12 08:21:30,CARD_PURCHASE,CREDIT,8519.34,TRAVEL,WEB,PAYMENTS
TXN000001613,ACC0000505,2026-05-21 10:38:49,ATM_WITHDRAWAL,CREDIT,2475.87,TRANSFER,MOBILE,PAYMENTS
TXN000001614,ACC0001266,2026-01-27 03:02:04,UPI,CREDIT,6356.96,TRAVEL,POS,PAYMENTS
TXN000001615,ACC0001868,2026-09-06 01:51:10,ATM_WITHDRAWAL,DEBIT,2897.05,CASH,BRANCH,PAYMENTS
TXN000001616,ACC0000853,2026-02-02 08:51:16,UPI,DEBIT,4954.18,TRANSFER,ATM,PAYMENTS
TXN000001617,ACC0000244,2026-06-06 13:50:25,CARD_PURCHASE,DEBIT,5683.15,TRAVEL,WEB,PAYMENTS
TXN000001618,ACC0004325,2026-05-15 05:41:12,CASH_DEPOSIT,CREDIT,10447.76,UTILITIES,BRANCH,PAYMENTS
TXN000001619,ACC0001134,2026-02-20 22:21:13,NEFT,DEBIT,4066.23,TRAVEL,MOBILE,PAYMENTS
TXN000001620,ACC0003706,2026-08-31 08:22:35,ATM_WITHDRAWAL,CREDIT,1659.55,TRANSFER,WEB,PAYMENTS
TXN000001621,ACC0002942,2026-04-03 01:48:59,UPI,DEBIT,22776.89,GROCERY,ATM,PAYMENTS
TXN000001622,ACC0000299,2026-05-02 15:33:15,IMPS,DEBIT,1581.54,TRAVEL,POS,PAYMENTS
TXN000001623,ACC0001208,2026-05-29 01:03:36,CASH_DEPOSIT,CREDIT,10237.23,TRAVEL,WEB,PAYMENTS
TXN000001624,ACC0000488,2026-08-29 08:45:56,CASH_DEPOSIT,CREDIT,4357.03,ECOMMERCE,MOBILE,PAYMENTS
TXN000001625,ACC0002212,2026-09-15 16:56:44,IMPS,CREDIT,12865.05,ECOMMERCE,ATM,PAYMENTS
TXN000001626,ACC0002323,2026-04-24 00:37:28,UPI,CREDIT,691.52,UTILITIES,MOBILE,PAYMENTS
TXN000001627,ACC0002378,2026-06-17 16:38:53,NEFT,CREDIT,3498.05,ECOMMERCE,WEB,PAYMENTS
TXN000001628,ACC0000759,2026-06-02 17:07:50,ATM_WITHDRAWAL,CREDIT,4147.01,UTILITIES,ATM,PAYMENTS
TXN000001629,ACC0002464,2026-05-25 01:13:18,CASH_DEPOSIT,DEBIT,11108.99,TRAVEL,POS,PAYMENTS
TXN000001630,ACC0002655,2026-08-31 18:36:16,CARD_PURCHASE,DEBIT,11928.56,TRANSFER,MOBILE,PAYMENTS
TXN000001631,ACC0000085,2026-04-06 13:57:24,UPI,CREDIT,3753.78,CASH,POS,PAYMENTS
TXN000001632,ACC0000274,2026-02-27 00:35:52,CASH_DEPOSIT,CREDIT,13354.58,UTILITIES,WEB,PAYMENTS
TXN000001633,ACC0001876,2026-09-09 07:43:17,IMPS,DEBIT,679.84,TRAVEL,ATM,PAYMENTS
TXN000001634,ACC0004040,2026-07-08 10:41:55,CASH_DEPOSIT,CREDIT,463.04,ECOMMERCE,WEB,PAYMENTS
TXN000001635,ACC0000241,2026-01-13 16:25:13,ATM_WITHDRAWAL,CREDIT,17906.2,ECOMMERCE,MOBILE,PAYMENTS
TXN000001636,ACC0003347,2026-02-10 21:26:20,NEFT,DEBIT,3720.99,UTILITIES,BRANCH,PAYMENTS
TXN000001637,ACC0003259,2026-06-07 15:33:05,IMPS,DEBIT,5453.07,CASH,ATM,PAYMENTS
TXN000001638,ACC0004019,2026-04-09 11:34:14,UPI,CREDIT,4574.06,GROCERY,BRANCH,PAYMENTS
TXN000001639,ACC0002793,2026-04-09 12:24:47,NEFT,CREDIT,1993.51,FUEL,POS,PAYMENTS
TXN000001640,ACC0003013,2026-02-13 02:45:01,CASH_DEPOSIT,CREDIT,1478.8,TRAVEL,ATM,PAYMENTS
TXN000001641,ACC0001290,2026-03-31 10:12:23,UPI,CREDIT,37530.02,UTILITIES,MOBILE,PAYMENTS
TXN000001642,ACC0002828,2026-04-03 03:31:54,NEFT,CREDIT,1620.2,ECOMMERCE,WEB,PAYMENTS
TXN000001643,ACC0002757,2026-01-28 03:03:53,CASH_DEPOSIT,CREDIT,3902.1,GROCERY,WEB,PAYMENTS
TXN000001644,ACC0004431,2026-01-26 14:39:06,NEFT,CREDIT,8796.72,TRANSFER,BRANCH,PAYMENTS
TXN000001645,ACC0003398,2026-06-14 09:34:44,CARD_PURCHASE,CREDIT,4898.89,CASH,WEB,PAYMENTS
TXN000001646,ACC0000270,2026-05-17 23:07:19,UPI,DEBIT,22673.34,TRAVEL,BRANCH,PAYMENTS
TXN000001647,ACC0000479,2026-09-20 14:42:25,UPI,DEBIT,2375.88,UTILITIES,BRANCH,PAYMENTS
TXN000001648,ACC0004154,2026-05-27 23:11:03,CARD_PURCHASE,DEBIT,1638.82,FUEL,ATM,PAYMENTS
TXN000001649,ACC0001167,2026-04-04 21:34:10,IMPS,CREDIT,2683.34,TRANSFER,BRANCH,PAYMENTS
TXN000001650,ACC0004161,2026-07-19 20:46:32,ATM_WITHDRAWAL,CREDIT,9649.48,TRAVEL,WEB,PAYMENTS
TXN000001651,ACC0002633,2026-06-20 18:02:39,ATM_WITHDRAWAL,DEBIT,22704.78,UTILITIES,BRANCH,PAYMENTS
TXN000001652,ACC0000593,2026-02-02 00:12:58,CARD_PURCHASE,CREDIT,476.86,TRANSFER,BRANCH,PAYMENTS
TXN000001653,ACC0004513,2026-01-03 15:13:50,CARD_PURCHASE,CREDIT,2959.1,TRANSFER,BRANCH,PAYMENTS
TXN000001654,ACC0000238,2026-09-10 23:41:25,ATM_WITHDRAWAL,DEBIT,8396.94,CASH,POS,PAYMENTS
TXN000001655,ACC0001605,2026-01-03 13:18:44,IMPS,CREDIT,1578.14,UTILITIES,ATM,PAYMENTS
TXN000001656,ACC0004051,2026-06-06 22:20:58,CASH_DEPOSIT,DEBIT,1634.94,FUEL,WEB,PAYMENTS
TXN000001657,ACC0004824,2026-01-10 01:51:00,UPI,DEBIT,736.12,ECOMMERCE,WEB,PAYMENTS
TXN000001658,ACC0001281,2026-03-27 18:27:04,UPI,CREDIT,8368.81,UTILITIES,POS,PAYMENTS
TXN000001659,ACC0000254,2026-02-06 23:40:39,UPI,DEBIT,2066.25,UTILITIES,ATM,PAYMENTS
TXN000001660,ACC0002673,2026-07-13 06:46:28,ATM_WITHDRAWAL,CREDIT,10651.82,UTILITIES,BRANCH,PAYMENTS
TXN000001661,ACC0004796,2026-02-11 10:02:03,NEFT,CREDIT,13032.27,UTILITIES,WEB,PAYMENTS
TXN000001662,ACC0001931,2026-01-09 21:52:34,IMPS,DEBIT,2383.24,TRANSFER,BRANCH,PAYMENTS
TXN000001663,ACC0003867,2026-07-09 02:35:47,ATM_WITHDRAWAL,CREDIT,15759.29,TRAVEL,WEB,PAYMENTS
TXN000001664,ACC0002243,2026-05-15 20:46:43,UPI,DEBIT,187.93,GROCERY,POS,PAYMENTS
TXN000001665,ACC0004023,2026-03-16 12:39:36,UPI,CREDIT,6541.76,UTILITIES,MOBILE,PAYMENTS
TXN000001666,ACC0004813,2026-03-27 12:50:18,NEFT,CREDIT,6350.85,TRAVEL,POS,PAYMENTS
TXN000001667,ACC0002467,2026-04-19 14:22:59,UPI,DEBIT,5256.8,ECOMMERCE,POS,PAYMENTS
TXN000001668,ACC0000551,2026-03-11 23:28:05,CASH_DEPOSIT,DEBIT,2709.57,ECOMMERCE,POS,PAYMENTS
TXN000001669,ACC0000664,2026-04-15 15:24:18,IMPS,DEBIT,1274.05,CASH,POS,PAYMENTS
TXN000001670,ACC0001545,2026-05-24 22:17:00,IMPS,CREDIT,1519.27,ECOMMERCE,ATM,PAYMENTS
TXN000001671,ACC0004554,2026-05-05 20:20:56,CARD_PURCHASE,CREDIT,3335.12,TRAVEL,POS,PAYMENTS
TXN000001672,ACC0001645,2026-09-16 03:02:33,CASH_DEPOSIT,CREDIT,4183.88,ECOMMERCE,MOBILE,PAYMENTS
TXN000001673,ACC0004936,2026-05-10 15:31:44,UPI,CREDIT,4496.61,UTILITIES,WEB,PAYMENTS
TXN000001674,ACC0003322,2026-08-30 10:01:42,NEFT,CREDIT,926.07,FUEL,BRANCH,PAYMENTS
TXN000001675,ACC0003821,2026-04-29 18:40:24,ATM_WITHDRAWAL,CREDIT,3202.38,TRAVEL,POS,PAYMENTS
TXN000001676,ACC0001197,2026-08-12 11:25:10,NEFT,DEBIT,1839.0,CASH,WEB,PAYMENTS
TXN000001677,ACC0001330,2026-01-05 17:48:38,CARD_PURCHASE,CREDIT,636.53,CASH,BRANCH,PAYMENTS
TXN000001678,ACC0002644,2026-01-02 12:07:45,IMPS,CREDIT,623.8,TRAVEL,POS,PAYMENTS
TXN000001679,ACC0002684,2026-03-03 02:56:47,ATM_WITHDRAWAL,DEBIT,1067.53,TRAVEL,MOBILE,PAYMENTS
TXN000001680,ACC0004142,2026-01-30 15:53:55,NEFT,DEBIT,5985.39,CASH,WEB,PAYMENTS
TXN000001681,ACC0003055,2026-01-02 13:14:33,NEFT,DEBIT,3956.29,TRAVEL,WEB,PAYMENTS
TXN000001682,ACC0004577,2026-02-26 11:46:29,CASH_DEPOSIT,CREDIT,21304.2,GROCERY,WEB,PAYMENTS
TXN000001683,ACC0003543,2026-07-15 18:03:56,CASH_DEPOSIT,DEBIT,628.44,ECOMMERCE,BRANCH,PAYMENTS
TXN000001684,ACC0004079,2026-02-21 08:04:54,ATM_WITHDRAWAL,CREDIT,7438.81,ECOMMERCE,BRANCH,PAYMENTS
TXN000001685,ACC0000708,2026-04-04 07:26:58,IMPS,DEBIT,13568.66,ECOMMERCE,ATM,PAYMENTS
TXN000001686,ACC0000221,2026-03-04 12:20:05,CASH_DEPOSIT,DEBIT,4263.97,CASH,POS,PAYMENTS
TXN000001687,ACC0000677,2026-08-22 13:56:24,ATM_WITHDRAWAL,DEBIT,1841.04,UTILITIES,POS,PAYMENTS
TXN000001688,ACC0004986,2026-02-10 08:34:15,CARD_PURCHASE,CREDIT,8455.82,CASH,POS,PAYMENTS
TXN000001689,ACC0001031,2026-08-30 00:28:16,ATM_WITHDRAWAL,DEBIT,3254.72,GROCERY,MOBILE,PAYMENTS
TXN000001690,ACC0004119,2026-04-19 07:14:41,CASH_DEPOSIT,DEBIT,8250.41,UTILITIES,WEB,PAYMENTS
TXN000001691,ACC0000440,2026-09-13 11:49:09,CASH_DEPOSIT,DEBIT,11108.96,UTILITIES,POS,PAYMENTS
TXN000001692,ACC0002191,2026-06-09 07:13:40,CARD_PURCHASE,DEBIT,15841.48,UTILITIES,POS,PAYMENTS
TXN000001693,ACC0002893,2026-02-07 22:28:24,IMPS,DEBIT,1778.4,GROCERY,BRANCH,PAYMENTS
TXN000001694,ACC0000560,2026-01-07 05:44:13,IMPS,CREDIT,3153.72,TRANSFER,POS,PAYMENTS
TXN000001695,ACC0000709,2026-04-20 10:46:01,IMPS,DEBIT,6858.64,CASH,MOBILE,PAYMENTS
TXN000001696,ACC0000677,2026-07-15 18:52:25,IMPS,DEBIT,1707.39,UTILITIES,ATM,PAYMENTS
TXN000001697,ACC0001541,2026-09-07 12:09:00,IMPS,CREDIT,940.78,UTILITIES,POS,PAYMENTS
TXN000001698,ACC0000782,2026-01-02 21:26:00,UPI,CREDIT,1268.04,TRAVEL,POS,PAYMENTS
TXN000001699,ACC0000139,2026-04-25 12:32:04,UPI,CREDIT,21522.43,CASH,BRANCH,PAYMENTS
TXN000001700,ACC0001673,2026-04-09 12:01:59,CASH_DEPOSIT,DEBIT,10279.8,CASH,WEB,PAYMENTS
TXN000001701,ACC0002955,2026-05-22 14:33:38,CARD_PURCHASE,DEBIT,2440.01,GROCERY,BRANCH,PAYMENTS
TXN000001702,ACC0001580,2026-08-23 04:02:49,ATM_WITHDRAWAL,CREDIT,6129.53,GROCERY,MOBILE,PAYMENTS
TXN000001703,ACC0003222,2026-09-09 02:47:18,NEFT,CREDIT,16217.05,GROCERY,ATM,PAYMENTS
TXN000001704,ACC0004627,2026-08-19 05:13:50,NEFT,DEBIT,6889.3,FUEL,WEB,PAYMENTS
TXN000001705,ACC0002383,2026-03-27 15:09:35,ATM_WITHDRAWAL,CREDIT,6388.43,TRAVEL,WEB,PAYMENTS
TXN000001706,ACC0003503,2026-04-12 14:20:23,UPI,DEBIT,2865.55,CASH,MOBILE,PAYMENTS
TXN000001707,ACC0004254,2026-09-23 06:39:58,UPI,CREDIT,1762.56,TRAVEL,POS,PAYMENTS
TXN000001708,ACC0001209,2026-06-18 01:07:09,IMPS,DEBIT,4015.62,FUEL,POS,PAYMENTS
TXN000001709,ACC0000871,2026-07-01 16:48:07,IMPS,DEBIT,1242.11,FUEL,ATM,PAYMENTS
TXN000001710,ACC0003751,2026-07-23 15:24:54,UPI,CREDIT,5068.24,TRAVEL,ATM,PAYMENTS
TXN000001711,ACC0002320,2026-05-10 03:32:01,CARD_PURCHASE,DEBIT,1881.61,TRAVEL,MOBILE,PAYMENTS
TXN000001712,ACC0004446,2026-03-03 17:25:35,IMPS,DEBIT,19878.15,CASH,MOBILE,PAYMENTS
TXN000001713,ACC0002674,2026-08-27 01:49:08,NEFT,CREDIT,4593.79,TRAVEL,WEB,PAYMENTS
TXN000001714,ACC0000980,2026-01-27 08:53:05,ATM_WITHDRAWAL,CREDIT,693.94,CASH,MOBILE,PAYMENTS
TXN000001715,ACC0003202,2026-04-14 10:57:41,IMPS,DEBIT,18429.99,TRAVEL,WEB,PAYMENTS
TXN000001716,ACC0003280,2026-01-04 10:05:31,CARD_PURCHASE,CREDIT,3822.34,UTILITIES,BRANCH,PAYMENTS
TXN000001717,ACC0001158,2026-04-07 16:41:45,UPI,DEBIT,7224.37,FUEL,POS,PAYMENTS
TXN000001718,ACC0001091,2026-05-08 13:49:04,NEFT,CREDIT,6495.71,GROCERY,POS,PAYMENTS
TXN000001719,ACC0001432,2026-05-28 18:25:33,ATM_WITHDRAWAL,CREDIT,1437.7,FUEL,WEB,PAYMENTS
TXN000001720,ACC0002221,2026-05-31 15:54:25,NEFT,CREDIT,1774.11,ECOMMERCE,POS,PAYMENTS
TXN000001721,ACC0002384,2026-02-25 15:00:29,UPI,CREDIT,89287.17,TRANSFER,MOBILE,PAYMENTS
TXN000001722,ACC0001617,2026-02-19 23:55:32,UPI,CREDIT,7045.02,FUEL,BRANCH,PAYMENTS
TXN000001723,ACC0002435,2026-05-24 17:39:59,NEFT,DEBIT,3195.7,TRAVEL,MOBILE,PAYMENTS
TXN000001724,ACC0001179,2026-09-04 20:20:10,IMPS,CREDIT,3680.11,GROCERY,WEB,PAYMENTS
TXN000001725,ACC0003881,2026-02-14 23:59:18,NEFT,CREDIT,1759.58,CASH,BRANCH,PAYMENTS
TXN000001726,ACC0002293,2026-01-01 10:47:37,UPI,CREDIT,3470.81,UTILITIES,ATM,PAYMENTS
TXN000001727,ACC0001237,2026-07-02 14:29:23,CARD_PURCHASE,DEBIT,2565.58,GROCERY,BRANCH,PAYMENTS
TXN000001728,ACC0002093,2026-01-09 07:46:52,CARD_PURCHASE,CREDIT,534.7,CASH,ATM,PAYMENTS
TXN000001729,ACC0000303,2026-02-18 07:39:00,NEFT,CREDIT,12499.93,CASH,BRANCH,PAYMENTS
TXN000001730,ACC0001195,2026-04-20 07:10:20,UPI,DEBIT,833.69,GROCERY,WEB,PAYMENTS
TXN000001731,ACC0000029,2026-03-04 11:08:22,NEFT,CREDIT,1180.07,UTILITIES,MOBILE,PAYMENTS
TXN000001732,ACC0002992,2026-03-17 07:03:53,IMPS,CREDIT,2979.14,CASH,WEB,PAYMENTS
TXN000001733,ACC0002579,2026-07-28 13:48:18,ATM_WITHDRAWAL,CREDIT,1344.45,TRANSFER,ATM,PAYMENTS
TXN000001734,ACC0001357,2026-05-15 23:33:18,CARD_PURCHASE,DEBIT,11512.99,GROCERY,MOBILE,PAYMENTS
TXN000001735,ACC0000794,2026-02-14 22:38:40,IMPS,DEBIT,6312.87,TRANSFER,ATM,PAYMENTS
TXN000001736,ACC0004573,2026-08-08 02:59:58,NEFT,CREDIT,4030.43,TRANSFER,POS,PAYMENTS
TXN000001737,ACC0004258,2026-07-20 10:23:58,UPI,CREDIT,1071.47,CASH,WEB,PAYMENTS
TXN000001738,ACC0002447,2026-08-22 07:31:36,CARD_PURCHASE,CREDIT,4006.4,FUEL,MOBILE,PAYMENTS
TXN000001739,ACC0003583,2026-05-31 09:03:41,CARD_PURCHASE,CREDIT,1079.24,ECOMMERCE,WEB,PAYMENTS
TXN000001740,ACC0003547,2026-01-09 00:27:53,IMPS,CREDIT,191.08,FUEL,MOBILE,PAYMENTS
TXN000001741,ACC0000656,2026-06-17 05:53:10,UPI,DEBIT,803.17,GROCERY,ATM,PAYMENTS
TXN000001742,ACC0002516,2026-09-10 22:34:09,CARD_PURCHASE,CREDIT,2730.6,TRANSFER,ATM,PAYMENTS
TXN000001743,ACC0003461,2026-08-14 07:30:17,NEFT,DEBIT,10788.98,ECOMMERCE,POS,PAYMENTS
TXN000001744,ACC0001070,2026-04-11 11:58:29,ATM_WITHDRAWAL,DEBIT,501.47,ECOMMERCE,MOBILE,PAYMENTS
TXN000001745,ACC0004579,2026-07-21 10:23:36,NEFT,CREDIT,2151.42,GROCERY,MOBILE,PAYMENTS
TXN000001746,ACC0001252,2026-07-25 07:32:03,UPI,DEBIT,2936.6,FUEL,POS,PAYMENTS
TXN000001747,ACC0003302,2026-07-24 01:29:30,NEFT,DEBIT,44908.59,GROCERY,MOBILE,PAYMENTS
TXN000001748,ACC0003530,2026-06-07 23:41:18,NEFT,CREDIT,17221.86,TRANSFER,POS,PAYMENTS
TXN000001749,ACC0000730,2026-06-27 16:23:49,ATM_WITHDRAWAL,CREDIT,4004.33,TRANSFER,WEB,PAYMENTS
TXN000001750,ACC0001469,2026-04-21 14:37:58,CASH_DEPOSIT,DEBIT,8053.13,CASH,MOBILE,PAYMENTS
TXN000001751,ACC0000100,2026-04-18 03:50:21,NEFT,DEBIT,6392.77,FUEL,POS,PAYMENTS
TXN000001752,ACC0004730,2026-01-22 16:30:51,ATM_WITHDRAWAL,DEBIT,1146.07,TRANSFER,ATM,PAYMENTS
TXN000001753,ACC0002800,2026-01-27 04:46:15,NEFT,DEBIT,29232.08,ECOMMERCE,WEB,PAYMENTS
TXN000001754,ACC0000426,2026-05-12 02:50:55,NEFT,DEBIT,1245.26,TRANSFER,ATM,PAYMENTS
TXN000001755,ACC0002073,2026-03-09 22:08:24,CARD_PURCHASE,DEBIT,1210.2,ECOMMERCE,POS,PAYMENTS
TXN000001756,ACC0000918,2026-07-12 18:30:46,UPI,DEBIT,1511.62,GROCERY,POS,PAYMENTS
TXN000001757,ACC0001877,2026-09-01 09:51:54,CASH_DEPOSIT,CREDIT,503.82,GROCERY,POS,PAYMENTS
TXN000001758,ACC0002156,2026-05-22 12:03:10,UPI,DEBIT,1819.29,FUEL,ATM,PAYMENTS
TXN000001759,ACC0001609,2026-04-20 21:41:23,CASH_DEPOSIT,DEBIT,1040.7,TRANSFER,MOBILE,PAYMENTS
TXN000001760,ACC0003188,2026-04-12 22:17:31,NEFT,CREDIT,1112.0,GROCERY,BRANCH,PAYMENTS
TXN000001761,ACC0002736,2026-03-18 10:34:19,NEFT,DEBIT,1184.35,GROCERY,ATM,PAYMENTS
TXN000001762,ACC0001336,2026-06-11 13:45:27,UPI,CREDIT,8314.38,ECOMMERCE,WEB,PAYMENTS
TXN000001763,ACC0001230,2026-07-03 14:26:11,UPI,CREDIT,5089.83,CASH,MOBILE,PAYMENTS
TXN000001764,ACC0001099,2026-08-23 12:03:41,IMPS,DEBIT,826.51,UTILITIES,WEB,PAYMENTS
TXN000001765,ACC0004256,2026-09-08 14:10:29,NEFT,DEBIT,5951.2,UTILITIES,POS,PAYMENTS
TXN000001766,ACC0004150,2026-02-25 02:36:24,CARD_PURCHASE,DEBIT,2656.54,CASH,ATM,PAYMENTS
TXN000001767,ACC0002803,2026-01-18 18:18:56,UPI,CREDIT,2295.01,CASH,MOBILE,PAYMENTS
TXN000001768,ACC0004083,2026-03-29 08:25:49,CARD_PURCHASE,DEBIT,1374.54,FUEL,BRANCH,PAYMENTS
TXN000001769,ACC0004351,2026-08-19 01:03:09,CARD_PURCHASE,CREDIT,671.13,GROCERY,MOBILE,PAYMENTS
TXN000001770,ACC0003117,2026-07-22 03:12:24,NEFT,DEBIT,7745.21,ECOMMERCE,BRANCH,PAYMENTS
TXN000001771,ACC0003087,2026-04-10 00:52:15,CARD_PURCHASE,DEBIT,4398.29,TRAVEL,WEB,PAYMENTS
TXN000001772,ACC0001558,2026-03-20 21:30:13,CARD_PURCHASE,DEBIT,8885.84,GROCERY,POS,PAYMENTS
TXN000001773,ACC0004414,2026-02-21 06:08:20,CASH_DEPOSIT,CREDIT,1143.41,TRANSFER,ATM,PAYMENTS
TXN000001774,ACC0003720,2026-02-03 14:59:07,UPI,CREDIT,20541.19,TRANSFER,BRANCH,PAYMENTS
TXN000001775,ACC0000292,2026-04-16 22:06:54,ATM_WITHDRAWAL,CREDIT,9691.62,UTILITIES,POS,PAYMENTS
TXN000001776,ACC0003959,2026-04-27 09:09:05,NEFT,CREDIT,24691.94,GROCERY,POS,PAYMENTS
TXN000001777,ACC0004952,2026-04-27 01:24:07,UPI,DEBIT,4719.64,TRANSFER,ATM,PAYMENTS
TXN000001778,ACC0001797,2026-08-25 02:06:46,ATM_WITHDRAWAL,DEBIT,2799.57,CASH,BRANCH,PAYMENTS
TXN000001779,ACC0003470,2026-04-09 08:05:30,ATM_WITHDRAWAL,DEBIT,429.82,FUEL,BRANCH,PAYMENTS
TXN000001780,ACC0003468,2026-03-24 21:21:18,CASH_DEPOSIT,CREDIT,6529.14,GROCERY,POS,PAYMENTS
TXN000001781,ACC0000191,2026-06-04 12:50:59,NEFT,DEBIT,8820.37,UTILITIES,WEB,PAYMENTS
TXN000001782,ACC0003378,2026-03-23 03:41:26,IMPS,DEBIT,4140.59,CASH,ATM,PAYMENTS
TXN000001783,ACC0000871,2026-08-15 16:07:04,ATM_WITHDRAWAL,CREDIT,7680.36,CASH,ATM,PAYMENTS
TXN000001784,ACC0002571,2026-06-06 21:52:07,IMPS,DEBIT,3175.77,GROCERY,POS,PAYMENTS
TXN000001785,ACC0004588,2026-03-11 20:40:59,ATM_WITHDRAWAL,CREDIT,952.3,TRANSFER,POS,PAYMENTS
TXN000001786,ACC0004505,2026-06-26 17:33:51,CASH_DEPOSIT,DEBIT,3901.97,FUEL,WEB,PAYMENTS
TXN000001787,ACC0002718,2026-04-06 23:18:59,IMPS,DEBIT,19061.09,ECOMMERCE,ATM,PAYMENTS
TXN000001788,ACC0003968,2026-05-08 01:14:25,NEFT,CREDIT,5886.37,FUEL,WEB,PAYMENTS
TXN000001789,ACC0001002,2026-06-08 07:27:45,UPI,DEBIT,3117.63,FUEL,WEB,PAYMENTS
TXN000001790,ACC0001891,2026-09-16 05:39:09,NEFT,DEBIT,835.48,FUEL,WEB,PAYMENTS
TXN000001791,ACC0000965,2026-04-17 02:07:51,CASH_DEPOSIT,DEBIT,1391.96,TRANSFER,ATM,PAYMENTS
TXN000001792,ACC0002500,2026-03-03 05:15:31,IMPS,DEBIT,3850.86,UTILITIES,BRANCH,PAYMENTS
TXN000001793,ACC0001851,2026-05-01 22:26:14,CARD_PURCHASE,CREDIT,10074.79,ECOMMERCE,BRANCH,PAYMENTS
TXN000001794,ACC0001857,2026-08-26 03:46:27,UPI,CREDIT,1073.37,ECOMMERCE,POS,PAYMENTS
TXN000001795,ACC0001809,2026-05-05 08:38:58,IMPS,DEBIT,4715.23,TRAVEL,BRANCH,PAYMENTS
TXN000001796,ACC0001753,2026-09-08 09:38:15,UPI,CREDIT,6960.27,TRAVEL,BRANCH,PAYMENTS
TXN000001797,ACC0002449,2026-02-25 12:14:39,CARD_PURCHASE,DEBIT,63829.42,GROCERY,ATM,PAYMENTS
TXN000001798,ACC0001118,2026-06-09 06:43:44,NEFT,DEBIT,4417.29,ECOMMERCE,MOBILE,PAYMENTS
TXN000001799,ACC0004284,2026-06-07 10:58:55,ATM_WITHDRAWAL,DEBIT,3109.52,FUEL,WEB,PAYMENTS
TXN000001800,ACC0004324,2026-04-23 01:22:58,UPI,CREDIT,1505.21,CASH,MOBILE,PAYMENTS
TXN000001801,ACC0002213,2026-09-22 23:46:55,NEFT,DEBIT,3895.01,TRANSFER,ATM,PAYMENTS
TXN000001802,ACC0000214,2026-07-23 02:35:54,CARD_PURCHASE,CREDIT,10814.72,GROCERY,WEB,PAYMENTS
TXN000001803,ACC0000118,2026-01-30 16:05:09,ATM_WITHDRAWAL,DEBIT,1467.27,UTILITIES,WEB,PAYMENTS
TXN000001804,ACC0003639,2026-09-05 11:54:32,IMPS,DEBIT,16096.05,UTILITIES,POS,PAYMENTS
TXN000001805,ACC0004379,2026-07-23 11:48:08,NEFT,DEBIT,2323.95,TRAVEL,WEB,PAYMENTS
TXN000001806,ACC0004296,2026-06-30 12:21:20,IMPS,CREDIT,13376.44,UTILITIES,MOBILE,PAYMENTS
TXN000001807,ACC0002028,2026-06-18 01:13:24,ATM_WITHDRAWAL,DEBIT,6618.95,CASH,ATM,PAYMENTS
TXN000001808,ACC0001184,2026-07-19 09:01:36,NEFT,DEBIT,2245.65,TRANSFER,WEB,PAYMENTS
TXN000001809,ACC0004645,2026-01-07 03:50:47,ATM_WITHDRAWAL,DEBIT,7329.07,CASH,ATM,PAYMENTS
TXN000001810,ACC0003786,2026-03-17 11:35:10,ATM_WITHDRAWAL,CREDIT,3203.49,TRAVEL,POS,PAYMENTS
TXN000001811,ACC0002364,2026-01-09 08:21:43,UPI,CREDIT,6230.22,UTILITIES,ATM,PAYMENTS
TXN000001812,ACC0004048,2026-01-06 13:33:07,NEFT,DEBIT,4079.21,FUEL,ATM,PAYMENTS
TXN000001813,ACC0000770,2026-01-13 15:47:24,UPI,DEBIT,14113.0,CASH,ATM,PAYMENTS
TXN000001814,ACC0004828,2026-08-25 05:22:08,CARD_PURCHASE,CREDIT,3347.69,UTILITIES,BRANCH,PAYMENTS
TXN000001815,ACC0003697,2026-07-17 09:15:39,IMPS,CREDIT,4715.87,TRANSFER,MOBILE,PAYMENTS
TXN000001816,ACC0001848,2026-02-02 02:16:09,CASH_DEPOSIT,DEBIT,10195.49,FUEL,ATM,PAYMENTS
TXN000001817,ACC0001740,2026-08-24 09:24:10,IMPS,CREDIT,21534.96,UTILITIES,WEB,PAYMENTS
TXN000001818,ACC0000924,2026-06-08 01:07:09,IMPS,CREDIT,1319.92,TRANSFER,MOBILE,PAYMENTS
TXN000001819,ACC0004972,2026-01-08 09:19:39,NEFT,DEBIT,4184.8,GROCERY,MOBILE,PAYMENTS
TXN000001820,ACC0001894,2026-01-25 01:00:37,IMPS,DEBIT,1678.8,UTILITIES,ATM,PAYMENTS
TXN000001821,ACC0000461,2026-05-13 03:38:38,IMPS,CREDIT,458.36,UTILITIES,BRANCH,PAYMENTS
TXN000001822,ACC0002613,2026-02-12 16:38:01,IMPS,DEBIT,3821.17,UTILITIES,POS,PAYMENTS
TXN000001823,ACC0000403,2026-04-27 17:37:26,ATM_WITHDRAWAL,DEBIT,7373.51,ECOMMERCE,ATM,PAYMENTS
TXN000001824,ACC0000364,2026-06-03 09:06:37,CASH_DEPOSIT,DEBIT,2002.47,ECOMMERCE,WEB,PAYMENTS
TXN000001825,ACC0001640,2026-07-11 20:13:05,UPI,CREDIT,3931.54,CASH,ATM,PAYMENTS
TXN000001826,ACC0002574,2026-07-19 21:57:29,NEFT,CREDIT,2241.5,TRAVEL,WEB,PAYMENTS
TXN000001827,ACC0004501,2026-09-07 08:32:46,ATM_WITHDRAWAL,DEBIT,862.35,TRAVEL,BRANCH,PAYMENTS
TXN000001828,ACC0002787,2026-08-16 14:44:27,UPI,CREDIT,1070.9,FUEL,BRANCH,PAYMENTS
TXN000001829,ACC0002357,2026-04-09 16:12:22,NEFT,CREDIT,2178.46,GROCERY,ATM,PAYMENTS
TXN000001830,ACC0000284,2026-03-13 17:11:54,ATM_WITHDRAWAL,CREDIT,2208.2,TRANSFER,POS,PAYMENTS
TXN000001831,ACC0003062,2026-08-01 02:07:17,CASH_DEPOSIT,CREDIT,583.3,FUEL,WEB,PAYMENTS
TXN000001832,ACC0004194,2026-07-24 07:33:53,IMPS,CREDIT,39086.3,FUEL,ATM,PAYMENTS
TXN000001833,ACC0004147,2026-08-20 00:41:43,CARD_PURCHASE,DEBIT,4275.09,ECOMMERCE,POS,PAYMENTS
TXN000001834,ACC0001369,2026-05-24 14:27:57,NEFT,CREDIT,5052.3,UTILITIES,MOBILE,PAYMENTS
TXN000001835,ACC0001038,2026-06-03 00:53:54,CARD_PURCHASE,DEBIT,49004.73,UTILITIES,MOBILE,PAYMENTS
TXN000001836,ACC0003696,2026-09-07 21:07:50,CARD_PURCHASE,CREDIT,2892.04,TRAVEL,MOBILE,PAYMENTS
TXN000001837,ACC0002067,2026-01-23 02:18:35,ATM_WITHDRAWAL,CREDIT,8960.32,UTILITIES,BRANCH,PAYMENTS
TXN000001838,ACC0002926,2026-05-28 05:23:47,CARD_PURCHASE,DEBIT,2780.31,GROCERY,ATM,PAYMENTS
TXN000001839,ACC0001115,2026-04-15 11:15:56,ATM_WITHDRAWAL,CREDIT,4110.7,FUEL,BRANCH,PAYMENTS
TXN000001840,ACC0000799,2026-09-06 15:50:47,NEFT,DEBIT,962.27,UTILITIES,BRANCH,PAYMENTS
TXN000001841,ACC0003156,2026-09-17 08:10:54,UPI,CREDIT,2556.1,TRAVEL,POS,PAYMENTS
TXN000001842,ACC0001831,2026-01-08 04:05:29,UPI,CREDIT,116960.06,ECOMMERCE,POS,PAYMENTS
TXN000001843,ACC0000400,2026-08-07 22:49:20,IMPS,CREDIT,1446.4,TRAVEL,WEB,PAYMENTS
TXN000001844,ACC0002912,2026-01-04 01:03:40,ATM_WITHDRAWAL,DEBIT,1163.17,FUEL,POS,PAYMENTS
TXN000001845,ACC0003115,2026-01-11 05:30:11,IMPS,DEBIT,8773.38,ECOMMERCE,BRANCH,PAYMENTS
TXN000001846,ACC0004167,2026-03-12 08:41:26,ATM_WITHDRAWAL,DEBIT,666.17,TRAVEL,BRANCH,PAYMENTS
TXN000001847,ACC0003601,2026-03-16 22:13:09,UPI,DEBIT,2422.41,ECOMMERCE,WEB,PAYMENTS
TXN000001848,ACC0003965,2026-08-12 05:51:20,IMPS,CREDIT,2550.7,TRAVEL,BRANCH,PAYMENTS
TXN000001849,ACC0003963,2026-09-17 14:47:26,ATM_WITHDRAWAL,CREDIT,4289.3,TRAVEL,POS,PAYMENTS
TXN000001850,ACC0000713,2026-03-23 12:23:16,ATM_WITHDRAWAL,CREDIT,4723.98,UTILITIES,ATM,PAYMENTS
TXN000001851,ACC0003361,2026-07-21 12:22:49,NEFT,DEBIT,4287.99,GROCERY,ATM,PAYMENTS
TXN000001852,ACC0002281,2026-01-08 07:48:58,NEFT,CREDIT,2715.81,GROCERY,POS,PAYMENTS
TXN000001853,ACC0000897,2026-09-19 20:11:02,ATM_WITHDRAWAL,CREDIT,8716.17,UTILITIES,POS,PAYMENTS
TXN000001854,ACC0002792,2026-02-07 21:13:51,ATM_WITHDRAWAL,CREDIT,8629.42,GROCERY,POS,PAYMENTS
TXN000001855,ACC0003643,2026-07-02 16:07:48,UPI,CREDIT,6390.39,FUEL,ATM,PAYMENTS
TXN000001856,ACC0002327,2026-06-19 07:35:57,CARD_PURCHASE,CREDIT,9846.47,FUEL,BRANCH,PAYMENTS
TXN000001857,ACC0001408,2026-03-27 10:09:40,CARD_PURCHASE,DEBIT,2913.23,CASH,POS,PAYMENTS
TXN000001858,ACC0000006,2026-02-26 06:01:05,NEFT,CREDIT,7619.27,UTILITIES,MOBILE,PAYMENTS
TXN000001859,ACC0002905,2026-01-23 18:42:07,ATM_WITHDRAWAL,CREDIT,21759.57,ECOMMERCE,WEB,PAYMENTS
TXN000001860,ACC0001315,2026-02-06 18:32:35,ATM_WITHDRAWAL,CREDIT,7312.45,GROCERY,ATM,PAYMENTS
TXN000001861,ACC0002999,2026-05-07 15:43:07,NEFT,CREDIT,4039.83,GROCERY,WEB,PAYMENTS
TXN000001862,ACC0002128,2026-05-14 06:09:57,NEFT,CREDIT,19493.74,TRAVEL,BRANCH,PAYMENTS
TXN000001863,ACC0000041,2026-02-09 18:51:04,NEFT,DEBIT,12893.41,UTILITIES,POS,PAYMENTS
TXN000001864,ACC0001166,2026-02-17 15:12:39,NEFT,CREDIT,1025.5,TRANSFER,WEB,PAYMENTS
TXN000001865,ACC0000016,2026-06-03 08:08:25,CASH_DEPOSIT,DEBIT,23070.52,FUEL,POS,PAYMENTS
TXN000001866,ACC0004106,2026-01-10 16:03:01,CARD_PURCHASE,DEBIT,11612.06,GROCERY,WEB,PAYMENTS
TXN000001867,ACC0002849,2026-07-19 07:47:48,CASH_DEPOSIT,DEBIT,30004.03,GROCERY,WEB,PAYMENTS
TXN000001868,ACC0003542,2026-04-17 06:02:22,ATM_WITHDRAWAL,CREDIT,41260.04,TRANSFER,BRANCH,PAYMENTS
TXN000001869,ACC0003977,2026-08-05 03:45:42,UPI,CREDIT,2333.28,FUEL,MOBILE,PAYMENTS
TXN000001870,ACC0001553,2026-03-20 01:17:36,ATM_WITHDRAWAL,DEBIT,4736.77,ECOMMERCE,BRANCH,PAYMENTS
TXN000001871,ACC0002110,2026-08-23 10:49:13,CASH_DEPOSIT,DEBIT,6187.68,ECOMMERCE,BRANCH,PAYMENTS
TXN000001872,ACC0003873,2026-04-20 02:33:37,ATM_WITHDRAWAL,DEBIT,9716.25,FUEL,BRANCH,PAYMENTS
TXN000001873,ACC0004233,2026-01-30 21:10:51,CASH_DEPOSIT,CREDIT,9666.02,TRAVEL,WEB,PAYMENTS
TXN000001874,ACC0004329,2026-09-18 12:28:20,UPI,DEBIT,4393.54,UTILITIES,BRANCH,PAYMENTS
TXN000001875,ACC0001213,2026-04-05 15:31:08,ATM_WITHDRAWAL,CREDIT,19786.99,CASH,MOBILE,PAYMENTS
TXN000001876,ACC0002483,2026-04-04 08:45:51,NEFT,CREDIT,22350.23,CASH,WEB,PAYMENTS
TXN000001877,ACC0000331,2026-07-12 07:37:53,CARD_PURCHASE,CREDIT,1974.55,ECOMMERCE,WEB,PAYMENTS
TXN000001878,ACC0002244,2026-03-28 15:46:10,NEFT,DEBIT,2643.03,TRAVEL,POS,PAYMENTS
TXN000001879,ACC0002404,2026-04-13 00:24:31,ATM_WITHDRAWAL,DEBIT,13165.75,GROCERY,ATM,PAYMENTS
TXN000001880,ACC0002638,2026-04-15 04:14:28,CASH_DEPOSIT,CREDIT,1130.81,CASH,ATM,PAYMENTS
TXN000001881,ACC0000565,2026-04-13 07:19:54,NEFT,DEBIT,1536.87,FUEL,MOBILE,PAYMENTS
TXN000001882,ACC0003819,2026-05-03 06:12:37,IMPS,DEBIT,6444.87,UTILITIES,WEB,PAYMENTS
TXN000001883,ACC0000990,2026-06-11 13:48:29,ATM_WITHDRAWAL,CREDIT,7636.6,UTILITIES,MOBILE,PAYMENTS
TXN000001884,ACC0001225,2026-06-06 23:26:40,CARD_PURCHASE,CREDIT,9983.33,TRAVEL,POS,PAYMENTS
TXN000001885,ACC0003495,2026-09-06 01:16:20,NEFT,CREDIT,2238.75,GROCERY,BRANCH,PAYMENTS
TXN000001886,ACC0000889,2026-08-03 04:49:00,UPI,DEBIT,7339.16,UTILITIES,WEB,PAYMENTS
TXN000001887,ACC0002207,2026-05-01 04:59:37,CARD_PURCHASE,CREDIT,6726.86,TRAVEL,BRANCH,PAYMENTS
TXN000001888,ACC0003553,2026-05-02 09:02:32,NEFT,CREDIT,1304.16,TRANSFER,WEB,PAYMENTS
TXN000001889,ACC0000898,2026-09-17 16:29:09,CARD_PURCHASE,CREDIT,528.99,TRANSFER,POS,PAYMENTS
TXN000001890,ACC0004272,2026-06-11 07:47:03,CASH_DEPOSIT,DEBIT,6554.27,CASH,ATM,PAYMENTS
TXN000001891,ACC0003840,2026-04-03 07:06:54,IMPS,DEBIT,5820.9,TRANSFER,POS,PAYMENTS
TXN000001892,ACC0001415,2026-08-02 03:50:09,CARD_PURCHASE,CREDIT,1505.8,ECOMMERCE,POS,PAYMENTS
TXN000001893,ACC0002620,2026-06-15 16:05:46,CARD_PURCHASE,DEBIT,2228.37,FUEL,WEB,PAYMENTS
TXN000001894,ACC0004625,2026-03-16 19:32:47,CASH_DEPOSIT,CREDIT,3792.21,FUEL,ATM,PAYMENTS
TXN000001895,ACC0004610,2026-05-10 21:42:08,CASH_DEPOSIT,CREDIT,11028.73,TRAVEL,MOBILE,PAYMENTS
TXN000001896,ACC0002090,2026-07-22 14:11:08,NEFT,DEBIT,1667.46,CASH,POS,PAYMENTS
TXN000001897,ACC0001006,2026-08-13 23:01:28,CARD_PURCHASE,DEBIT,3449.68,TRAVEL,POS,PAYMENTS
TXN000001898,ACC0002867,2026-09-12 18:18:12,UPI,CREDIT,2068.13,UTILITIES,BRANCH,PAYMENTS
TXN000001899,ACC0004902,2026-01-10 07:16:39,NEFT,DEBIT,5765.57,UTILITIES,BRANCH,PAYMENTS
TXN000001900,ACC0003386,2026-07-05 12:24:40,IMPS,DEBIT,1316.04,GROCERY,MOBILE,PAYMENTS
TXN000001901,ACC0003226,2026-05-25 16:43:57,CARD_PURCHASE,CREDIT,3836.27,GROCERY,ATM,PAYMENTS
TXN000001902,ACC0000508,2026-02-27 16:28:47,NEFT,CREDIT,2036.44,CASH,ATM,PAYMENTS
TXN000001903,ACC0003629,2026-07-08 19:55:10,IMPS,CREDIT,8401.4,TRANSFER,POS,PAYMENTS
TXN000001904,ACC0003918,2026-08-30 18:03:33,IMPS,DEBIT,11156.45,TRANSFER,BRANCH,PAYMENTS
TXN000001905,ACC0000238,2026-04-20 11:22:03,CARD_PURCHASE,CREDIT,3263.52,TRAVEL,MOBILE,PAYMENTS
TXN000001906,ACC0002501,2026-01-12 17:09:09,IMPS,DEBIT,1553.09,CASH,ATM,PAYMENTS
TXN000001907,ACC0000971,2026-01-30 03:52:20,IMPS,DEBIT,8191.44,UTILITIES,BRANCH,PAYMENTS
TXN000001908,ACC0003952,2026-09-18 23:14:12,CASH_DEPOSIT,CREDIT,14419.18,CASH,MOBILE,PAYMENTS
TXN000001909,ACC0001015,2026-03-05 21:23:19,CASH_DEPOSIT,CREDIT,5608.8,GROCERY,MOBILE,PAYMENTS
TXN000001910,ACC0002201,2026-05-04 12:52:39,CASH_DEPOSIT,CREDIT,10391.49,FUEL,WEB,PAYMENTS
TXN000001911,ACC0003635,2026-04-17 22:18:15,UPI,CREDIT,17696.81,GROCERY,MOBILE,PAYMENTS
TXN000001912,ACC0001687,2026-08-26 23:30:17,UPI,CREDIT,10780.38,ECOMMERCE,MOBILE,PAYMENTS
TXN000001913,ACC0004085,2026-05-22 04:33:34,CARD_PURCHASE,CREDIT,26778.16,FUEL,WEB,PAYMENTS
TXN000001914,ACC0001364,2026-07-16 03:15:35,CASH_DEPOSIT,DEBIT,7087.33,UTILITIES,BRANCH,PAYMENTS
TXN000001915,ACC0001291,2026-07-30 06:00:00,IMPS,DEBIT,7193.63,UTILITIES,ATM,PAYMENTS
TXN000001916,ACC0003998,2026-06-15 16:21:01,CASH_DEPOSIT,DEBIT,7701.87,TRANSFER,POS,PAYMENTS
TXN000001917,ACC0001173,2026-09-21 12:41:35,CASH_DEPOSIT,DEBIT,748.19,CASH,POS,PAYMENTS
TXN000001918,ACC0003544,2026-01-28 16:02:55,ATM_WITHDRAWAL,CREDIT,10937.13,FUEL,POS,PAYMENTS
TXN000001919,ACC0004882,2026-04-30 12:42:03,ATM_WITHDRAWAL,CREDIT,1873.57,GROCERY,POS,PAYMENTS
TXN000001920,ACC0000393,2026-07-14 03:34:08,IMPS,CREDIT,1111.97,CASH,WEB,PAYMENTS
TXN000001921,ACC0001625,2026-05-04 18:43:13,UPI,DEBIT,5960.3,GROCERY,POS,PAYMENTS
TXN000001922,ACC0004036,2026-05-12 05:20:05,UPI,DEBIT,4612.36,CASH,ATM,PAYMENTS
TXN000001923,ACC0001800,2026-03-16 03:59:00,ATM_WITHDRAWAL,CREDIT,3647.96,GROCERY,ATM,PAYMENTS
TXN000001924,ACC0000619,2026-02-11 11:22:24,UPI,CREDIT,7289.42,ECOMMERCE,POS,PAYMENTS
TXN000001925,ACC0001732,2026-06-10 14:05:34,UPI,DEBIT,2183.11,TRANSFER,WEB,PAYMENTS
TXN000001926,ACC0001932,2026-05-19 22:17:01,NEFT,CREDIT,7657.12,TRAVEL,MOBILE,PAYMENTS
TXN000001927,ACC0003656,2026-05-02 12:55:26,IMPS,CREDIT,33488.73,UTILITIES,ATM,PAYMENTS
TXN000001928,ACC0002112,2026-03-14 16:27:05,UPI,CREDIT,1732.06,UTILITIES,ATM,PAYMENTS
TXN000001929,ACC0003388,2026-01-14 13:18:11,UPI,DEBIT,2371.38,GROCERY,MOBILE,PAYMENTS
TXN000001930,ACC0003896,2026-07-27 07:51:33,ATM_WITHDRAWAL,DEBIT,1138.52,TRANSFER,ATM,PAYMENTS
TXN000001931,ACC0000440,2026-08-11 12:03:51,IMPS,DEBIT,29550.34,ECOMMERCE,BRANCH,PAYMENTS
TXN000001932,ACC0003938,2026-03-06 01:09:57,NEFT,DEBIT,9475.31,TRAVEL,POS,PAYMENTS
TXN000001933,ACC0000394,2026-07-04 22:39:00,IMPS,DEBIT,8291.08,ECOMMERCE,MOBILE,PAYMENTS
TXN000001934,ACC0000119,2026-05-03 21:40:48,CASH_DEPOSIT,CREDIT,17352.16,GROCERY,ATM,PAYMENTS
TXN000001935,ACC0003339,2026-03-14 03:31:37,NEFT,CREDIT,5745.25,CASH,MOBILE,PAYMENTS
TXN000001936,ACC0003459,2026-03-22 23:08:46,IMPS,DEBIT,4272.05,UTILITIES,ATM,PAYMENTS
TXN000001937,ACC0001639,2026-08-29 16:11:24,CARD_PURCHASE,DEBIT,1957.59,TRAVEL,ATM,PAYMENTS
TXN000001938,ACC0002493,2026-07-04 20:17:12,ATM_WITHDRAWAL,DEBIT,9263.11,UTILITIES,MOBILE,PAYMENTS
TXN000001939,ACC0001963,2026-06-03 19:16:14,UPI,DEBIT,2612.46,ECOMMERCE,POS,PAYMENTS
TXN000001940,ACC0002561,2026-07-04 19:58:15,CARD_PURCHASE,DEBIT,10824.76,ECOMMERCE,WEB,PAYMENTS
TXN000001941,ACC0004509,2026-08-17 23:03:13,CARD_PURCHASE,CREDIT,5018.29,TRAVEL,MOBILE,PAYMENTS
TXN000001942,ACC0003493,2026-06-17 19:26:17,CARD_PURCHASE,DEBIT,12852.19,UTILITIES,ATM,PAYMENTS
TXN000001943,ACC0003923,2026-08-03 22:32:33,CARD_PURCHASE,DEBIT,52722.24,TRAVEL,POS,PAYMENTS
TXN000001944,ACC0004777,2026-09-09 21:56:00,NEFT,DEBIT,3209.0,TRAVEL,BRANCH,PAYMENTS
TXN000001945,ACC0003070,2026-09-21 17:39:59,NEFT,CREDIT,3346.71,CASH,WEB,PAYMENTS
TXN000001946,ACC0004330,2026-01-02 05:53:04,UPI,CREDIT,1694.76,UTILITIES,POS,PAYMENTS
TXN000001947,ACC0000649,2026-02-02 10:03:53,UPI,DEBIT,10347.11,TRAVEL,ATM,PAYMENTS
TXN000001948,ACC0002711,2026-08-22 08:32:11,CARD_PURCHASE,CREDIT,16017.68,UTILITIES,BRANCH,PAYMENTS
TXN000001949,ACC0000879,2026-02-25 19:38:37,NEFT,CREDIT,2590.93,TRANSFER,POS,PAYMENTS
TXN000001950,ACC0003526,2026-06-02 17:53:03,IMPS,CREDIT,3288.15,TRANSFER,MOBILE,PAYMENTS
TXN000001951,ACC0003211,2026-07-25 16:09:58,CARD_PURCHASE,DEBIT,963.43,UTILITIES,ATM,PAYMENTS
TXN000001952,ACC0004805,2026-01-15 04:44:37,NEFT,CREDIT,12526.05,GROCERY,MOBILE,PAYMENTS
TXN000001953,ACC0003483,2026-05-08 14:26:11,UPI,DEBIT,2886.16,ECOMMERCE,BRANCH,PAYMENTS
TXN000001954,ACC0002776,2026-03-03 20:50:05,NEFT,CREDIT,1214.65,UTILITIES,MOBILE,PAYMENTS
TXN000001955,ACC0004226,2026-01-10 02:31:39,NEFT,DEBIT,5821.43,ECOMMERCE,ATM,PAYMENTS
TXN000001956,ACC0003068,2026-07-02 04:04:20,NEFT,DEBIT,6966.61,ECOMMERCE,MOBILE,PAYMENTS
TXN000001957,ACC0003076,2026-04-05 03:56:03,CASH_DEPOSIT,CREDIT,4336.11,GROCERY,ATM,PAYMENTS
TXN000001958,ACC0003301,2026-03-01 13:16:56,ATM_WITHDRAWAL,CREDIT,1796.43,ECOMMERCE,BRANCH,PAYMENTS
TXN000001959,ACC0003831,2026-09-09 22:39:52,IMPS,DEBIT,1199.09,GROCERY,WEB,PAYMENTS
TXN000001960,ACC0004338,2026-01-03 13:58:27,CARD_PURCHASE,CREDIT,1579.72,TRANSFER,MOBILE,PAYMENTS
TXN000001961,ACC0001591,2026-06-26 08:24:17,IMPS,DEBIT,6349.71,TRAVEL,ATM,PAYMENTS
TXN000001962,ACC0004416,2026-06-24 05:40:37,UPI,CREDIT,2832.18,GROCERY,POS,PAYMENTS
TXN000001963,ACC0000607,2026-05-14 02:01:53,ATM_WITHDRAWAL,DEBIT,783.36,TRAVEL,POS,PAYMENTS
TXN000001964,ACC0002180,2026-07-02 03:52:44,IMPS,DEBIT,3945.21,UTILITIES,POS,PAYMENTS
TXN000001965,ACC0003813,2026-07-12 16:52:33,UPI,DEBIT,43052.16,GROCERY,POS,PAYMENTS
TXN000001966,ACC0002637,2026-08-07 17:39:05,UPI,CREDIT,2871.63,FUEL,WEB,PAYMENTS
TXN000001967,ACC0002881,2026-03-11 07:09:43,ATM_WITHDRAWAL,CREDIT,4355.03,ECOMMERCE,POS,PAYMENTS
TXN000001968,ACC0002750,2026-03-18 09:11:15,UPI,CREDIT,2378.82,ECOMMERCE,ATM,PAYMENTS
TXN000001969,ACC0004436,2026-08-14 02:26:49,NEFT,CREDIT,1844.91,TRAVEL,MOBILE,PAYMENTS
TXN000001970,ACC0002845,2026-04-21 17:07:02,NEFT,DEBIT,2071.29,GROCERY,POS,PAYMENTS
TXN000001971,ACC0004707,2026-01-07 19:55:43,CARD_PURCHASE,DEBIT,3359.65,UTILITIES,BRANCH,PAYMENTS
TXN000001972,ACC0000653,2026-07-11 14:27:27,CARD_PURCHASE,CREDIT,5801.26,CASH,BRANCH,PAYMENTS
TXN000001973,ACC0000157,2026-07-13 08:37:29,CARD_PURCHASE,DEBIT,457.7,GROCERY,MOBILE,PAYMENTS
TXN000001974,ACC0002610,2026-01-15 14:15:22,NEFT,DEBIT,17332.66,TRANSFER,BRANCH,PAYMENTS
TXN000001975,ACC0004319,2026-08-12 20:40:36,UPI,DEBIT,2045.14,TRANSFER,ATM,PAYMENTS
TXN000001976,ACC0002180,2026-06-09 00:53:15,ATM_WITHDRAWAL,CREDIT,3685.73,TRANSFER,MOBILE,PAYMENTS
TXN000001977,ACC0000818,2026-03-21 05:01:09,NEFT,DEBIT,978.78,TRANSFER,POS,PAYMENTS
TXN000001978,ACC0001596,2026-03-14 03:55:52,UPI,DEBIT,1301.51,TRAVEL,POS,PAYMENTS
TXN000001979,ACC0001379,2026-03-10 21:26:02,UPI,CREDIT,2890.14,FUEL,ATM,PAYMENTS
TXN000001980,ACC0003277,2026-06-02 13:25:35,IMPS,CREDIT,5273.31,ECOMMERCE,WEB,PAYMENTS
TXN000001981,ACC0003953,2026-01-22 05:19:08,UPI,CREDIT,3186.58,GROCERY,WEB,PAYMENTS
TXN000001982,ACC0001804,2026-05-02 02:04:07,UPI,CREDIT,5437.83,ECOMMERCE,POS,PAYMENTS
TXN000001983,ACC0002431,2026-09-04 09:04:12,IMPS,DEBIT,7367.48,TRAVEL,ATM,PAYMENTS
TXN000001984,ACC0000497,2026-04-27 05:55:53,CARD_PURCHASE,CREDIT,1611.25,CASH,MOBILE,PAYMENTS
TXN000001985,ACC0001016,2026-06-24 13:23:05,CARD_PURCHASE,DEBIT,8658.43,TRANSFER,POS,PAYMENTS
TXN000001986,ACC0002977,2026-07-26 12:08:46,CASH_DEPOSIT,DEBIT,8308.53,UTILITIES,POS,PAYMENTS
TXN000001987,ACC0001199,2026-05-19 19:54:34,CASH_DEPOSIT,CREDIT,16764.83,GROCERY,BRANCH,PAYMENTS
TXN000001988,ACC0003709,2026-03-03 06:28:17,NEFT,DEBIT,2440.75,CASH,BRANCH,PAYMENTS
TXN000001989,ACC0002265,2026-05-29 06:05:27,UPI,CREDIT,19158.28,FUEL,POS,PAYMENTS
TXN000001990,ACC0002707,2026-08-03 23:15:57,ATM_WITHDRAWAL,DEBIT,1061.04,ECOMMERCE,POS,PAYMENTS
TXN000001991,ACC0001933,2026-05-09 21:07:22,CARD_PURCHASE,CREDIT,3015.69,GROCERY,MOBILE,PAYMENTS
TXN000001992,ACC0003179,2026-05-04 09:56:08,UPI,CREDIT,2897.62,GROCERY,WEB,PAYMENTS
TXN000001993,ACC0002851,2026-08-18 17:00:05,CARD_PURCHASE,DEBIT,4080.82,FUEL,BRANCH,PAYMENTS
TXN000001994,ACC0001066,2026-05-25 05:47:50,IMPS,CREDIT,12438.51,UTILITIES,POS,PAYMENTS
TXN000001995,ACC0002222,2026-06-24 23:27:09,NEFT,CREDIT,12731.89,ECOMMERCE,BRANCH,PAYMENTS
TXN000001996,ACC0003763,2026-08-26 00:51:20,ATM_WITHDRAWAL,DEBIT,2173.94,UTILITIES,WEB,PAYMENTS
TXN000001997,ACC0004635,2026-07-28 06:19:52,NEFT,DEBIT,2668.43,CASH,ATM,PAYMENTS
TXN000001998,ACC0004675,2026-08-23 22:21:48,UPI,CREDIT,2677.66,ECOMMERCE,WEB,PAYMENTS
TXN000001999,ACC0002402,2026-06-21 23:15:07,IMPS,DEBIT,23485.35,CASH,WEB,PAYMENTS
TXN000002000,ACC0004502,2026-08-18 00:00:14,NEFT,DEBIT,5835.63,UTILITIES,POS,PAYMENTS
TXN000002001,ACC0001914,2026-07-12 12:48:19,CASH_DEPOSIT,CREDIT,3011.05,FUEL,BRANCH,PAYMENTS
TXN000002002,ACC0001657,2026-08-05 22:39:58,CASH_DEPOSIT,CREDIT,709.95,GROCERY,POS,PAYMENTS
TXN000002003,ACC0001372,2026-07-28 06:03:41,ATM_WITHDRAWAL,CREDIT,4146.03,TRAVEL,BRANCH,PAYMENTS
TXN000002004,ACC0004389,2026-04-14 19:34:08,CARD_PURCHASE,DEBIT,7765.88,TRAVEL,WEB,PAYMENTS
TXN000002005,ACC0000444,2026-02-05 10:01:35,ATM_WITHDRAWAL,CREDIT,1873.3,TRAVEL,BRANCH,PAYMENTS
TXN000002006,ACC0004061,2026-04-08 03:09:26,CARD_PURCHASE,CREDIT,6146.5,UTILITIES,ATM,PAYMENTS
TXN000002007,ACC0002727,2026-07-19 17:54:33,IMPS,DEBIT,4673.56,TRANSFER,MOBILE,PAYMENTS
TXN000002008,ACC0001800,2026-01-22 00:14:45,CASH_DEPOSIT,CREDIT,16915.99,TRANSFER,POS,PAYMENTS
TXN000002009,ACC0002529,2026-07-24 19:30:26,IMPS,CREDIT,9247.97,TRAVEL,BRANCH,PAYMENTS
TXN000002010,ACC0003913,2026-01-28 16:35:16,CASH_DEPOSIT,CREDIT,3180.39,GROCERY,MOBILE,PAYMENTS
TXN000002011,ACC0002136,2026-07-25 07:33:50,IMPS,DEBIT,7511.72,CASH,POS,PAYMENTS
TXN000002012,ACC0001601,2026-04-19 23:46:01,UPI,CREDIT,3371.08,UTILITIES,WEB,PAYMENTS
TXN000002013,ACC0002038,2026-02-15 21:46:46,UPI,DEBIT,2129.46,GROCERY,BRANCH,PAYMENTS
TXN000002014,ACC0003063,2026-02-28 08:36:38,NEFT,CREDIT,5933.86,UTILITIES,ATM,PAYMENTS
TXN000002015,ACC0002434,2026-07-21 23:43:29,ATM_WITHDRAWAL,CREDIT,1282.32,TRAVEL,BRANCH,PAYMENTS
TXN000002016,ACC0003389,2026-02-05 22:06:50,UPI,DEBIT,888.91,GROCERY,WEB,PAYMENTS
TXN000002017,ACC0004546,2026-07-08 18:20:21,CASH_DEPOSIT,DEBIT,5158.8,ECOMMERCE,WEB,PAYMENTS
TXN000002018,ACC0002629,2026-02-19 04:00:12,CARD_PURCHASE,CREDIT,5018.36,GROCERY,ATM,PAYMENTS
TXN000002019,ACC0004733,2026-01-09 21:33:34,CARD_PURCHASE,DEBIT,252.92,UTILITIES,WEB,PAYMENTS
TXN000002020,ACC0004065,2026-05-27 23:11:42,ATM_WITHDRAWAL,CREDIT,9734.94,TRAVEL,MOBILE,PAYMENTS
TXN000002021,ACC0003723,2026-04-01 11:15:45,IMPS,CREDIT,2136.12,FUEL,ATM,PAYMENTS
TXN000002022,ACC0001975,2026-07-17 05:05:50,CARD_PURCHASE,DEBIT,1742.27,FUEL,POS,PAYMENTS
TXN000002023,ACC0000507,2026-02-03 00:40:42,CARD_PURCHASE,CREDIT,1616.48,GROCERY,POS,PAYMENTS
TXN000002024,ACC0003036,2026-06-16 21:01:43,NEFT,DEBIT,1971.16,FUEL,MOBILE,PAYMENTS
TXN000002025,ACC0004472,2026-01-02 23:41:41,CARD_PURCHASE,CREDIT,1196.63,TRANSFER,WEB,PAYMENTS
TXN000002026,ACC0000993,2026-03-31 16:50:12,CASH_DEPOSIT,DEBIT,1259.33,ECOMMERCE,MOBILE,PAYMENTS
TXN000002027,ACC0000921,2026-09-17 20:50:35,CASH_DEPOSIT,DEBIT,778.24,UTILITIES,BRANCH,PAYMENTS
TXN000002028,ACC0003760,2026-05-24 15:33:04,CARD_PURCHASE,CREDIT,396.1,UTILITIES,WEB,PAYMENTS
TXN000002029,ACC0000202,2026-03-03 07:15:34,CASH_DEPOSIT,DEBIT,2299.66,ECOMMERCE,POS,PAYMENTS
TXN000002030,ACC0001632,2026-02-06 00:56:31,CARD_PURCHASE,CREDIT,3448.86,TRANSFER,BRANCH,PAYMENTS
TXN000002031,ACC0001235,2026-02-24 00:07:45,CARD_PURCHASE,CREDIT,1014.25,TRANSFER,ATM,PAYMENTS
TXN000002032,ACC0004796,2026-06-12 01:07:22,IMPS,CREDIT,163045.59,CASH,WEB,PAYMENTS
TXN000002033,ACC0003859,2026-08-27 13:35:33,CARD_PURCHASE,DEBIT,1038.66,CASH,WEB,PAYMENTS
TXN000002034,ACC0002219,2026-06-03 06:51:59,ATM_WITHDRAWAL,DEBIT,2836.19,CASH,WEB,PAYMENTS
TXN000002035,ACC0003898,2026-07-29 13:59:12,NEFT,DEBIT,1063.05,FUEL,POS,PAYMENTS
TXN000002036,ACC0004141,2026-08-05 23:48:49,CASH_DEPOSIT,CREDIT,66516.49,ECOMMERCE,POS,PAYMENTS
TXN000002037,ACC0001324,2026-01-23 15:36:47,IMPS,CREDIT,6397.89,ECOMMERCE,POS,PAYMENTS
TXN000002038,ACC0001534,2026-02-19 08:37:24,CARD_PURCHASE,CREDIT,25142.38,GROCERY,ATM,PAYMENTS
TXN000002039,ACC0003465,2026-03-24 23:59:06,UPI,CREDIT,10623.07,GROCERY,BRANCH,PAYMENTS
TXN000002040,ACC0003046,2026-04-10 15:17:27,IMPS,DEBIT,247.83,ECOMMERCE,POS,PAYMENTS
TXN000002041,ACC0002932,2026-06-12 08:50:12,ATM_WITHDRAWAL,CREDIT,1456.48,CASH,WEB,PAYMENTS
TXN000002042,ACC0000257,2026-06-19 02:49:59,CASH_DEPOSIT,CREDIT,3469.6,FUEL,BRANCH,PAYMENTS
TXN000002043,ACC0003952,2026-05-22 09:53:51,UPI,DEBIT,4297.92,UTILITIES,BRANCH,PAYMENTS
TXN000002044,ACC0001509,2026-09-06 20:13:57,CASH_DEPOSIT,DEBIT,1314.63,FUEL,POS,PAYMENTS
TXN000002045,ACC0004231,2026-07-03 12:27:02,IMPS,DEBIT,1132.95,CASH,MOBILE,PAYMENTS
TXN000002046,ACC0000836,2026-03-16 15:21:13,CASH_DEPOSIT,DEBIT,2471.15,CASH,BRANCH,PAYMENTS
TXN000002047,ACC0004726,2026-09-16 13:49:45,CASH_DEPOSIT,CREDIT,843.42,UTILITIES,POS,PAYMENTS
TXN000002048,ACC0000058,2026-04-19 15:08:15,CARD_PURCHASE,CREDIT,7790.99,FUEL,POS,PAYMENTS
TXN000002049,ACC0003515,2026-04-11 06:20:06,NEFT,DEBIT,14731.75,FUEL,ATM,PAYMENTS
TXN000002050,ACC0000615,2026-02-04 23:08:13,CASH_DEPOSIT,CREDIT,7162.25,GROCERY,WEB,PAYMENTS
TXN000002051,ACC0003891,2026-05-18 17:17:32,UPI,CREDIT,15897.7,GROCERY,MOBILE,PAYMENTS
TXN000002052,ACC0002452,2026-05-18 18:47:39,ATM_WITHDRAWAL,DEBIT,3500.94,ECOMMERCE,POS,PAYMENTS
TXN000002053,ACC0001252,2026-02-05 15:14:24,CASH_DEPOSIT,DEBIT,2416.91,CASH,WEB,PAYMENTS
TXN000002054,ACC0004571,2026-06-15 13:08:32,ATM_WITHDRAWAL,CREDIT,12535.31,GROCERY,POS,PAYMENTS
TXN000002055,ACC0001921,2026-06-12 10:01:04,IMPS,CREDIT,1785.08,GROCERY,POS,PAYMENTS
TXN000002056,ACC0002632,2026-02-22 02:50:30,NEFT,DEBIT,4479.78,UTILITIES,ATM,PAYMENTS
TXN000002057,ACC0001444,2026-07-17 10:59:20,CASH_DEPOSIT,CREDIT,1855.47,CASH,WEB,PAYMENTS
TXN000002058,ACC0000321,2026-05-23 01:01:52,IMPS,DEBIT,19024.9,TRAVEL,ATM,PAYMENTS
TXN000002059,ACC0004639,2026-05-25 19:37:04,CARD_PURCHASE,DEBIT,13091.79,FUEL,WEB,PAYMENTS
TXN000002060,ACC0001977,2026-08-25 22:55:39,IMPS,DEBIT,1030.25,ECOMMERCE,WEB,PAYMENTS
TXN000002061,ACC0001399,2026-09-09 04:46:32,UPI,CREDIT,4123.83,TRANSFER,BRANCH,PAYMENTS
TXN000002062,ACC0001748,2026-06-30 02:23:39,NEFT,CREDIT,803.34,CASH,MOBILE,PAYMENTS
TXN000002063,ACC0001244,2026-05-10 04:13:51,ATM_WITHDRAWAL,DEBIT,786.87,TRAVEL,ATM,PAYMENTS
TXN000002064,ACC0004879,2026-06-07 18:48:39,UPI,DEBIT,6517.67,UTILITIES,WEB,PAYMENTS
TXN000002065,ACC0001952,2026-02-17 09:12:44,UPI,DEBIT,20719.47,FUEL,MOBILE,PAYMENTS
TXN000002066,ACC0002841,2026-04-11 18:46:37,UPI,CREDIT,2069.03,UTILITIES,POS,PAYMENTS
TXN000002067,ACC0003992,2026-03-13 14:36:18,UPI,DEBIT,10433.65,FUEL,ATM,PAYMENTS
TXN000002068,ACC0000691,2026-04-17 12:24:38,UPI,DEBIT,3275.69,FUEL,ATM,PAYMENTS
TXN000002069,ACC0001803,2026-06-18 03:17:01,CASH_DEPOSIT,CREDIT,1297.1,FUEL,MOBILE,PAYMENTS
TXN000002070,ACC0000063,2026-07-22 21:33:17,CASH_DEPOSIT,CREDIT,659.31,TRANSFER,MOBILE,PAYMENTS
TXN000002071,ACC0000506,2026-05-30 14:48:30,CARD_PURCHASE,DEBIT,5346.24,TRANSFER,WEB,PAYMENTS
TXN000002072,ACC0000383,2026-02-20 12:21:55,IMPS,DEBIT,2402.98,ECOMMERCE,ATM,PAYMENTS
TXN000002073,ACC0003839,2026-03-23 18:06:25,CARD_PURCHASE,DEBIT,10643.32,TRAVEL,BRANCH,PAYMENTS
TXN000002074,ACC0000595,2026-07-12 07:34:55,ATM_WITHDRAWAL,DEBIT,2631.99,ECOMMERCE,BRANCH,PAYMENTS
TXN000002075,ACC0004030,2026-03-31 17:54:23,NEFT,DEBIT,13555.22,GROCERY,ATM,PAYMENTS
TXN000002076,ACC0000982,2026-09-06 11:01:58,IMPS,CREDIT,11945.91,ECOMMERCE,MOBILE,PAYMENTS
TXN000002077,ACC0004004,2026-05-04 16:20:30,CASH_DEPOSIT,DEBIT,5902.49,ECOMMERCE,WEB,PAYMENTS
TXN000002078,ACC0001255,2026-03-13 05:34:15,IMPS,CREDIT,7192.32,FUEL,WEB,PAYMENTS
TXN000002079,ACC0003975,2026-01-13 14:11:46,IMPS,CREDIT,728.99,CASH,ATM,PAYMENTS
TXN000002080,ACC0003939,2026-06-08 14:59:17,CARD_PURCHASE,DEBIT,6206.03,TRANSFER,MOBILE,PAYMENTS
TXN000002081,ACC0002501,2026-09-06 12:18:54,CARD_PURCHASE,CREDIT,1891.65,FUEL,MOBILE,PAYMENTS
TXN000002082,ACC0003176,2026-02-02 17:21:40,CARD_PURCHASE,DEBIT,17213.2,FUEL,MOBILE,PAYMENTS
TXN000002083,ACC0003631,2026-02-16 13:57:21,CASH_DEPOSIT,DEBIT,5775.02,TRAVEL,MOBILE,PAYMENTS
TXN000002084,ACC0003916,2026-05-07 17:51:25,CASH_DEPOSIT,DEBIT,2728.81,TRANSFER,POS,PAYMENTS
TXN000002085,ACC0002410,2026-06-27 18:33:11,NEFT,DEBIT,7393.41,CASH,ATM,PAYMENTS
TXN000002086,ACC0004275,2026-03-27 05:38:56,ATM_WITHDRAWAL,DEBIT,3738.29,CASH,MOBILE,PAYMENTS
TXN000002087,ACC0004796,2026-09-12 23:57:01,NEFT,CREDIT,1202.93,GROCERY,MOBILE,PAYMENTS
TXN000002088,ACC0004666,2026-01-28 12:40:13,ATM_WITHDRAWAL,DEBIT,3281.17,CASH,MOBILE,PAYMENTS
TXN000002089,ACC0000760,2026-07-07 04:46:55,UPI,CREDIT,5862.88,GROCERY,MOBILE,PAYMENTS
TXN000002090,ACC0002428,2026-02-05 14:23:12,NEFT,DEBIT,1963.09,UTILITIES,ATM,PAYMENTS
TXN000002091,ACC0004910,2026-08-04 15:31:53,ATM_WITHDRAWAL,CREDIT,150.24,TRANSFER,ATM,PAYMENTS
TXN000002092,ACC0000872,2026-06-06 22:00:36,NEFT,CREDIT,3224.13,UTILITIES,BRANCH,PAYMENTS
TXN000002093,ACC0002707,2026-05-25 15:16:26,UPI,CREDIT,567.67,FUEL,WEB,PAYMENTS
TXN000002094,ACC0001565,2026-09-07 06:21:46,NEFT,CREDIT,2368.21,GROCERY,ATM,PAYMENTS
TXN000002095,ACC0004824,2026-06-06 13:50:32,CASH_DEPOSIT,DEBIT,2704.5,GROCERY,ATM,PAYMENTS
TXN000002096,ACC0000168,2026-03-30 00:56:00,NEFT,DEBIT,3679.38,ECOMMERCE,ATM,PAYMENTS
TXN000002097,ACC0000951,2026-03-22 01:12:08,CASH_DEPOSIT,CREDIT,25534.33,FUEL,MOBILE,PAYMENTS
TXN000002098,ACC0002726,2026-02-25 04:41:10,ATM_WITHDRAWAL,CREDIT,3130.02,GROCERY,MOBILE,PAYMENTS
TXN000002099,ACC0003360,2026-02-22 08:30:07,NEFT,CREDIT,2837.61,TRANSFER,POS,PAYMENTS
TXN000002100,ACC0000264,2026-07-24 14:30:03,CASH_DEPOSIT,DEBIT,19045.39,ECOMMERCE,POS,PAYMENTS
TXN000002101,ACC0003241,2026-02-24 23:07:41,UPI,DEBIT,15840.57,ECOMMERCE,WEB,PAYMENTS
TXN000002102,ACC0004623,2026-02-08 07:24:26,NEFT,DEBIT,3677.52,TRANSFER,POS,PAYMENTS
TXN000002103,ACC0000800,2026-06-16 07:43:24,CARD_PURCHASE,DEBIT,3194.08,UTILITIES,BRANCH,PAYMENTS
TXN000002104,ACC0001454,2026-07-06 12:01:14,NEFT,CREDIT,1266.76,TRANSFER,MOBILE,PAYMENTS
TXN000002105,ACC0004543,2026-09-06 09:28:00,ATM_WITHDRAWAL,DEBIT,2325.19,CASH,MOBILE,PAYMENTS
TXN000002106,ACC0004518,2026-08-24 08:18:31,UPI,CREDIT,2074.57,CASH,ATM,PAYMENTS
TXN000002107,ACC0000914,2026-03-22 06:03:53,ATM_WITHDRAWAL,CREDIT,775.99,CASH,ATM,PAYMENTS
TXN000002108,ACC0000086,2026-07-26 04:01:25,UPI,CREDIT,984.92,GROCERY,ATM,PAYMENTS
TXN000002109,ACC0002494,2026-03-19 14:51:20,CASH_DEPOSIT,CREDIT,379.94,UTILITIES,ATM,PAYMENTS
TXN000002110,ACC0003393,2026-02-14 00:57:51,CARD_PURCHASE,CREDIT,3696.59,TRANSFER,WEB,PAYMENTS
TXN000002111,ACC0002907,2026-05-15 07:15:30,ATM_WITHDRAWAL,CREDIT,9636.12,ECOMMERCE,WEB,PAYMENTS
TXN000002112,ACC0004276,2026-03-20 15:15:39,CARD_PURCHASE,CREDIT,2298.66,CASH,WEB,PAYMENTS
TXN000002113,ACC0003447,2026-04-25 17:17:04,IMPS,DEBIT,14907.76,ECOMMERCE,WEB,PAYMENTS
TXN000002114,ACC0004970,2026-02-16 08:29:39,ATM_WITHDRAWAL,DEBIT,3015.21,CASH,MOBILE,PAYMENTS
TXN000002115,ACC0003898,2026-02-18 20:01:59,UPI,DEBIT,36085.85,CASH,MOBILE,PAYMENTS
TXN000002116,ACC0000226,2026-06-28 15:38:05,IMPS,CREDIT,9481.16,FUEL,MOBILE,PAYMENTS
TXN000002117,ACC0003858,2026-06-05 01:15:58,IMPS,DEBIT,4449.28,TRAVEL,POS,PAYMENTS
TXN000002118,ACC0001211,2026-01-17 17:33:59,IMPS,CREDIT,4933.73,TRAVEL,WEB,PAYMENTS
TXN000002119,ACC0004580,2026-03-06 14:36:56,ATM_WITHDRAWAL,CREDIT,804.3,UTILITIES,BRANCH,PAYMENTS
TXN000002120,ACC0003240,2026-02-02 21:50:54,CASH_DEPOSIT,CREDIT,4895.69,FUEL,MOBILE,PAYMENTS
TXN000002121,ACC0001380,2026-07-30 16:45:00,CARD_PURCHASE,CREDIT,8893.92,UTILITIES,ATM,PAYMENTS
TXN000002122,ACC0001417,2026-04-24 10:12:22,CASH_DEPOSIT,CREDIT,11895.81,UTILITIES,BRANCH,PAYMENTS
TXN000002123,ACC0003372,2026-08-07 22:19:21,CARD_PURCHASE,DEBIT,543.13,UTILITIES,ATM,PAYMENTS
TXN000002124,ACC0004919,2026-06-27 14:38:26,UPI,DEBIT,688.16,TRANSFER,ATM,PAYMENTS
TXN000002125,ACC0002440,2026-06-28 12:52:35,ATM_WITHDRAWAL,DEBIT,538.58,ECOMMERCE,POS,PAYMENTS
TXN000002126,ACC0004543,2026-06-15 10:36:56,CASH_DEPOSIT,CREDIT,11694.39,FUEL,BRANCH,PAYMENTS
TXN000002127,ACC0001480,2026-04-14 02:03:03,ATM_WITHDRAWAL,CREDIT,7355.24,TRAVEL,ATM,PAYMENTS
TXN000002128,ACC0000794,2026-08-17 12:53:18,CASH_DEPOSIT,CREDIT,2727.55,CASH,MOBILE,PAYMENTS
TXN000002129,ACC0002160,2026-05-24 10:25:28,CASH_DEPOSIT,DEBIT,8648.72,GROCERY,ATM,PAYMENTS
TXN000002130,ACC0004597,2026-07-15 23:30:37,CASH_DEPOSIT,DEBIT,14526.86,TRAVEL,POS,PAYMENTS
TXN000002131,ACC0001056,2026-01-18 12:35:40,IMPS,CREDIT,2244.9,UTILITIES,MOBILE,PAYMENTS
TXN000002132,ACC0003495,2026-01-18 02:14:09,CARD_PURCHASE,CREDIT,5254.2,FUEL,MOBILE,PAYMENTS
TXN000002133,ACC0001681,2026-06-19 14:39:39,NEFT,CREDIT,1067.09,UTILITIES,WEB,PAYMENTS
TXN000002134,ACC0004820,2026-07-14 20:46:53,CARD_PURCHASE,CREDIT,42898.7,ECOMMERCE,BRANCH,PAYMENTS
TXN000002135,ACC0004800,2026-01-15 02:28:47,ATM_WITHDRAWAL,CREDIT,10259.24,TRANSFER,POS,PAYMENTS
TXN000002136,ACC0000852,2026-06-04 21:56:28,NEFT,CREDIT,5612.6,ECOMMERCE,BRANCH,PAYMENTS
TXN000002137,ACC0002465,2026-06-19 18:55:20,NEFT,CREDIT,28357.27,TRANSFER,MOBILE,PAYMENTS
TXN000002138,ACC0000451,2026-09-12 03:31:13,IMPS,CREDIT,5545.31,GROCERY,WEB,PAYMENTS
TXN000002139,ACC0001486,2026-08-09 02:31:42,NEFT,DEBIT,7878.18,UTILITIES,POS,PAYMENTS
TXN000002140,ACC0001528,2026-08-25 13:42:13,CARD_PURCHASE,DEBIT,9509.08,CASH,POS,PAYMENTS
TXN000002141,ACC0001930,2026-03-09 15:46:04,CASH_DEPOSIT,CREDIT,1501.99,UTILITIES,ATM,PAYMENTS
TXN000002142,ACC0002727,2026-06-10 16:13:18,NEFT,DEBIT,2844.31,UTILITIES,BRANCH,PAYMENTS
TXN000002143,ACC0002117,2026-05-29 14:54:38,UPI,CREDIT,1782.59,GROCERY,WEB,PAYMENTS
TXN000002144,ACC0002918,2026-08-10 02:45:51,IMPS,CREDIT,15638.52,TRANSFER,ATM,PAYMENTS
TXN000002145,ACC0001989,2026-05-07 18:31:38,CASH_DEPOSIT,DEBIT,10176.35,GROCERY,ATM,PAYMENTS
TXN000002146,ACC0003327,2026-09-03 05:09:55,NEFT,DEBIT,6833.43,FUEL,BRANCH,PAYMENTS
TXN000002147,ACC0001779,2026-04-12 06:59:53,UPI,CREDIT,4349.77,ECOMMERCE,BRANCH,PAYMENTS
TXN000002148,ACC0004699,2026-07-17 00:22:31,CARD_PURCHASE,CREDIT,3165.49,FUEL,WEB,PAYMENTS
TXN000002149,ACC0002667,2026-09-12 19:49:12,CARD_PURCHASE,DEBIT,1489.66,FUEL,ATM,PAYMENTS
TXN000002150,ACC0003224,2026-09-01 04:49:55,NEFT,CREDIT,3858.39,UTILITIES,ATM,PAYMENTS
TXN000002151,ACC0004427,2026-01-22 12:41:20,ATM_WITHDRAWAL,CREDIT,4136.44,GROCERY,WEB,PAYMENTS
TXN000002152,ACC0000972,2026-03-22 00:53:43,ATM_WITHDRAWAL,CREDIT,19471.15,CASH,WEB,PAYMENTS
TXN000002153,ACC0000417,2026-01-19 14:39:14,NEFT,CREDIT,854.91,GROCERY,WEB,PAYMENTS
TXN000002154,ACC0004052,2026-02-19 13:29:58,IMPS,DEBIT,2639.64,GROCERY,POS,PAYMENTS
TXN000002155,ACC0001538,2026-08-29 10:23:04,CASH_DEPOSIT,DEBIT,1764.26,FUEL,MOBILE,PAYMENTS
TXN000002156,ACC0004325,2026-02-25 06:53:17,CASH_DEPOSIT,DEBIT,38714.65,CASH,BRANCH,PAYMENTS
TXN000002157,ACC0004275,2026-03-19 11:21:47,CARD_PURCHASE,DEBIT,2323.58,TRANSFER,POS,PAYMENTS
TXN000002158,ACC0002080,2026-08-05 19:21:14,CARD_PURCHASE,DEBIT,2591.83,CASH,POS,PAYMENTS
TXN000002159,ACC0001301,2026-05-29 18:29:59,CARD_PURCHASE,DEBIT,1650.21,UTILITIES,MOBILE,PAYMENTS
TXN000002160,ACC0000287,2026-05-21 07:05:22,CASH_DEPOSIT,DEBIT,1452.55,TRAVEL,BRANCH,PAYMENTS
TXN000002161,ACC0003615,2026-07-09 14:24:05,CARD_PURCHASE,CREDIT,299.85,TRANSFER,POS,PAYMENTS
TXN000002162,ACC0003979,2026-07-10 14:59:27,CASH_DEPOSIT,CREDIT,542.46,ECOMMERCE,POS,PAYMENTS
TXN000002163,ACC0001073,2026-03-11 23:28:27,CASH_DEPOSIT,DEBIT,1637.09,UTILITIES,MOBILE,PAYMENTS
TXN000002164,ACC0000979,2026-09-10 23:50:38,CASH_DEPOSIT,DEBIT,4554.17,FUEL,MOBILE,PAYMENTS
TXN000002165,ACC0000400,2026-07-16 22:58:24,CASH_DEPOSIT,DEBIT,4429.7,TRAVEL,MOBILE,PAYMENTS
TXN000002166,ACC0000431,2026-02-17 09:51:12,CARD_PURCHASE,CREDIT,8173.31,CASH,ATM,PAYMENTS
TXN000002167,ACC0002126,2026-08-15 09:16:27,ATM_WITHDRAWAL,DEBIT,862.42,FUEL,BRANCH,PAYMENTS
TXN000002168,ACC0002213,2026-05-29 09:22:05,NEFT,CREDIT,2026.9,TRANSFER,BRANCH,PAYMENTS
TXN000002169,ACC0001423,2026-04-02 12:47:19,NEFT,CREDIT,2858.65,FUEL,MOBILE,PAYMENTS
TXN000002170,ACC0002906,2026-05-09 16:42:19,CARD_PURCHASE,CREDIT,1131.11,FUEL,POS,PAYMENTS
TXN000002171,ACC0004879,2026-02-13 05:19:30,NEFT,DEBIT,12331.36,TRANSFER,ATM,PAYMENTS
TXN000002172,ACC0000221,2026-04-19 13:37:41,IMPS,DEBIT,35781.66,CASH,POS,PAYMENTS
TXN000002173,ACC0002530,2026-04-13 15:23:17,IMPS,DEBIT,3965.99,TRANSFER,POS,PAYMENTS
TXN000002174,ACC0003825,2026-05-03 12:15:27,UPI,DEBIT,22979.08,GROCERY,WEB,PAYMENTS
TXN000002175,ACC0001130,2026-09-14 14:10:17,ATM_WITHDRAWAL,DEBIT,8766.2,TRANSFER,ATM,PAYMENTS
TXN000002176,ACC0004989,2026-01-28 06:03:01,NEFT,DEBIT,5993.67,ECOMMERCE,ATM,PAYMENTS
TXN000002177,ACC0001978,2026-06-08 21:12:06,CASH_DEPOSIT,DEBIT,18832.8,FUEL,ATM,PAYMENTS
TXN000002178,ACC0003550,2026-05-27 03:57:20,UPI,DEBIT,1069.0,ECOMMERCE,WEB,PAYMENTS
TXN000002179,ACC0001405,2026-03-21 03:49:04,ATM_WITHDRAWAL,CREDIT,2589.78,TRANSFER,MOBILE,PAYMENTS
TXN000002180,ACC0000205,2026-02-10 18:59:14,CASH_DEPOSIT,DEBIT,997.27,FUEL,POS,PAYMENTS
TXN000002181,ACC0000884,2026-02-19 02:06:34,IMPS,DEBIT,4557.81,GROCERY,WEB,PAYMENTS
TXN000002182,ACC0000878,2026-02-15 03:27:09,NEFT,CREDIT,1106.94,TRANSFER,ATM,PAYMENTS
TXN000002183,ACC0003909,2026-07-15 01:43:33,NEFT,CREDIT,622.26,TRAVEL,POS,PAYMENTS
TXN000002184,ACC0003168,2026-01-03 14:58:14,IMPS,CREDIT,3541.52,UTILITIES,POS,PAYMENTS
TXN000002185,ACC0001647,2026-02-08 10:18:54,CASH_DEPOSIT,CREDIT,6754.42,FUEL,ATM,PAYMENTS
TXN000002186,ACC0001235,2026-01-26 03:17:29,CASH_DEPOSIT,DEBIT,10057.62,FUEL,MOBILE,PAYMENTS
TXN000002187,ACC0000173,2026-08-31 16:30:56,CASH_DEPOSIT,CREDIT,5560.57,UTILITIES,ATM,PAYMENTS
TXN000002188,ACC0003181,2026-08-22 13:53:06,CASH_DEPOSIT,DEBIT,2938.04,TRAVEL,BRANCH,PAYMENTS
TXN000002189,ACC0004731,2026-04-08 22:13:46,NEFT,DEBIT,820.24,TRANSFER,WEB,PAYMENTS
TXN000002190,ACC0004143,2026-09-11 20:53:37,IMPS,DEBIT,2420.09,CASH,ATM,PAYMENTS
TXN000002191,ACC0003100,2026-06-20 19:20:15,UPI,DEBIT,2003.2,TRANSFER,ATM,PAYMENTS
TXN000002192,ACC0001828,2026-08-06 00:36:48,CASH_DEPOSIT,CREDIT,676.36,GROCERY,MOBILE,PAYMENTS
TXN000002193,ACC0001584,2026-02-03 07:09:55,CASH_DEPOSIT,CREDIT,8323.6,FUEL,POS,PAYMENTS
TXN000002194,ACC0000988,2026-05-10 22:05:05,CARD_PURCHASE,DEBIT,2393.83,CASH,POS,PAYMENTS
TXN000002195,ACC0004626,2026-01-15 23:44:28,NEFT,CREDIT,564.01,ECOMMERCE,BRANCH,PAYMENTS
TXN000002196,ACC0001982,2026-09-14 07:34:01,IMPS,CREDIT,14016.09,TRANSFER,BRANCH,PAYMENTS
TXN000002197,ACC0005000,2026-02-14 22:22:39,UPI,CREDIT,10336.9,TRAVEL,MOBILE,PAYMENTS
TXN000002198,ACC0003872,2026-05-17 08:12:47,ATM_WITHDRAWAL,DEBIT,13358.56,TRANSFER,ATM,PAYMENTS
TXN000002199,ACC0004194,2026-03-20 08:06:39,NEFT,CREDIT,5332.01,TRANSFER,MOBILE,PAYMENTS
TXN000002200,ACC0001950,2026-01-03 03:40:36,UPI,DEBIT,952.84,ECOMMERCE,POS,PAYMENTS
TXN000002201,ACC0001744,2026-01-28 23:03:42,CARD_PURCHASE,CREDIT,6696.88,CASH,WEB,PAYMENTS
TXN000002202,ACC0000063,2026-02-02 05:14:12,IMPS,DEBIT,3444.04,FUEL,POS,PAYMENTS
TXN000002203,ACC0003653,2026-07-20 05:47:21,ATM_WITHDRAWAL,DEBIT,10626.36,TRANSFER,MOBILE,PAYMENTS
TXN000002204,ACC0003253,2026-04-07 02:01:24,UPI,CREDIT,55234.95,TRANSFER,POS,PAYMENTS
TXN000002205,ACC0003349,2026-06-20 11:52:48,ATM_WITHDRAWAL,DEBIT,7031.08,UTILITIES,MOBILE,PAYMENTS
TXN000002206,ACC0001866,2026-04-08 10:39:14,CASH_DEPOSIT,DEBIT,8114.11,TRANSFER,BRANCH,PAYMENTS
TXN000002207,ACC0004372,2026-01-13 13:41:06,CARD_PURCHASE,DEBIT,1530.68,TRAVEL,MOBILE,PAYMENTS
TXN000002208,ACC0002091,2026-02-07 06:29:01,ATM_WITHDRAWAL,DEBIT,3633.84,ECOMMERCE,MOBILE,PAYMENTS
TXN000002209,ACC0002478,2026-07-13 15:06:33,UPI,DEBIT,2385.71,CASH,MOBILE,PAYMENTS
TXN000002210,ACC0001620,2026-08-03 15:33:09,CARD_PURCHASE,CREDIT,9322.34,TRANSFER,BRANCH,PAYMENTS
TXN000002211,ACC0001299,2026-03-17 01:40:27,IMPS,CREDIT,3242.9,TRAVEL,ATM,PAYMENTS
TXN000002212,ACC0002451,2026-07-13 03:53:00,CASH_DEPOSIT,CREDIT,3872.95,FUEL,WEB,PAYMENTS
TXN000002213,ACC0001215,2026-03-17 19:21:43,CASH_DEPOSIT,DEBIT,4718.68,TRANSFER,ATM,PAYMENTS
TXN000002214,ACC0002910,2026-08-27 04:11:55,CASH_DEPOSIT,CREDIT,689.67,TRANSFER,POS,PAYMENTS
TXN000002215,ACC0004287,2026-08-25 09:00:31,NEFT,DEBIT,2061.25,FUEL,WEB,PAYMENTS
TXN000002216,ACC0004405,2026-07-31 09:24:14,UPI,CREDIT,10941.35,TRANSFER,BRANCH,PAYMENTS
TXN000002217,ACC0002836,2026-01-06 10:25:22,ATM_WITHDRAWAL,DEBIT,5459.7,TRANSFER,WEB,PAYMENTS
TXN000002218,ACC0003634,2026-07-10 02:51:36,UPI,CREDIT,1672.74,GROCERY,BRANCH,PAYMENTS
TXN000002219,ACC0003744,2026-04-03 05:58:50,UPI,DEBIT,11345.85,ECOMMERCE,MOBILE,PAYMENTS
TXN000002220,ACC0002211,2026-06-28 13:45:36,CASH_DEPOSIT,DEBIT,9864.66,CASH,WEB,PAYMENTS
TXN000002221,ACC0002746,2026-09-01 22:16:08,CASH_DEPOSIT,DEBIT,1715.92,GROCERY,ATM,PAYMENTS
TXN000002222,ACC0003080,2026-06-24 03:43:13,ATM_WITHDRAWAL,DEBIT,10681.24,FUEL,ATM,PAYMENTS
TXN000002223,ACC0001245,2026-07-19 19:56:30,NEFT,DEBIT,3818.53,TRANSFER,BRANCH,PAYMENTS
TXN000002224,ACC0001769,2026-07-28 08:56:11,CARD_PURCHASE,DEBIT,1719.16,UTILITIES,POS,PAYMENTS
TXN000002225,ACC0003471,2026-08-21 17:17:47,NEFT,CREDIT,6975.35,CASH,ATM,PAYMENTS
TXN000002226,ACC0000356,2026-05-29 00:27:55,UPI,CREDIT,8046.36,TRANSFER,BRANCH,PAYMENTS
TXN000002227,ACC0002850,2026-07-08 16:15:54,NEFT,DEBIT,16191.64,TRANSFER,ATM,PAYMENTS
TXN000002228,ACC0003466,2026-02-09 16:16:53,UPI,DEBIT,6633.8,ECOMMERCE,MOBILE,PAYMENTS
TXN000002229,ACC0000638,2026-06-07 04:46:51,ATM_WITHDRAWAL,CREDIT,1532.54,FUEL,ATM,PAYMENTS
TXN000002230,ACC0003103,2026-09-19 17:37:15,NEFT,CREDIT,5374.68,TRAVEL,WEB,PAYMENTS
TXN000002231,ACC0003225,2026-02-27 18:36:18,IMPS,CREDIT,9236.44,TRANSFER,POS,PAYMENTS
TXN000002232,ACC0001778,2026-04-01 22:13:27,CARD_PURCHASE,DEBIT,14972.58,CASH,WEB,PAYMENTS
TXN000002233,ACC0001702,2026-03-17 14:35:12,IMPS,CREDIT,56578.22,ECOMMERCE,MOBILE,PAYMENTS
TXN000002234,ACC0003182,2026-07-23 23:11:12,ATM_WITHDRAWAL,DEBIT,12750.65,CASH,WEB,PAYMENTS
TXN000002235,ACC0002875,2026-08-22 11:05:27,IMPS,CREDIT,7271.89,TRAVEL,WEB,PAYMENTS
TXN000002236,ACC0003129,2026-06-14 23:47:46,UPI,DEBIT,8568.21,UTILITIES,MOBILE,PAYMENTS
TXN000002237,ACC0000509,2026-06-11 03:47:58,UPI,CREDIT,4680.73,FUEL,WEB,PAYMENTS
TXN000002238,ACC0004514,2026-08-03 03:31:32,CASH_DEPOSIT,DEBIT,4620.4,FUEL,WEB,PAYMENTS
TXN000002239,ACC0004134,2026-04-11 04:29:04,CARD_PURCHASE,DEBIT,5738.78,CASH,BRANCH,PAYMENTS
TXN000002240,ACC0000704,2026-04-28 17:41:24,NEFT,DEBIT,6946.25,TRAVEL,POS,PAYMENTS
TXN000002241,ACC0000526,2026-07-27 04:58:54,CARD_PURCHASE,DEBIT,8299.28,TRANSFER,MOBILE,PAYMENTS
TXN000002242,ACC0000369,2026-06-28 03:13:20,NEFT,CREDIT,6441.07,GROCERY,MOBILE,PAYMENTS
TXN000002243,ACC0002562,2026-09-02 03:02:48,CARD_PURCHASE,CREDIT,3467.09,CASH,BRANCH,PAYMENTS
TXN000002244,ACC0004728,2026-02-08 14:00:08,CARD_PURCHASE,DEBIT,21374.51,TRAVEL,MOBILE,PAYMENTS
TXN000002245,ACC0000043,2026-05-12 13:12:58,NEFT,DEBIT,5467.8,CASH,MOBILE,PAYMENTS
TXN000002246,ACC0004122,2026-06-30 20:12:42,CARD_PURCHASE,CREDIT,3379.76,UTILITIES,BRANCH,PAYMENTS
TXN000002247,ACC0003244,2026-02-16 10:43:47,UPI,DEBIT,2320.12,UTILITIES,POS,PAYMENTS
TXN000002248,ACC0003156,2026-02-10 01:15:59,CASH_DEPOSIT,DEBIT,7675.41,UTILITIES,WEB,PAYMENTS
TXN000002249,ACC0000700,2026-04-25 06:37:11,UPI,DEBIT,1135.84,TRANSFER,WEB,PAYMENTS
TXN000002250,ACC0002769,2026-09-16 04:41:58,ATM_WITHDRAWAL,DEBIT,5815.21,CASH,ATM,PAYMENTS
TXN000002251,ACC0000048,2026-06-09 05:07:42,UPI,DEBIT,2968.85,TRAVEL,MOBILE,PAYMENTS
TXN000002252,ACC0000628,2026-01-14 14:56:34,UPI,DEBIT,4689.07,TRANSFER,WEB,PAYMENTS
TXN000002253,ACC0001176,2026-04-21 21:29:33,CARD_PURCHASE,CREDIT,2725.76,TRAVEL,POS,PAYMENTS
TXN000002254,ACC0002544,2026-08-10 22:41:07,IMPS,DEBIT,58364.08,UTILITIES,ATM,PAYMENTS
TXN000002255,ACC0001734,2026-06-02 05:33:08,ATM_WITHDRAWAL,DEBIT,1016.75,UTILITIES,ATM,PAYMENTS
TXN000002256,ACC0004810,2026-01-31 09:50:05,CARD_PURCHASE,DEBIT,9523.05,CASH,BRANCH,PAYMENTS
TXN000002257,ACC0001325,2026-08-31 14:08:00,NEFT,DEBIT,7703.05,UTILITIES,WEB,PAYMENTS
TXN000002258,ACC0002494,2026-07-20 07:35:03,UPI,DEBIT,938.91,TRANSFER,ATM,PAYMENTS
TXN000002259,ACC0003569,2026-01-31 09:37:50,CARD_PURCHASE,CREDIT,5578.71,GROCERY,ATM,PAYMENTS
TXN000002260,ACC0001092,2026-03-29 23:53:32,IMPS,DEBIT,2477.19,GROCERY,BRANCH,PAYMENTS
TXN000002261,ACC0002443,2026-01-28 15:19:16,ATM_WITHDRAWAL,DEBIT,1458.1,GROCERY,POS,PAYMENTS
TXN000002262,ACC0004434,2026-06-28 09:15:18,ATM_WITHDRAWAL,CREDIT,887.93,TRANSFER,ATM,PAYMENTS
TXN000002263,ACC0001317,2026-04-04 00:17:29,CARD_PURCHASE,DEBIT,6658.22,TRAVEL,WEB,PAYMENTS
TXN000002264,ACC0003682,2026-04-11 19:33:50,CARD_PURCHASE,CREDIT,1049.9,TRANSFER,POS,PAYMENTS
TXN000002265,ACC0001792,2026-04-13 21:56:31,CASH_DEPOSIT,CREDIT,9337.18,CASH,ATM,PAYMENTS
TXN000002266,ACC0004427,2026-01-22 14:58:47,CASH_DEPOSIT,CREDIT,25989.92,GROCERY,WEB,PAYMENTS
TXN000002267,ACC0004736,2026-01-06 22:12:06,CARD_PURCHASE,CREDIT,5743.24,TRAVEL,BRANCH,PAYMENTS
TXN000002268,ACC0001946,2026-03-21 22:41:38,ATM_WITHDRAWAL,DEBIT,7947.73,UTILITIES,MOBILE,PAYMENTS
TXN000002269,ACC0003495,2026-08-04 05:21:21,NEFT,DEBIT,1167.13,ECOMMERCE,MOBILE,PAYMENTS
TXN000002270,ACC0002354,2026-07-20 05:24:04,NEFT,CREDIT,4395.71,GROCERY,BRANCH,PAYMENTS
TXN000002271,ACC0001483,2026-04-02 12:41:34,UPI,DEBIT,2890.68,CASH,POS,PAYMENTS
TXN000002272,ACC0001218,2026-08-23 03:41:02,UPI,CREDIT,5806.46,CASH,BRANCH,PAYMENTS
TXN000002273,ACC0001277,2026-08-15 13:13:27,ATM_WITHDRAWAL,CREDIT,2321.2,TRAVEL,WEB,PAYMENTS
TXN000002274,ACC0002059,2026-01-29 20:06:44,IMPS,DEBIT,9749.68,TRANSFER,MOBILE,PAYMENTS
TXN000002275,ACC0000086,2026-09-01 23:42:26,CASH_DEPOSIT,DEBIT,17815.69,UTILITIES,MOBILE,PAYMENTS
TXN000002276,ACC0003098,2026-04-29 03:49:01,ATM_WITHDRAWAL,CREDIT,8930.46,CASH,MOBILE,PAYMENTS
TXN000002277,ACC0004538,2026-02-22 08:46:09,CARD_PURCHASE,CREDIT,809.24,TRAVEL,ATM,PAYMENTS
TXN000002278,ACC0000147,2026-01-02 02:29:16,IMPS,DEBIT,9793.03,TRANSFER,WEB,PAYMENTS
TXN000002279,ACC0004062,2026-08-24 03:53:27,CASH_DEPOSIT,DEBIT,2508.69,TRANSFER,MOBILE,PAYMENTS
TXN000002280,ACC0004052,2026-05-04 16:52:11,ATM_WITHDRAWAL,DEBIT,9081.32,TRAVEL,BRANCH,PAYMENTS
TXN000002281,ACC0001333,2026-04-25 06:57:15,CASH_DEPOSIT,CREDIT,4230.35,GROCERY,WEB,PAYMENTS
TXN000002282,ACC0004271,2026-05-11 09:32:10,NEFT,DEBIT,738.97,TRAVEL,WEB,PAYMENTS
TXN000002283,ACC0004669,2026-06-17 02:27:20,CASH_DEPOSIT,DEBIT,687.01,ECOMMERCE,WEB,PAYMENTS
TXN000002284,ACC0000437,2026-06-08 11:43:17,CASH_DEPOSIT,CREDIT,12957.92,UTILITIES,BRANCH,PAYMENTS
TXN000002285,ACC0000297,2026-04-02 18:30:00,UPI,CREDIT,3396.73,CASH,POS,PAYMENTS
TXN000002286,ACC0000194,2026-07-07 16:33:51,UPI,DEBIT,20230.75,TRAVEL,MOBILE,PAYMENTS
TXN000002287,ACC0000657,2026-02-16 18:53:05,ATM_WITHDRAWAL,DEBIT,28591.83,FUEL,WEB,PAYMENTS
TXN000002288,ACC0001542,2026-02-28 03:59:48,NEFT,DEBIT,2455.74,UTILITIES,BRANCH,PAYMENTS
TXN000002289,ACC0004483,2026-01-30 17:46:14,CASH_DEPOSIT,CREDIT,865.39,TRAVEL,MOBILE,PAYMENTS
TXN000002290,ACC0003891,2026-07-08 15:52:37,CARD_PURCHASE,CREDIT,4060.25,FUEL,WEB,PAYMENTS
TXN000002291,ACC0000290,2026-05-23 17:42:05,CARD_PURCHASE,CREDIT,4840.32,CASH,MOBILE,PAYMENTS
TXN000002292,ACC0004942,2026-01-18 04:18:44,NEFT,CREDIT,5301.49,ECOMMERCE,MOBILE,PAYMENTS
TXN000002293,ACC0001117,2026-03-02 02:39:53,ATM_WITHDRAWAL,CREDIT,3607.32,CASH,POS,PAYMENTS
TXN000002294,ACC0004892,2026-07-03 17:28:03,UPI,CREDIT,7941.18,TRAVEL,BRANCH,PAYMENTS
TXN000002295,ACC0000269,2026-05-19 03:17:11,UPI,CREDIT,6370.4,TRAVEL,BRANCH,PAYMENTS
TXN000002296,ACC0000180,2026-06-21 08:44:37,UPI,DEBIT,2598.21,TRAVEL,POS,PAYMENTS
TXN000002297,ACC0004313,2026-04-01 22:53:55,IMPS,DEBIT,14907.37,UTILITIES,MOBILE,PAYMENTS
TXN000002298,ACC0000020,2026-01-21 06:50:12,UPI,DEBIT,3795.53,TRANSFER,BRANCH,PAYMENTS
TXN000002299,ACC0004282,2026-02-28 15:28:10,NEFT,CREDIT,3479.54,FUEL,WEB,PAYMENTS
TXN000002300,ACC0001080,2026-03-29 01:25:53,NEFT,DEBIT,7053.75,TRAVEL,MOBILE,PAYMENTS
TXN000002301,ACC0003248,2026-02-28 10:40:15,CASH_DEPOSIT,CREDIT,9440.8,FUEL,ATM,PAYMENTS
TXN000002302,ACC0002744,2026-09-16 13:33:18,IMPS,CREDIT,15260.96,FUEL,POS,PAYMENTS
TXN000002303,ACC0002059,2026-07-27 06:28:20,ATM_WITHDRAWAL,DEBIT,4537.83,FUEL,MOBILE,PAYMENTS
TXN000002304,ACC0002364,2026-05-12 08:46:24,UPI,DEBIT,15761.88,CASH,BRANCH,PAYMENTS
TXN000002305,ACC0001836,2026-04-04 15:20:08,CASH_DEPOSIT,CREDIT,20682.24,FUEL,BRANCH,PAYMENTS
TXN000002306,ACC0000298,2026-07-31 10:51:55,IMPS,DEBIT,967.46,TRAVEL,BRANCH,PAYMENTS
TXN000002307,ACC0003935,2026-07-24 10:42:30,IMPS,DEBIT,4189.16,ECOMMERCE,POS,PAYMENTS
TXN000002308,ACC0004379,2026-03-13 17:39:51,NEFT,DEBIT,2248.5,GROCERY,WEB,PAYMENTS
TXN000002309,ACC0002634,2026-08-15 01:45:07,IMPS,DEBIT,1507.29,GROCERY,POS,PAYMENTS
TXN000002310,ACC0003674,2026-04-22 14:10:12,CASH_DEPOSIT,CREDIT,30728.08,TRANSFER,MOBILE,PAYMENTS
TXN000002311,ACC0001078,2026-08-04 07:54:49,NEFT,CREDIT,1740.57,ECOMMERCE,ATM,PAYMENTS
TXN000002312,ACC0004593,2026-02-15 10:55:21,CASH_DEPOSIT,DEBIT,8477.78,ECOMMERCE,ATM,PAYMENTS
TXN000002313,ACC0003452,2026-08-31 21:42:06,ATM_WITHDRAWAL,CREDIT,22227.98,GROCERY,WEB,PAYMENTS
TXN000002314,ACC0003062,2026-01-10 03:32:55,CASH_DEPOSIT,DEBIT,14005.45,FUEL,WEB,PAYMENTS
TXN000002315,ACC0003082,2026-05-07 19:32:46,ATM_WITHDRAWAL,DEBIT,3442.71,CASH,WEB,PAYMENTS
TXN000002316,ACC0004208,2026-03-09 21:16:30,IMPS,CREDIT,4080.11,TRAVEL,WEB,PAYMENTS
TXN000002317,ACC0002069,2026-04-19 14:07:13,NEFT,CREDIT,8583.27,GROCERY,MOBILE,PAYMENTS
TXN000002318,ACC0004793,2026-05-12 12:22:44,UPI,DEBIT,1026.08,ECOMMERCE,MOBILE,PAYMENTS
TXN000002319,ACC0004138,2026-01-23 01:24:42,IMPS,CREDIT,627.09,ECOMMERCE,BRANCH,PAYMENTS
TXN000002320,ACC0004922,2026-03-23 01:03:13,ATM_WITHDRAWAL,DEBIT,1451.09,FUEL,POS,PAYMENTS
TXN000002321,ACC0000024,2026-09-20 13:28:06,IMPS,DEBIT,3200.85,GROCERY,ATM,PAYMENTS
TXN000002322,ACC0000636,2026-05-16 16:39:53,CARD_PURCHASE,DEBIT,783.18,CASH,POS,PAYMENTS
TXN000002323,ACC0001451,2026-04-02 22:31:56,UPI,CREDIT,2004.83,CASH,ATM,PAYMENTS
TXN000002324,ACC0002457,2026-05-24 16:11:25,IMPS,CREDIT,361.01,FUEL,BRANCH,PAYMENTS
TXN000002325,ACC0004183,2026-05-28 02:31:20,CARD_PURCHASE,CREDIT,1612.84,ECOMMERCE,WEB,PAYMENTS
TXN000002326,ACC0001935,2026-08-18 23:18:21,CARD_PURCHASE,CREDIT,2436.1,CASH,MOBILE,PAYMENTS
TXN000002327,ACC0002088,2026-06-09 19:15:36,CASH_DEPOSIT,DEBIT,11181.05,UTILITIES,BRANCH,PAYMENTS
TXN000002328,ACC0004723,2026-02-17 12:44:54,IMPS,CREDIT,4902.83,UTILITIES,MOBILE,PAYMENTS
TXN000002329,ACC0004172,2026-01-24 08:27:19,CARD_PURCHASE,DEBIT,7569.66,FUEL,POS,PAYMENTS
TXN000002330,ACC0003687,2026-02-26 18:23:12,ATM_WITHDRAWAL,CREDIT,13978.73,CASH,BRANCH,PAYMENTS
TXN000002331,ACC0004374,2026-04-28 03:04:38,CARD_PURCHASE,DEBIT,5342.53,GROCERY,POS,PAYMENTS
TXN000002332,ACC0003651,2026-04-18 07:56:26,IMPS,CREDIT,1011.6,FUEL,ATM,PAYMENTS
TXN000002333,ACC0001481,2026-09-22 23:06:19,ATM_WITHDRAWAL,CREDIT,4978.53,TRANSFER,WEB,PAYMENTS
TXN000002334,ACC0000739,2026-03-26 11:36:32,CASH_DEPOSIT,DEBIT,5014.0,FUEL,MOBILE,PAYMENTS
TXN000002335,ACC0003945,2026-07-14 22:04:02,ATM_WITHDRAWAL,DEBIT,2218.19,CASH,BRANCH,PAYMENTS
TXN000002336,ACC0003600,2026-05-05 13:01:46,IMPS,CREDIT,3404.33,TRAVEL,BRANCH,PAYMENTS
TXN000002337,ACC0001306,2026-05-06 02:28:57,IMPS,DEBIT,10576.18,CASH,WEB,PAYMENTS
TXN000002338,ACC0000880,2026-07-27 12:08:38,UPI,CREDIT,339.19,TRAVEL,WEB,PAYMENTS
TXN000002339,ACC0000235,2026-01-05 00:00:41,UPI,DEBIT,6692.55,FUEL,ATM,PAYMENTS
TXN000002340,ACC0004387,2026-02-19 00:18:16,CASH_DEPOSIT,CREDIT,16691.01,TRAVEL,ATM,PAYMENTS
TXN000002341,ACC0003314,2026-08-11 12:28:33,NEFT,DEBIT,1896.73,TRAVEL,BRANCH,PAYMENTS
TXN000002342,ACC0003055,2026-04-03 20:30:23,UPI,DEBIT,739.26,FUEL,BRANCH,PAYMENTS
TXN000002343,ACC0000213,2026-04-27 22:54:54,IMPS,DEBIT,31243.4,ECOMMERCE,MOBILE,PAYMENTS
TXN000002344,ACC0004917,2026-07-11 22:09:27,CASH_DEPOSIT,DEBIT,4647.45,TRANSFER,WEB,PAYMENTS
TXN000002345,ACC0002430,2026-02-03 22:36:00,ATM_WITHDRAWAL,CREDIT,2372.8,TRAVEL,MOBILE,PAYMENTS
TXN000002346,ACC0000177,2026-03-29 22:53:35,CARD_PURCHASE,DEBIT,1375.71,GROCERY,POS,PAYMENTS
TXN000002347,ACC0002733,2026-09-07 12:42:30,NEFT,DEBIT,19384.46,CASH,ATM,PAYMENTS
TXN000002348,ACC0004099,2026-01-19 07:01:45,IMPS,DEBIT,27701.16,FUEL,WEB,PAYMENTS
TXN000002349,ACC0003315,2026-07-16 14:42:52,CARD_PURCHASE,DEBIT,2960.58,FUEL,BRANCH,PAYMENTS
TXN000002350,ACC0001787,2026-07-08 20:09:17,IMPS,CREDIT,14150.72,UTILITIES,BRANCH,PAYMENTS
TXN000002351,ACC0003856,2026-06-29 00:33:38,NEFT,CREDIT,956.92,CASH,ATM,PAYMENTS
TXN000002352,ACC0000402,2026-04-14 18:14:57,CASH_DEPOSIT,CREDIT,4340.94,ECOMMERCE,MOBILE,PAYMENTS
TXN000002353,ACC0004004,2026-03-14 08:59:00,UPI,DEBIT,4523.57,CASH,POS,PAYMENTS
TXN000002354,ACC0004781,2026-08-21 14:47:35,ATM_WITHDRAWAL,DEBIT,688.56,GROCERY,WEB,PAYMENTS
TXN000002355,ACC0004597,2026-08-26 00:10:13,ATM_WITHDRAWAL,CREDIT,20010.26,FUEL,POS,PAYMENTS
TXN000002356,ACC0000969,2026-03-20 03:55:21,CASH_DEPOSIT,DEBIT,3377.89,TRAVEL,WEB,PAYMENTS
TXN000002357,ACC0002014,2026-08-27 13:38:43,ATM_WITHDRAWAL,DEBIT,1100.67,TRANSFER,POS,PAYMENTS
TXN000002358,ACC0004232,2026-07-03 17:56:09,CASH_DEPOSIT,CREDIT,2259.63,CASH,ATM,PAYMENTS
TXN000002359,ACC0003656,2026-01-16 22:14:27,ATM_WITHDRAWAL,DEBIT,105.92,UTILITIES,BRANCH,PAYMENTS
TXN000002360,ACC0003800,2026-08-09 11:33:45,ATM_WITHDRAWAL,DEBIT,671.38,CASH,BRANCH,PAYMENTS
TXN000002361,ACC0000098,2026-05-01 04:54:43,IMPS,CREDIT,73.3,UTILITIES,ATM,PAYMENTS
TXN000002362,ACC0000798,2026-08-06 16:37:16,UPI,CREDIT,9174.3,ECOMMERCE,MOBILE,PAYMENTS
TXN000002363,ACC0002004,2026-08-03 09:35:50,CASH_DEPOSIT,DEBIT,11911.75,TRAVEL,MOBILE,PAYMENTS
TXN000002364,ACC0002550,2026-05-28 18:57:00,NEFT,CREDIT,735.39,UTILITIES,MOBILE,PAYMENTS
TXN000002365,ACC0002041,2026-07-10 07:09:56,CASH_DEPOSIT,DEBIT,8363.16,TRANSFER,POS,PAYMENTS
TXN000002366,ACC0000205,2026-08-21 20:40:13,CASH_DEPOSIT,CREDIT,33369.31,TRANSFER,WEB,PAYMENTS
TXN000002367,ACC0000456,2026-08-24 09:55:56,UPI,CREDIT,37611.16,UTILITIES,POS,PAYMENTS
TXN000002368,ACC0004867,2026-04-27 07:27:22,NEFT,CREDIT,4211.77,TRAVEL,MOBILE,PAYMENTS
TXN000002369,ACC0003233,2026-01-01 23:17:34,IMPS,CREDIT,2089.23,ECOMMERCE,MOBILE,PAYMENTS
TXN000002370,ACC0000182,2026-08-18 03:12:37,UPI,DEBIT,1307.35,TRANSFER,MOBILE,PAYMENTS
TXN000002371,ACC0001197,2026-08-23 02:37:13,NEFT,DEBIT,13911.97,FUEL,WEB,PAYMENTS
TXN000002372,ACC0002527,2026-09-24 01:57:55,UPI,DEBIT,1870.51,UTILITIES,ATM,PAYMENTS
TXN000002373,ACC0001309,2026-06-07 17:57:28,NEFT,CREDIT,5549.68,TRANSFER,POS,PAYMENTS
TXN000002374,ACC0000668,2026-01-27 10:11:41,NEFT,DEBIT,1000.84,TRAVEL,POS,PAYMENTS
TXN000002375,ACC0004747,2026-09-15 07:48:37,ATM_WITHDRAWAL,CREDIT,24852.86,CASH,POS,PAYMENTS
TXN000002376,ACC0000089,2026-08-21 23:43:18,ATM_WITHDRAWAL,DEBIT,7116.44,FUEL,WEB,PAYMENTS
TXN000002377,ACC0000094,2026-02-21 12:49:23,UPI,CREDIT,5045.33,TRANSFER,MOBILE,PAYMENTS
TXN000002378,ACC0000467,2026-07-07 00:46:09,UPI,CREDIT,15395.78,CASH,BRANCH,PAYMENTS
TXN000002379,ACC0002178,2026-09-05 12:33:58,CARD_PURCHASE,CREDIT,920.55,ECOMMERCE,ATM,PAYMENTS
TXN000002380,ACC0000711,2026-08-05 04:28:52,CASH_DEPOSIT,CREDIT,1605.28,FUEL,POS,PAYMENTS
TXN000002381,ACC0003235,2026-05-27 01:35:18,ATM_WITHDRAWAL,CREDIT,13424.2,TRANSFER,POS,PAYMENTS
TXN000002382,ACC0004175,2026-08-25 21:15:08,CASH_DEPOSIT,DEBIT,11258.35,CASH,POS,PAYMENTS
TXN000002383,ACC0002332,2026-01-08 01:05:51,CARD_PURCHASE,DEBIT,3713.99,FUEL,POS,PAYMENTS
TXN000002384,ACC0003145,2026-08-13 00:39:38,IMPS,DEBIT,2661.25,TRAVEL,POS,PAYMENTS
TXN000002385,ACC0004978,2026-03-19 03:32:26,CARD_PURCHASE,DEBIT,1406.61,GROCERY,POS,PAYMENTS
TXN000002386,ACC0001704,2026-07-22 00:39:43,NEFT,DEBIT,6218.12,CASH,BRANCH,PAYMENTS
TXN000002387,ACC0004244,2026-09-14 23:07:58,CARD_PURCHASE,DEBIT,1355.08,TRAVEL,WEB,PAYMENTS
TXN000002388,ACC0004263,2026-02-22 13:24:07,UPI,DEBIT,9570.44,CASH,WEB,PAYMENTS
TXN000002389,ACC0003011,2026-05-15 11:56:24,CARD_PURCHASE,CREDIT,25395.36,GROCERY,POS,PAYMENTS
TXN000002390,ACC0003357,2026-06-01 12:57:34,CARD_PURCHASE,CREDIT,1102.96,UTILITIES,ATM,PAYMENTS
TXN000002391,ACC0003617,2026-07-06 20:44:51,NEFT,DEBIT,14888.91,CASH,MOBILE,PAYMENTS
TXN000002392,ACC0002368,2026-09-05 07:37:34,UPI,CREDIT,1775.89,FUEL,BRANCH,PAYMENTS
TXN000002393,ACC0001355,2026-02-18 19:27:47,UPI,CREDIT,15639.48,GROCERY,POS,PAYMENTS
TXN000002394,ACC0003649,2026-02-25 17:48:43,UPI,CREDIT,9200.99,UTILITIES,ATM,PAYMENTS
TXN000002395,ACC0002719,2026-04-25 09:46:11,CARD_PURCHASE,DEBIT,9858.77,GROCERY,WEB,PAYMENTS
TXN000002396,ACC0002025,2026-08-25 09:36:34,CASH_DEPOSIT,CREDIT,1055.24,TRAVEL,WEB,PAYMENTS
TXN000002397,ACC0003917,2026-04-11 15:05:35,UPI,CREDIT,1809.36,TRAVEL,POS,PAYMENTS
TXN000002398,ACC0001422,2026-03-27 10:24:10,NEFT,CREDIT,9974.32,FUEL,BRANCH,PAYMENTS
TXN000002399,ACC0001408,2026-07-01 13:29:43,NEFT,CREDIT,545.35,UTILITIES,MOBILE,PAYMENTS
TXN000002400,ACC0002337,2026-04-18 11:55:09,ATM_WITHDRAWAL,DEBIT,23050.92,ECOMMERCE,WEB,PAYMENTS
TXN000002401,ACC0004772,2026-02-27 00:55:29,NEFT,CREDIT,3660.82,TRAVEL,WEB,PAYMENTS
TXN000002402,ACC0003385,2026-07-26 12:09:18,ATM_WITHDRAWAL,DEBIT,4858.11,CASH,BRANCH,PAYMENTS
TXN000002403,ACC0003029,2026-08-28 03:44:30,NEFT,DEBIT,1427.82,FUEL,BRANCH,PAYMENTS
TXN000002404,ACC0001525,2026-05-18 19:52:02,ATM_WITHDRAWAL,DEBIT,10884.24,UTILITIES,ATM,PAYMENTS
TXN000002405,ACC0003889,2026-09-16 13:45:22,NEFT,DEBIT,4661.34,FUEL,BRANCH,PAYMENTS
TXN000002406,ACC0002603,2026-03-07 16:03:02,NEFT,DEBIT,3467.46,GROCERY,BRANCH,PAYMENTS
TXN000002407,ACC0002731,2026-03-11 12:26:58,IMPS,CREDIT,2113.56,TRAVEL,BRANCH,PAYMENTS
TXN000002408,ACC0004174,2026-01-10 15:19:19,UPI,DEBIT,4131.14,GROCERY,POS,PAYMENTS
TXN000002409,ACC0002740,2026-07-21 18:57:58,ATM_WITHDRAWAL,CREDIT,3064.91,UTILITIES,MOBILE,PAYMENTS
TXN000002410,ACC0003660,2026-04-30 23:45:19,CASH_DEPOSIT,DEBIT,2313.6,TRAVEL,BRANCH,PAYMENTS
TXN000002411,ACC0000104,2026-01-17 10:43:58,NEFT,DEBIT,3998.85,TRAVEL,ATM,PAYMENTS
TXN000002412,ACC0001534,2026-07-12 12:59:27,ATM_WITHDRAWAL,DEBIT,1126.67,ECOMMERCE,WEB,PAYMENTS
TXN000002413,ACC0004494,2026-03-24 08:26:43,ATM_WITHDRAWAL,DEBIT,6659.72,UTILITIES,ATM,PAYMENTS
TXN000002414,ACC0004662,2026-09-23 20:29:28,UPI,DEBIT,12417.9,FUEL,ATM,PAYMENTS
TXN000002415,ACC0003237,2026-03-24 04:32:01,NEFT,DEBIT,4535.99,TRANSFER,WEB,PAYMENTS
TXN000002416,ACC0003037,2026-09-22 15:26:36,NEFT,DEBIT,666.87,ECOMMERCE,MOBILE,PAYMENTS
TXN000002417,ACC0004013,2026-01-20 16:14:33,CASH_DEPOSIT,CREDIT,21344.06,ECOMMERCE,WEB,PAYMENTS
TXN000002418,ACC0003399,2026-01-22 19:30:00,IMPS,DEBIT,2551.29,TRANSFER,BRANCH,PAYMENTS
TXN000002419,ACC0002952,2026-09-03 09:48:27,UPI,CREDIT,3933.24,CASH,MOBILE,PAYMENTS
TXN000002420,ACC0001652,2026-08-06 19:37:33,IMPS,DEBIT,635.96,ECOMMERCE,POS,PAYMENTS
TXN000002421,ACC0001730,2026-08-13 11:57:25,IMPS,CREDIT,1349.78,TRANSFER,POS,PAYMENTS
TXN000002422,ACC0000301,2026-07-15 12:08:26,ATM_WITHDRAWAL,DEBIT,4482.78,TRAVEL,BRANCH,PAYMENTS
TXN000002423,ACC0000305,2026-05-19 05:17:43,CASH_DEPOSIT,DEBIT,2182.74,FUEL,WEB,PAYMENTS
TXN000002424,ACC0000543,2026-07-16 03:03:07,CARD_PURCHASE,CREDIT,4516.83,UTILITIES,BRANCH,PAYMENTS
TXN000002425,ACC0000298,2026-07-20 18:46:02,ATM_WITHDRAWAL,DEBIT,2984.01,ECOMMERCE,ATM,PAYMENTS
TXN000002426,ACC0000238,2026-04-07 17:55:00,NEFT,DEBIT,6885.83,GROCERY,BRANCH,PAYMENTS
TXN000002427,ACC0001851,2026-03-09 17:08:55,CASH_DEPOSIT,CREDIT,1947.68,TRANSFER,WEB,PAYMENTS
TXN000002428,ACC0002936,2026-08-07 08:10:28,NEFT,DEBIT,7301.41,UTILITIES,BRANCH,PAYMENTS
TXN000002429,ACC0001635,2026-05-02 10:59:04,CARD_PURCHASE,DEBIT,8241.35,UTILITIES,ATM,PAYMENTS
TXN000002430,ACC0004285,2026-08-17 10:11:03,CASH_DEPOSIT,DEBIT,1480.52,UTILITIES,MOBILE,PAYMENTS
TXN000002431,ACC0001787,2026-01-03 14:03:30,CARD_PURCHASE,CREDIT,15691.68,CASH,MOBILE,PAYMENTS
TXN000002432,ACC0004173,2026-06-30 06:05:41,CASH_DEPOSIT,CREDIT,5115.72,FUEL,WEB,PAYMENTS
TXN000002433,ACC0001366,2026-03-07 00:33:00,UPI,DEBIT,19902.77,GROCERY,WEB,PAYMENTS
TXN000002434,ACC0001788,2026-08-03 02:05:30,ATM_WITHDRAWAL,CREDIT,4147.94,TRANSFER,BRANCH,PAYMENTS
TXN000002435,ACC0002923,2026-05-12 23:10:39,ATM_WITHDRAWAL,CREDIT,1863.4,GROCERY,WEB,PAYMENTS
TXN000002436,ACC0002670,2026-04-01 08:28:58,NEFT,DEBIT,6621.85,FUEL,MOBILE,PAYMENTS
TXN000002437,ACC0000728,2026-07-15 00:35:13,UPI,DEBIT,2143.73,GROCERY,WEB,PAYMENTS
TXN000002438,ACC0001557,2026-07-07 13:55:27,NEFT,CREDIT,5827.76,TRAVEL,POS,PAYMENTS
TXN000002439,ACC0003304,2026-04-18 12:59:02,ATM_WITHDRAWAL,DEBIT,19700.93,TRANSFER,ATM,PAYMENTS
TXN000002440,ACC0002015,2026-02-12 09:26:15,ATM_WITHDRAWAL,DEBIT,571.59,FUEL,ATM,PAYMENTS
TXN000002441,ACC0003094,2026-04-17 15:58:38,UPI,DEBIT,8876.78,ECOMMERCE,POS,PAYMENTS
TXN000002442,ACC0002922,2026-05-31 21:43:12,ATM_WITHDRAWAL,DEBIT,3596.31,ECOMMERCE,ATM,PAYMENTS
TXN000002443,ACC0001270,2026-06-02 14:48:59,CARD_PURCHASE,DEBIT,3770.55,TRANSFER,WEB,PAYMENTS
TXN000002444,ACC0000243,2026-03-04 17:36:28,UPI,CREDIT,7489.65,GROCERY,WEB,PAYMENTS
TXN000002445,ACC0003767,2026-08-30 23:09:46,NEFT,CREDIT,4484.82,TRANSFER,ATM,PAYMENTS
TXN000002446,ACC0000518,2026-03-18 10:40:40,NEFT,CREDIT,23432.35,GROCERY,POS,PAYMENTS
TXN000002447,ACC0003679,2026-05-19 18:50:22,ATM_WITHDRAWAL,DEBIT,3240.55,CASH,ATM,PAYMENTS
TXN000002448,ACC0002484,2026-08-17 10:05:19,CARD_PURCHASE,DEBIT,5422.41,GROCERY,WEB,PAYMENTS
TXN000002449,ACC0000513,2026-06-28 00:31:58,UPI,DEBIT,7034.98,TRAVEL,BRANCH,PAYMENTS
TXN000002450,ACC0002512,2026-08-01 16:36:11,CASH_DEPOSIT,DEBIT,7703.03,CASH,MOBILE,PAYMENTS
TXN000002451,ACC0000834,2026-03-02 05:08:51,IMPS,CREDIT,4579.97,CASH,POS,PAYMENTS
TXN000002452,ACC0003270,2026-07-25 16:38:15,CASH_DEPOSIT,CREDIT,20471.77,CASH,WEB,PAYMENTS
TXN000002453,ACC0001272,2026-03-17 13:54:56,ATM_WITHDRAWAL,DEBIT,1503.11,UTILITIES,WEB,PAYMENTS
TXN000002454,ACC0000444,2026-04-25 08:15:25,CASH_DEPOSIT,CREDIT,23154.27,ECOMMERCE,WEB,PAYMENTS
TXN000002455,ACC0000540,2026-07-07 08:00:46,CARD_PURCHASE,DEBIT,24740.43,UTILITIES,WEB,PAYMENTS
TXN000002456,ACC0000095,2026-06-21 20:52:04,NEFT,CREDIT,20638.09,FUEL,WEB,PAYMENTS
TXN000002457,ACC0004382,2026-08-23 17:19:19,ATM_WITHDRAWAL,CREDIT,2279.34,TRANSFER,ATM,PAYMENTS
TXN000002458,ACC0004224,2026-06-16 02:55:54,UPI,CREDIT,4551.62,UTILITIES,POS,PAYMENTS
TXN000002459,ACC0001274,2026-04-09 18:24:14,NEFT,DEBIT,2416.43,TRAVEL,MOBILE,PAYMENTS
TXN000002460,ACC0003709,2026-09-10 04:37:33,NEFT,DEBIT,1582.0,UTILITIES,POS,PAYMENTS
TXN000002461,ACC0003812,2026-01-02 09:52:35,ATM_WITHDRAWAL,CREDIT,1482.04,GROCERY,WEB,PAYMENTS
TXN000002462,ACC0000278,2026-02-23 14:53:11,NEFT,DEBIT,7996.47,TRANSFER,MOBILE,PAYMENTS
TXN000002463,ACC0004430,2026-05-08 19:36:06,IMPS,DEBIT,8275.27,TRANSFER,BRANCH,PAYMENTS
TXN000002464,ACC0000497,2026-09-15 07:17:53,UPI,DEBIT,1688.03,TRAVEL,MOBILE,PAYMENTS
TXN000002465,ACC0000210,2026-02-17 17:37:21,UPI,DEBIT,39197.15,TRANSFER,ATM,PAYMENTS
TXN000002466,ACC0001128,2026-02-27 09:36:34,NEFT,CREDIT,2689.75,GROCERY,WEB,PAYMENTS
TXN000002467,ACC0001208,2026-09-21 23:41:09,IMPS,DEBIT,1635.18,TRANSFER,BRANCH,PAYMENTS
TXN000002468,ACC0003839,2026-08-31 08:01:24,UPI,CREDIT,2033.7,TRANSFER,BRANCH,PAYMENTS
TXN000002469,ACC0002676,2026-09-07 00:28:00,UPI,CREDIT,6042.9,UTILITIES,WEB,PAYMENTS
TXN000002470,ACC0000004,2026-06-17 20:57:25,UPI,CREDIT,2715.29,TRAVEL,MOBILE,PAYMENTS
TXN000002471,ACC0003530,2026-06-07 09:54:01,CASH_DEPOSIT,DEBIT,4250.52,UTILITIES,ATM,PAYMENTS
TXN000002472,ACC0003025,2026-01-30 13:25:41,CARD_PURCHASE,CREDIT,8736.41,UTILITIES,ATM,PAYMENTS
TXN000002473,ACC0004944,2026-05-24 06:41:49,CARD_PURCHASE,CREDIT,4084.75,CASH,MOBILE,PAYMENTS
TXN000002474,ACC0000289,2026-09-21 00:09:04,IMPS,CREDIT,651.08,GROCERY,BRANCH,PAYMENTS
TXN000002475,ACC0004003,2026-06-08 01:23:22,NEFT,DEBIT,7782.57,CASH,MOBILE,PAYMENTS
TXN000002476,ACC0002240,2026-05-14 01:38:03,IMPS,DEBIT,2660.73,CASH,MOBILE,PAYMENTS
TXN000002477,ACC0002994,2026-05-04 19:57:59,IMPS,CREDIT,2848.79,CASH,WEB,PAYMENTS
TXN000002478,ACC0003337,2026-04-28 02:06:17,CASH_DEPOSIT,DEBIT,11136.45,ECOMMERCE,POS,PAYMENTS
TXN000002479,ACC0004651,2026-07-09 18:43:43,CASH_DEPOSIT,CREDIT,1042.86,UTILITIES,BRANCH,PAYMENTS
TXN000002480,ACC0002907,2026-06-13 22:33:26,IMPS,DEBIT,7579.1,ECOMMERCE,MOBILE,PAYMENTS
TXN000002481,ACC0000212,2026-03-26 14:32:50,UPI,DEBIT,4578.52,TRAVEL,BRANCH,PAYMENTS
TXN000002482,ACC0001207,2026-07-31 14:15:12,ATM_WITHDRAWAL,DEBIT,1091.8,CASH,ATM,PAYMENTS
TXN000002483,ACC0000270,2026-04-20 05:00:51,IMPS,DEBIT,10195.98,UTILITIES,ATM,PAYMENTS
TXN000002484,ACC0004078,2026-03-05 00:37:56,ATM_WITHDRAWAL,CREDIT,8281.48,GROCERY,BRANCH,PAYMENTS
TXN000002485,ACC0002977,2026-01-30 13:18:05,ATM_WITHDRAWAL,CREDIT,1833.16,FUEL,BRANCH,PAYMENTS
TXN000002486,ACC0001742,2026-04-02 19:36:53,NEFT,CREDIT,1569.52,TRAVEL,WEB,PAYMENTS
TXN000002487,ACC0002445,2026-08-02 22:29:08,CARD_PURCHASE,CREDIT,12773.37,GROCERY,BRANCH,PAYMENTS
TXN000002488,ACC0000418,2026-02-07 00:41:26,IMPS,DEBIT,1811.1,GROCERY,POS,PAYMENTS
TXN000002489,ACC0000791,2026-04-14 20:52:21,UPI,CREDIT,3555.11,TRANSFER,MOBILE,PAYMENTS
TXN000002490,ACC0004348,2026-05-11 04:51:05,NEFT,DEBIT,2855.64,TRAVEL,MOBILE,PAYMENTS
TXN000002491,ACC0003213,2026-06-24 07:13:47,UPI,CREDIT,3118.26,GROCERY,ATM,PAYMENTS
TXN000002492,ACC0000426,2026-07-02 19:14:27,CASH_DEPOSIT,DEBIT,830.23,UTILITIES,MOBILE,PAYMENTS
TXN000002493,ACC0004243,2026-03-03 13:04:31,ATM_WITHDRAWAL,CREDIT,3450.13,GROCERY,WEB,PAYMENTS
TXN000002494,ACC0000305,2026-04-23 03:47:21,NEFT,DEBIT,6062.33,TRANSFER,MOBILE,PAYMENTS
TXN000002495,ACC0003191,2026-07-12 17:21:27,UPI,CREDIT,11355.0,TRAVEL,MOBILE,PAYMENTS
TXN000002496,ACC0004018,2026-05-15 18:22:15,UPI,CREDIT,3055.93,FUEL,WEB,PAYMENTS
TXN000002497,ACC0001418,2026-06-02 15:57:22,NEFT,CREDIT,6597.1,CASH,ATM,PAYMENTS
TXN000002498,ACC0004760,2026-01-16 06:18:09,UPI,CREDIT,2740.38,ECOMMERCE,MOBILE,PAYMENTS
TXN000002499,ACC0004941,2026-04-26 22:52:39,UPI,DEBIT,4279.16,TRAVEL,BRANCH,PAYMENTS
TXN000002500,ACC0001237,2026-04-26 22:23:08,ATM_WITHDRAWAL,CREDIT,1731.55,CASH,ATM,PAYMENTS
TXN000002501,ACC0003606,2026-02-18 03:03:08,CASH_DEPOSIT,CREDIT,3822.46,GROCERY,WEB,PAYMENTS
TXN000002502,ACC0002656,2026-06-28 09:10:25,CARD_PURCHASE,DEBIT,9436.19,TRANSFER,WEB,PAYMENTS
TXN000002503,ACC0000058,2026-07-22 11:49:16,CARD_PURCHASE,DEBIT,7157.18,GROCERY,POS,PAYMENTS
TXN000002504,ACC0001741,2026-06-13 02:33:59,UPI,CREDIT,14529.64,TRAVEL,MOBILE,PAYMENTS
TXN000002505,ACC0003552,2026-08-27 12:36:23,UPI,CREDIT,7636.42,GROCERY,ATM,PAYMENTS
TXN000002506,ACC0003419,2026-08-04 09:20:40,ATM_WITHDRAWAL,DEBIT,12556.05,GROCERY,MOBILE,PAYMENTS
TXN000002507,ACC0004338,2026-07-09 21:37:38,UPI,CREDIT,2864.73,FUEL,ATM,PAYMENTS
TXN000002508,ACC0000370,2026-09-10 08:24:29,ATM_WITHDRAWAL,CREDIT,393.18,CASH,WEB,PAYMENTS
TXN000002509,ACC0000097,2026-04-30 06:55:57,NEFT,DEBIT,15759.91,CASH,POS,PAYMENTS
TXN000002510,ACC0002317,2026-07-16 18:11:35,CARD_PURCHASE,DEBIT,23541.89,FUEL,MOBILE,PAYMENTS
TXN000002511,ACC0004863,2026-07-22 08:23:00,IMPS,DEBIT,1581.98,TRANSFER,POS,PAYMENTS
TXN000002512,ACC0002952,2026-08-04 18:02:08,IMPS,CREDIT,1096.85,FUEL,BRANCH,PAYMENTS
TXN000002513,ACC0000912,2026-04-18 13:07:29,IMPS,CREDIT,11706.76,CASH,POS,PAYMENTS
TXN000002514,ACC0000404,2026-06-29 05:48:29,ATM_WITHDRAWAL,CREDIT,41064.76,TRANSFER,WEB,PAYMENTS
TXN000002515,ACC0000569,2026-08-02 11:11:05,NEFT,CREDIT,5625.71,GROCERY,POS,PAYMENTS
TXN000002516,ACC0000139,2026-07-03 16:17:53,CARD_PURCHASE,DEBIT,2968.95,GROCERY,ATM,PAYMENTS
TXN000002517,ACC0000261,2026-06-16 05:17:37,CARD_PURCHASE,DEBIT,5108.61,CASH,BRANCH,PAYMENTS
TXN000002518,ACC0001875,2026-02-06 10:09:01,ATM_WITHDRAWAL,DEBIT,2997.36,ECOMMERCE,WEB,PAYMENTS
TXN000002519,ACC0001621,2026-02-26 17:53:52,UPI,DEBIT,3884.86,UTILITIES,WEB,PAYMENTS
TXN000002520,ACC0002858,2026-08-11 23:00:54,NEFT,CREDIT,3042.47,TRAVEL,POS,PAYMENTS
TXN000002521,ACC0004916,2026-01-08 10:44:39,CARD_PURCHASE,DEBIT,11982.19,ECOMMERCE,ATM,PAYMENTS
TXN000002522,ACC0003007,2026-01-07 21:55:30,IMPS,CREDIT,1565.54,CASH,ATM,PAYMENTS
TXN000002523,ACC0001807,2026-08-11 18:42:50,CASH_DEPOSIT,CREDIT,8479.09,UTILITIES,POS,PAYMENTS
TXN000002524,ACC0001780,2026-06-18 00:09:16,UPI,DEBIT,13143.29,UTILITIES,ATM,PAYMENTS
TXN000002525,ACC0003874,2026-04-09 07:16:33,CARD_PURCHASE,DEBIT,9975.45,GROCERY,WEB,PAYMENTS
TXN000002526,ACC0003342,2026-08-15 21:41:43,CASH_DEPOSIT,CREDIT,4058.46,UTILITIES,POS,PAYMENTS
TXN000002527,ACC0002351,2026-05-24 07:58:04,NEFT,DEBIT,7557.93,UTILITIES,POS,PAYMENTS
TXN000002528,ACC0004312,2026-03-08 14:51:18,UPI,CREDIT,11769.69,CASH,WEB,PAYMENTS
TXN000002529,ACC0001361,2026-03-19 07:46:13,IMPS,CREDIT,940.26,CASH,WEB,PAYMENTS
TXN000002530,ACC0002083,2026-04-21 07:00:59,ATM_WITHDRAWAL,CREDIT,2171.67,ECOMMERCE,POS,PAYMENTS
TXN000002531,ACC0003802,2026-06-20 18:50:06,CASH_DEPOSIT,CREDIT,4533.26,ECOMMERCE,BRANCH,PAYMENTS
TXN000002532,ACC0000687,2026-02-27 14:02:12,NEFT,DEBIT,1775.23,GROCERY,ATM,PAYMENTS
TXN000002533,ACC0003189,2026-06-23 05:13:39,NEFT,DEBIT,1955.89,ECOMMERCE,WEB,PAYMENTS
TXN000002534,ACC0004185,2026-02-23 17:40:29,CASH_DEPOSIT,CREDIT,9400.04,TRANSFER,WEB,PAYMENTS
TXN000002535,ACC0001174,2026-07-14 18:14:16,CASH_DEPOSIT,CREDIT,17343.68,ECOMMERCE,WEB,PAYMENTS
TXN000002536,ACC0003770,2026-06-11 04:27:56,CARD_PURCHASE,DEBIT,6001.26,GROCERY,MOBILE,PAYMENTS
TXN000002537,ACC0004120,2026-02-20 20:04:35,UPI,DEBIT,40269.97,UTILITIES,MOBILE,PAYMENTS
TXN000002538,ACC0001423,2026-01-20 07:24:01,NEFT,CREDIT,4566.51,CASH,MOBILE,PAYMENTS
TXN000002539,ACC0003796,2026-04-09 11:35:15,UPI,DEBIT,5924.31,FUEL,POS,PAYMENTS
TXN000002540,ACC0000074,2026-05-25 20:46:04,ATM_WITHDRAWAL,CREDIT,7650.1,FUEL,WEB,PAYMENTS
TXN000002541,ACC0002713,2026-06-06 21:27:22,CARD_PURCHASE,CREDIT,2899.26,FUEL,WEB,PAYMENTS
TXN000002542,ACC0003007,2026-09-05 02:07:31,CARD_PURCHASE,CREDIT,1642.54,FUEL,ATM,PAYMENTS
TXN000002543,ACC0004274,2026-08-17 02:39:35,CASH_DEPOSIT,CREDIT,1696.5,UTILITIES,MOBILE,PAYMENTS
TXN000002544,ACC0000925,2026-09-09 23:12:34,CASH_DEPOSIT,CREDIT,3187.09,CASH,BRANCH,PAYMENTS
TXN000002545,ACC0003093,2026-02-22 21:05:01,CARD_PURCHASE,CREDIT,1490.97,CASH,WEB,PAYMENTS
TXN000002546,ACC0004981,2026-06-24 02:15:21,UPI,DEBIT,31281.28,ECOMMERCE,MOBILE,PAYMENTS
TXN000002547,ACC0003997,2026-05-04 02:09:45,CARD_PURCHASE,DEBIT,606.33,TRAVEL,ATM,PAYMENTS
TXN000002548,ACC0002715,2026-04-17 19:36:44,NEFT,CREDIT,984.4,ECOMMERCE,WEB,PAYMENTS
TXN000002549,ACC0001089,2026-04-10 14:24:40,IMPS,DEBIT,1402.95,GROCERY,WEB,PAYMENTS
TXN000002550,ACC0002196,2026-01-22 12:08:56,CASH_DEPOSIT,DEBIT,33278.19,GROCERY,ATM,PAYMENTS
TXN000002551,ACC0001414,2026-02-20 00:55:28,NEFT,DEBIT,17471.68,CASH,BRANCH,PAYMENTS
TXN000002552,ACC0001207,2026-04-01 07:21:25,NEFT,DEBIT,20711.18,TRAVEL,ATM,PAYMENTS
TXN000002553,ACC0004640,2026-01-23 22:14:37,NEFT,DEBIT,1213.09,ECOMMERCE,ATM,PAYMENTS
TXN000002554,ACC0004989,2026-07-24 22:07:19,UPI,CREDIT,3996.37,GROCERY,POS,PAYMENTS
TXN000002555,ACC0004495,2026-04-14 20:01:46,ATM_WITHDRAWAL,DEBIT,3396.95,CASH,MOBILE,PAYMENTS
TXN000002556,ACC0004881,2026-04-12 21:56:02,NEFT,DEBIT,7607.23,TRAVEL,POS,PAYMENTS
TXN000002557,ACC0003599,2026-01-13 14:12:37,NEFT,CREDIT,1660.63,GROCERY,WEB,PAYMENTS
TXN000002558,ACC0004254,2026-05-02 18:02:40,CARD_PURCHASE,CREDIT,1946.34,TRAVEL,MOBILE,PAYMENTS
TXN000002559,ACC0002136,2026-03-11 00:58:22,CASH_DEPOSIT,CREDIT,2704.14,FUEL,MOBILE,PAYMENTS
TXN000002560,ACC0001845,2026-08-15 05:38:59,ATM_WITHDRAWAL,DEBIT,50857.6,UTILITIES,WEB,PAYMENTS
TXN000002561,ACC0001144,2026-07-12 06:44:42,IMPS,CREDIT,2600.69,CASH,WEB,PAYMENTS
TXN000002562,ACC0003695,2026-04-10 12:26:00,IMPS,DEBIT,1945.88,TRAVEL,BRANCH,PAYMENTS
TXN000002563,ACC0004291,2026-01-30 23:40:03,CARD_PURCHASE,CREDIT,6223.53,GROCERY,MOBILE,PAYMENTS
TXN000002564,ACC0000581,2026-08-18 02:13:48,ATM_WITHDRAWAL,DEBIT,1831.33,TRANSFER,MOBILE,PAYMENTS
TXN000002565,ACC0000947,2026-01-29 18:28:48,IMPS,CREDIT,6491.47,ECOMMERCE,MOBILE,PAYMENTS
TXN000002566,ACC0004230,2026-02-10 14:23:58,CASH_DEPOSIT,CREDIT,4332.13,TRAVEL,BRANCH,PAYMENTS
TXN000002567,ACC0000731,2026-01-17 20:12:45,UPI,DEBIT,1666.12,TRANSFER,BRANCH,PAYMENTS
TXN000002568,ACC0000244,2026-03-30 04:46:47,UPI,CREDIT,2089.7,FUEL,MOBILE,PAYMENTS
TXN000002569,ACC0004019,2026-03-30 13:54:43,NEFT,DEBIT,2535.22,CASH,ATM,PAYMENTS
TXN000002570,ACC0003143,2026-03-16 14:00:31,CASH_DEPOSIT,DEBIT,901.21,FUEL,WEB,PAYMENTS
TXN000002571,ACC0003276,2026-05-12 12:05:35,IMPS,DEBIT,6596.27,ECOMMERCE,POS,PAYMENTS
TXN000002572,ACC0001813,2026-09-03 17:48:13,CARD_PURCHASE,DEBIT,19401.79,GROCERY,BRANCH,PAYMENTS
TXN000002573,ACC0004480,2026-08-28 08:59:13,NEFT,CREDIT,4470.04,TRAVEL,POS,PAYMENTS
TXN000002574,ACC0004515,2026-03-01 03:54:25,NEFT,DEBIT,6388.4,GROCERY,ATM,PAYMENTS
TXN000002575,ACC0004514,2026-02-10 07:19:48,CARD_PURCHASE,CREDIT,26121.41,FUEL,BRANCH,PAYMENTS
TXN000002576,ACC0000817,2026-07-21 12:31:43,UPI,CREDIT,3051.15,ECOMMERCE,BRANCH,PAYMENTS
TXN000002577,ACC0003927,2026-05-25 06:44:06,IMPS,CREDIT,515.47,TRANSFER,ATM,PAYMENTS
TXN000002578,ACC0003773,2026-07-30 18:59:12,CASH_DEPOSIT,DEBIT,11782.51,ECOMMERCE,ATM,PAYMENTS
TXN000002579,ACC0002689,2026-01-02 16:33:23,CASH_DEPOSIT,CREDIT,1909.17,UTILITIES,ATM,PAYMENTS
TXN000002580,ACC0004774,2026-08-24 10:59:41,UPI,CREDIT,1639.49,FUEL,WEB,PAYMENTS
TXN000002581,ACC0002662,2026-08-13 08:18:41,UPI,DEBIT,3759.8,UTILITIES,WEB,PAYMENTS
TXN000002582,ACC0001604,2026-05-21 10:34:03,CASH_DEPOSIT,DEBIT,4191.56,TRANSFER,BRANCH,PAYMENTS
TXN000002583,ACC0000198,2026-05-10 09:19:01,NEFT,DEBIT,3488.1,CASH,BRANCH,PAYMENTS
TXN000002584,ACC0002864,2026-06-05 15:30:57,CARD_PURCHASE,DEBIT,16279.41,UTILITIES,POS,PAYMENTS
TXN000002585,ACC0001731,2026-07-27 09:46:17,ATM_WITHDRAWAL,CREDIT,6720.93,GROCERY,WEB,PAYMENTS
TXN000002586,ACC0003645,2026-02-22 15:01:35,UPI,DEBIT,2157.17,CASH,WEB,PAYMENTS
TXN000002587,ACC0004365,2026-05-22 10:36:24,ATM_WITHDRAWAL,DEBIT,964.93,GROCERY,MOBILE,PAYMENTS
TXN000002588,ACC0003299,2026-06-02 18:29:01,IMPS,DEBIT,3791.1,GROCERY,BRANCH,PAYMENTS
TXN000002589,ACC0000193,2026-01-28 05:06:06,CARD_PURCHASE,CREDIT,2557.65,ECOMMERCE,ATM,PAYMENTS
TXN000002590,ACC0004055,2026-01-04 19:43:58,UPI,CREDIT,1055.63,GROCERY,BRANCH,PAYMENTS
TXN000002591,ACC0001597,2026-07-16 03:33:42,CASH_DEPOSIT,CREDIT,7577.35,TRANSFER,ATM,PAYMENTS
TXN000002592,ACC0000384,2026-02-12 17:26:39,ATM_WITHDRAWAL,CREDIT,1684.02,CASH,MOBILE,PAYMENTS
TXN000002593,ACC0000757,2026-04-12 18:04:42,ATM_WITHDRAWAL,CREDIT,6919.4,ECOMMERCE,MOBILE,PAYMENTS
TXN000002594,ACC0004574,2026-05-07 14:43:25,CASH_DEPOSIT,CREDIT,10155.96,UTILITIES,BRANCH,PAYMENTS
TXN000002595,ACC0002059,2026-08-05 17:30:05,UPI,DEBIT,2552.23,ECOMMERCE,ATM,PAYMENTS
TXN000002596,ACC0004689,2026-04-28 02:14:51,ATM_WITHDRAWAL,CREDIT,1529.45,TRANSFER,BRANCH,PAYMENTS
TXN000002597,ACC0001571,2026-08-11 04:39:34,CARD_PURCHASE,DEBIT,2569.26,CASH,POS,PAYMENTS
TXN000002598,ACC0001064,2026-05-25 16:36:27,IMPS,CREDIT,1020.45,UTILITIES,MOBILE,PAYMENTS
TXN000002599,ACC0001254,2026-06-27 15:01:28,UPI,CREDIT,2293.16,ECOMMERCE,POS,PAYMENTS
TXN000002600,ACC0003145,2026-06-18 04:28:43,CARD_PURCHASE,CREDIT,1835.05,UTILITIES,POS,PAYMENTS
TXN000002601,ACC0002942,2026-02-27 18:29:44,NEFT,CREDIT,1561.96,TRAVEL,POS,PAYMENTS
TXN000002602,ACC0004609,2026-02-27 06:04:13,CARD_PURCHASE,DEBIT,13057.24,TRANSFER,MOBILE,PAYMENTS
TXN000002603,ACC0003961,2026-02-07 20:06:54,ATM_WITHDRAWAL,DEBIT,3680.88,UTILITIES,MOBILE,PAYMENTS
TXN000002604,ACC0002171,2026-07-03 18:55:50,UPI,CREDIT,1243.47,ECOMMERCE,MOBILE,PAYMENTS
TXN000002605,ACC0001779,2026-07-09 04:42:38,UPI,CREDIT,6766.94,CASH,MOBILE,PAYMENTS
TXN000002606,ACC0004254,2026-02-07 09:32:30,CARD_PURCHASE,CREDIT,4204.64,ECOMMERCE,POS,PAYMENTS
TXN000002607,ACC0002606,2026-04-21 22:30:35,ATM_WITHDRAWAL,DEBIT,297.0,TRAVEL,WEB,PAYMENTS
TXN000002608,ACC0003394,2026-08-08 07:16:40,ATM_WITHDRAWAL,DEBIT,1075.33,CASH,BRANCH,PAYMENTS
TXN000002609,ACC0001470,2026-06-06 12:23:35,NEFT,DEBIT,3758.76,TRANSFER,BRANCH,PAYMENTS
TXN000002610,ACC0002097,2026-02-17 21:42:23,CARD_PURCHASE,CREDIT,3193.69,TRANSFER,BRANCH,PAYMENTS
TXN000002611,ACC0000246,2026-08-03 19:39:09,CASH_DEPOSIT,DEBIT,3365.35,CASH,BRANCH,PAYMENTS
TXN000002612,ACC0002976,2026-02-21 22:33:24,ATM_WITHDRAWAL,DEBIT,9511.13,ECOMMERCE,POS,PAYMENTS
TXN000002613,ACC0000807,2026-02-21 02:21:07,CASH_DEPOSIT,CREDIT,11755.7,TRANSFER,POS,PAYMENTS
TXN000002614,ACC0000466,2026-01-07 22:52:22,ATM_WITHDRAWAL,CREDIT,6073.22,TRAVEL,MOBILE,PAYMENTS
TXN000002615,ACC0000035,2026-02-27 10:44:45,NEFT,DEBIT,4007.89,UTILITIES,ATM,PAYMENTS
TXN000002616,ACC0004637,2026-09-21 16:35:04,CARD_PURCHASE,DEBIT,3062.6,TRAVEL,POS,PAYMENTS
TXN000002617,ACC0003501,2026-03-20 23:22:19,NEFT,CREDIT,4927.85,UTILITIES,ATM,PAYMENTS
TXN000002618,ACC0001114,2026-05-15 06:00:10,UPI,DEBIT,5996.91,FUEL,ATM,PAYMENTS
TXN000002619,ACC0003979,2026-05-06 10:47:14,CASH_DEPOSIT,DEBIT,978.11,TRAVEL,MOBILE,PAYMENTS
TXN000002620,ACC0000118,2026-03-02 20:50:05,ATM_WITHDRAWAL,DEBIT,5854.25,TRANSFER,BRANCH,PAYMENTS
TXN000002621,ACC0003785,2026-09-14 00:31:37,CARD_PURCHASE,DEBIT,2600.74,GROCERY,POS,PAYMENTS
TXN000002622,ACC0003020,2026-05-07 13:56:19,UPI,DEBIT,5239.21,GROCERY,WEB,PAYMENTS
TXN000002623,ACC0003620,2026-03-17 11:54:32,ATM_WITHDRAWAL,DEBIT,24682.94,UTILITIES,ATM,PAYMENTS
TXN000002624,ACC0002454,2026-02-09 16:11:17,ATM_WITHDRAWAL,CREDIT,2888.68,TRAVEL,BRANCH,PAYMENTS
TXN000002625,ACC0001942,2026-03-09 21:39:33,UPI,CREDIT,25855.2,GROCERY,WEB,PAYMENTS
TXN000002626,ACC0003341,2026-01-22 11:26:02,UPI,CREDIT,2812.39,FUEL,ATM,PAYMENTS
TXN000002627,ACC0004571,2026-02-01 23:30:55,IMPS,DEBIT,2445.12,TRANSFER,MOBILE,PAYMENTS
TXN000002628,ACC0000412,2026-09-18 04:07:16,IMPS,DEBIT,5237.05,ECOMMERCE,BRANCH,PAYMENTS
TXN000002629,ACC0002832,2026-05-09 07:38:44,CASH_DEPOSIT,DEBIT,3852.7,ECOMMERCE,MOBILE,PAYMENTS
TXN000002630,ACC0004705,2026-06-25 23:33:40,CASH_DEPOSIT,DEBIT,680.68,TRAVEL,MOBILE,PAYMENTS
TXN000002631,ACC0000177,2026-02-06 18:44:32,ATM_WITHDRAWAL,DEBIT,2015.34,TRAVEL,POS,PAYMENTS
TXN000002632,ACC0002516,2026-04-21 22:18:53,CASH_DEPOSIT,DEBIT,24300.45,GROCERY,ATM,PAYMENTS
TXN000002633,ACC0000957,2026-01-09 04:55:45,CASH_DEPOSIT,DEBIT,2544.9,CASH,ATM,PAYMENTS
TXN000002634,ACC0000698,2026-08-01 02:03:46,CARD_PURCHASE,CREDIT,23765.13,ECOMMERCE,ATM,PAYMENTS
TXN000002635,ACC0000361,2026-05-01 07:35:19,CASH_DEPOSIT,CREDIT,2243.42,FUEL,MOBILE,PAYMENTS
TXN000002636,ACC0000607,2026-03-29 13:45:21,CARD_PURCHASE,CREDIT,3536.09,CASH,WEB,PAYMENTS
TXN000002637,ACC0004559,2026-06-22 14:53:11,CASH_DEPOSIT,CREDIT,11249.4,TRANSFER,POS,PAYMENTS
TXN000002638,ACC0000784,2026-01-07 15:09:53,CASH_DEPOSIT,DEBIT,4455.8,FUEL,MOBILE,PAYMENTS
TXN000002639,ACC0003505,2026-03-28 07:05:03,ATM_WITHDRAWAL,CREDIT,3396.82,UTILITIES,MOBILE,PAYMENTS
TXN000002640,ACC0002948,2026-05-21 03:45:10,ATM_WITHDRAWAL,DEBIT,6261.94,GROCERY,BRANCH,PAYMENTS
TXN000002641,ACC0002243,2026-08-31 12:37:11,CASH_DEPOSIT,DEBIT,27037.05,FUEL,ATM,PAYMENTS
TXN000002642,ACC0002320,2026-01-25 02:44:04,CASH_DEPOSIT,DEBIT,12163.31,TRANSFER,MOBILE,PAYMENTS
TXN000002643,ACC0002462,2026-08-03 22:11:40,UPI,DEBIT,4005.74,CASH,WEB,PAYMENTS
TXN000002644,ACC0004149,2026-08-02 15:20:55,IMPS,CREDIT,2163.26,TRAVEL,MOBILE,PAYMENTS
TXN000002645,ACC0000099,2026-01-12 22:53:29,CARD_PURCHASE,CREDIT,1141.81,CASH,WEB,PAYMENTS
TXN000002646,ACC0001599,2026-08-31 15:09:06,IMPS,CREDIT,13138.72,CASH,WEB,PAYMENTS
TXN000002647,ACC0000485,2026-01-31 15:16:06,CARD_PURCHASE,DEBIT,1929.02,GROCERY,BRANCH,PAYMENTS
TXN000002648,ACC0003381,2026-07-10 06:48:22,CARD_PURCHASE,DEBIT,1901.15,ECOMMERCE,ATM,PAYMENTS
TXN000002649,ACC0003745,2026-03-11 21:49:51,ATM_WITHDRAWAL,DEBIT,13914.85,FUEL,BRANCH,PAYMENTS
TXN000002650,ACC0004492,2026-09-12 13:40:04,NEFT,CREDIT,2576.07,FUEL,MOBILE,PAYMENTS
TXN000002651,ACC0004047,2026-06-14 16:43:58,IMPS,CREDIT,16604.54,CASH,BRANCH,PAYMENTS
TXN000002652,ACC0000521,2026-02-24 05:05:56,UPI,CREDIT,3249.65,TRANSFER,MOBILE,PAYMENTS
TXN000002653,ACC0003159,2026-04-17 21:34:25,CARD_PURCHASE,CREDIT,5889.22,CASH,ATM,PAYMENTS
TXN000002654,ACC0001125,2026-08-01 09:32:21,UPI,CREDIT,1585.01,CASH,WEB,PAYMENTS
TXN000002655,ACC0004458,2026-07-08 06:09:59,NEFT,CREDIT,2594.55,TRAVEL,WEB,PAYMENTS
TXN000002656,ACC0002393,2026-05-17 21:35:00,IMPS,CREDIT,214.96,CASH,MOBILE,PAYMENTS
TXN000002657,ACC0000496,2026-03-03 05:15:51,ATM_WITHDRAWAL,DEBIT,10141.68,GROCERY,MOBILE,PAYMENTS
TXN000002658,ACC0003994,2026-05-28 15:36:08,CASH_DEPOSIT,CREDIT,15780.08,TRAVEL,MOBILE,PAYMENTS
TXN000002659,ACC0002461,2026-04-28 03:47:29,CARD_PURCHASE,CREDIT,27131.79,ECOMMERCE,MOBILE,PAYMENTS
TXN000002660,ACC0001710,2026-09-08 11:36:02,IMPS,CREDIT,38791.97,GROCERY,WEB,PAYMENTS
TXN000002661,ACC0004262,2026-08-26 21:16:49,ATM_WITHDRAWAL,DEBIT,14147.43,ECOMMERCE,BRANCH,PAYMENTS
TXN000002662,ACC0000714,2026-07-01 20:44:50,CASH_DEPOSIT,DEBIT,3513.06,TRAVEL,BRANCH,PAYMENTS
TXN000002663,ACC0004042,2026-08-23 08:08:14,UPI,CREDIT,8167.77,FUEL,POS,PAYMENTS
TXN000002664,ACC0000585,2026-08-29 01:59:20,CARD_PURCHASE,CREDIT,16205.12,UTILITIES,WEB,PAYMENTS
TXN000002665,ACC0003683,2026-06-11 18:09:31,IMPS,CREDIT,3987.07,ECOMMERCE,ATM,PAYMENTS
TXN000002666,ACC0002804,2026-05-13 17:04:32,UPI,CREDIT,11773.59,UTILITIES,BRANCH,PAYMENTS
TXN000002667,ACC0001813,2026-01-27 16:04:41,NEFT,DEBIT,6281.3,CASH,MOBILE,PAYMENTS
TXN000002668,ACC0004958,2026-07-31 21:32:51,ATM_WITHDRAWAL,DEBIT,8620.58,CASH,ATM,PAYMENTS
TXN000002669,ACC0000017,2026-03-12 17:13:52,IMPS,CREDIT,2194.09,GROCERY,ATM,PAYMENTS
TXN000002670,ACC0000770,2026-06-08 10:27:27,NEFT,CREDIT,1883.22,TRAVEL,WEB,PAYMENTS
TXN000002671,ACC0003233,2026-08-19 03:26:55,NEFT,CREDIT,5442.1,TRAVEL,MOBILE,PAYMENTS
TXN000002672,ACC0001208,2026-02-11 11:08:17,IMPS,CREDIT,938.83,GROCERY,MOBILE,PAYMENTS
TXN000002673,ACC0002827,2026-02-19 01:21:28,CARD_PURCHASE,CREDIT,3358.64,TRAVEL,WEB,PAYMENTS
TXN000002674,ACC0002639,2026-06-26 21:27:48,CASH_DEPOSIT,CREDIT,4565.31,FUEL,ATM,PAYMENTS
TXN000002675,ACC0001807,2026-03-05 12:29:21,NEFT,DEBIT,7205.07,GROCERY,WEB,PAYMENTS
TXN000002676,ACC0002638,2026-08-16 00:00:56,NEFT,CREDIT,25417.02,FUEL,MOBILE,PAYMENTS
TXN000002677,ACC0004294,2026-06-01 11:29:16,NEFT,CREDIT,58463.69,GROCERY,BRANCH,PAYMENTS
TXN000002678,ACC0002115,2026-01-13 14:03:49,ATM_WITHDRAWAL,CREDIT,33280.47,UTILITIES,POS,PAYMENTS
TXN000002679,ACC0002234,2026-02-19 05:36:17,UPI,DEBIT,6394.5,UTILITIES,MOBILE,PAYMENTS
TXN000002680,ACC0000609,2026-05-09 08:24:29,UPI,DEBIT,564.01,FUEL,MOBILE,PAYMENTS
TXN000002681,ACC0000747,2026-08-02 16:27:54,CARD_PURCHASE,DEBIT,6297.19,TRANSFER,BRANCH,PAYMENTS
TXN000002682,ACC0002765,2026-09-02 16:22:41,IMPS,CREDIT,9127.59,CASH,POS,PAYMENTS
TXN000002683,ACC0001480,2026-03-14 03:59:27,IMPS,DEBIT,3136.93,UTILITIES,BRANCH,PAYMENTS
TXN000002684,ACC0003107,2026-09-12 01:11:39,UPI,DEBIT,7043.45,TRAVEL,BRANCH,PAYMENTS
TXN000002685,ACC0001764,2026-09-08 08:06:21,NEFT,CREDIT,5050.4,UTILITIES,POS,PAYMENTS
TXN000002686,ACC0001922,2026-01-22 15:26:49,UPI,DEBIT,1969.66,TRANSFER,ATM,PAYMENTS
TXN000002687,ACC0002685,2026-04-11 08:15:27,ATM_WITHDRAWAL,DEBIT,69140.09,UTILITIES,WEB,PAYMENTS
TXN000002688,ACC0000628,2026-06-29 09:12:58,ATM_WITHDRAWAL,DEBIT,22799.19,FUEL,WEB,PAYMENTS
TXN000002689,ACC0002586,2026-03-23 08:17:36,IMPS,DEBIT,1400.5,GROCERY,BRANCH,PAYMENTS
TXN000002690,ACC0000045,2026-08-05 09:41:16,NEFT,CREDIT,1379.23,ECOMMERCE,ATM,PAYMENTS
TXN000002691,ACC0002813,2026-04-20 02:55:39,ATM_WITHDRAWAL,DEBIT,2244.51,TRANSFER,BRANCH,PAYMENTS
TXN000002692,ACC0003036,2026-01-02 03:55:46,UPI,DEBIT,3018.76,TRAVEL,WEB,PAYMENTS
TXN000002693,ACC0000875,2026-05-12 03:49:04,IMPS,CREDIT,3119.69,CASH,ATM,PAYMENTS
TXN000002694,ACC0004597,2026-07-25 18:22:25,ATM_WITHDRAWAL,CREDIT,1789.21,UTILITIES,MOBILE,PAYMENTS
TXN000002695,ACC0003056,2026-02-19 22:40:26,IMPS,CREDIT,602.28,FUEL,BRANCH,PAYMENTS
TXN000002696,ACC0000046,2026-03-20 15:23:06,NEFT,DEBIT,714.56,GROCERY,POS,PAYMENTS
TXN000002697,ACC0003888,2026-04-11 04:34:43,IMPS,CREDIT,4083.47,FUEL,ATM,PAYMENTS
TXN000002698,ACC0001266,2026-04-15 05:35:39,IMPS,CREDIT,1770.03,GROCERY,BRANCH,PAYMENTS
TXN000002699,ACC0000209,2026-08-30 08:22:10,NEFT,DEBIT,93523.83,TRAVEL,BRANCH,PAYMENTS
TXN000002700,ACC0003417,2026-06-04 19:39:35,CARD_PURCHASE,CREDIT,2714.28,GROCERY,ATM,PAYMENTS
TXN000002701,ACC0004933,2026-09-12 10:46:16,ATM_WITHDRAWAL,DEBIT,10501.62,ECOMMERCE,POS,PAYMENTS
TXN000002702,ACC0004145,2026-04-26 10:12:17,ATM_WITHDRAWAL,CREDIT,1455.43,UTILITIES,WEB,PAYMENTS
TXN000002703,ACC0001471,2026-07-04 18:15:30,CASH_DEPOSIT,DEBIT,1249.17,TRANSFER,WEB,PAYMENTS
TXN000002704,ACC0001638,2026-08-02 02:07:42,CASH_DEPOSIT,DEBIT,1506.68,TRAVEL,WEB,PAYMENTS
TXN000002705,ACC0003720,2026-06-24 05:38:47,IMPS,CREDIT,35550.66,GROCERY,WEB,PAYMENTS
TXN000002706,ACC0003397,2026-01-25 22:39:33,ATM_WITHDRAWAL,DEBIT,2279.49,FUEL,WEB,PAYMENTS
TXN000002707,ACC0000042,2026-03-01 06:23:46,NEFT,DEBIT,8841.61,UTILITIES,BRANCH,PAYMENTS
TXN000002708,ACC0003927,2026-03-31 03:49:16,IMPS,DEBIT,3672.91,TRANSFER,ATM,PAYMENTS
TXN000002709,ACC0003414,2026-09-07 06:32:32,CASH_DEPOSIT,DEBIT,948.95,ECOMMERCE,ATM,PAYMENTS
TXN000002710,ACC0004358,2026-06-22 02:24:33,UPI,CREDIT,6277.74,TRANSFER,BRANCH,PAYMENTS
TXN000002711,ACC0002458,2026-09-12 04:55:29,CASH_DEPOSIT,CREDIT,4605.53,TRANSFER,POS,PAYMENTS
TXN000002712,ACC0001345,2026-07-04 03:12:31,UPI,DEBIT,2831.02,ECOMMERCE,BRANCH,PAYMENTS
TXN000002713,ACC0003308,2026-07-07 17:27:02,IMPS,DEBIT,6212.49,FUEL,ATM,PAYMENTS
TXN000002714,ACC0003638,2026-02-13 13:25:10,UPI,DEBIT,4340.6,TRANSFER,MOBILE,PAYMENTS
TXN000002715,ACC0001600,2026-06-03 20:15:11,IMPS,DEBIT,7055.4,TRANSFER,MOBILE,PAYMENTS
TXN000002716,ACC0002360,2026-08-21 04:36:25,UPI,DEBIT,795.55,UTILITIES,BRANCH,PAYMENTS
TXN000002717,ACC0002324,2026-03-30 20:15:22,UPI,DEBIT,10332.66,UTILITIES,ATM,PAYMENTS
TXN000002718,ACC0004151,2026-03-27 19:47:22,ATM_WITHDRAWAL,DEBIT,1877.7,ECOMMERCE,WEB,PAYMENTS
TXN000002719,ACC0003723,2026-06-05 10:48:30,NEFT,DEBIT,1121.75,CASH,BRANCH,PAYMENTS
TXN000002720,ACC0001921,2026-06-10 04:02:22,IMPS,DEBIT,2859.59,ECOMMERCE,BRANCH,PAYMENTS
TXN000002721,ACC0003101,2026-05-31 08:38:37,IMPS,DEBIT,6602.88,ECOMMERCE,POS,PAYMENTS
TXN000002722,ACC0001860,2026-04-04 00:10:12,ATM_WITHDRAWAL,CREDIT,8303.54,GROCERY,MOBILE,PAYMENTS
TXN000002723,ACC0000471,2026-01-26 20:53:11,ATM_WITHDRAWAL,DEBIT,1541.38,TRAVEL,POS,PAYMENTS
TXN000002724,ACC0001748,2026-08-14 14:16:41,ATM_WITHDRAWAL,DEBIT,923.43,ECOMMERCE,BRANCH,PAYMENTS
TXN000002725,ACC0004964,2026-02-03 22:20:50,CARD_PURCHASE,DEBIT,509.56,TRANSFER,WEB,PAYMENTS
TXN000002726,ACC0003440,2026-04-18 12:08:32,UPI,CREDIT,8794.56,CASH,POS,PAYMENTS
TXN000002727,ACC0002040,2026-03-27 00:19:06,CASH_DEPOSIT,CREDIT,5916.5,TRAVEL,BRANCH,PAYMENTS
TXN000002728,ACC0003270,2026-05-26 07:40:00,CARD_PURCHASE,DEBIT,2599.16,TRANSFER,POS,PAYMENTS
TXN000002729,ACC0004137,2026-06-17 09:52:42,IMPS,CREDIT,1529.39,TRANSFER,MOBILE,PAYMENTS
TXN000002730,ACC0002532,2026-08-01 19:24:06,IMPS,DEBIT,3205.25,FUEL,MOBILE,PAYMENTS
TXN000002731,ACC0003047,2026-06-05 20:09:07,UPI,DEBIT,7557.68,TRANSFER,WEB,PAYMENTS
TXN000002732,ACC0004313,2026-01-14 22:10:51,ATM_WITHDRAWAL,CREDIT,3253.8,TRANSFER,MOBILE,PAYMENTS
TXN000002733,ACC0000618,2026-08-07 01:38:34,NEFT,DEBIT,740.75,CASH,POS,PAYMENTS
TXN000002734,ACC0003518,2026-02-10 03:58:44,UPI,CREDIT,3842.79,TRANSFER,MOBILE,PAYMENTS
TXN000002735,ACC0003910,2026-04-06 17:12:15,ATM_WITHDRAWAL,CREDIT,11093.04,ECOMMERCE,BRANCH,PAYMENTS
TXN000002736,ACC0002819,2026-08-06 02:59:27,CARD_PURCHASE,CREDIT,11114.61,FUEL,BRANCH,PAYMENTS
TXN000002737,ACC0004919,2026-02-09 05:47:45,CARD_PURCHASE,DEBIT,5865.56,TRANSFER,WEB,PAYMENTS
TXN000002738,ACC0003085,2026-01-25 14:21:13,CARD_PURCHASE,CREDIT,4220.81,TRAVEL,WEB,PAYMENTS
TXN000002739,ACC0003065,2026-01-19 02:22:40,IMPS,CREDIT,6193.23,GROCERY,WEB,PAYMENTS
TXN000002740,ACC0003106,2026-08-01 02:23:01,UPI,CREDIT,844.76,UTILITIES,BRANCH,PAYMENTS
TXN000002741,ACC0001295,2026-03-28 01:14:53,UPI,DEBIT,450.48,TRAVEL,POS,PAYMENTS
TXN000002742,ACC0003175,2026-09-07 22:16:50,CASH_DEPOSIT,DEBIT,1001.97,TRAVEL,POS,PAYMENTS
TXN000002743,ACC0000004,2026-05-25 13:27:26,CARD_PURCHASE,DEBIT,47994.42,UTILITIES,ATM,PAYMENTS
TXN000002744,ACC0001258,2026-07-29 05:20:31,IMPS,CREDIT,29630.1,GROCERY,BRANCH,PAYMENTS
TXN000002745,ACC0000110,2026-09-14 13:06:55,UPI,CREDIT,627.84,FUEL,POS,PAYMENTS
TXN000002746,ACC0003792,2026-04-20 15:32:54,ATM_WITHDRAWAL,CREDIT,8084.9,GROCERY,WEB,PAYMENTS
TXN000002747,ACC0003100,2026-05-15 11:43:44,ATM_WITHDRAWAL,DEBIT,3655.42,ECOMMERCE,BRANCH,PAYMENTS
TXN000002748,ACC0004775,2026-02-25 06:30:49,CASH_DEPOSIT,CREDIT,2825.82,UTILITIES,MOBILE,PAYMENTS
TXN000002749,ACC0003714,2026-02-13 21:05:52,UPI,DEBIT,6319.81,TRANSFER,MOBILE,PAYMENTS
TXN000002750,ACC0002304,2026-08-02 23:03:22,CASH_DEPOSIT,CREDIT,11987.87,CASH,ATM,PAYMENTS
TXN000002751,ACC0002925,2026-01-06 03:00:24,IMPS,DEBIT,5632.73,ECOMMERCE,WEB,PAYMENTS
TXN000002752,ACC0003168,2026-02-08 09:05:23,ATM_WITHDRAWAL,CREDIT,2649.54,GROCERY,BRANCH,PAYMENTS
TXN000002753,ACC0003398,2026-04-16 17:16:08,ATM_WITHDRAWAL,DEBIT,7760.12,ECOMMERCE,ATM,PAYMENTS
TXN000002754,ACC0001339,2026-02-28 04:02:00,IMPS,DEBIT,386.17,GROCERY,MOBILE,PAYMENTS
TXN000002755,ACC0002107,2026-03-16 11:00:32,IMPS,CREDIT,2506.6,TRANSFER,POS,PAYMENTS
TXN000002756,ACC0001710,2026-02-27 00:39:41,IMPS,DEBIT,4293.5,TRANSFER,ATM,PAYMENTS
TXN000002757,ACC0004295,2026-01-02 09:04:54,IMPS,CREDIT,5265.22,FUEL,MOBILE,PAYMENTS
TXN000002758,ACC0000678,2026-05-01 19:50:16,IMPS,CREDIT,9530.02,ECOMMERCE,ATM,PAYMENTS
TXN000002759,ACC0002196,2026-02-27 07:45:33,IMPS,DEBIT,7861.18,FUEL,POS,PAYMENTS
TXN000002760,ACC0003134,2026-06-19 20:25:27,IMPS,CREDIT,10967.64,TRANSFER,WEB,PAYMENTS
TXN000002761,ACC0003504,2026-01-18 00:10:52,ATM_WITHDRAWAL,DEBIT,14977.55,GROCERY,POS,PAYMENTS
TXN000002762,ACC0002420,2026-03-12 23:16:44,NEFT,DEBIT,2556.5,FUEL,WEB,PAYMENTS
TXN000002763,ACC0000008,2026-05-31 00:54:57,ATM_WITHDRAWAL,CREDIT,973.83,FUEL,BRANCH,PAYMENTS
TXN000002764,ACC0004971,2026-03-17 22:50:43,IMPS,DEBIT,48841.02,CASH,WEB,PAYMENTS
TXN000002765,ACC0001009,2026-05-10 10:10:54,IMPS,DEBIT,6512.36,TRAVEL,ATM,PAYMENTS
TXN000002766,ACC0000136,2026-02-01 02:38:36,UPI,DEBIT,4405.15,CASH,BRANCH,PAYMENTS
TXN000002767,ACC0004597,2026-05-04 05:21:09,IMPS,CREDIT,7191.11,FUEL,BRANCH,PAYMENTS
TXN000002768,ACC0002878,2026-06-02 16:49:11,IMPS,DEBIT,30686.41,FUEL,BRANCH,PAYMENTS
TXN000002769,ACC0001132,2026-01-07 23:01:04,ATM_WITHDRAWAL,CREDIT,8051.76,UTILITIES,WEB,PAYMENTS
TXN000002770,ACC0002680,2026-01-06 00:16:12,NEFT,DEBIT,953.14,CASH,MOBILE,PAYMENTS
TXN000002771,ACC0002511,2026-08-07 11:51:08,CARD_PURCHASE,CREDIT,6654.9,TRAVEL,POS,PAYMENTS
TXN000002772,ACC0002226,2026-05-08 18:00:07,NEFT,CREDIT,1321.28,FUEL,WEB,PAYMENTS
TXN000002773,ACC0003089,2026-04-04 06:03:37,CASH_DEPOSIT,DEBIT,899.7,TRANSFER,BRANCH,PAYMENTS
TXN000002774,ACC0000881,2026-04-01 23:52:20,IMPS,DEBIT,1362.93,TRANSFER,POS,PAYMENTS
TXN000002775,ACC0000099,2026-01-06 03:19:59,CASH_DEPOSIT,CREDIT,15279.89,ECOMMERCE,ATM,PAYMENTS
TXN000002776,ACC0004662,2026-03-05 18:34:01,UPI,DEBIT,2304.11,TRAVEL,ATM,PAYMENTS
TXN000002777,ACC0002156,2026-05-24 06:16:34,CASH_DEPOSIT,CREDIT,18896.15,GROCERY,ATM,PAYMENTS
TXN000002778,ACC0002236,2026-02-16 10:41:49,NEFT,DEBIT,6814.97,TRANSFER,BRANCH,PAYMENTS
TXN000002779,ACC0004988,2026-02-12 04:43:44,NEFT,DEBIT,24750.78,GROCERY,BRANCH,PAYMENTS
TXN000002780,ACC0004855,2026-09-09 02:23:38,NEFT,DEBIT,3019.32,ECOMMERCE,WEB,PAYMENTS
TXN000002781,ACC0001475,2026-01-15 10:50:19,UPI,DEBIT,11168.74,GROCERY,ATM,PAYMENTS
TXN000002782,ACC0000428,2026-09-20 20:56:25,CASH_DEPOSIT,CREDIT,1882.46,TRAVEL,BRANCH,PAYMENTS
TXN000002783,ACC0001298,2026-02-15 00:10:14,IMPS,DEBIT,14707.1,ECOMMERCE,BRANCH,PAYMENTS
TXN000002784,ACC0000673,2026-03-29 22:27:18,IMPS,CREDIT,7350.62,ECOMMERCE,MOBILE,PAYMENTS
TXN000002785,ACC0003097,2026-08-29 13:30:17,CASH_DEPOSIT,DEBIT,3385.04,FUEL,WEB,PAYMENTS
TXN000002786,ACC0002030,2026-02-07 13:43:50,UPI,DEBIT,7952.7,TRAVEL,ATM,PAYMENTS
TXN000002787,ACC0003187,2026-02-07 10:51:11,UPI,DEBIT,961.35,TRAVEL,ATM,PAYMENTS
TXN000002788,ACC0000653,2026-03-28 04:13:29,CASH_DEPOSIT,CREDIT,7885.86,GROCERY,ATM,PAYMENTS
TXN000002789,ACC0002990,2026-01-09 07:05:34,CASH_DEPOSIT,CREDIT,6964.57,CASH,WEB,PAYMENTS
TXN000002790,ACC0001256,2026-05-18 19:50:41,CASH_DEPOSIT,DEBIT,12000.68,UTILITIES,POS,PAYMENTS
TXN000002791,ACC0004823,2026-05-21 14:32:34,ATM_WITHDRAWAL,CREDIT,18335.8,TRANSFER,BRANCH,PAYMENTS
TXN000002792,ACC0000335,2026-08-23 00:27:30,ATM_WITHDRAWAL,DEBIT,34695.51,FUEL,WEB,PAYMENTS
TXN000002793,ACC0004438,2026-08-25 19:32:34,UPI,CREDIT,5515.21,FUEL,ATM,PAYMENTS
TXN000002794,ACC0001092,2026-01-09 02:11:08,IMPS,DEBIT,1584.84,UTILITIES,WEB,PAYMENTS
TXN000002795,ACC0004114,2026-02-10 14:06:17,CASH_DEPOSIT,DEBIT,4489.32,FUEL,WEB,PAYMENTS
TXN000002796,ACC0001142,2026-03-28 20:47:17,UPI,CREDIT,10003.96,ECOMMERCE,ATM,PAYMENTS
TXN000002797,ACC0001999,2026-06-29 01:45:38,CASH_DEPOSIT,DEBIT,5682.99,TRANSFER,WEB,PAYMENTS
TXN000002798,ACC0004555,2026-01-23 13:37:32,CARD_PURCHASE,CREDIT,3153.7,GROCERY,ATM,PAYMENTS
TXN000002799,ACC0004463,2026-02-28 21:35:06,NEFT,CREDIT,13030.3,TRAVEL,POS,PAYMENTS
TXN000002800,ACC0001315,2026-01-09 13:57:24,UPI,CREDIT,1844.23,FUEL,WEB,PAYMENTS
TXN000002801,ACC0003949,2026-02-20 05:09:15,ATM_WITHDRAWAL,DEBIT,3413.86,UTILITIES,BRANCH,PAYMENTS
TXN000002802,ACC0004204,2026-02-18 14:44:06,ATM_WITHDRAWAL,CREDIT,9803.59,TRAVEL,POS,PAYMENTS
TXN000002803,ACC0001332,2026-06-18 23:56:27,CARD_PURCHASE,DEBIT,7211.82,TRANSFER,WEB,PAYMENTS
TXN000002804,ACC0000205,2026-08-23 18:45:39,NEFT,CREDIT,8986.86,CASH,POS,PAYMENTS
TXN000002805,ACC0004740,2026-02-12 11:37:29,IMPS,DEBIT,2964.44,FUEL,ATM,PAYMENTS
TXN000002806,ACC0004700,2026-01-25 04:02:37,UPI,CREDIT,1441.12,UTILITIES,WEB,PAYMENTS
TXN000002807,ACC0001981,2026-02-04 08:22:20,NEFT,DEBIT,6284.58,GROCERY,BRANCH,PAYMENTS
TXN000002808,ACC0002707,2026-04-22 06:38:47,CASH_DEPOSIT,DEBIT,579.83,CASH,BRANCH,PAYMENTS
TXN000002809,ACC0004494,2026-09-02 00:00:12,ATM_WITHDRAWAL,CREDIT,1684.19,UTILITIES,POS,PAYMENTS
TXN000002810,ACC0002122,2026-06-19 23:17:42,NEFT,CREDIT,2307.66,UTILITIES,BRANCH,PAYMENTS
TXN000002811,ACC0003999,2026-09-03 09:43:16,UPI,DEBIT,6142.26,TRAVEL,WEB,PAYMENTS
TXN000002812,ACC0000989,2026-05-15 02:40:58,IMPS,CREDIT,3211.23,FUEL,WEB,PAYMENTS
TXN000002813,ACC0003086,2026-07-14 14:04:07,ATM_WITHDRAWAL,CREDIT,13338.97,UTILITIES,POS,PAYMENTS
TXN000002814,ACC0004594,2026-09-14 01:36:11,ATM_WITHDRAWAL,CREDIT,79027.29,GROCERY,POS,PAYMENTS
TXN000002815,ACC0000073,2026-06-23 01:24:43,NEFT,DEBIT,2454.07,ECOMMERCE,ATM,PAYMENTS
TXN000002816,ACC0004137,2026-09-01 06:16:48,UPI,DEBIT,1277.83,GROCERY,ATM,PAYMENTS
TXN000002817,ACC0002817,2026-07-11 08:17:17,NEFT,CREDIT,2087.38,GROCERY,BRANCH,PAYMENTS
TXN000002818,ACC0003682,2026-08-19 05:57:26,IMPS,DEBIT,3310.36,FUEL,BRANCH,PAYMENTS
TXN000002819,ACC0004387,2026-07-20 13:31:14,IMPS,DEBIT,1208.97,ECOMMERCE,MOBILE,PAYMENTS
TXN000002820,ACC0001936,2026-05-03 10:03:35,IMPS,DEBIT,7819.57,TRANSFER,BRANCH,PAYMENTS
TXN000002821,ACC0002204,2026-07-23 01:46:23,IMPS,DEBIT,725.92,TRAVEL,POS,PAYMENTS
TXN000002822,ACC0002897,2026-04-26 10:36:22,IMPS,CREDIT,3893.49,FUEL,ATM,PAYMENTS
TXN000002823,ACC0003473,2026-01-05 20:40:33,UPI,DEBIT,2462.26,UTILITIES,BRANCH,PAYMENTS
TXN000002824,ACC0004925,2026-01-08 06:21:31,IMPS,DEBIT,8726.75,UTILITIES,POS,PAYMENTS
TXN000002825,ACC0004869,2026-08-26 17:55:01,UPI,CREDIT,2885.03,CASH,POS,PAYMENTS
TXN000002826,ACC0001590,2026-05-19 15:05:55,ATM_WITHDRAWAL,DEBIT,3068.64,TRAVEL,MOBILE,PAYMENTS
TXN000002827,ACC0000560,2026-03-29 18:27:53,CASH_DEPOSIT,DEBIT,1214.1,TRANSFER,BRANCH,PAYMENTS
TXN000002828,ACC0004253,2026-08-18 22:49:58,CASH_DEPOSIT,CREDIT,20259.94,ECOMMERCE,WEB,PAYMENTS
TXN000002829,ACC0001927,2026-08-17 00:18:37,CASH_DEPOSIT,DEBIT,2573.32,FUEL,MOBILE,PAYMENTS
TXN000002830,ACC0000768,2026-08-01 12:17:39,CASH_DEPOSIT,DEBIT,5210.99,CASH,POS,PAYMENTS
TXN000002831,ACC0001333,2026-04-11 12:44:36,UPI,DEBIT,12486.19,CASH,WEB,PAYMENTS
TXN000002832,ACC0002752,2026-09-23 18:52:10,UPI,CREDIT,1147.76,FUEL,BRANCH,PAYMENTS
TXN000002833,ACC0002912,2026-07-16 18:44:54,NEFT,CREDIT,2069.65,UTILITIES,POS,PAYMENTS
TXN000002834,ACC0004126,2026-02-13 09:35:57,UPI,CREDIT,3788.68,GROCERY,MOBILE,PAYMENTS
TXN000002835,ACC0003389,2026-02-10 05:25:52,ATM_WITHDRAWAL,CREDIT,1676.22,ECOMMERCE,POS,PAYMENTS
TXN000002836,ACC0001110,2026-04-15 17:19:32,ATM_WITHDRAWAL,CREDIT,10929.03,TRANSFER,BRANCH,PAYMENTS
TXN000002837,ACC0002416,2026-01-01 11:46:09,NEFT,DEBIT,6744.22,UTILITIES,BRANCH,PAYMENTS
TXN000002838,ACC0000063,2026-09-07 01:48:43,ATM_WITHDRAWAL,DEBIT,8167.21,FUEL,ATM,PAYMENTS
TXN000002839,ACC0003227,2026-02-15 14:57:42,UPI,DEBIT,1899.33,FUEL,BRANCH,PAYMENTS
TXN000002840,ACC0003688,2026-01-16 01:20:38,IMPS,DEBIT,1382.68,TRAVEL,POS,PAYMENTS
TXN000002841,ACC0002692,2026-06-21 09:03:24,CASH_DEPOSIT,CREDIT,7795.15,FUEL,BRANCH,PAYMENTS
TXN000002842,ACC0004842,2026-08-04 21:28:51,ATM_WITHDRAWAL,DEBIT,3913.91,CASH,BRANCH,PAYMENTS
TXN000002843,ACC0003177,2026-05-30 16:20:52,UPI,CREDIT,4571.91,TRANSFER,POS,PAYMENTS
TXN000002844,ACC0003724,2026-02-26 03:18:59,CARD_PURCHASE,DEBIT,1652.89,ECOMMERCE,MOBILE,PAYMENTS
TXN000002845,ACC0001322,2026-09-01 03:41:20,CASH_DEPOSIT,CREDIT,12526.93,ECOMMERCE,POS,PAYMENTS
TXN000002846,ACC0004503,2026-01-06 19:52:13,CASH_DEPOSIT,CREDIT,2561.6,GROCERY,WEB,PAYMENTS
TXN000002847,ACC0003154,2026-04-11 00:41:23,CARD_PURCHASE,CREDIT,2403.71,ECOMMERCE,ATM,PAYMENTS
TXN000002848,ACC0004638,2026-09-24 03:15:13,UPI,CREDIT,1849.52,TRANSFER,MOBILE,PAYMENTS
TXN000002849,ACC0003115,2026-03-12 04:05:35,UPI,CREDIT,3272.77,UTILITIES,BRANCH,PAYMENTS
TXN000002850,ACC0004854,2026-06-29 23:05:04,UPI,CREDIT,1594.62,UTILITIES,MOBILE,PAYMENTS
TXN000002851,ACC0004307,2026-03-13 03:25:29,ATM_WITHDRAWAL,DEBIT,4962.43,UTILITIES,POS,PAYMENTS
TXN000002852,ACC0002737,2026-06-01 23:41:55,CASH_DEPOSIT,DEBIT,1986.29,ECOMMERCE,MOBILE,PAYMENTS
TXN000002853,ACC0002227,2026-02-07 16:41:41,UPI,DEBIT,8331.79,TRAVEL,BRANCH,PAYMENTS
TXN000002854,ACC0004385,2026-03-17 02:30:38,ATM_WITHDRAWAL,DEBIT,5850.01,UTILITIES,WEB,PAYMENTS
TXN000002855,ACC0001960,2026-07-24 01:40:01,ATM_WITHDRAWAL,CREDIT,1392.08,UTILITIES,POS,PAYMENTS
TXN000002856,ACC0002770,2026-07-10 06:26:40,CARD_PURCHASE,CREDIT,25979.98,TRAVEL,ATM,PAYMENTS
TXN000002857,ACC0001329,2026-05-02 06:49:21,UPI,DEBIT,9602.53,ECOMMERCE,BRANCH,PAYMENTS
TXN000002858,ACC0002393,2026-04-13 10:04:34,UPI,CREDIT,1586.54,GROCERY,WEB,PAYMENTS
TXN000002859,ACC0001038,2026-01-31 18:53:44,ATM_WITHDRAWAL,CREDIT,4747.45,FUEL,POS,PAYMENTS
TXN000002860,ACC0003306,2026-09-16 17:56:29,UPI,CREDIT,17589.14,CASH,POS,PAYMENTS
TXN000002861,ACC0002153,2026-07-02 19:07:12,IMPS,CREDIT,3739.78,CASH,POS,PAYMENTS
TXN000002862,ACC0004828,2026-08-09 03:24:06,CARD_PURCHASE,DEBIT,2578.71,FUEL,BRANCH,PAYMENTS
TXN000002863,ACC0000398,2026-02-19 09:00:30,UPI,CREDIT,3835.0,CASH,MOBILE,PAYMENTS
TXN000002864,ACC0000265,2026-08-02 02:17:16,ATM_WITHDRAWAL,CREDIT,1484.13,ECOMMERCE,BRANCH,PAYMENTS
TXN000002865,ACC0002661,2026-04-04 23:10:07,ATM_WITHDRAWAL,CREDIT,6641.71,TRAVEL,POS,PAYMENTS
TXN000002866,ACC0003271,2026-04-25 02:56:07,CASH_DEPOSIT,CREDIT,21748.08,FUEL,ATM,PAYMENTS
TXN000002867,ACC0003648,2026-09-14 05:24:47,NEFT,CREDIT,1958.68,GROCERY,ATM,PAYMENTS
TXN000002868,ACC0004334,2026-03-19 08:23:35,UPI,CREDIT,26990.08,TRAVEL,ATM,PAYMENTS
TXN000002869,ACC0004780,2026-06-12 19:14:18,CARD_PURCHASE,CREDIT,3698.27,ECOMMERCE,BRANCH,PAYMENTS
TXN000002870,ACC0004572,2026-01-03 18:42:46,ATM_WITHDRAWAL,DEBIT,9303.81,TRANSFER,WEB,PAYMENTS
TXN000002871,ACC0004837,2026-03-10 09:33:35,CASH_DEPOSIT,CREDIT,12892.97,TRAVEL,ATM,PAYMENTS
TXN000002872,ACC0003936,2026-01-01 09:56:59,CARD_PURCHASE,CREDIT,32048.36,TRANSFER,MOBILE,PAYMENTS
TXN000002873,ACC0003417,2026-06-19 08:06:37,NEFT,CREDIT,9397.25,ECOMMERCE,BRANCH,PAYMENTS
TXN000002874,ACC0000840,2026-04-26 11:21:04,NEFT,CREDIT,7672.95,TRAVEL,POS,PAYMENTS
TXN000002875,ACC0004806,2026-08-29 02:03:05,CARD_PURCHASE,CREDIT,4086.75,GROCERY,POS,PAYMENTS
TXN000002876,ACC0001173,2026-07-14 19:43:37,IMPS,CREDIT,3609.34,ECOMMERCE,WEB,PAYMENTS
TXN000002877,ACC0000542,2026-09-09 23:50:01,NEFT,DEBIT,3664.84,CASH,MOBILE,PAYMENTS
TXN000002878,ACC0002118,2026-08-17 19:59:15,ATM_WITHDRAWAL,CREDIT,8361.06,TRAVEL,POS,PAYMENTS
TXN000002879,ACC0002518,2026-04-09 21:36:53,ATM_WITHDRAWAL,CREDIT,1240.69,ECOMMERCE,BRANCH,PAYMENTS
TXN000002880,ACC0003888,2026-01-14 14:08:44,CASH_DEPOSIT,CREDIT,1825.68,FUEL,BRANCH,PAYMENTS
TXN000002881,ACC0003813,2026-09-10 05:46:23,NEFT,DEBIT,113357.69,UTILITIES,ATM,PAYMENTS
TXN000002882,ACC0003899,2026-09-20 02:46:19,CARD_PURCHASE,DEBIT,7057.46,TRAVEL,ATM,PAYMENTS
TXN000002883,ACC0004586,2026-09-18 22:10:19,IMPS,CREDIT,1933.16,ECOMMERCE,MOBILE,PAYMENTS
TXN000002884,ACC0004906,2026-09-14 03:13:59,CASH_DEPOSIT,CREDIT,6930.79,CASH,POS,PAYMENTS
TXN000002885,ACC0002738,2026-07-19 13:11:52,CASH_DEPOSIT,CREDIT,17064.52,TRAVEL,POS,PAYMENTS
TXN000002886,ACC0000010,2026-07-18 18:21:15,UPI,DEBIT,2795.48,TRAVEL,POS,PAYMENTS
TXN000002887,ACC0004127,2026-02-10 02:50:46,CARD_PURCHASE,CREDIT,3757.02,TRANSFER,WEB,PAYMENTS
TXN000002888,ACC0003508,2026-09-22 17:33:31,NEFT,DEBIT,1701.02,GROCERY,MOBILE,PAYMENTS
TXN000002889,ACC0000712,2026-05-22 15:48:59,CASH_DEPOSIT,CREDIT,4120.73,UTILITIES,POS,PAYMENTS
TXN000002890,ACC0000359,2026-06-13 15:19:22,UPI,CREDIT,462.85,TRANSFER,BRANCH,PAYMENTS
TXN000002891,ACC0000953,2026-05-19 03:22:16,ATM_WITHDRAWAL,DEBIT,27352.2,GROCERY,POS,PAYMENTS
TXN000002892,ACC0000714,2026-03-22 12:36:06,CASH_DEPOSIT,DEBIT,2434.92,TRANSFER,ATM,PAYMENTS
TXN000002893,ACC0000452,2026-01-13 01:44:42,NEFT,DEBIT,23630.18,CASH,WEB,PAYMENTS
TXN000002894,ACC0000534,2026-04-02 05:37:56,UPI,CREDIT,3454.97,TRANSFER,POS,PAYMENTS
TXN000002895,ACC0004166,2026-04-16 21:44:28,NEFT,DEBIT,6838.76,UTILITIES,BRANCH,PAYMENTS
TXN000002896,ACC0000250,2026-02-18 14:43:03,CASH_DEPOSIT,CREDIT,1588.79,CASH,MOBILE,PAYMENTS
TXN000002897,ACC0004666,2026-02-24 19:31:57,CASH_DEPOSIT,DEBIT,1342.65,TRAVEL,ATM,PAYMENTS
TXN000002898,ACC0002822,2026-05-16 16:35:44,CASH_DEPOSIT,DEBIT,6683.14,CASH,WEB,PAYMENTS
TXN000002899,ACC0004963,2026-08-13 08:52:58,UPI,CREDIT,4252.18,FUEL,BRANCH,PAYMENTS
TXN000002900,ACC0001855,2026-04-22 04:38:51,UPI,CREDIT,3127.85,CASH,WEB,PAYMENTS
TXN000002901,ACC0000707,2026-06-06 03:07:45,ATM_WITHDRAWAL,CREDIT,5057.76,TRANSFER,BRANCH,PAYMENTS
TXN000002902,ACC0002359,2026-06-01 05:01:07,UPI,CREDIT,3319.27,FUEL,POS,PAYMENTS
TXN000002903,ACC0000523,2026-08-07 05:38:02,CASH_DEPOSIT,DEBIT,17845.92,FUEL,POS,PAYMENTS
TXN000002904,ACC0001591,2026-02-08 11:38:35,UPI,CREDIT,2070.78,ECOMMERCE,WEB,PAYMENTS
TXN000002905,ACC0001512,2026-07-27 04:46:20,CARD_PURCHASE,DEBIT,5016.51,ECOMMERCE,POS,PAYMENTS
TXN000002906,ACC0001245,2026-02-03 05:27:17,ATM_WITHDRAWAL,CREDIT,6365.02,GROCERY,ATM,PAYMENTS
TXN000002907,ACC0001667,2026-05-01 17:14:09,IMPS,CREDIT,3407.72,GROCERY,WEB,PAYMENTS
TXN000002908,ACC0000032,2026-06-11 23:20:57,NEFT,DEBIT,42103.69,TRAVEL,POS,PAYMENTS
TXN000002909,ACC0001661,2026-08-29 23:43:00,NEFT,CREDIT,6075.82,CASH,POS,PAYMENTS
TXN000002910,ACC0000083,2026-01-03 06:49:50,ATM_WITHDRAWAL,DEBIT,3420.86,CASH,MOBILE,PAYMENTS
TXN000002911,ACC0002722,2026-04-01 08:17:45,ATM_WITHDRAWAL,CREDIT,3395.85,FUEL,WEB,PAYMENTS
TXN000002912,ACC0000774,2026-08-20 21:50:58,NEFT,DEBIT,13988.48,ECOMMERCE,POS,PAYMENTS
TXN000002913,ACC0002141,2026-01-04 14:29:31,ATM_WITHDRAWAL,DEBIT,4411.37,ECOMMERCE,ATM,PAYMENTS
TXN000002914,ACC0000241,2026-04-06 07:28:50,CARD_PURCHASE,DEBIT,7698.47,TRAVEL,POS,PAYMENTS
TXN000002915,ACC0001818,2026-01-30 10:14:32,CARD_PURCHASE,DEBIT,3629.44,TRAVEL,POS,PAYMENTS
TXN000002916,ACC0004607,2026-05-14 00:05:49,CASH_DEPOSIT,CREDIT,1116.74,TRANSFER,MOBILE,PAYMENTS
TXN000002917,ACC0002303,2026-08-22 21:16:28,ATM_WITHDRAWAL,CREDIT,1113.96,GROCERY,ATM,PAYMENTS
TXN000002918,ACC0001943,2026-05-25 20:44:49,CARD_PURCHASE,DEBIT,2629.07,ECOMMERCE,BRANCH,PAYMENTS
TXN000002919,ACC0004503,2026-08-12 20:41:24,IMPS,DEBIT,70268.95,CASH,POS,PAYMENTS
TXN000002920,ACC0004856,2026-06-07 14:42:34,NEFT,DEBIT,8234.36,FUEL,POS,PAYMENTS
TXN000002921,ACC0000399,2026-06-14 19:11:04,UPI,DEBIT,2347.69,GROCERY,BRANCH,PAYMENTS
TXN000002922,ACC0002396,2026-02-19 09:34:04,IMPS,CREDIT,10177.75,CASH,ATM,PAYMENTS
TXN000002923,ACC0003245,2026-05-05 13:40:08,ATM_WITHDRAWAL,CREDIT,3448.21,GROCERY,ATM,PAYMENTS
TXN000002924,ACC0001271,2026-05-11 08:35:52,CARD_PURCHASE,DEBIT,5398.67,TRANSFER,ATM,PAYMENTS
TXN000002925,ACC0000634,2026-04-21 14:21:10,CASH_DEPOSIT,CREDIT,3415.27,FUEL,MOBILE,PAYMENTS
TXN000002926,ACC0002950,2026-06-22 07:03:24,UPI,CREDIT,6467.98,FUEL,MOBILE,PAYMENTS
TXN000002927,ACC0004615,2026-05-04 06:21:52,IMPS,CREDIT,5849.19,GROCERY,ATM,PAYMENTS
TXN000002928,ACC0004557,2026-05-03 21:00:19,IMPS,DEBIT,1400.77,UTILITIES,POS,PAYMENTS
TXN000002929,ACC0001429,2026-08-16 04:17:16,ATM_WITHDRAWAL,DEBIT,1270.1,UTILITIES,POS,PAYMENTS
TXN000002930,ACC0002803,2026-06-20 20:21:42,UPI,DEBIT,2235.34,FUEL,POS,PAYMENTS
TXN000002931,ACC0000831,2026-04-18 03:36:38,CARD_PURCHASE,CREDIT,5794.15,ECOMMERCE,MOBILE,PAYMENTS
TXN000002932,ACC0003643,2026-07-06 19:21:59,ATM_WITHDRAWAL,DEBIT,2646.01,TRANSFER,BRANCH,PAYMENTS
TXN000002933,ACC0003026,2026-05-01 23:09:06,UPI,DEBIT,30682.01,TRANSFER,WEB,PAYMENTS
TXN000002934,ACC0000155,2026-05-15 17:11:07,CASH_DEPOSIT,DEBIT,3501.96,FUEL,POS,PAYMENTS
TXN000002935,ACC0002412,2026-01-03 07:19:45,CASH_DEPOSIT,DEBIT,55734.79,TRAVEL,MOBILE,PAYMENTS
TXN000002936,ACC0001820,2026-01-05 08:18:02,CASH_DEPOSIT,CREDIT,4335.46,GROCERY,MOBILE,PAYMENTS
TXN000002937,ACC0001727,2026-01-22 18:36:26,UPI,CREDIT,2843.08,FUEL,POS,PAYMENTS
TXN000002938,ACC0003751,2026-01-10 14:57:39,CASH_DEPOSIT,DEBIT,8666.46,CASH,MOBILE,PAYMENTS
TXN000002939,ACC0000731,2026-03-31 04:09:26,UPI,DEBIT,771.99,CASH,POS,PAYMENTS
TXN000002940,ACC0002636,2026-09-07 03:25:31,IMPS,DEBIT,9814.54,CASH,WEB,PAYMENTS
TXN000002941,ACC0001862,2026-02-17 23:35:15,IMPS,DEBIT,16176.8,FUEL,BRANCH,PAYMENTS
TXN000002942,ACC0004326,2026-05-09 07:30:41,CARD_PURCHASE,DEBIT,894.82,TRAVEL,WEB,PAYMENTS
TXN000002943,ACC0003786,2026-05-02 04:03:29,IMPS,CREDIT,3081.91,GROCERY,WEB,PAYMENTS
TXN000002944,ACC0002565,2026-01-28 14:41:30,IMPS,DEBIT,9103.2,CASH,POS,PAYMENTS
TXN000002945,ACC0004035,2026-08-16 19:41:10,NEFT,DEBIT,9511.55,GROCERY,POS,PAYMENTS
TXN000002946,ACC0002555,2026-01-22 07:54:27,IMPS,DEBIT,5097.95,TRAVEL,BRANCH,PAYMENTS
TXN000002947,ACC0001912,2026-02-19 20:29:28,UPI,DEBIT,8656.23,TRAVEL,POS,PAYMENTS
TXN000002948,ACC0004310,2026-07-16 03:19:09,UPI,DEBIT,39672.07,GROCERY,MOBILE,PAYMENTS
TXN000002949,ACC0004105,2026-08-08 10:29:21,ATM_WITHDRAWAL,CREDIT,23020.55,FUEL,BRANCH,PAYMENTS
TXN000002950,ACC0001894,2026-07-05 09:24:31,NEFT,DEBIT,484.92,TRAVEL,POS,PAYMENTS
TXN000002951,ACC0003572,2026-04-27 09:37:45,CARD_PURCHASE,CREDIT,7805.78,TRANSFER,BRANCH,PAYMENTS
TXN000002952,ACC0002792,2026-02-22 10:48:20,IMPS,DEBIT,906.88,CASH,BRANCH,PAYMENTS
TXN000002953,ACC0000645,2026-02-18 19:47:51,UPI,DEBIT,3852.36,GROCERY,MOBILE,PAYMENTS
TXN000002954,ACC0004102,2026-02-20 00:14:06,UPI,CREDIT,7002.72,TRAVEL,POS,PAYMENTS
TXN000002955,ACC0000065,2026-04-07 20:10:17,NEFT,CREDIT,1131.56,FUEL,POS,PAYMENTS
TXN000002956,ACC0000755,2026-07-08 10:01:54,NEFT,DEBIT,4525.51,UTILITIES,ATM,PAYMENTS
TXN000002957,ACC0002287,2026-01-24 04:30:49,IMPS,CREDIT,3430.55,TRAVEL,BRANCH,PAYMENTS
TXN000002958,ACC0004707,2026-01-10 07:43:46,IMPS,CREDIT,41954.95,CASH,BRANCH,PAYMENTS
TXN000002959,ACC0004162,2026-04-14 22:26:58,NEFT,CREDIT,21146.73,TRANSFER,BRANCH,PAYMENTS
TXN000002960,ACC0002121,2026-08-31 22:35:12,UPI,CREDIT,1897.53,ECOMMERCE,BRANCH,PAYMENTS
TXN000002961,ACC0002841,2026-09-05 01:38:44,CASH_DEPOSIT,CREDIT,1887.67,FUEL,POS,PAYMENTS
TXN000002962,ACC0003134,2026-04-22 07:53:29,ATM_WITHDRAWAL,CREDIT,4422.28,FUEL,POS,PAYMENTS
TXN000002963,ACC0004570,2026-07-29 17:02:18,ATM_WITHDRAWAL,CREDIT,10056.85,FUEL,WEB,PAYMENTS
TXN000002964,ACC0000643,2026-08-18 17:08:08,CARD_PURCHASE,CREDIT,16056.78,GROCERY,BRANCH,PAYMENTS
TXN000002965,ACC0003262,2026-04-23 22:58:13,UPI,CREDIT,1094.69,TRAVEL,MOBILE,PAYMENTS
TXN000002966,ACC0002713,2026-06-28 15:21:05,ATM_WITHDRAWAL,DEBIT,9355.98,CASH,MOBILE,PAYMENTS
TXN000002967,ACC0001909,2026-08-21 02:38:07,UPI,DEBIT,2489.35,UTILITIES,POS,PAYMENTS
TXN000002968,ACC0002302,2026-07-24 06:11:05,CARD_PURCHASE,DEBIT,801.87,CASH,WEB,PAYMENTS
TXN000002969,ACC0000608,2026-03-22 04:42:35,NEFT,CREDIT,2932.64,TRANSFER,BRANCH,PAYMENTS
TXN000002970,ACC0003623,2026-02-03 11:43:41,IMPS,DEBIT,895.02,CASH,ATM,PAYMENTS
TXN000002971,ACC0000632,2026-03-25 17:24:39,ATM_WITHDRAWAL,CREDIT,3469.07,FUEL,WEB,PAYMENTS
TXN000002972,ACC0003974,2026-08-13 01:19:17,UPI,DEBIT,3918.55,CASH,BRANCH,PAYMENTS
TXN000002973,ACC0001875,2026-03-10 14:47:13,CARD_PURCHASE,DEBIT,30345.43,ECOMMERCE,MOBILE,PAYMENTS
TXN000002974,ACC0000864,2026-01-12 12:53:16,ATM_WITHDRAWAL,CREDIT,6491.29,TRAVEL,MOBILE,PAYMENTS
TXN000002975,ACC0000766,2026-06-23 02:05:10,UPI,CREDIT,2573.16,ECOMMERCE,BRANCH,PAYMENTS
TXN000002976,ACC0004751,2026-01-03 06:45:36,NEFT,CREDIT,12665.22,TRAVEL,MOBILE,PAYMENTS
TXN000002977,ACC0004258,2026-01-11 10:16:49,CARD_PURCHASE,CREDIT,2634.8,TRAVEL,MOBILE,PAYMENTS
TXN000002978,ACC0004344,2026-02-06 13:37:53,ATM_WITHDRAWAL,CREDIT,8340.7,UTILITIES,WEB,PAYMENTS
TXN000002979,ACC0003430,2026-01-12 17:45:49,CARD_PURCHASE,DEBIT,4447.17,UTILITIES,POS,PAYMENTS
TXN000002980,ACC0000477,2026-01-17 08:08:50,IMPS,DEBIT,5618.72,TRANSFER,WEB,PAYMENTS
TXN000002981,ACC0003571,2026-09-07 19:48:29,NEFT,DEBIT,10448.55,GROCERY,ATM,PAYMENTS
TXN000002982,ACC0002547,2026-09-15 07:36:56,IMPS,CREDIT,26443.23,FUEL,ATM,PAYMENTS
TXN000002983,ACC0004900,2026-08-01 00:33:54,NEFT,CREDIT,4510.29,ECOMMERCE,ATM,PAYMENTS
TXN000002984,ACC0001262,2026-03-15 22:03:35,ATM_WITHDRAWAL,CREDIT,1242.68,CASH,ATM,PAYMENTS
TXN000002985,ACC0003936,2026-07-19 04:04:04,ATM_WITHDRAWAL,CREDIT,21224.24,CASH,ATM,PAYMENTS
TXN000002986,ACC0002893,2026-01-14 01:03:02,CASH_DEPOSIT,CREDIT,3522.46,FUEL,ATM,PAYMENTS
TXN000002987,ACC0001030,2026-04-27 02:57:07,UPI,DEBIT,831.29,UTILITIES,WEB,PAYMENTS
TXN000002988,ACC0003174,2026-05-19 10:37:10,CARD_PURCHASE,CREDIT,1575.99,FUEL,ATM,PAYMENTS
TXN000002989,ACC0000033,2026-06-13 14:57:12,UPI,DEBIT,53055.1,TRAVEL,MOBILE,PAYMENTS
TXN000002990,ACC0001351,2026-07-09 09:30:06,CASH_DEPOSIT,CREDIT,1999.11,CASH,BRANCH,PAYMENTS
TXN000002991,ACC0002866,2026-05-30 06:33:00,NEFT,DEBIT,368.92,TRANSFER,ATM,PAYMENTS
TXN000002992,ACC0001754,2026-05-14 19:08:23,ATM_WITHDRAWAL,CREDIT,751.43,CASH,ATM,PAYMENTS
TXN000002993,ACC0004191,2026-02-18 10:59:38,ATM_WITHDRAWAL,DEBIT,2303.74,ECOMMERCE,POS,PAYMENTS
TXN000002994,ACC0004937,2026-06-23 18:45:33,CARD_PURCHASE,DEBIT,8150.75,TRAVEL,ATM,PAYMENTS
TXN000002995,ACC0004128,2026-01-01 01:54:16,CARD_PURCHASE,DEBIT,1999.62,TRANSFER,WEB,PAYMENTS
TXN000002996,ACC0002064,2026-05-06 02:18:36,CASH_DEPOSIT,DEBIT,680.45,GROCERY,WEB,PAYMENTS
TXN000002997,ACC0001507,2026-02-18 08:21:45,CARD_PURCHASE,DEBIT,1122.61,ECOMMERCE,MOBILE,PAYMENTS
TXN000002998,ACC0000356,2026-08-27 22:32:52,NEFT,CREDIT,1998.37,TRANSFER,WEB,PAYMENTS
TXN000002999,ACC0002075,2026-01-29 23:07:26,IMPS,DEBIT,17087.4,TRANSFER,ATM,PAYMENTS
TXN000003000,ACC0003617,2026-02-18 07:54:19,IMPS,CREDIT,2252.87,FUEL,BRANCH,PAYMENTS
TXN000003001,ACC0004282,2026-08-10 04:45:49,NEFT,CREDIT,2296.65,CASH,POS,PAYMENTS
TXN000003002,ACC0001388,2026-02-10 01:59:39,CARD_PURCHASE,DEBIT,3710.6,FUEL,BRANCH,PAYMENTS
TXN000003003,ACC0000039,2026-09-04 22:25:16,CARD_PURCHASE,DEBIT,3527.71,TRAVEL,BRANCH,PAYMENTS
TXN000003004,ACC0004655,2026-08-31 15:20:49,CASH_DEPOSIT,DEBIT,5257.13,UTILITIES,ATM,PAYMENTS
TXN000003005,ACC0002144,2026-07-09 08:42:30,NEFT,DEBIT,1198.46,FUEL,ATM,PAYMENTS
TXN000003006,ACC0002436,2026-07-27 09:54:53,CARD_PURCHASE,DEBIT,1449.65,CASH,MOBILE,PAYMENTS
TXN000003007,ACC0000836,2026-02-23 08:43:10,ATM_WITHDRAWAL,CREDIT,190.92,TRANSFER,WEB,PAYMENTS
TXN000003008,ACC0003525,2026-01-11 19:25:28,IMPS,CREDIT,4385.79,ECOMMERCE,BRANCH,PAYMENTS
TXN000003009,ACC0003575,2026-01-08 22:57:59,NEFT,CREDIT,1958.54,TRANSFER,WEB,PAYMENTS
TXN000003010,ACC0001414,2026-01-29 16:37:13,NEFT,CREDIT,3068.89,TRAVEL,ATM,PAYMENTS
TXN000003011,ACC0000879,2026-01-30 05:29:38,NEFT,CREDIT,1593.85,FUEL,POS,PAYMENTS
TXN000003012,ACC0003031,2026-03-17 14:05:14,CASH_DEPOSIT,DEBIT,1286.51,TRAVEL,POS,PAYMENTS
TXN000003013,ACC0000183,2026-08-09 07:24:42,CASH_DEPOSIT,CREDIT,1066.71,TRANSFER,BRANCH,PAYMENTS
TXN000003014,ACC0000110,2026-05-07 23:38:53,IMPS,DEBIT,4256.49,TRANSFER,ATM,PAYMENTS
TXN000003015,ACC0000771,2026-01-27 23:06:49,NEFT,DEBIT,436.61,TRANSFER,MOBILE,PAYMENTS
TXN000003016,ACC0000228,2026-09-04 08:40:39,IMPS,CREDIT,5417.62,TRANSFER,MOBILE,PAYMENTS
TXN000003017,ACC0002782,2026-04-25 05:16:36,ATM_WITHDRAWAL,DEBIT,24033.81,CASH,POS,PAYMENTS
TXN000003018,ACC0001879,2026-01-04 15:53:10,CASH_DEPOSIT,CREDIT,4832.59,CASH,WEB,PAYMENTS
TXN000003019,ACC0002672,2026-02-16 01:20:51,ATM_WITHDRAWAL,CREDIT,3148.98,UTILITIES,POS,PAYMENTS
TXN000003020,ACC0004985,2026-06-05 15:08:34,CARD_PURCHASE,DEBIT,1908.84,UTILITIES,BRANCH,PAYMENTS
TXN000003021,ACC0004239,2026-09-10 09:48:12,ATM_WITHDRAWAL,DEBIT,14803.1,GROCERY,WEB,PAYMENTS
TXN000003022,ACC0001964,2026-09-04 05:30:36,ATM_WITHDRAWAL,DEBIT,6025.62,CASH,ATM,PAYMENTS
TXN000003023,ACC0003937,2026-04-07 12:11:42,ATM_WITHDRAWAL,DEBIT,920.69,ECOMMERCE,WEB,PAYMENTS
TXN000003024,ACC0001231,2026-06-12 06:33:17,ATM_WITHDRAWAL,CREDIT,3923.43,UTILITIES,POS,PAYMENTS
TXN000003025,ACC0004298,2026-01-08 00:25:13,CASH_DEPOSIT,CREDIT,5381.22,GROCERY,WEB,PAYMENTS
TXN000003026,ACC0003227,2026-01-09 10:30:13,ATM_WITHDRAWAL,DEBIT,3176.44,UTILITIES,WEB,PAYMENTS
TXN000003027,ACC0004484,2026-08-18 08:22:06,ATM_WITHDRAWAL,CREDIT,3338.44,GROCERY,WEB,PAYMENTS
TXN000003028,ACC0003607,2026-01-12 06:48:42,ATM_WITHDRAWAL,CREDIT,542.63,CASH,BRANCH,PAYMENTS
TXN000003029,ACC0004711,2026-05-26 22:09:09,ATM_WITHDRAWAL,CREDIT,4351.76,ECOMMERCE,ATM,PAYMENTS
TXN000003030,ACC0001560,2026-06-03 14:22:23,ATM_WITHDRAWAL,DEBIT,5677.24,TRANSFER,ATM,PAYMENTS
TXN000003031,ACC0002652,2026-08-31 09:23:22,NEFT,CREDIT,2594.85,TRANSFER,BRANCH,PAYMENTS
TXN000003032,ACC0003918,2026-09-08 13:06:38,CARD_PURCHASE,DEBIT,4023.18,GROCERY,BRANCH,PAYMENTS
TXN000003033,ACC0001522,2026-06-28 11:58:54,CASH_DEPOSIT,CREDIT,1004.96,TRANSFER,POS,PAYMENTS
TXN000003034,ACC0004734,2026-06-30 21:23:52,CARD_PURCHASE,CREDIT,1791.0,ECOMMERCE,POS,PAYMENTS
TXN000003035,ACC0002518,2026-09-06 11:20:38,CASH_DEPOSIT,CREDIT,2547.86,TRAVEL,MOBILE,PAYMENTS
TXN000003036,ACC0003489,2026-01-06 21:12:29,CARD_PURCHASE,DEBIT,1111.43,TRANSFER,WEB,PAYMENTS
TXN000003037,ACC0000371,2026-09-11 08:27:23,NEFT,CREDIT,16862.1,FUEL,MOBILE,PAYMENTS
TXN000003038,ACC0000959,2026-08-27 14:50:03,NEFT,DEBIT,3327.13,UTILITIES,WEB,PAYMENTS
TXN000003039,ACC0000666,2026-06-17 01:12:55,IMPS,DEBIT,5562.79,ECOMMERCE,WEB,PAYMENTS
TXN000003040,ACC0001893,2026-01-26 21:30:11,ATM_WITHDRAWAL,DEBIT,5599.95,CASH,POS,PAYMENTS
TXN000003041,ACC0000769,2026-08-26 03:41:56,IMPS,DEBIT,49522.61,ECOMMERCE,POS,PAYMENTS
TXN000003042,ACC0003374,2026-01-02 09:17:01,NEFT,DEBIT,2897.66,UTILITIES,MOBILE,PAYMENTS
TXN000003043,ACC0000825,2026-05-04 16:09:04,UPI,DEBIT,2457.94,CASH,POS,PAYMENTS
TXN000003044,ACC0002077,2026-09-12 14:00:07,ATM_WITHDRAWAL,CREDIT,10559.76,ECOMMERCE,MOBILE,PAYMENTS
TXN000003045,ACC0004959,2026-08-03 17:22:14,ATM_WITHDRAWAL,CREDIT,13557.87,TRAVEL,WEB,PAYMENTS
TXN000003046,ACC0000718,2026-08-01 10:11:02,UPI,DEBIT,10640.7,CASH,POS,PAYMENTS
TXN000003047,ACC0000675,2026-08-31 07:18:15,CASH_DEPOSIT,DEBIT,6283.82,GROCERY,ATM,PAYMENTS
TXN000003048,ACC0004093,2026-04-25 21:30:17,CASH_DEPOSIT,DEBIT,21788.87,ECOMMERCE,BRANCH,PAYMENTS
TXN000003049,ACC0000004,2026-03-18 12:39:58,IMPS,CREDIT,3147.05,TRAVEL,POS,PAYMENTS
TXN000003050,ACC0003428,2026-05-05 08:54:37,CARD_PURCHASE,DEBIT,2522.07,ECOMMERCE,WEB,PAYMENTS
TXN000003051,ACC0002003,2026-02-16 09:29:12,ATM_WITHDRAWAL,DEBIT,4229.09,TRAVEL,WEB,PAYMENTS
TXN000003052,ACC0000299,2026-03-15 12:35:24,ATM_WITHDRAWAL,CREDIT,12172.42,GROCERY,ATM,PAYMENTS
TXN000003053,ACC0002552,2026-03-22 17:28:22,CARD_PURCHASE,DEBIT,9073.53,TRAVEL,BRANCH,PAYMENTS
TXN000003054,ACC0003728,2026-08-03 16:55:28,NEFT,DEBIT,1183.02,CASH,MOBILE,PAYMENTS
TXN000003055,ACC0001461,2026-02-20 00:34:51,ATM_WITHDRAWAL,DEBIT,10614.09,UTILITIES,MOBILE,PAYMENTS
TXN000003056,ACC0003347,2026-06-13 11:39:23,CARD_PURCHASE,CREDIT,12827.7,FUEL,POS,PAYMENTS
TXN000003057,ACC0000608,2026-03-11 06:40:28,CASH_DEPOSIT,CREDIT,13179.01,UTILITIES,MOBILE,PAYMENTS
TXN000003058,ACC0001934,2026-09-17 02:02:23,CARD_PURCHASE,DEBIT,6866.31,FUEL,ATM,PAYMENTS
TXN000003059,ACC0004803,2026-04-15 09:27:37,CASH_DEPOSIT,DEBIT,8563.22,FUEL,WEB,PAYMENTS
TXN000003060,ACC0000154,2026-01-05 12:22:01,IMPS,CREDIT,4036.39,TRANSFER,WEB,PAYMENTS
TXN000003061,ACC0004758,2026-01-29 08:21:30,CARD_PURCHASE,CREDIT,1142.62,FUEL,POS,PAYMENTS
TXN000003062,ACC0003804,2026-01-24 06:48:41,CARD_PURCHASE,DEBIT,3213.72,FUEL,POS,PAYMENTS
TXN000003063,ACC0000913,2026-09-18 21:52:01,CASH_DEPOSIT,CREDIT,3285.23,ECOMMERCE,WEB,PAYMENTS
TXN000003064,ACC0002968,2026-08-10 13:18:22,UPI,DEBIT,4692.32,UTILITIES,BRANCH,PAYMENTS
TXN000003065,ACC0002959,2026-08-19 23:47:19,ATM_WITHDRAWAL,DEBIT,2085.71,UTILITIES,ATM,PAYMENTS
TXN000003066,ACC0000529,2026-03-16 12:00:18,CASH_DEPOSIT,CREDIT,2657.53,GROCERY,BRANCH,PAYMENTS
TXN000003067,ACC0002165,2026-01-30 18:55:48,CASH_DEPOSIT,DEBIT,2900.77,TRANSFER,MOBILE,PAYMENTS
TXN000003068,ACC0002938,2026-05-13 14:34:32,IMPS,CREDIT,3379.37,CASH,MOBILE,PAYMENTS
TXN000003069,ACC0003189,2026-03-05 21:33:40,NEFT,DEBIT,5396.33,ECOMMERCE,POS,PAYMENTS
TXN000003070,ACC0001269,2026-06-09 09:13:39,ATM_WITHDRAWAL,DEBIT,74965.71,ECOMMERCE,WEB,PAYMENTS
TXN000003071,ACC0003550,2026-04-09 00:06:59,NEFT,DEBIT,5257.39,ECOMMERCE,BRANCH,PAYMENTS
TXN000003072,ACC0001601,2026-06-04 13:58:54,ATM_WITHDRAWAL,DEBIT,28152.06,FUEL,MOBILE,PAYMENTS
TXN000003073,ACC0002950,2026-09-01 10:33:48,ATM_WITHDRAWAL,DEBIT,601.15,FUEL,BRANCH,PAYMENTS
TXN000003074,ACC0002775,2026-02-10 06:34:12,UPI,CREDIT,1555.89,FUEL,POS,PAYMENTS
TXN000003075,ACC0004135,2026-05-05 05:27:33,CARD_PURCHASE,DEBIT,9768.19,UTILITIES,WEB,PAYMENTS
TXN000003076,ACC0002808,2026-09-08 08:10:29,CASH_DEPOSIT,CREDIT,1479.63,UTILITIES,ATM,PAYMENTS
TXN000003077,ACC0003867,2026-08-03 04:28:08,ATM_WITHDRAWAL,DEBIT,1470.89,FUEL,ATM,PAYMENTS
TXN000003078,ACC0002787,2026-04-25 14:05:50,ATM_WITHDRAWAL,CREDIT,4715.59,TRAVEL,BRANCH,PAYMENTS
TXN000003079,ACC0003893,2026-05-18 07:58:46,UPI,DEBIT,3785.33,ECOMMERCE,MOBILE,PAYMENTS
TXN000003080,ACC0002946,2026-04-01 20:38:14,CASH_DEPOSIT,DEBIT,13500.71,CASH,BRANCH,PAYMENTS
TXN000003081,ACC0001362,2026-02-21 16:05:20,CASH_DEPOSIT,CREDIT,1956.5,UTILITIES,ATM,PAYMENTS
TXN000003082,ACC0004751,2026-04-01 17:34:04,CARD_PURCHASE,CREDIT,4962.9,FUEL,MOBILE,PAYMENTS
TXN000003083,ACC0002129,2026-08-03 13:10:43,CASH_DEPOSIT,DEBIT,11805.19,FUEL,WEB,PAYMENTS
TXN000003084,ACC0003920,2026-08-06 16:08:50,UPI,CREDIT,19734.9,ECOMMERCE,BRANCH,PAYMENTS
TXN000003085,ACC0003480,2026-05-19 22:21:10,UPI,DEBIT,4786.25,TRAVEL,ATM,PAYMENTS
TXN000003086,ACC0000794,2026-08-15 19:22:11,NEFT,CREDIT,25140.67,TRANSFER,WEB,PAYMENTS
TXN000003087,ACC0001995,2026-01-21 12:39:15,CARD_PURCHASE,CREDIT,3639.95,UTILITIES,MOBILE,PAYMENTS
TXN000003088,ACC0000270,2026-04-03 04:40:30,IMPS,CREDIT,47642.41,UTILITIES,ATM,PAYMENTS
TXN000003089,ACC0003092,2026-06-20 01:36:18,ATM_WITHDRAWAL,CREDIT,2003.79,CASH,WEB,PAYMENTS
TXN000003090,ACC0001844,2026-01-25 08:09:29,IMPS,DEBIT,4042.45,TRAVEL,ATM,PAYMENTS
TXN000003091,ACC0004737,2026-03-30 11:08:33,CARD_PURCHASE,CREDIT,5691.66,TRAVEL,ATM,PAYMENTS
TXN000003092,ACC0001025,2026-09-20 06:43:30,CASH_DEPOSIT,CREDIT,5430.35,CASH,ATM,PAYMENTS
TXN000003093,ACC0003712,2026-07-03 16:41:00,ATM_WITHDRAWAL,CREDIT,1860.89,FUEL,WEB,PAYMENTS
TXN000003094,ACC0003520,2026-03-08 00:24:14,CARD_PURCHASE,CREDIT,8593.11,TRAVEL,POS,PAYMENTS
TXN000003095,ACC0002237,2026-09-10 19:42:50,CARD_PURCHASE,DEBIT,1663.69,GROCERY,ATM,PAYMENTS
TXN000003096,ACC0004944,2026-09-19 20:12:32,ATM_WITHDRAWAL,DEBIT,4272.01,FUEL,ATM,PAYMENTS
TXN000003097,ACC0004233,2026-09-18 01:49:01,CARD_PURCHASE,CREDIT,3084.56,UTILITIES,MOBILE,PAYMENTS
TXN000003098,ACC0004009,2026-02-14 16:29:51,IMPS,DEBIT,4712.03,CASH,WEB,PAYMENTS
TXN000003099,ACC0002746,2026-08-28 15:53:11,CASH_DEPOSIT,CREDIT,980.53,TRANSFER,WEB,PAYMENTS
TXN000003100,ACC0004722,2026-05-03 00:41:15,IMPS,DEBIT,1995.38,GROCERY,MOBILE,PAYMENTS
TXN000003101,ACC0004221,2026-01-19 01:23:03,CARD_PURCHASE,CREDIT,2084.92,ECOMMERCE,WEB,PAYMENTS
TXN000003102,ACC0000988,2026-02-02 01:50:04,NEFT,DEBIT,10958.11,FUEL,ATM,PAYMENTS
TXN000003103,ACC0001532,2026-01-04 01:03:12,CASH_DEPOSIT,CREDIT,586.03,ECOMMERCE,MOBILE,PAYMENTS
TXN000003104,ACC0002520,2026-06-03 05:19:30,CARD_PURCHASE,CREDIT,4157.0,GROCERY,POS,PAYMENTS
TXN000003105,ACC0001833,2026-03-26 19:20:47,NEFT,CREDIT,1654.33,ECOMMERCE,BRANCH,PAYMENTS
TXN000003106,ACC0001810,2026-08-15 22:18:53,NEFT,DEBIT,1253.61,FUEL,MOBILE,PAYMENTS
TXN000003107,ACC0002956,2026-08-15 20:59:31,CARD_PURCHASE,CREDIT,541.37,TRANSFER,MOBILE,PAYMENTS
TXN000003108,ACC0001498,2026-04-13 07:27:59,NEFT,CREDIT,1571.48,TRANSFER,MOBILE,PAYMENTS
TXN000003109,ACC0000768,2026-05-27 02:36:14,CASH_DEPOSIT,DEBIT,7671.39,UTILITIES,ATM,PAYMENTS
TXN000003110,ACC0003265,2026-04-01 00:13:04,NEFT,DEBIT,4039.44,FUEL,MOBILE,PAYMENTS
TXN000003111,ACC0000312,2026-07-24 02:57:51,CARD_PURCHASE,CREDIT,15906.85,ECOMMERCE,BRANCH,PAYMENTS
TXN000003112,ACC0002014,2026-08-14 11:55:45,UPI,DEBIT,136255.73,UTILITIES,WEB,PAYMENTS
TXN000003113,ACC0003744,2026-03-29 15:43:15,CARD_PURCHASE,CREDIT,7996.31,TRAVEL,MOBILE,PAYMENTS
TXN000003114,ACC0004385,2026-01-14 20:10:14,UPI,CREDIT,1330.51,TRANSFER,MOBILE,PAYMENTS
TXN000003115,ACC0003140,2026-05-26 15:28:04,CARD_PURCHASE,DEBIT,1088.08,ECOMMERCE,MOBILE,PAYMENTS
TXN000003116,ACC0002771,2026-05-22 11:14:48,CASH_DEPOSIT,CREDIT,12841.97,FUEL,WEB,PAYMENTS
TXN000003117,ACC0000115,2026-02-11 02:17:17,NEFT,CREDIT,5271.77,GROCERY,ATM,PAYMENTS
TXN000003118,ACC0003307,2026-05-27 08:11:32,CARD_PURCHASE,CREDIT,7590.94,TRAVEL,MOBILE,PAYMENTS
TXN000003119,ACC0003945,2026-03-10 02:48:58,ATM_WITHDRAWAL,DEBIT,1810.09,TRANSFER,POS,PAYMENTS
TXN000003120,ACC0003923,2026-04-06 05:51:47,UPI,DEBIT,8315.08,FUEL,MOBILE,PAYMENTS
TXN000003121,ACC0004301,2026-05-19 23:59:44,ATM_WITHDRAWAL,DEBIT,18243.25,TRANSFER,BRANCH,PAYMENTS
TXN000003122,ACC0002942,2026-07-27 18:38:51,NEFT,DEBIT,777.1,UTILITIES,WEB,PAYMENTS
TXN000003123,ACC0004508,2026-03-06 00:20:52,CASH_DEPOSIT,DEBIT,2881.33,TRANSFER,BRANCH,PAYMENTS
TXN000003124,ACC0000437,2026-05-18 21:44:43,CARD_PURCHASE,CREDIT,16446.18,TRAVEL,BRANCH,PAYMENTS
TXN000003125,ACC0002039,2026-05-29 19:18:33,CASH_DEPOSIT,CREDIT,8919.54,TRAVEL,MOBILE,PAYMENTS
TXN000003126,ACC0004756,2026-04-26 08:20:53,NEFT,CREDIT,9421.35,FUEL,MOBILE,PAYMENTS
TXN000003127,ACC0003875,2026-07-07 22:56:53,CARD_PURCHASE,DEBIT,12650.7,FUEL,MOBILE,PAYMENTS
TXN000003128,ACC0004644,2026-08-15 14:06:53,UPI,DEBIT,2609.89,CASH,POS,PAYMENTS
TXN000003129,ACC0001603,2026-03-28 17:04:43,UPI,CREDIT,9419.03,TRANSFER,BRANCH,PAYMENTS
TXN000003130,ACC0000875,2026-02-27 13:24:30,NEFT,CREDIT,5217.06,FUEL,MOBILE,PAYMENTS
TXN000003131,ACC0001565,2026-08-28 15:39:41,CARD_PURCHASE,DEBIT,1795.94,CASH,ATM,PAYMENTS
TXN000003132,ACC0003889,2026-06-05 20:43:47,NEFT,DEBIT,7696.34,TRANSFER,POS,PAYMENTS
TXN000003133,ACC0003226,2026-07-10 01:02:49,IMPS,DEBIT,3218.15,GROCERY,WEB,PAYMENTS
TXN000003134,ACC0003436,2026-05-08 10:52:16,ATM_WITHDRAWAL,CREDIT,1244.45,TRANSFER,ATM,PAYMENTS
TXN000003135,ACC0002123,2026-02-17 04:39:50,CARD_PURCHASE,CREDIT,1908.9,UTILITIES,POS,PAYMENTS
TXN000003136,ACC0002256,2026-09-24 04:02:59,CASH_DEPOSIT,DEBIT,28342.79,FUEL,POS,PAYMENTS
TXN000003137,ACC0002453,2026-08-09 16:13:57,IMPS,DEBIT,14245.68,TRANSFER,POS,PAYMENTS
TXN000003138,ACC0001001,2026-02-20 03:56:20,IMPS,DEBIT,3414.1,ECOMMERCE,POS,PAYMENTS
TXN000003139,ACC0000728,2026-09-15 06:41:51,NEFT,DEBIT,28814.04,GROCERY,POS,PAYMENTS
TXN000003140,ACC0004900,2026-04-20 08:57:33,NEFT,CREDIT,373.31,TRANSFER,MOBILE,PAYMENTS
TXN000003141,ACC0001983,2026-07-25 05:41:03,NEFT,CREDIT,7169.92,ECOMMERCE,BRANCH,PAYMENTS
TXN000003142,ACC0003720,2026-03-20 07:44:12,IMPS,CREDIT,4643.15,GROCERY,POS,PAYMENTS
TXN000003143,ACC0002150,2026-06-21 05:43:53,CASH_DEPOSIT,CREDIT,4098.67,UTILITIES,ATM,PAYMENTS
TXN000003144,ACC0004560,2026-04-09 12:37:58,IMPS,DEBIT,3628.66,FUEL,MOBILE,PAYMENTS
TXN000003145,ACC0000746,2026-05-12 14:00:19,CASH_DEPOSIT,CREDIT,1109.05,GROCERY,POS,PAYMENTS
TXN000003146,ACC0001504,2026-06-25 06:27:57,ATM_WITHDRAWAL,CREDIT,3353.45,ECOMMERCE,WEB,PAYMENTS
TXN000003147,ACC0002567,2026-05-18 17:23:22,IMPS,CREDIT,1403.12,TRAVEL,BRANCH,PAYMENTS
TXN000003148,ACC0004530,2026-01-17 18:16:41,UPI,DEBIT,12895.01,UTILITIES,WEB,PAYMENTS
TXN000003149,ACC0004882,2026-03-17 11:13:38,NEFT,DEBIT,3729.67,UTILITIES,ATM,PAYMENTS
TXN000003150,ACC0002913,2026-01-17 18:37:00,NEFT,DEBIT,2330.64,TRAVEL,WEB,PAYMENTS
TXN000003151,ACC0004021,2026-01-25 00:08:10,CARD_PURCHASE,CREDIT,3452.31,FUEL,BRANCH,PAYMENTS
TXN000003152,ACC0001833,2026-05-31 17:12:21,UPI,CREDIT,2946.97,TRAVEL,BRANCH,PAYMENTS
TXN000003153,ACC0000546,2026-08-09 21:39:46,NEFT,CREDIT,6447.67,CASH,ATM,PAYMENTS
TXN000003154,ACC0001938,2026-03-08 19:21:59,ATM_WITHDRAWAL,DEBIT,2227.57,TRAVEL,BRANCH,PAYMENTS
TXN000003155,ACC0001902,2026-02-14 18:33:46,CASH_DEPOSIT,CREDIT,2282.65,TRAVEL,POS,PAYMENTS
TXN000003156,ACC0001735,2026-09-09 23:39:37,NEFT,CREDIT,50438.94,GROCERY,ATM,PAYMENTS
TXN000003157,ACC0003863,2026-01-14 01:45:22,UPI,CREDIT,1006.74,CASH,WEB,PAYMENTS
TXN000003158,ACC0000141,2026-03-15 18:16:49,CARD_PURCHASE,CREDIT,1235.56,UTILITIES,ATM,PAYMENTS
TXN000003159,ACC0000297,2026-01-30 17:39:00,NEFT,CREDIT,11150.89,FUEL,POS,PAYMENTS
TXN000003160,ACC0003782,2026-04-13 16:08:23,ATM_WITHDRAWAL,CREDIT,1367.7,GROCERY,BRANCH,PAYMENTS
TXN000003161,ACC0002834,2026-02-11 23:52:51,UPI,CREDIT,3423.48,UTILITIES,ATM,PAYMENTS
TXN000003162,ACC0003791,2026-01-27 04:48:31,CARD_PURCHASE,CREDIT,2034.28,GROCERY,POS,PAYMENTS
TXN000003163,ACC0001415,2026-06-15 23:00:08,IMPS,DEBIT,40597.5,CASH,BRANCH,PAYMENTS
TXN000003164,ACC0003957,2026-06-15 17:15:11,UPI,DEBIT,2231.1,UTILITIES,WEB,PAYMENTS
TXN000003165,ACC0002552,2026-02-22 11:15:58,UPI,DEBIT,5573.88,ECOMMERCE,ATM,PAYMENTS
TXN000003166,ACC0000876,2026-03-21 17:10:07,CARD_PURCHASE,DEBIT,19586.05,FUEL,MOBILE,PAYMENTS
TXN000003167,ACC0004354,2026-05-26 00:01:59,NEFT,CREDIT,1996.98,FUEL,MOBILE,PAYMENTS
TXN000003168,ACC0004658,2026-04-27 21:29:57,ATM_WITHDRAWAL,DEBIT,1517.53,TRANSFER,BRANCH,PAYMENTS
TXN000003169,ACC0003258,2026-08-23 16:16:14,NEFT,CREDIT,9562.34,FUEL,BRANCH,PAYMENTS
TXN000003170,ACC0003357,2026-01-11 08:25:43,UPI,DEBIT,5898.36,GROCERY,BRANCH,PAYMENTS
TXN000003171,ACC0003597,2026-05-07 23:57:30,CARD_PURCHASE,DEBIT,54054.91,UTILITIES,BRANCH,PAYMENTS
TXN000003172,ACC0000339,2026-01-09 14:21:17,UPI,DEBIT,6125.42,CASH,BRANCH,PAYMENTS
TXN000003173,ACC0001519,2026-05-16 10:06:28,CARD_PURCHASE,DEBIT,3432.48,TRANSFER,ATM,PAYMENTS
TXN000003174,ACC0004074,2026-07-01 16:04:39,UPI,CREDIT,2578.97,CASH,MOBILE,PAYMENTS
TXN000003175,ACC0000014,2026-02-04 23:41:29,UPI,CREDIT,12422.17,FUEL,WEB,PAYMENTS
TXN000003176,ACC0003758,2026-02-21 10:57:58,NEFT,DEBIT,1655.31,CASH,WEB,PAYMENTS
TXN000003177,ACC0004359,2026-02-06 01:48:29,CASH_DEPOSIT,DEBIT,21704.71,UTILITIES,MOBILE,PAYMENTS
TXN000003178,ACC0000618,2026-05-03 18:31:06,NEFT,DEBIT,14241.52,TRAVEL,WEB,PAYMENTS
TXN000003179,ACC0000370,2026-02-04 04:44:39,ATM_WITHDRAWAL,CREDIT,7242.68,GROCERY,POS,PAYMENTS
TXN000003180,ACC0002237,2026-09-17 06:06:34,IMPS,CREDIT,2645.98,TRAVEL,BRANCH,PAYMENTS
TXN000003181,ACC0002586,2026-03-02 14:31:30,NEFT,CREDIT,1663.61,CASH,MOBILE,PAYMENTS
TXN000003182,ACC0003707,2026-06-13 00:13:50,CASH_DEPOSIT,CREDIT,1132.43,CASH,MOBILE,PAYMENTS
TXN000003183,ACC0004594,2026-04-04 23:38:57,CARD_PURCHASE,DEBIT,1516.41,TRAVEL,BRANCH,PAYMENTS
TXN000003184,ACC0000933,2026-08-17 07:36:06,IMPS,CREDIT,6549.53,GROCERY,ATM,PAYMENTS
TXN000003185,ACC0000920,2026-08-08 00:52:22,IMPS,DEBIT,844.88,ECOMMERCE,MOBILE,PAYMENTS
TXN000003186,ACC0001736,2026-08-14 14:47:25,CASH_DEPOSIT,DEBIT,1365.58,FUEL,WEB,PAYMENTS
TXN000003187,ACC0001076,2026-03-31 03:48:34,IMPS,CREDIT,5051.53,TRAVEL,WEB,PAYMENTS
TXN000003188,ACC0000614,2026-06-18 17:24:57,ATM_WITHDRAWAL,CREDIT,30217.62,CASH,POS,PAYMENTS
TXN000003189,ACC0000510,2026-08-24 13:54:47,ATM_WITHDRAWAL,DEBIT,538.42,CASH,MOBILE,PAYMENTS
TXN000003190,ACC0000403,2026-07-18 03:41:50,CARD_PURCHASE,DEBIT,1794.13,UTILITIES,POS,PAYMENTS
TXN000003191,ACC0002911,2026-07-26 23:19:27,CASH_DEPOSIT,DEBIT,11819.42,TRAVEL,ATM,PAYMENTS
TXN000003192,ACC0001243,2026-02-12 10:40:00,CASH_DEPOSIT,DEBIT,4460.89,TRANSFER,WEB,PAYMENTS
TXN000003193,ACC0000495,2026-02-25 04:41:48,UPI,CREDIT,959.63,FUEL,WEB,PAYMENTS
TXN000003194,ACC0002433,2026-09-11 21:19:05,ATM_WITHDRAWAL,CREDIT,12529.55,CASH,MOBILE,PAYMENTS
TXN000003195,ACC0002085,2026-01-22 15:57:41,IMPS,DEBIT,5453.87,ECOMMERCE,POS,PAYMENTS
TXN000003196,ACC0000182,2026-01-16 07:00:51,UPI,DEBIT,47358.63,ECOMMERCE,MOBILE,PAYMENTS
TXN000003197,ACC0001560,2026-06-04 22:04:08,UPI,DEBIT,6755.77,ECOMMERCE,MOBILE,PAYMENTS
TXN000003198,ACC0004605,2026-09-03 06:45:04,ATM_WITHDRAWAL,CREDIT,6238.42,CASH,MOBILE,PAYMENTS
TXN000003199,ACC0000113,2026-01-13 18:27:02,UPI,CREDIT,535.52,ECOMMERCE,MOBILE,PAYMENTS
TXN000003200,ACC0001769,2026-05-18 18:22:56,ATM_WITHDRAWAL,CREDIT,7183.34,TRAVEL,MOBILE,PAYMENTS
TXN000003201,ACC0003439,2026-07-27 11:32:04,NEFT,DEBIT,2782.23,GROCERY,BRANCH,PAYMENTS
TXN000003202,ACC0000520,2026-07-07 20:38:01,UPI,CREDIT,178.77,UTILITIES,BRANCH,PAYMENTS
TXN000003203,ACC0004929,2026-07-27 18:05:05,UPI,DEBIT,12068.69,GROCERY,MOBILE,PAYMENTS
TXN000003204,ACC0000301,2026-01-12 09:21:22,ATM_WITHDRAWAL,CREDIT,6287.97,ECOMMERCE,ATM,PAYMENTS
TXN000003205,ACC0002399,2026-08-28 19:45:43,NEFT,CREDIT,32271.75,FUEL,MOBILE,PAYMENTS
TXN000003206,ACC0004771,2026-01-12 03:52:36,CARD_PURCHASE,CREDIT,1131.79,ECOMMERCE,POS,PAYMENTS
TXN000003207,ACC0001152,2026-01-12 17:19:29,ATM_WITHDRAWAL,CREDIT,1711.25,TRAVEL,MOBILE,PAYMENTS
TXN000003208,ACC0003808,2026-03-10 19:40:48,NEFT,CREDIT,689.91,UTILITIES,MOBILE,PAYMENTS
TXN000003209,ACC0001191,2026-04-27 07:58:52,NEFT,DEBIT,3876.89,TRAVEL,POS,PAYMENTS
TXN000003210,ACC0002272,2026-05-24 15:07:07,CASH_DEPOSIT,DEBIT,6922.39,CASH,ATM,PAYMENTS
TXN000003211,ACC0003906,2026-04-23 19:32:39,IMPS,DEBIT,6359.48,CASH,POS,PAYMENTS
TXN000003212,ACC0002723,2026-07-10 13:24:56,CASH_DEPOSIT,CREDIT,5809.83,GROCERY,POS,PAYMENTS
TXN000003213,ACC0004844,2026-07-27 11:51:56,CASH_DEPOSIT,CREDIT,14495.78,UTILITIES,WEB,PAYMENTS
TXN000003214,ACC0004371,2026-04-17 15:28:08,NEFT,CREDIT,558.38,ECOMMERCE,POS,PAYMENTS
TXN000003215,ACC0001172,2026-02-08 05:34:11,NEFT,CREDIT,3602.74,FUEL,ATM,PAYMENTS
TXN000003216,ACC0003695,2026-08-30 18:38:55,NEFT,CREDIT,6987.14,UTILITIES,BRANCH,PAYMENTS
TXN000003217,ACC0000252,2026-01-05 23:21:32,NEFT,DEBIT,6138.53,GROCERY,POS,PAYMENTS
TXN000003218,ACC0002693,2026-05-27 04:20:35,CARD_PURCHASE,CREDIT,3720.11,GROCERY,WEB,PAYMENTS
TXN000003219,ACC0002159,2026-06-08 08:00:00,UPI,CREDIT,4278.06,CASH,MOBILE,PAYMENTS
TXN000003220,ACC0003903,2026-08-11 01:47:18,ATM_WITHDRAWAL,DEBIT,2229.22,TRANSFER,WEB,PAYMENTS
TXN000003221,ACC0001524,2026-08-28 00:36:03,ATM_WITHDRAWAL,CREDIT,760.47,TRANSFER,MOBILE,PAYMENTS
TXN000003222,ACC0000141,2026-03-21 21:10:34,CASH_DEPOSIT,DEBIT,1159.57,UTILITIES,ATM,PAYMENTS
TXN000003223,ACC0001792,2026-01-05 13:09:17,UPI,DEBIT,2715.37,CASH,WEB,PAYMENTS
TXN000003224,ACC0001712,2026-04-28 20:50:17,NEFT,DEBIT,2898.77,UTILITIES,ATM,PAYMENTS
TXN000003225,ACC0000432,2026-02-20 18:10:21,IMPS,DEBIT,6527.96,TRANSFER,ATM,PAYMENTS
TXN000003226,ACC0004628,2026-08-29 04:08:11,ATM_WITHDRAWAL,CREDIT,2153.42,GROCERY,WEB,PAYMENTS
TXN000003227,ACC0004885,2026-08-31 11:45:55,ATM_WITHDRAWAL,DEBIT,3146.25,GROCERY,ATM,PAYMENTS
TXN000003228,ACC0004087,2026-04-02 18:53:52,UPI,DEBIT,5008.35,TRAVEL,BRANCH,PAYMENTS
TXN000003229,ACC0004276,2026-07-08 21:07:54,NEFT,DEBIT,1136.85,TRAVEL,POS,PAYMENTS
TXN000003230,ACC0003346,2026-04-20 23:45:32,CARD_PURCHASE,DEBIT,10265.67,TRAVEL,POS,PAYMENTS
TXN000003231,ACC0002901,2026-09-16 13:25:04,ATM_WITHDRAWAL,DEBIT,508.24,ECOMMERCE,ATM,PAYMENTS
TXN000003232,ACC0001204,2026-07-25 19:35:02,NEFT,DEBIT,5806.88,TRAVEL,ATM,PAYMENTS
TXN000003233,ACC0003526,2026-06-05 16:53:04,CASH_DEPOSIT,DEBIT,582.24,FUEL,MOBILE,PAYMENTS
TXN000003234,ACC0004533,2026-07-02 16:14:25,NEFT,CREDIT,2611.18,CASH,MOBILE,PAYMENTS
TXN000003235,ACC0003053,2026-05-30 07:10:49,UPI,DEBIT,4948.98,UTILITIES,ATM,PAYMENTS
TXN000003236,ACC0003348,2026-08-26 08:37:52,IMPS,CREDIT,6380.64,TRANSFER,BRANCH,PAYMENTS
TXN000003237,ACC0003128,2026-08-28 09:09:31,UPI,DEBIT,14846.61,ECOMMERCE,POS,PAYMENTS
TXN000003238,ACC0002680,2026-07-14 02:56:14,CARD_PURCHASE,CREDIT,1433.08,ECOMMERCE,BRANCH,PAYMENTS
TXN000003239,ACC0002104,2026-07-18 08:55:20,NEFT,DEBIT,343.71,TRANSFER,ATM,PAYMENTS
TXN000003240,ACC0004180,2026-03-31 00:00:47,CARD_PURCHASE,CREDIT,3336.93,TRANSFER,BRANCH,PAYMENTS
TXN000003241,ACC0002041,2026-03-17 21:25:40,ATM_WITHDRAWAL,DEBIT,3835.48,FUEL,MOBILE,PAYMENTS
TXN000003242,ACC0002733,2026-01-30 08:50:33,NEFT,DEBIT,2389.74,GROCERY,ATM,PAYMENTS
TXN000003243,ACC0003283,2026-08-11 01:41:35,ATM_WITHDRAWAL,DEBIT,4993.84,CASH,BRANCH,PAYMENTS
TXN000003244,ACC0003932,2026-03-12 11:27:41,ATM_WITHDRAWAL,DEBIT,2647.84,CASH,POS,PAYMENTS
TXN000003245,ACC0001936,2026-04-07 01:21:21,CASH_DEPOSIT,CREDIT,308.13,GROCERY,POS,PAYMENTS
TXN000003246,ACC0003780,2026-01-17 16:39:27,ATM_WITHDRAWAL,DEBIT,1811.56,UTILITIES,POS,PAYMENTS
TXN000003247,ACC0002226,2026-01-02 19:52:52,NEFT,DEBIT,5516.9,TRAVEL,POS,PAYMENTS
TXN000003248,ACC0003539,2026-06-16 09:58:59,ATM_WITHDRAWAL,DEBIT,9390.3,CASH,POS,PAYMENTS
TXN000003249,ACC0003425,2026-01-14 01:07:59,ATM_WITHDRAWAL,DEBIT,2587.65,CASH,POS,PAYMENTS
TXN000003250,ACC0004520,2026-06-26 11:12:03,CASH_DEPOSIT,DEBIT,11717.59,FUEL,ATM,PAYMENTS
TXN000003251,ACC0000482,2026-09-13 22:46:18,NEFT,CREDIT,15381.45,TRAVEL,WEB,PAYMENTS
TXN000003252,ACC0000272,2026-01-28 13:11:58,CASH_DEPOSIT,CREDIT,374.57,GROCERY,WEB,PAYMENTS
TXN000003253,ACC0004965,2026-02-03 12:16:09,CARD_PURCHASE,CREDIT,22557.37,ECOMMERCE,POS,PAYMENTS
TXN000003254,ACC0004409,2026-01-13 00:39:56,IMPS,DEBIT,4639.16,FUEL,WEB,PAYMENTS
TXN000003255,ACC0004017,2026-04-29 21:56:41,CARD_PURCHASE,DEBIT,6384.9,TRAVEL,MOBILE,PAYMENTS
TXN000003256,ACC0003360,2026-08-03 09:26:55,UPI,DEBIT,5251.67,ECOMMERCE,ATM,PAYMENTS
TXN000003257,ACC0000035,2026-04-16 14:04:15,ATM_WITHDRAWAL,DEBIT,2475.88,CASH,BRANCH,PAYMENTS
TXN000003258,ACC0003698,2026-04-23 10:56:19,IMPS,DEBIT,2560.59,TRAVEL,POS,PAYMENTS
TXN000003259,ACC0002365,2026-04-20 13:28:16,NEFT,CREDIT,893.64,FUEL,BRANCH,PAYMENTS
TXN000003260,ACC0003993,2026-02-25 19:37:12,CASH_DEPOSIT,CREDIT,850.49,ECOMMERCE,MOBILE,PAYMENTS
TXN000003261,ACC0000079,2026-01-20 08:06:04,UPI,CREDIT,16387.41,FUEL,BRANCH,PAYMENTS
TXN000003262,ACC0000365,2026-03-28 23:34:31,CARD_PURCHASE,CREDIT,4791.57,TRAVEL,POS,PAYMENTS
TXN000003263,ACC0004721,2026-07-01 16:53:06,UPI,DEBIT,178.71,FUEL,MOBILE,PAYMENTS
TXN000003264,ACC0003955,2026-08-05 13:57:02,NEFT,DEBIT,727.22,GROCERY,MOBILE,PAYMENTS
TXN000003265,ACC0003790,2026-06-01 20:54:01,ATM_WITHDRAWAL,DEBIT,6685.4,UTILITIES,WEB,PAYMENTS
TXN000003266,ACC0004091,2026-08-07 03:30:57,UPI,CREDIT,3565.79,GROCERY,WEB,PAYMENTS
TXN000003267,ACC0003386,2026-06-01 00:11:59,ATM_WITHDRAWAL,DEBIT,4674.83,TRAVEL,ATM,PAYMENTS
TXN000003268,ACC0001946,2026-05-17 18:00:53,IMPS,CREDIT,3190.93,TRAVEL,ATM,PAYMENTS
TXN000003269,ACC0000982,2026-03-22 03:24:52,ATM_WITHDRAWAL,DEBIT,4659.08,UTILITIES,POS,PAYMENTS
TXN000003270,ACC0001517,2026-04-18 08:13:02,UPI,DEBIT,4850.72,TRAVEL,MOBILE,PAYMENTS
TXN000003271,ACC0001546,2026-06-05 14:42:11,UPI,CREDIT,3431.12,GROCERY,MOBILE,PAYMENTS
TXN000003272,ACC0003563,2026-07-14 15:44:43,NEFT,CREDIT,1016.68,UTILITIES,POS,PAYMENTS
TXN000003273,ACC0001543,2026-06-11 10:22:56,ATM_WITHDRAWAL,DEBIT,2282.89,GROCERY,MOBILE,PAYMENTS
TXN000003274,ACC0002710,2026-06-02 00:29:18,ATM_WITHDRAWAL,CREDIT,5340.89,FUEL,BRANCH,PAYMENTS
TXN000003275,ACC0002081,2026-07-15 23:36:22,CARD_PURCHASE,CREDIT,1676.11,GROCERY,WEB,PAYMENTS
TXN000003276,ACC0004800,2026-07-23 22:48:27,CARD_PURCHASE,DEBIT,7141.76,FUEL,POS,PAYMENTS
TXN000003277,ACC0002090,2026-07-18 00:54:02,CARD_PURCHASE,DEBIT,14539.82,FUEL,ATM,PAYMENTS
TXN000003278,ACC0000422,2026-02-13 20:22:57,CARD_PURCHASE,DEBIT,2640.95,ECOMMERCE,POS,PAYMENTS
TXN000003279,ACC0003740,2026-05-02 08:24:05,UPI,DEBIT,7839.29,FUEL,ATM,PAYMENTS
TXN000003280,ACC0004923,2026-03-11 10:33:49,UPI,CREDIT,4590.13,TRAVEL,WEB,PAYMENTS
TXN000003281,ACC0000364,2026-06-14 18:55:09,IMPS,DEBIT,12978.87,FUEL,ATM,PAYMENTS
TXN000003282,ACC0000639,2026-08-27 18:38:57,CASH_DEPOSIT,CREDIT,7979.79,CASH,POS,PAYMENTS
TXN000003283,ACC0003464,2026-04-08 18:55:40,NEFT,DEBIT,2962.55,UTILITIES,WEB,PAYMENTS
TXN000003284,ACC0001757,2026-07-09 17:00:51,IMPS,CREDIT,1031.82,TRAVEL,BRANCH,PAYMENTS
TXN000003285,ACC0003553,2026-04-09 08:52:16,NEFT,CREDIT,7911.29,UTILITIES,MOBILE,PAYMENTS
TXN000003286,ACC0002663,2026-04-12 10:22:20,IMPS,CREDIT,9680.87,UTILITIES,WEB,PAYMENTS
TXN000003287,ACC0003010,2026-06-17 14:35:32,NEFT,DEBIT,5008.43,FUEL,ATM,PAYMENTS
TXN000003288,ACC0002788,2026-05-26 12:50:35,ATM_WITHDRAWAL,CREDIT,937.22,GROCERY,ATM,PAYMENTS
TXN000003289,ACC0000030,2026-02-19 12:34:07,IMPS,DEBIT,532.07,CASH,ATM,PAYMENTS
TXN000003290,ACC0001608,2026-05-06 13:18:30,CARD_PURCHASE,DEBIT,969.19,TRANSFER,ATM,PAYMENTS
TXN000003291,ACC0003810,2026-08-21 00:16:05,ATM_WITHDRAWAL,CREDIT,12904.11,ECOMMERCE,POS,PAYMENTS
TXN000003292,ACC0000233,2026-01-23 19:05:41,UPI,CREDIT,2670.35,ECOMMERCE,WEB,PAYMENTS
TXN000003293,ACC0001186,2026-01-16 16:48:19,ATM_WITHDRAWAL,DEBIT,1592.88,FUEL,ATM,PAYMENTS
TXN000003294,ACC0004616,2026-06-19 09:31:52,IMPS,CREDIT,6761.86,GROCERY,WEB,PAYMENTS
TXN000003295,ACC0001204,2026-05-01 17:56:30,NEFT,CREDIT,26671.44,UTILITIES,ATM,PAYMENTS
TXN000003296,ACC0003398,2026-04-20 01:55:03,NEFT,DEBIT,613.44,CASH,ATM,PAYMENTS
TXN000003297,ACC0003421,2026-09-17 06:02:26,NEFT,DEBIT,2631.03,UTILITIES,ATM,PAYMENTS
TXN000003298,ACC0003605,2026-05-09 02:53:15,ATM_WITHDRAWAL,CREDIT,347.49,ECOMMERCE,WEB,PAYMENTS
TXN000003299,ACC0000212,2026-09-17 15:01:02,UPI,CREDIT,23145.12,TRAVEL,MOBILE,PAYMENTS
TXN000003300,ACC0002742,2026-03-11 10:32:26,CASH_DEPOSIT,CREDIT,1499.6,CASH,ATM,PAYMENTS
TXN000003301,ACC0001006,2026-01-24 12:39:12,IMPS,DEBIT,1628.5,TRANSFER,BRANCH,PAYMENTS
TXN000003302,ACC0003817,2026-05-25 02:10:28,NEFT,CREDIT,91961.5,GROCERY,WEB,PAYMENTS
TXN000003303,ACC0002418,2026-08-18 04:35:56,CASH_DEPOSIT,CREDIT,5539.53,TRAVEL,BRANCH,PAYMENTS
TXN000003304,ACC0003816,2026-04-08 23:50:05,CASH_DEPOSIT,DEBIT,6714.01,UTILITIES,POS,PAYMENTS
TXN000003305,ACC0000290,2026-03-01 04:34:25,ATM_WITHDRAWAL,DEBIT,5032.76,TRANSFER,BRANCH,PAYMENTS
TXN000003306,ACC0002688,2026-09-08 07:09:46,NEFT,DEBIT,5670.28,FUEL,WEB,PAYMENTS
TXN000003307,ACC0000403,2026-04-27 00:43:31,UPI,CREDIT,991.81,UTILITIES,WEB,PAYMENTS
TXN000003308,ACC0001098,2026-02-15 23:09:51,CARD_PURCHASE,CREDIT,3272.02,TRAVEL,BRANCH,PAYMENTS
TXN000003309,ACC0000086,2026-01-16 21:00:39,IMPS,DEBIT,6855.51,CASH,MOBILE,PAYMENTS
TXN000003310,ACC0001104,2026-01-10 04:14:53,IMPS,CREDIT,777.19,TRAVEL,ATM,PAYMENTS
TXN000003311,ACC0003694,2026-02-14 07:26:28,CARD_PURCHASE,DEBIT,609.47,FUEL,WEB,PAYMENTS
TXN000003312,ACC0002393,2026-08-29 09:20:50,ATM_WITHDRAWAL,CREDIT,19664.91,FUEL,ATM,PAYMENTS
TXN000003313,ACC0001636,2026-08-29 00:09:05,NEFT,CREDIT,2905.48,FUEL,BRANCH,PAYMENTS
TXN000003314,ACC0004170,2026-03-02 15:10:02,ATM_WITHDRAWAL,CREDIT,1274.68,TRAVEL,ATM,PAYMENTS
TXN000003315,ACC0001981,2026-07-20 17:02:12,UPI,CREDIT,14712.67,CASH,BRANCH,PAYMENTS
TXN000003316,ACC0001994,2026-02-27 02:52:49,IMPS,CREDIT,1294.52,CASH,MOBILE,PAYMENTS
TXN000003317,ACC0003234,2026-05-31 04:39:52,CARD_PURCHASE,CREDIT,1974.21,FUEL,ATM,PAYMENTS
TXN000003318,ACC0003211,2026-03-10 20:01:32,CASH_DEPOSIT,DEBIT,3188.4,CASH,POS,PAYMENTS
TXN000003319,ACC0004810,2026-06-04 06:35:36,ATM_WITHDRAWAL,DEBIT,7884.06,UTILITIES,ATM,PAYMENTS
TXN000003320,ACC0001895,2026-04-15 04:16:17,NEFT,DEBIT,1289.0,FUEL,MOBILE,PAYMENTS
TXN000003321,ACC0002082,2026-05-11 06:32:01,ATM_WITHDRAWAL,CREDIT,8440.89,ECOMMERCE,WEB,PAYMENTS
TXN000003322,ACC0002636,2026-04-16 10:36:48,CASH_DEPOSIT,DEBIT,1527.58,UTILITIES,MOBILE,PAYMENTS
TXN000003323,ACC0000566,2026-06-14 16:04:10,CASH_DEPOSIT,CREDIT,3355.74,GROCERY,POS,PAYMENTS
TXN000003324,ACC0000225,2026-06-27 07:29:36,NEFT,DEBIT,2321.57,GROCERY,POS,PAYMENTS
TXN000003325,ACC0004540,2026-02-05 22:32:47,CASH_DEPOSIT,CREDIT,26985.2,TRANSFER,WEB,PAYMENTS
TXN000003326,ACC0000363,2026-02-09 19:27:34,CASH_DEPOSIT,DEBIT,5488.82,ECOMMERCE,POS,PAYMENTS
TXN000003327,ACC0003473,2026-05-17 18:15:04,IMPS,DEBIT,10774.16,GROCERY,WEB,PAYMENTS
TXN000003328,ACC0000993,2026-09-09 01:57:57,NEFT,CREDIT,21875.49,TRANSFER,ATM,PAYMENTS
TXN000003329,ACC0002325,2026-02-23 16:31:26,NEFT,DEBIT,2878.73,TRAVEL,WEB,PAYMENTS
TXN000003330,ACC0003139,2026-05-07 14:44:31,CASH_DEPOSIT,DEBIT,11520.23,TRANSFER,WEB,PAYMENTS
TXN000003331,ACC0002767,2026-03-17 15:22:33,CASH_DEPOSIT,DEBIT,3770.73,TRAVEL,BRANCH,PAYMENTS
TXN000003332,ACC0003822,2026-08-25 13:28:55,IMPS,DEBIT,18248.78,UTILITIES,BRANCH,PAYMENTS
TXN000003333,ACC0003970,2026-01-10 15:32:18,NEFT,DEBIT,4587.41,ECOMMERCE,BRANCH,PAYMENTS
TXN000003334,ACC0002263,2026-08-01 12:13:19,NEFT,DEBIT,7161.1,TRANSFER,BRANCH,PAYMENTS
TXN000003335,ACC0001770,2026-04-01 23:05:26,CASH_DEPOSIT,DEBIT,31214.95,UTILITIES,POS,PAYMENTS
TXN000003336,ACC0004560,2026-02-04 16:21:20,ATM_WITHDRAWAL,DEBIT,9967.98,TRAVEL,ATM,PAYMENTS
TXN000003337,ACC0001125,2026-03-07 23:59:29,CASH_DEPOSIT,CREDIT,10448.08,CASH,POS,PAYMENTS
TXN000003338,ACC0002901,2026-09-22 11:01:27,ATM_WITHDRAWAL,DEBIT,3827.23,GROCERY,POS,PAYMENTS
TXN000003339,ACC0004865,2026-01-23 12:04:41,CASH_DEPOSIT,DEBIT,10647.92,TRAVEL,BRANCH,PAYMENTS
TXN000003340,ACC0004573,2026-07-25 09:55:22,CASH_DEPOSIT,CREDIT,3071.58,FUEL,MOBILE,PAYMENTS
TXN000003341,ACC0000936,2026-08-04 01:58:34,ATM_WITHDRAWAL,CREDIT,5741.04,ECOMMERCE,BRANCH,PAYMENTS
TXN000003342,ACC0001119,2026-05-08 20:42:20,CASH_DEPOSIT,DEBIT,11219.59,ECOMMERCE,BRANCH,PAYMENTS
TXN000003343,ACC0003272,2026-04-16 06:03:48,UPI,CREDIT,8621.69,GROCERY,BRANCH,PAYMENTS
TXN000003344,ACC0001177,2026-08-22 15:19:02,NEFT,CREDIT,1630.52,UTILITIES,BRANCH,PAYMENTS
TXN000003345,ACC0003682,2026-05-02 13:33:58,CASH_DEPOSIT,CREDIT,46468.57,CASH,POS,PAYMENTS
TXN000003346,ACC0003809,2026-05-10 11:38:22,IMPS,DEBIT,3364.06,GROCERY,POS,PAYMENTS
TXN000003347,ACC0000408,2026-02-09 09:19:08,IMPS,CREDIT,1070.84,CASH,WEB,PAYMENTS
TXN000003348,ACC0002629,2026-01-31 01:30:49,IMPS,DEBIT,983.98,GROCERY,MOBILE,PAYMENTS
TXN000003349,ACC0003627,2026-08-10 23:48:17,CASH_DEPOSIT,DEBIT,8630.12,UTILITIES,WEB,PAYMENTS
TXN000003350,ACC0002173,2026-05-17 02:08:08,CASH_DEPOSIT,CREDIT,883.64,GROCERY,MOBILE,PAYMENTS
TXN000003351,ACC0001385,2026-08-08 18:11:55,NEFT,CREDIT,582.05,CASH,ATM,PAYMENTS
TXN000003352,ACC0004375,2026-02-24 02:55:36,CARD_PURCHASE,CREDIT,4251.19,GROCERY,POS,PAYMENTS
TXN000003353,ACC0000798,2026-05-12 01:37:07,ATM_WITHDRAWAL,DEBIT,3006.97,TRAVEL,WEB,PAYMENTS
TXN000003354,ACC0003301,2026-06-16 13:59:50,UPI,DEBIT,19391.19,CASH,BRANCH,PAYMENTS
TXN000003355,ACC0003840,2026-06-07 09:53:11,IMPS,CREDIT,9838.73,GROCERY,ATM,PAYMENTS
TXN000003356,ACC0000472,2026-07-20 17:06:23,CARD_PURCHASE,CREDIT,2414.82,FUEL,POS,PAYMENTS
TXN000003357,ACC0004091,2026-09-02 00:33:04,IMPS,DEBIT,2940.95,TRAVEL,ATM,PAYMENTS
TXN000003358,ACC0004996,2026-01-23 00:53:59,ATM_WITHDRAWAL,CREDIT,2237.13,ECOMMERCE,POS,PAYMENTS
TXN000003359,ACC0002131,2026-04-11 18:34:45,CARD_PURCHASE,CREDIT,3806.75,GROCERY,WEB,PAYMENTS
TXN000003360,ACC0004430,2026-02-09 06:41:24,UPI,DEBIT,20858.41,FUEL,POS,PAYMENTS
TXN000003361,ACC0002678,2026-04-23 14:33:17,UPI,CREDIT,9376.87,FUEL,ATM,PAYMENTS
TXN000003362,ACC0004086,2026-06-26 17:13:31,NEFT,DEBIT,12088.49,ECOMMERCE,POS,PAYMENTS
TXN000003363,ACC0003255,2026-05-14 10:23:55,IMPS,CREDIT,1896.76,UTILITIES,WEB,PAYMENTS
TXN000003364,ACC0000065,2026-05-09 07:16:07,UPI,DEBIT,3983.29,GROCERY,MOBILE,PAYMENTS
TXN000003365,ACC0002289,2026-03-21 00:26:28,IMPS,CREDIT,19186.57,FUEL,ATM,PAYMENTS
TXN000003366,ACC0004703,2026-07-19 04:53:03,CASH_DEPOSIT,DEBIT,2802.3,CASH,MOBILE,PAYMENTS
TXN000003367,ACC0001440,2026-06-15 05:38:49,ATM_WITHDRAWAL,DEBIT,9202.03,GROCERY,WEB,PAYMENTS
TXN000003368,ACC0001653,2026-05-25 10:10:43,NEFT,DEBIT,933.24,FUEL,BRANCH,PAYMENTS
TXN000003369,ACC0004064,2026-09-06 12:45:52,ATM_WITHDRAWAL,CREDIT,1688.91,UTILITIES,MOBILE,PAYMENTS
TXN000003370,ACC0003431,2026-08-07 09:12:27,NEFT,DEBIT,3998.75,TRANSFER,MOBILE,PAYMENTS
TXN000003371,ACC0002674,2026-09-02 08:58:46,ATM_WITHDRAWAL,DEBIT,3090.79,ECOMMERCE,MOBILE,PAYMENTS
TXN000003372,ACC0002408,2026-02-22 08:13:52,CARD_PURCHASE,CREDIT,7408.47,ECOMMERCE,BRANCH,PAYMENTS
TXN000003373,ACC0003598,2026-03-28 05:51:50,UPI,CREDIT,487.29,TRAVEL,POS,PAYMENTS
TXN000003374,ACC0003764,2026-06-03 21:18:26,CARD_PURCHASE,CREDIT,2164.81,TRAVEL,MOBILE,PAYMENTS
TXN000003375,ACC0001433,2026-03-28 05:58:36,CARD_PURCHASE,CREDIT,1308.38,CASH,BRANCH,PAYMENTS
TXN000003376,ACC0000402,2026-09-05 15:42:37,CASH_DEPOSIT,DEBIT,20130.31,CASH,ATM,PAYMENTS
TXN000003377,ACC0003774,2026-03-18 03:45:17,CASH_DEPOSIT,DEBIT,12870.28,GROCERY,ATM,PAYMENTS
TXN000003378,ACC0003770,2026-02-10 18:28:32,NEFT,CREDIT,10115.65,TRAVEL,WEB,PAYMENTS
TXN000003379,ACC0003517,2026-01-04 15:54:31,CASH_DEPOSIT,DEBIT,5008.63,FUEL,MOBILE,PAYMENTS
TXN000003380,ACC0000825,2026-05-13 01:30:08,UPI,DEBIT,43868.52,CASH,BRANCH,PAYMENTS
TXN000003381,ACC0003438,2026-09-14 23:08:18,CARD_PURCHASE,DEBIT,12882.14,TRANSFER,MOBILE,PAYMENTS
TXN000003382,ACC0002207,2026-01-31 20:42:38,CARD_PURCHASE,DEBIT,14301.36,FUEL,POS,PAYMENTS
TXN000003383,ACC0000310,2026-09-10 17:17:25,ATM_WITHDRAWAL,DEBIT,461.23,UTILITIES,WEB,PAYMENTS
TXN000003384,ACC0001901,2026-07-11 04:10:22,IMPS,DEBIT,4130.62,TRANSFER,BRANCH,PAYMENTS
TXN000003385,ACC0004537,2026-01-10 15:42:12,NEFT,CREDIT,162.91,UTILITIES,BRANCH,PAYMENTS
TXN000003386,ACC0000976,2026-06-11 03:03:34,ATM_WITHDRAWAL,DEBIT,828.9,UTILITIES,WEB,PAYMENTS
TXN000003387,ACC0001925,2026-05-20 17:27:39,CASH_DEPOSIT,CREDIT,3174.05,TRANSFER,POS,PAYMENTS
TXN000003388,ACC0002625,2026-02-08 07:17:09,CASH_DEPOSIT,CREDIT,16762.62,TRANSFER,BRANCH,PAYMENTS
TXN000003389,ACC0003441,2026-09-18 09:29:30,UPI,DEBIT,1598.23,GROCERY,POS,PAYMENTS
TXN000003390,ACC0004384,2026-02-12 12:12:10,CARD_PURCHASE,CREDIT,6888.85,FUEL,MOBILE,PAYMENTS
TXN000003391,ACC0001362,2026-04-15 22:29:24,UPI,CREDIT,11097.4,GROCERY,ATM,PAYMENTS
TXN000003392,ACC0002636,2026-08-27 16:52:11,ATM_WITHDRAWAL,DEBIT,3441.27,TRAVEL,MOBILE,PAYMENTS
TXN000003393,ACC0000751,2026-01-13 18:31:20,CASH_DEPOSIT,DEBIT,9033.69,ECOMMERCE,POS,PAYMENTS
TXN000003394,ACC0001001,2026-05-18 01:43:00,IMPS,DEBIT,3735.04,TRANSFER,WEB,PAYMENTS
TXN000003395,ACC0000627,2026-09-21 06:38:56,CASH_DEPOSIT,CREDIT,9296.28,FUEL,POS,PAYMENTS
TXN000003396,ACC0003483,2026-03-20 18:28:58,CASH_DEPOSIT,CREDIT,6303.68,FUEL,BRANCH,PAYMENTS
TXN000003397,ACC0004023,2026-02-23 11:59:00,NEFT,DEBIT,1513.12,ECOMMERCE,BRANCH,PAYMENTS
TXN000003398,ACC0000747,2026-04-27 04:48:02,CARD_PURCHASE,DEBIT,1013.95,CASH,BRANCH,PAYMENTS
TXN000003399,ACC0004753,2026-03-18 00:56:59,NEFT,DEBIT,2963.95,GROCERY,BRANCH,PAYMENTS
TXN000003400,ACC0001458,2026-08-21 23:14:34,CASH_DEPOSIT,DEBIT,5057.56,UTILITIES,POS,PAYMENTS
TXN000003401,ACC0004332,2026-08-26 16:20:47,UPI,CREDIT,969.36,ECOMMERCE,WEB,PAYMENTS
TXN000003402,ACC0003393,2026-07-07 00:55:46,ATM_WITHDRAWAL,CREDIT,28742.36,CASH,MOBILE,PAYMENTS
TXN000003403,ACC0000337,2026-03-20 22:20:40,CASH_DEPOSIT,CREDIT,1201.42,TRANSFER,BRANCH,PAYMENTS
TXN000003404,ACC0003914,2026-08-24 11:44:23,ATM_WITHDRAWAL,DEBIT,1295.35,FUEL,WEB,PAYMENTS
TXN000003405,ACC0000925,2026-01-08 07:23:23,IMPS,DEBIT,2428.81,GROCERY,WEB,PAYMENTS
TXN000003406,ACC0002516,2026-09-18 10:18:10,UPI,DEBIT,3305.34,TRAVEL,BRANCH,PAYMENTS
TXN000003407,ACC0000788,2026-01-05 04:22:27,UPI,CREDIT,4884.49,FUEL,WEB,PAYMENTS
TXN000003408,ACC0000216,2026-01-18 14:06:26,IMPS,DEBIT,884.95,TRANSFER,MOBILE,PAYMENTS
TXN000003409,ACC0001177,2026-05-07 23:47:55,NEFT,CREDIT,990.29,TRAVEL,WEB,PAYMENTS
TXN000003410,ACC0004670,2026-03-16 19:29:51,CASH_DEPOSIT,DEBIT,2881.65,TRANSFER,POS,PAYMENTS
TXN000003411,ACC0004460,2026-05-31 04:24:20,IMPS,CREDIT,2077.15,CASH,POS,PAYMENTS
TXN000003412,ACC0003486,2026-05-22 22:23:59,IMPS,CREDIT,7607.56,CASH,MOBILE,PAYMENTS
TXN000003413,ACC0003056,2026-09-14 00:21:50,ATM_WITHDRAWAL,DEBIT,4226.96,UTILITIES,POS,PAYMENTS
TXN000003414,ACC0001125,2026-06-17 09:30:32,IMPS,DEBIT,3251.73,TRAVEL,MOBILE,PAYMENTS
TXN000003415,ACC0003510,2026-07-08 22:35:39,UPI,DEBIT,5960.01,TRANSFER,ATM,PAYMENTS
TXN000003416,ACC0000034,2026-04-25 09:16:55,CARD_PURCHASE,DEBIT,1832.34,FUEL,WEB,PAYMENTS
TXN000003417,ACC0002746,2026-02-16 08:13:55,NEFT,CREDIT,8337.25,ECOMMERCE,POS,PAYMENTS
TXN000003418,ACC0000928,2026-07-16 11:27:46,IMPS,CREDIT,332.95,ECOMMERCE,ATM,PAYMENTS
TXN000003419,ACC0002176,2026-05-28 17:54:07,ATM_WITHDRAWAL,CREDIT,11988.02,UTILITIES,WEB,PAYMENTS
TXN000003420,ACC0003516,2026-01-05 00:28:06,CARD_PURCHASE,CREDIT,8233.36,TRANSFER,ATM,PAYMENTS
TXN000003421,ACC0002471,2026-04-25 14:16:52,CARD_PURCHASE,CREDIT,3791.0,TRANSFER,BRANCH,PAYMENTS
TXN000003422,ACC0004877,2026-05-02 01:08:46,CASH_DEPOSIT,CREDIT,4999.95,TRANSFER,ATM,PAYMENTS
TXN000003423,ACC0004195,2026-09-21 08:32:53,IMPS,DEBIT,2482.71,UTILITIES,ATM,PAYMENTS
TXN000003424,ACC0001842,2026-09-18 14:14:47,ATM_WITHDRAWAL,CREDIT,4263.45,TRANSFER,POS,PAYMENTS
TXN000003425,ACC0003112,2026-04-05 14:08:54,CARD_PURCHASE,CREDIT,1258.6,CASH,BRANCH,PAYMENTS
TXN000003426,ACC0001256,2026-04-06 22:58:35,CARD_PURCHASE,CREDIT,4620.86,ECOMMERCE,BRANCH,PAYMENTS
TXN000003427,ACC0001113,2026-01-11 03:16:06,UPI,CREDIT,1300.96,GROCERY,WEB,PAYMENTS
TXN000003428,ACC0000255,2026-04-24 21:10:07,ATM_WITHDRAWAL,CREDIT,3524.42,CASH,WEB,PAYMENTS
TXN000003429,ACC0002155,2026-05-29 07:36:06,CARD_PURCHASE,DEBIT,8829.42,GROCERY,ATM,PAYMENTS
TXN000003430,ACC0000573,2026-05-08 22:40:10,CASH_DEPOSIT,DEBIT,8550.71,TRANSFER,BRANCH,PAYMENTS
TXN000003431,ACC0002611,2026-08-31 13:27:52,CASH_DEPOSIT,DEBIT,962.84,UTILITIES,ATM,PAYMENTS
TXN000003432,ACC0004586,2026-03-20 11:15:03,CASH_DEPOSIT,CREDIT,3204.25,GROCERY,POS,PAYMENTS
TXN000003433,ACC0000707,2026-08-07 03:26:04,CARD_PURCHASE,CREDIT,23520.07,GROCERY,WEB,PAYMENTS
TXN000003434,ACC0002446,2026-08-25 14:41:18,CASH_DEPOSIT,DEBIT,4935.37,CASH,ATM,PAYMENTS
TXN000003435,ACC0002802,2026-09-19 18:26:00,CASH_DEPOSIT,CREDIT,25238.31,UTILITIES,WEB,PAYMENTS
TXN000003436,ACC0001004,2026-05-20 14:40:20,UPI,DEBIT,8155.38,CASH,ATM,PAYMENTS
TXN000003437,ACC0003352,2026-07-10 12:33:26,NEFT,CREDIT,2707.16,UTILITIES,ATM,PAYMENTS
TXN000003438,ACC0000048,2026-03-09 23:40:37,CARD_PURCHASE,CREDIT,716.83,GROCERY,BRANCH,PAYMENTS
TXN000003439,ACC0003735,2026-07-27 20:51:19,UPI,DEBIT,9800.6,GROCERY,BRANCH,PAYMENTS
TXN000003440,ACC0002506,2026-09-20 08:55:18,CARD_PURCHASE,DEBIT,27579.14,TRANSFER,ATM,PAYMENTS
TXN000003441,ACC0000554,2026-07-18 21:20:36,UPI,DEBIT,5590.29,FUEL,BRANCH,PAYMENTS
TXN000003442,ACC0000812,2026-02-02 07:22:17,CASH_DEPOSIT,DEBIT,1258.17,UTILITIES,ATM,PAYMENTS
TXN000003443,ACC0000226,2026-04-22 01:34:55,NEFT,DEBIT,3730.63,TRANSFER,MOBILE,PAYMENTS
TXN000003444,ACC0001567,2026-08-27 21:48:18,ATM_WITHDRAWAL,CREDIT,1776.18,FUEL,ATM,PAYMENTS
TXN000003445,ACC0001205,2026-08-28 03:22:06,CARD_PURCHASE,DEBIT,2733.2,TRAVEL,POS,PAYMENTS
TXN000003446,ACC0004562,2026-02-26 11:55:52,CARD_PURCHASE,CREDIT,3146.55,CASH,MOBILE,PAYMENTS
TXN000003447,ACC0000746,2026-06-20 06:21:02,ATM_WITHDRAWAL,CREDIT,5522.16,FUEL,BRANCH,PAYMENTS
TXN000003448,ACC0001910,2026-09-08 11:49:08,CARD_PURCHASE,CREDIT,29775.06,UTILITIES,ATM,PAYMENTS
TXN000003449,ACC0001830,2026-01-20 03:15:32,UPI,DEBIT,11221.39,TRAVEL,POS,PAYMENTS
TXN000003450,ACC0003936,2026-04-10 17:32:11,IMPS,CREDIT,4005.31,ECOMMERCE,WEB,PAYMENTS
TXN000003451,ACC0001044,2026-05-03 11:16:46,CASH_DEPOSIT,DEBIT,7846.75,ECOMMERCE,POS,PAYMENTS
TXN000003452,ACC0000524,2026-03-09 14:38:50,NEFT,CREDIT,7360.16,TRANSFER,BRANCH,PAYMENTS
TXN000003453,ACC0002166,2026-01-08 05:07:52,ATM_WITHDRAWAL,CREDIT,6590.96,CASH,BRANCH,PAYMENTS
TXN000003454,ACC0001991,2026-07-09 19:20:30,NEFT,CREDIT,2287.54,FUEL,WEB,PAYMENTS
TXN000003455,ACC0003305,2026-08-22 09:10:47,IMPS,DEBIT,5891.76,TRAVEL,POS,PAYMENTS
TXN000003456,ACC0000344,2026-05-17 00:00:26,CASH_DEPOSIT,DEBIT,8193.26,TRANSFER,WEB,PAYMENTS
TXN000003457,ACC0001400,2026-08-15 22:53:29,CASH_DEPOSIT,DEBIT,477.67,FUEL,ATM,PAYMENTS
TXN000003458,ACC0001784,2026-04-07 20:15:40,UPI,CREDIT,7157.71,TRAVEL,WEB,PAYMENTS
TXN000003459,ACC0002742,2026-06-11 06:06:22,IMPS,CREDIT,5246.44,TRANSFER,MOBILE,PAYMENTS
TXN000003460,ACC0002390,2026-09-22 02:49:29,CASH_DEPOSIT,DEBIT,829.23,CASH,MOBILE,PAYMENTS
TXN000003461,ACC0001190,2026-07-06 21:45:20,ATM_WITHDRAWAL,DEBIT,21404.56,FUEL,BRANCH,PAYMENTS
TXN000003462,ACC0001284,2026-02-15 00:46:55,NEFT,CREDIT,6491.55,CASH,BRANCH,PAYMENTS
TXN000003463,ACC0000507,2026-07-08 08:16:49,NEFT,CREDIT,3895.5,ECOMMERCE,POS,PAYMENTS
TXN000003464,ACC0000160,2026-02-04 21:01:26,ATM_WITHDRAWAL,CREDIT,11712.66,FUEL,MOBILE,PAYMENTS
TXN000003465,ACC0004445,2026-09-21 19:35:59,CASH_DEPOSIT,DEBIT,14596.32,UTILITIES,WEB,PAYMENTS
TXN000003466,ACC0002940,2026-09-14 04:37:06,NEFT,CREDIT,3369.6,TRANSFER,ATM,PAYMENTS
TXN000003467,ACC0004032,2026-05-14 21:21:18,IMPS,DEBIT,13124.64,TRANSFER,POS,PAYMENTS
TXN000003468,ACC0000033,2026-01-27 06:14:41,CARD_PURCHASE,CREDIT,1657.82,CASH,MOBILE,PAYMENTS
TXN000003469,ACC0001727,2026-03-21 23:39:14,UPI,DEBIT,6758.1,TRANSFER,BRANCH,PAYMENTS
TXN000003470,ACC0003824,2026-04-12 09:35:55,IMPS,CREDIT,1167.33,TRANSFER,MOBILE,PAYMENTS
TXN000003471,ACC0001767,2026-02-16 11:25:55,CARD_PURCHASE,CREDIT,2868.89,UTILITIES,MOBILE,PAYMENTS
TXN000003472,ACC0000547,2026-02-16 01:43:54,ATM_WITHDRAWAL,CREDIT,6930.91,TRANSFER,ATM,PAYMENTS
TXN000003473,ACC0002933,2026-01-25 19:31:50,CASH_DEPOSIT,DEBIT,4207.9,UTILITIES,POS,PAYMENTS
TXN000003474,ACC0004240,2026-01-25 13:08:39,CARD_PURCHASE,DEBIT,6269.52,FUEL,WEB,PAYMENTS
TXN000003475,ACC0001639,2026-05-20 04:10:55,ATM_WITHDRAWAL,DEBIT,2799.19,UTILITIES,MOBILE,PAYMENTS
TXN000003476,ACC0002236,2026-08-28 15:00:30,IMPS,CREDIT,42101.74,FUEL,MOBILE,PAYMENTS
TXN000003477,ACC0001377,2026-02-26 04:27:38,UPI,CREDIT,1251.55,UTILITIES,MOBILE,PAYMENTS
TXN000003478,ACC0001261,2026-08-17 00:06:31,UPI,DEBIT,16375.6,CASH,MOBILE,PAYMENTS
TXN000003479,ACC0004100,2026-03-25 00:51:10,UPI,DEBIT,7781.44,UTILITIES,POS,PAYMENTS
TXN000003480,ACC0003256,2026-03-12 00:25:14,NEFT,CREDIT,8263.2,ECOMMERCE,POS,PAYMENTS
TXN000003481,ACC0000789,2026-05-19 12:35:33,ATM_WITHDRAWAL,CREDIT,1759.51,TRAVEL,BRANCH,PAYMENTS
TXN000003482,ACC0002755,2026-09-06 12:10:31,CARD_PURCHASE,DEBIT,31076.63,ECOMMERCE,WEB,PAYMENTS
TXN000003483,ACC0004860,2026-07-01 19:06:18,IMPS,CREDIT,1228.42,TRANSFER,ATM,PAYMENTS
TXN000003484,ACC0000398,2026-08-25 01:27:00,NEFT,CREDIT,3797.65,TRANSFER,WEB,PAYMENTS
TXN000003485,ACC0004008,2026-07-13 10:57:17,IMPS,DEBIT,24090.23,FUEL,WEB,PAYMENTS
TXN000003486,ACC0003104,2026-07-10 03:21:49,NEFT,DEBIT,1790.32,TRAVEL,POS,PAYMENTS
TXN000003487,ACC0001081,2026-08-23 17:37:14,UPI,CREDIT,4384.34,TRAVEL,POS,PAYMENTS
TXN000003488,ACC0004869,2026-05-01 23:07:32,ATM_WITHDRAWAL,CREDIT,1807.37,FUEL,MOBILE,PAYMENTS
TXN000003489,ACC0000377,2026-03-27 03:22:56,CARD_PURCHASE,DEBIT,3259.46,UTILITIES,BRANCH,PAYMENTS
TXN000003490,ACC0001727,2026-04-15 00:07:58,CARD_PURCHASE,DEBIT,7224.64,TRANSFER,POS,PAYMENTS
TXN000003491,ACC0000726,2026-05-11 14:20:25,CARD_PURCHASE,CREDIT,2630.76,ECOMMERCE,WEB,PAYMENTS
TXN000003492,ACC0000926,2026-08-31 00:15:10,UPI,CREDIT,22836.4,UTILITIES,POS,PAYMENTS
TXN000003493,ACC0004127,2026-09-04 19:52:14,CARD_PURCHASE,CREDIT,1754.62,TRANSFER,POS,PAYMENTS
TXN000003494,ACC0002442,2026-05-12 23:57:14,CARD_PURCHASE,DEBIT,3465.41,CASH,MOBILE,PAYMENTS
TXN000003495,ACC0003193,2026-08-23 01:25:10,CARD_PURCHASE,CREDIT,9612.39,GROCERY,BRANCH,PAYMENTS
TXN000003496,ACC0000149,2026-07-07 21:27:35,ATM_WITHDRAWAL,DEBIT,23576.54,UTILITIES,ATM,PAYMENTS
TXN000003497,ACC0001135,2026-05-17 02:38:04,CARD_PURCHASE,DEBIT,2992.42,ECOMMERCE,BRANCH,PAYMENTS
TXN000003498,ACC0000649,2026-05-24 18:34:35,CARD_PURCHASE,CREDIT,5139.2,UTILITIES,ATM,PAYMENTS
TXN000003499,ACC0001505,2026-05-18 11:13:37,ATM_WITHDRAWAL,DEBIT,2704.88,GROCERY,ATM,PAYMENTS
TXN000003500,ACC0000397,2026-05-09 05:48:05,NEFT,CREDIT,2647.79,UTILITIES,POS,PAYMENTS
TXN000003501,ACC0000539,2026-02-16 15:34:19,UPI,DEBIT,3142.14,CASH,WEB,PAYMENTS
TXN000003502,ACC0004030,2026-01-13 22:34:54,NEFT,DEBIT,1830.63,UTILITIES,BRANCH,PAYMENTS
TXN000003503,ACC0000124,2026-01-24 14:24:54,CARD_PURCHASE,CREDIT,1385.79,GROCERY,BRANCH,PAYMENTS
TXN000003504,ACC0004468,2026-05-09 06:38:01,ATM_WITHDRAWAL,CREDIT,13376.02,UTILITIES,BRANCH,PAYMENTS
TXN000003505,ACC0003390,2026-04-04 11:28:47,NEFT,DEBIT,13424.03,TRAVEL,MOBILE,PAYMENTS
TXN000003506,ACC0003061,2026-09-04 09:03:34,ATM_WITHDRAWAL,DEBIT,3163.14,CASH,POS,PAYMENTS
TXN000003507,ACC0001653,2026-05-03 22:52:08,ATM_WITHDRAWAL,CREDIT,6258.9,FUEL,WEB,PAYMENTS
TXN000003508,ACC0000394,2026-02-16 08:39:44,IMPS,DEBIT,12784.28,UTILITIES,MOBILE,PAYMENTS
TXN000003509,ACC0003543,2026-05-20 07:42:50,CARD_PURCHASE,CREDIT,888.48,UTILITIES,MOBILE,PAYMENTS
TXN000003510,ACC0004233,2026-08-31 02:29:32,NEFT,DEBIT,19016.62,GROCERY,ATM,PAYMENTS
TXN000003511,ACC0004391,2026-09-04 04:44:06,ATM_WITHDRAWAL,DEBIT,1183.25,ECOMMERCE,WEB,PAYMENTS
TXN000003512,ACC0001968,2026-02-10 08:55:41,UPI,CREDIT,1524.04,ECOMMERCE,POS,PAYMENTS
TXN000003513,ACC0001245,2026-02-15 02:31:27,IMPS,CREDIT,3329.44,CASH,MOBILE,PAYMENTS
TXN000003514,ACC0004661,2026-03-18 12:54:27,NEFT,DEBIT,3498.11,CASH,BRANCH,PAYMENTS
TXN000003515,ACC0002601,2026-06-29 19:59:25,CASH_DEPOSIT,DEBIT,11045.68,TRANSFER,BRANCH,PAYMENTS
TXN000003516,ACC0003623,2026-09-22 11:37:49,ATM_WITHDRAWAL,DEBIT,3147.77,UTILITIES,ATM,PAYMENTS
TXN000003517,ACC0002110,2026-04-28 12:27:55,CARD_PURCHASE,CREDIT,3452.08,FUEL,POS,PAYMENTS
TXN000003518,ACC0000999,2026-07-19 02:41:51,UPI,CREDIT,2275.0,FUEL,POS,PAYMENTS
TXN000003519,ACC0004586,2026-05-17 20:51:43,CARD_PURCHASE,CREDIT,5480.0,ECOMMERCE,ATM,PAYMENTS
TXN000003520,ACC0000761,2026-05-12 14:07:29,NEFT,CREDIT,5138.25,GROCERY,MOBILE,PAYMENTS
TXN000003521,ACC0002745,2026-08-21 15:13:02,NEFT,CREDIT,15700.22,TRANSFER,POS,PAYMENTS
TXN000003522,ACC0001851,2026-07-23 09:06:43,CARD_PURCHASE,DEBIT,6525.09,TRANSFER,MOBILE,PAYMENTS
TXN000003523,ACC0002945,2026-04-25 03:36:59,CARD_PURCHASE,CREDIT,17801.37,TRANSFER,BRANCH,PAYMENTS
TXN000003524,ACC0001963,2026-03-01 01:44:54,UPI,CREDIT,2627.66,TRANSFER,MOBILE,PAYMENTS
TXN000003525,ACC0004653,2026-01-07 19:26:45,NEFT,CREDIT,3920.4,CASH,BRANCH,PAYMENTS
TXN000003526,ACC0002129,2026-06-11 14:41:27,CARD_PURCHASE,CREDIT,3000.26,TRANSFER,WEB,PAYMENTS
TXN000003527,ACC0002208,2026-08-14 19:39:06,IMPS,CREDIT,11417.18,UTILITIES,ATM,PAYMENTS
TXN000003528,ACC0001641,2026-09-10 23:33:55,CASH_DEPOSIT,CREDIT,47924.17,TRAVEL,WEB,PAYMENTS
TXN000003529,ACC0001131,2026-02-13 08:50:26,CARD_PURCHASE,DEBIT,1563.41,CASH,POS,PAYMENTS
TXN000003530,ACC0001434,2026-04-25 06:46:13,IMPS,CREDIT,1199.33,UTILITIES,WEB,PAYMENTS
TXN000003531,ACC0000249,2026-06-11 02:01:08,NEFT,CREDIT,687.7,GROCERY,BRANCH,PAYMENTS
TXN000003532,ACC0003169,2026-07-02 04:51:19,CARD_PURCHASE,CREDIT,827.29,ECOMMERCE,ATM,PAYMENTS
TXN000003533,ACC0003136,2026-02-14 15:59:29,ATM_WITHDRAWAL,DEBIT,1400.98,FUEL,BRANCH,PAYMENTS
TXN000003534,ACC0003646,2026-03-12 17:11:29,ATM_WITHDRAWAL,DEBIT,3197.73,FUEL,POS,PAYMENTS
TXN000003535,ACC0004250,2026-01-17 18:06:05,UPI,CREDIT,2249.85,FUEL,MOBILE,PAYMENTS
TXN000003536,ACC0001336,2026-03-20 17:07:27,NEFT,CREDIT,16169.1,TRANSFER,BRANCH,PAYMENTS
TXN000003537,ACC0003459,2026-08-09 09:51:10,IMPS,CREDIT,7202.04,GROCERY,POS,PAYMENTS
TXN000003538,ACC0004620,2026-03-07 15:31:18,CASH_DEPOSIT,CREDIT,1364.48,ECOMMERCE,ATM,PAYMENTS
TXN000003539,ACC0001435,2026-05-10 03:50:48,IMPS,DEBIT,8609.33,TRAVEL,BRANCH,PAYMENTS
TXN000003540,ACC0003709,2026-06-20 01:27:13,CASH_DEPOSIT,CREDIT,3398.86,ECOMMERCE,ATM,PAYMENTS
TXN000003541,ACC0004436,2026-09-03 14:06:01,UPI,CREDIT,2787.04,UTILITIES,BRANCH,PAYMENTS
TXN000003542,ACC0002609,2026-01-03 10:02:54,CASH_DEPOSIT,DEBIT,1236.22,TRANSFER,BRANCH,PAYMENTS
TXN000003543,ACC0004997,2026-04-27 23:32:10,UPI,DEBIT,11475.76,UTILITIES,WEB,PAYMENTS
TXN000003544,ACC0002876,2026-01-18 19:30:23,NEFT,DEBIT,2450.57,TRAVEL,MOBILE,PAYMENTS
TXN000003545,ACC0000366,2026-05-20 11:12:01,ATM_WITHDRAWAL,CREDIT,2531.46,TRAVEL,POS,PAYMENTS
TXN000003546,ACC0002116,2026-03-16 02:20:59,IMPS,DEBIT,783.53,TRANSFER,MOBILE,PAYMENTS
TXN000003547,ACC0003820,2026-02-01 23:03:19,UPI,DEBIT,1049.76,TRANSFER,BRANCH,PAYMENTS
TXN000003548,ACC0002512,2026-05-20 13:42:09,IMPS,DEBIT,6216.06,FUEL,MOBILE,PAYMENTS
TXN000003549,ACC0004436,2026-01-31 10:41:29,UPI,CREDIT,16424.69,ECOMMERCE,WEB,PAYMENTS
TXN000003550,ACC0000686,2026-05-17 04:15:11,UPI,CREDIT,10158.22,FUEL,WEB,PAYMENTS
TXN000003551,ACC0004071,2026-04-17 06:12:32,CARD_PURCHASE,DEBIT,4300.76,TRANSFER,POS,PAYMENTS
TXN000003552,ACC0004504,2026-05-25 04:54:45,CARD_PURCHASE,CREDIT,12716.47,GROCERY,BRANCH,PAYMENTS
TXN000003553,ACC0004115,2026-05-24 06:10:33,NEFT,DEBIT,5863.34,TRANSFER,WEB,PAYMENTS
TXN000003554,ACC0000698,2026-09-12 18:00:06,CASH_DEPOSIT,CREDIT,5639.39,GROCERY,MOBILE,PAYMENTS
TXN000003555,ACC0002509,2026-08-29 08:34:09,IMPS,DEBIT,5847.11,ECOMMERCE,MOBILE,PAYMENTS
TXN000003556,ACC0004404,2026-01-04 19:57:33,ATM_WITHDRAWAL,DEBIT,3291.49,ECOMMERCE,WEB,PAYMENTS
TXN000003557,ACC0003062,2026-08-13 15:31:25,NEFT,DEBIT,6011.23,TRANSFER,BRANCH,PAYMENTS
TXN000003558,ACC0002384,2026-09-01 10:35:02,UPI,CREDIT,11574.87,TRAVEL,BRANCH,PAYMENTS
TXN000003559,ACC0001402,2026-07-24 05:41:39,CASH_DEPOSIT,CREDIT,1113.81,ECOMMERCE,ATM,PAYMENTS
TXN000003560,ACC0001776,2026-06-11 15:30:54,NEFT,DEBIT,2347.85,TRAVEL,ATM,PAYMENTS
TXN000003561,ACC0001319,2026-03-03 15:59:33,IMPS,DEBIT,15009.73,ECOMMERCE,ATM,PAYMENTS
TXN000003562,ACC0000453,2026-09-10 13:18:11,CASH_DEPOSIT,CREDIT,644.69,TRAVEL,ATM,PAYMENTS
TXN000003563,ACC0003708,2026-09-10 05:05:27,CASH_DEPOSIT,DEBIT,4918.92,UTILITIES,WEB,PAYMENTS
TXN000003564,ACC0000816,2026-09-23 11:51:21,ATM_WITHDRAWAL,CREDIT,1156.99,TRANSFER,ATM,PAYMENTS
TXN000003565,ACC0002637,2026-01-31 14:06:31,IMPS,CREDIT,33568.32,ECOMMERCE,POS,PAYMENTS
TXN000003566,ACC0004567,2026-03-29 22:54:10,UPI,CREDIT,3937.66,CASH,WEB,PAYMENTS
TXN000003567,ACC0004439,2026-08-06 10:54:00,CASH_DEPOSIT,CREDIT,1723.17,GROCERY,ATM,PAYMENTS
TXN000003568,ACC0002219,2026-04-30 13:41:20,IMPS,CREDIT,2876.03,GROCERY,BRANCH,PAYMENTS
TXN000003569,ACC0000758,2026-01-13 20:18:38,NEFT,DEBIT,7689.09,CASH,MOBILE,PAYMENTS
TXN000003570,ACC0001716,2026-06-28 01:44:13,NEFT,DEBIT,7740.02,GROCERY,POS,PAYMENTS
TXN000003571,ACC0003910,2026-08-01 06:36:27,IMPS,CREDIT,505.13,FUEL,POS,PAYMENTS
TXN000003572,ACC0000703,2026-02-22 07:17:53,NEFT,DEBIT,1208.24,TRAVEL,WEB,PAYMENTS
TXN000003573,ACC0003786,2026-09-19 08:07:49,UPI,CREDIT,3947.81,TRAVEL,WEB,PAYMENTS
TXN000003574,ACC0003648,2026-09-03 14:44:39,IMPS,DEBIT,2839.35,UTILITIES,MOBILE,PAYMENTS
TXN000003575,ACC0001823,2026-01-11 09:05:35,UPI,DEBIT,1582.14,CASH,ATM,PAYMENTS
TXN000003576,ACC0004890,2026-05-31 05:11:49,UPI,CREDIT,5824.54,ECOMMERCE,POS,PAYMENTS
TXN000003577,ACC0001201,2026-07-27 10:40:32,CASH_DEPOSIT,DEBIT,28017.85,TRAVEL,ATM,PAYMENTS
TXN000003578,ACC0003416,2026-03-11 17:20:08,NEFT,CREDIT,9732.04,GROCERY,ATM,PAYMENTS
TXN000003579,ACC0002989,2026-03-03 09:47:38,ATM_WITHDRAWAL,CREDIT,29134.68,GROCERY,ATM,PAYMENTS
TXN000003580,ACC0000701,2026-06-24 06:42:30,NEFT,CREDIT,2640.86,ECOMMERCE,ATM,PAYMENTS
TXN000003581,ACC0001732,2026-04-20 18:43:20,CARD_PURCHASE,CREDIT,11155.11,TRANSFER,POS,PAYMENTS
TXN000003582,ACC0004511,2026-02-21 22:36:36,NEFT,DEBIT,4056.07,FUEL,ATM,PAYMENTS
TXN000003583,ACC0004186,2026-02-10 17:16:27,NEFT,DEBIT,4109.35,FUEL,MOBILE,PAYMENTS
TXN000003584,ACC0001521,2026-02-06 20:51:13,NEFT,DEBIT,2031.02,TRANSFER,WEB,PAYMENTS
TXN000003585,ACC0003657,2026-06-25 21:39:04,UPI,CREDIT,1278.82,TRANSFER,BRANCH,PAYMENTS
TXN000003586,ACC0003338,2026-05-15 16:24:29,NEFT,DEBIT,1226.47,UTILITIES,MOBILE,PAYMENTS
TXN000003587,ACC0001913,2026-03-25 03:32:43,NEFT,DEBIT,14112.56,TRAVEL,MOBILE,PAYMENTS
TXN000003588,ACC0002086,2026-03-20 10:39:33,CASH_DEPOSIT,CREDIT,742.25,GROCERY,MOBILE,PAYMENTS
TXN000003589,ACC0004299,2026-02-28 12:05:59,UPI,CREDIT,3634.56,ECOMMERCE,MOBILE,PAYMENTS
TXN000003590,ACC0000257,2026-03-26 23:12:03,NEFT,DEBIT,4292.88,TRAVEL,WEB,PAYMENTS
TXN000003591,ACC0000276,2026-09-03 04:56:35,UPI,DEBIT,97352.54,ECOMMERCE,WEB,PAYMENTS
TXN000003592,ACC0003335,2026-08-18 18:10:11,CASH_DEPOSIT,CREDIT,664.17,FUEL,WEB,PAYMENTS
TXN000003593,ACC0002608,2026-02-12 20:36:01,CARD_PURCHASE,CREDIT,7686.4,UTILITIES,BRANCH,PAYMENTS
TXN000003594,ACC0001664,2026-01-25 16:14:03,NEFT,DEBIT,1560.79,TRAVEL,MOBILE,PAYMENTS
TXN000003595,ACC0004801,2026-05-30 17:46:52,CASH_DEPOSIT,DEBIT,473.8,TRAVEL,WEB,PAYMENTS
TXN000003596,ACC0004028,2026-01-11 22:34:49,UPI,CREDIT,1370.05,FUEL,MOBILE,PAYMENTS
TXN000003597,ACC0002889,2026-02-03 23:55:36,ATM_WITHDRAWAL,DEBIT,3812.42,GROCERY,MOBILE,PAYMENTS
TXN000003598,ACC0004642,2026-07-14 03:18:31,IMPS,CREDIT,4243.6,GROCERY,ATM,PAYMENTS
TXN000003599,ACC0004114,2026-07-12 12:37:26,CARD_PURCHASE,CREDIT,872.87,CASH,BRANCH,PAYMENTS
TXN000003600,ACC0004562,2026-01-02 10:07:23,UPI,CREDIT,1149.99,TRANSFER,WEB,PAYMENTS
TXN000003601,ACC0001045,2026-01-11 14:31:49,ATM_WITHDRAWAL,CREDIT,7087.84,UTILITIES,BRANCH,PAYMENTS
TXN000003602,ACC0001911,2026-02-08 23:22:29,UPI,DEBIT,10581.79,GROCERY,BRANCH,PAYMENTS
TXN000003603,ACC0001838,2026-01-09 05:54:51,CASH_DEPOSIT,CREDIT,4920.29,TRAVEL,POS,PAYMENTS
TXN000003604,ACC0003983,2026-06-23 05:50:59,IMPS,DEBIT,12474.03,UTILITIES,POS,PAYMENTS
TXN000003605,ACC0004694,2026-04-04 17:33:08,UPI,CREDIT,5381.59,CASH,MOBILE,PAYMENTS
TXN000003606,ACC0003511,2026-04-12 15:14:10,UPI,DEBIT,2513.43,UTILITIES,ATM,PAYMENTS
TXN000003607,ACC0004365,2026-03-03 11:27:29,UPI,CREDIT,3857.91,TRAVEL,ATM,PAYMENTS
TXN000003608,ACC0003191,2026-05-19 23:30:20,ATM_WITHDRAWAL,CREDIT,4431.3,GROCERY,MOBILE,PAYMENTS
TXN000003609,ACC0004461,2026-07-05 18:04:07,CASH_DEPOSIT,DEBIT,6886.77,TRANSFER,BRANCH,PAYMENTS
TXN000003610,ACC0001264,2026-09-21 15:49:11,CASH_DEPOSIT,DEBIT,3241.38,TRANSFER,ATM,PAYMENTS
TXN000003611,ACC0004663,2026-09-02 07:38:59,NEFT,DEBIT,2981.76,GROCERY,POS,PAYMENTS
TXN000003612,ACC0000205,2026-02-16 18:42:23,NEFT,DEBIT,6271.22,FUEL,BRANCH,PAYMENTS
TXN000003613,ACC0002089,2026-07-18 22:41:42,CASH_DEPOSIT,DEBIT,9212.54,TRAVEL,MOBILE,PAYMENTS
TXN000003614,ACC0002423,2026-09-12 14:56:40,NEFT,CREDIT,921.45,ECOMMERCE,BRANCH,PAYMENTS
TXN000003615,ACC0004866,2026-01-31 22:54:17,NEFT,DEBIT,1900.68,FUEL,MOBILE,PAYMENTS
TXN000003616,ACC0002581,2026-07-19 18:33:32,NEFT,CREDIT,2648.65,ECOMMERCE,ATM,PAYMENTS
TXN000003617,ACC0000383,2026-01-26 09:18:35,ATM_WITHDRAWAL,DEBIT,9749.68,CASH,POS,PAYMENTS
TXN000003618,ACC0004624,2026-01-19 19:42:43,CARD_PURCHASE,DEBIT,1087.19,GROCERY,BRANCH,PAYMENTS
TXN000003619,ACC0001388,2026-07-10 21:53:14,NEFT,CREDIT,510.46,UTILITIES,MOBILE,PAYMENTS
TXN000003620,ACC0001420,2026-05-24 08:20:12,CASH_DEPOSIT,DEBIT,5686.24,FUEL,ATM,PAYMENTS
TXN000003621,ACC0000944,2026-08-09 19:46:56,CARD_PURCHASE,DEBIT,4137.41,TRAVEL,ATM,PAYMENTS
TXN000003622,ACC0004850,2026-07-29 12:28:49,CARD_PURCHASE,CREDIT,2599.85,TRAVEL,POS,PAYMENTS
TXN000003623,ACC0002805,2026-04-23 06:53:37,NEFT,DEBIT,3693.43,TRANSFER,ATM,PAYMENTS
TXN000003624,ACC0001377,2026-05-27 22:46:42,NEFT,CREDIT,14296.42,UTILITIES,POS,PAYMENTS
TXN000003625,ACC0004175,2026-09-18 18:21:52,NEFT,CREDIT,13102.78,FUEL,ATM,PAYMENTS
TXN000003626,ACC0001275,2026-04-02 12:40:49,CARD_PURCHASE,DEBIT,10346.73,CASH,BRANCH,PAYMENTS
TXN000003627,ACC0000535,2026-04-17 19:24:49,CARD_PURCHASE,DEBIT,6729.73,GROCERY,ATM,PAYMENTS
TXN000003628,ACC0004508,2026-08-23 12:17:22,UPI,DEBIT,1718.2,GROCERY,ATM,PAYMENTS
TXN000003629,ACC0002815,2026-03-15 09:20:46,CASH_DEPOSIT,CREDIT,10909.15,GROCERY,ATM,PAYMENTS
TXN000003630,ACC0002126,2026-03-01 10:20:01,NEFT,CREDIT,3551.55,TRANSFER,MOBILE,PAYMENTS
TXN000003631,ACC0004857,2026-09-19 02:38:18,IMPS,CREDIT,1815.34,UTILITIES,BRANCH,PAYMENTS
TXN000003632,ACC0003289,2026-03-26 22:11:23,NEFT,DEBIT,23426.08,TRAVEL,POS,PAYMENTS
TXN000003633,ACC0002520,2026-07-07 00:43:34,CASH_DEPOSIT,CREDIT,3159.58,TRAVEL,WEB,PAYMENTS
TXN000003634,ACC0002018,2026-07-24 05:33:14,CARD_PURCHASE,CREDIT,952.66,UTILITIES,MOBILE,PAYMENTS
TXN000003635,ACC0001036,2026-03-01 19:04:40,ATM_WITHDRAWAL,DEBIT,387.46,CASH,POS,PAYMENTS
TXN000003636,ACC0000120,2026-02-01 17:13:50,CASH_DEPOSIT,CREDIT,7484.96,ECOMMERCE,POS,PAYMENTS
TXN000003637,ACC0003630,2026-08-31 12:41:51,NEFT,CREDIT,19735.83,TRANSFER,ATM,PAYMENTS
TXN000003638,ACC0003333,2026-02-08 18:45:38,IMPS,CREDIT,4030.79,GROCERY,POS,PAYMENTS
TXN000003639,ACC0002350,2026-02-06 01:52:21,CARD_PURCHASE,DEBIT,1159.25,CASH,BRANCH,PAYMENTS
TXN000003640,ACC0004179,2026-04-06 22:00:23,CARD_PURCHASE,DEBIT,1895.04,FUEL,WEB,PAYMENTS
TXN000003641,ACC0002565,2026-06-24 21:58:27,UPI,DEBIT,2571.15,TRANSFER,POS,PAYMENTS
TXN000003642,ACC0000768,2026-08-07 15:44:38,NEFT,CREDIT,7246.99,TRAVEL,BRANCH,PAYMENTS
TXN000003643,ACC0002850,2026-08-24 02:14:47,ATM_WITHDRAWAL,DEBIT,1309.65,TRAVEL,POS,PAYMENTS
TXN000003644,ACC0000410,2026-05-16 15:47:03,NEFT,CREDIT,779.18,TRANSFER,MOBILE,PAYMENTS
TXN000003645,ACC0000263,2026-08-01 00:23:34,NEFT,DEBIT,3015.2,ECOMMERCE,POS,PAYMENTS
TXN000003646,ACC0001640,2026-05-09 13:45:52,CARD_PURCHASE,CREDIT,6871.41,FUEL,POS,PAYMENTS
TXN000003647,ACC0002283,2026-01-09 20:54:08,UPI,DEBIT,342.31,ECOMMERCE,BRANCH,PAYMENTS
TXN000003648,ACC0001789,2026-02-27 18:49:00,ATM_WITHDRAWAL,CREDIT,17021.05,TRAVEL,POS,PAYMENTS
TXN000003649,ACC0003055,2026-07-14 07:05:21,CARD_PURCHASE,DEBIT,1311.23,CASH,MOBILE,PAYMENTS
TXN000003650,ACC0001701,2026-02-21 23:28:39,ATM_WITHDRAWAL,DEBIT,21464.79,CASH,POS,PAYMENTS
TXN000003651,ACC0003784,2026-05-28 13:45:38,IMPS,CREDIT,5017.04,TRAVEL,MOBILE,PAYMENTS
TXN000003652,ACC0003874,2026-07-17 05:50:09,CARD_PURCHASE,CREDIT,386.37,TRANSFER,POS,PAYMENTS
TXN000003653,ACC0003747,2026-04-19 05:58:06,IMPS,CREDIT,4294.44,TRAVEL,ATM,PAYMENTS
TXN000003654,ACC0000388,2026-07-25 18:23:09,ATM_WITHDRAWAL,CREDIT,2761.67,ECOMMERCE,POS,PAYMENTS
TXN000003655,ACC0000271,2026-07-11 15:31:02,ATM_WITHDRAWAL,CREDIT,2558.88,TRAVEL,ATM,PAYMENTS
TXN000003656,ACC0000295,2026-03-21 06:33:29,ATM_WITHDRAWAL,DEBIT,3842.6,GROCERY,WEB,PAYMENTS
TXN000003657,ACC0004054,2026-08-17 17:32:14,NEFT,DEBIT,4304.63,ECOMMERCE,BRANCH,PAYMENTS
TXN000003658,ACC0001893,2026-02-25 22:13:45,UPI,DEBIT,2919.95,CASH,POS,PAYMENTS
TXN000003659,ACC0003189,2026-05-09 04:54:17,NEFT,CREDIT,24981.73,CASH,MOBILE,PAYMENTS
TXN000003660,ACC0004412,2026-07-28 18:38:53,ATM_WITHDRAWAL,CREDIT,2911.55,TRAVEL,MOBILE,PAYMENTS
TXN000003661,ACC0004317,2026-09-09 09:22:37,CASH_DEPOSIT,CREDIT,24000.49,TRAVEL,BRANCH,PAYMENTS
TXN000003662,ACC0002217,2026-04-20 11:34:10,NEFT,DEBIT,10544.37,CASH,POS,PAYMENTS
TXN000003663,ACC0001847,2026-04-14 07:04:27,CASH_DEPOSIT,CREDIT,6171.87,ECOMMERCE,ATM,PAYMENTS
TXN000003664,ACC0004523,2026-06-14 09:26:50,UPI,CREDIT,3109.8,CASH,ATM,PAYMENTS
TXN000003665,ACC0002068,2026-04-22 04:02:48,NEFT,CREDIT,957.51,CASH,WEB,PAYMENTS
TXN000003666,ACC0002378,2026-03-17 04:41:29,NEFT,CREDIT,11509.79,GROCERY,ATM,PAYMENTS
TXN000003667,ACC0000881,2026-01-29 16:46:22,NEFT,CREDIT,10833.72,FUEL,BRANCH,PAYMENTS
TXN000003668,ACC0001542,2026-04-20 14:53:47,CASH_DEPOSIT,CREDIT,8075.2,FUEL,ATM,PAYMENTS
TXN000003669,ACC0002201,2026-05-16 02:06:44,CASH_DEPOSIT,DEBIT,480.44,FUEL,BRANCH,PAYMENTS
TXN000003670,ACC0002950,2026-05-04 01:16:13,NEFT,CREDIT,4859.09,ECOMMERCE,ATM,PAYMENTS
TXN000003671,ACC0004061,2026-04-20 10:55:27,CARD_PURCHASE,CREDIT,35874.05,CASH,ATM,PAYMENTS
TXN000003672,ACC0000855,2026-03-26 01:06:32,NEFT,CREDIT,6342.42,CASH,ATM,PAYMENTS
TXN000003673,ACC0000022,2026-03-18 14:58:31,NEFT,CREDIT,805.1,CASH,ATM,PAYMENTS
TXN000003674,ACC0004261,2026-08-27 11:21:45,NEFT,CREDIT,5299.45,TRANSFER,MOBILE,PAYMENTS
TXN000003675,ACC0001826,2026-07-21 17:58:03,CARD_PURCHASE,DEBIT,3410.19,TRANSFER,ATM,PAYMENTS
TXN000003676,ACC0004696,2026-04-10 10:24:18,ATM_WITHDRAWAL,CREDIT,16872.41,TRANSFER,ATM,PAYMENTS
TXN000003677,ACC0001747,2026-09-23 18:58:21,UPI,DEBIT,617.49,TRANSFER,BRANCH,PAYMENTS
TXN000003678,ACC0002513,2026-04-11 05:40:34,CASH_DEPOSIT,CREDIT,5108.42,GROCERY,WEB,PAYMENTS
TXN000003679,ACC0000351,2026-06-18 06:59:04,NEFT,CREDIT,2132.87,CASH,ATM,PAYMENTS
TXN000003680,ACC0001693,2026-06-25 06:58:21,UPI,DEBIT,3929.53,UTILITIES,BRANCH,PAYMENTS
TXN000003681,ACC0004311,2026-06-17 09:39:28,CASH_DEPOSIT,CREDIT,3341.54,TRAVEL,POS,PAYMENTS
TXN000003682,ACC0001085,2026-04-26 21:31:26,CARD_PURCHASE,CREDIT,2599.1,UTILITIES,MOBILE,PAYMENTS
TXN000003683,ACC0001953,2026-08-04 13:03:41,CASH_DEPOSIT,DEBIT,391.36,FUEL,BRANCH,PAYMENTS
TXN000003684,ACC0004914,2026-02-28 13:58:19,ATM_WITHDRAWAL,CREDIT,1463.76,TRAVEL,MOBILE,PAYMENTS
TXN000003685,ACC0004102,2026-04-11 15:54:42,UPI,DEBIT,72760.05,TRANSFER,MOBILE,PAYMENTS
TXN000003686,ACC0004904,2026-06-02 09:04:22,CARD_PURCHASE,CREDIT,79668.74,FUEL,BRANCH,PAYMENTS
TXN000003687,ACC0004716,2026-06-07 08:44:48,ATM_WITHDRAWAL,DEBIT,25175.62,GROCERY,MOBILE,PAYMENTS
TXN000003688,ACC0001566,2026-05-25 06:17:25,ATM_WITHDRAWAL,CREDIT,2377.09,ECOMMERCE,MOBILE,PAYMENTS
TXN000003689,ACC0002871,2026-03-17 08:20:33,NEFT,CREDIT,31029.99,TRANSFER,WEB,PAYMENTS
TXN000003690,ACC0001754,2026-08-12 19:59:43,CASH_DEPOSIT,CREDIT,1052.38,ECOMMERCE,ATM,PAYMENTS
TXN000003691,ACC0004946,2026-07-06 02:46:22,IMPS,DEBIT,14098.74,CASH,POS,PAYMENTS
TXN000003692,ACC0002042,2026-08-30 09:00:31,ATM_WITHDRAWAL,DEBIT,11449.64,TRAVEL,WEB,PAYMENTS
TXN000003693,ACC0003717,2026-09-06 02:16:19,CASH_DEPOSIT,CREDIT,18587.6,TRAVEL,ATM,PAYMENTS
TXN000003694,ACC0003527,2026-07-28 12:17:31,UPI,CREDIT,3729.87,TRAVEL,WEB,PAYMENTS
TXN000003695,ACC0002291,2026-07-13 10:40:43,IMPS,CREDIT,17106.06,UTILITIES,ATM,PAYMENTS
TXN000003696,ACC0001379,2026-06-05 08:17:45,UPI,DEBIT,27857.78,ECOMMERCE,WEB,PAYMENTS
TXN000003697,ACC0001266,2026-05-22 06:34:08,IMPS,DEBIT,14150.52,TRANSFER,ATM,PAYMENTS
TXN000003698,ACC0000229,2026-02-22 21:41:57,UPI,CREDIT,4789.68,CASH,ATM,PAYMENTS
TXN000003699,ACC0004059,2026-04-11 18:41:55,ATM_WITHDRAWAL,DEBIT,1060.02,GROCERY,MOBILE,PAYMENTS
TXN000003700,ACC0000046,2026-07-12 21:46:40,IMPS,DEBIT,2093.74,ECOMMERCE,ATM,PAYMENTS
TXN000003701,ACC0003518,2026-09-14 22:45:21,UPI,CREDIT,571.96,TRAVEL,BRANCH,PAYMENTS
TXN000003702,ACC0000987,2026-09-22 13:49:07,ATM_WITHDRAWAL,CREDIT,2879.69,UTILITIES,MOBILE,PAYMENTS
TXN000003703,ACC0000469,2026-07-22 05:12:14,UPI,CREDIT,1569.86,TRAVEL,MOBILE,PAYMENTS
TXN000003704,ACC0001271,2026-02-06 05:50:09,ATM_WITHDRAWAL,DEBIT,1229.84,TRAVEL,MOBILE,PAYMENTS
TXN000003705,ACC0004320,2026-05-20 12:15:52,CASH_DEPOSIT,DEBIT,2363.93,ECOMMERCE,WEB,PAYMENTS
TXN000003706,ACC0003013,2026-02-02 02:50:41,ATM_WITHDRAWAL,DEBIT,6554.08,TRANSFER,POS,PAYMENTS
TXN000003707,ACC0002434,2026-08-24 03:39:22,UPI,CREDIT,31474.91,FUEL,POS,PAYMENTS
TXN000003708,ACC0004297,2026-08-09 12:28:19,CASH_DEPOSIT,DEBIT,3631.74,TRAVEL,POS,PAYMENTS
TXN000003709,ACC0003724,2026-07-10 21:01:03,ATM_WITHDRAWAL,CREDIT,4341.73,TRAVEL,ATM,PAYMENTS
TXN000003710,ACC0002028,2026-02-25 08:38:59,ATM_WITHDRAWAL,CREDIT,3874.54,FUEL,MOBILE,PAYMENTS
TXN000003711,ACC0000926,2026-02-20 19:11:31,CARD_PURCHASE,CREDIT,2684.99,TRAVEL,BRANCH,PAYMENTS
TXN000003712,ACC0001133,2026-03-18 23:11:02,NEFT,DEBIT,1913.29,TRANSFER,POS,PAYMENTS
TXN000003713,ACC0002643,2026-03-05 00:32:59,UPI,DEBIT,4755.51,GROCERY,MOBILE,PAYMENTS
TXN000003714,ACC0002342,2026-08-22 14:24:40,UPI,CREDIT,6598.96,UTILITIES,BRANCH,PAYMENTS
TXN000003715,ACC0004663,2026-03-27 10:45:59,NEFT,CREDIT,714.94,TRANSFER,BRANCH,PAYMENTS
TXN000003716,ACC0002554,2026-03-29 15:45:28,CARD_PURCHASE,CREDIT,18314.5,ECOMMERCE,BRANCH,PAYMENTS
TXN000003717,ACC0003714,2026-09-16 17:23:58,CARD_PURCHASE,CREDIT,28055.24,FUEL,MOBILE,PAYMENTS
TXN000003718,ACC0004681,2026-02-27 19:31:27,IMPS,DEBIT,3902.39,TRAVEL,BRANCH,PAYMENTS
TXN000003719,ACC0000239,2026-04-05 05:46:26,ATM_WITHDRAWAL,DEBIT,1541.92,TRANSFER,MOBILE,PAYMENTS
TXN000003720,ACC0001141,2026-07-26 21:21:59,CASH_DEPOSIT,DEBIT,12016.84,TRANSFER,ATM,PAYMENTS
TXN000003721,ACC0002309,2026-05-06 11:47:54,CARD_PURCHASE,DEBIT,1557.87,ECOMMERCE,BRANCH,PAYMENTS
TXN000003722,ACC0002534,2026-06-06 12:41:37,CASH_DEPOSIT,DEBIT,10862.94,CASH,MOBILE,PAYMENTS
TXN000003723,ACC0004202,2026-02-17 19:01:30,UPI,DEBIT,4654.26,TRAVEL,BRANCH,PAYMENTS
TXN000003724,ACC0000816,2026-07-06 00:32:53,ATM_WITHDRAWAL,DEBIT,1824.86,ECOMMERCE,MOBILE,PAYMENTS
TXN000003725,ACC0004532,2026-03-21 00:49:02,NEFT,DEBIT,1492.26,CASH,WEB,PAYMENTS
TXN000003726,ACC0000609,2026-06-14 05:48:20,CASH_DEPOSIT,DEBIT,56436.42,TRAVEL,BRANCH,PAYMENTS
TXN000003727,ACC0002960,2026-01-19 17:43:58,CARD_PURCHASE,CREDIT,1537.52,CASH,ATM,PAYMENTS
TXN000003728,ACC0003449,2026-01-24 06:37:42,CASH_DEPOSIT,CREDIT,9389.66,GROCERY,BRANCH,PAYMENTS
TXN000003729,ACC0000511,2026-01-16 09:55:55,NEFT,DEBIT,12310.44,TRANSFER,POS,PAYMENTS
TXN000003730,ACC0001249,2026-07-02 12:22:12,CARD_PURCHASE,DEBIT,7196.17,GROCERY,ATM,PAYMENTS
TXN000003731,ACC0004231,2026-01-17 23:52:28,IMPS,DEBIT,7400.92,CASH,ATM,PAYMENTS
TXN000003732,ACC0002891,2026-03-04 22:53:30,NEFT,DEBIT,20679.93,UTILITIES,POS,PAYMENTS
TXN000003733,ACC0003537,2026-03-19 18:49:37,CASH_DEPOSIT,CREDIT,7829.4,CASH,WEB,PAYMENTS
TXN000003734,ACC0004496,2026-04-18 13:12:58,UPI,DEBIT,2099.55,CASH,ATM,PAYMENTS
TXN000003735,ACC0001515,2026-01-01 08:48:17,ATM_WITHDRAWAL,CREDIT,3691.91,TRAVEL,ATM,PAYMENTS
TXN000003736,ACC0000359,2026-03-28 08:05:51,ATM_WITHDRAWAL,CREDIT,1600.22,CASH,ATM,PAYMENTS
TXN000003737,ACC0000191,2026-04-18 14:19:57,CASH_DEPOSIT,CREDIT,37803.55,FUEL,WEB,PAYMENTS
TXN000003738,ACC0000820,2026-03-05 10:37:21,CASH_DEPOSIT,CREDIT,1067.17,TRAVEL,BRANCH,PAYMENTS
TXN000003739,ACC0003157,2026-07-21 06:14:22,IMPS,DEBIT,2436.99,ECOMMERCE,MOBILE,PAYMENTS
TXN000003740,ACC0003298,2026-04-10 14:47:42,CASH_DEPOSIT,DEBIT,2040.76,FUEL,MOBILE,PAYMENTS
TXN000003741,ACC0003354,2026-08-26 12:25:09,CASH_DEPOSIT,CREDIT,19721.99,CASH,POS,PAYMENTS
TXN000003742,ACC0000876,2026-06-08 02:17:34,IMPS,CREDIT,26643.37,TRANSFER,BRANCH,PAYMENTS
TXN000003743,ACC0000971,2026-01-28 04:33:50,IMPS,DEBIT,7285.64,FUEL,WEB,PAYMENTS
TXN000003744,ACC0000298,2026-06-01 13:45:09,NEFT,DEBIT,5985.58,UTILITIES,POS,PAYMENTS
TXN000003745,ACC0002463,2026-02-13 16:11:45,UPI,DEBIT,1095.0,UTILITIES,POS,PAYMENTS
TXN000003746,ACC0002507,2026-08-05 23:08:23,UPI,DEBIT,17010.67,TRAVEL,POS,PAYMENTS
TXN000003747,ACC0001244,2026-01-17 05:24:53,UPI,CREDIT,5186.22,ECOMMERCE,WEB,PAYMENTS
TXN000003748,ACC0000428,2026-06-26 05:08:31,IMPS,CREDIT,10485.87,ECOMMERCE,BRANCH,PAYMENTS
TXN000003749,ACC0000650,2026-07-16 11:38:36,IMPS,CREDIT,7107.16,FUEL,POS,PAYMENTS
TXN000003750,ACC0001653,2026-07-04 18:10:52,IMPS,CREDIT,8480.23,GROCERY,POS,PAYMENTS
TXN000003751,ACC0003102,2026-01-14 23:31:10,CASH_DEPOSIT,DEBIT,10412.0,CASH,BRANCH,PAYMENTS
TXN000003752,ACC0004949,2026-07-12 16:54:57,ATM_WITHDRAWAL,CREDIT,1642.07,UTILITIES,BRANCH,PAYMENTS
TXN000003753,ACC0002446,2026-07-10 14:08:56,UPI,DEBIT,376.24,ECOMMERCE,MOBILE,PAYMENTS
TXN000003754,ACC0000462,2026-02-06 22:59:45,CASH_DEPOSIT,DEBIT,2511.46,FUEL,ATM,PAYMENTS
TXN000003755,ACC0003068,2026-06-08 22:01:17,CARD_PURCHASE,CREDIT,1034.35,TRANSFER,POS,PAYMENTS
TXN000003756,ACC0001613,2026-05-27 13:21:42,CARD_PURCHASE,CREDIT,5377.52,ECOMMERCE,ATM,PAYMENTS
TXN000003757,ACC0001198,2026-06-15 12:06:19,NEFT,CREDIT,1946.77,UTILITIES,POS,PAYMENTS
TXN000003758,ACC0004103,2026-09-17 09:10:09,CARD_PURCHASE,CREDIT,1190.4,GROCERY,MOBILE,PAYMENTS
TXN000003759,ACC0004248,2026-02-26 21:22:20,IMPS,DEBIT,7597.76,ECOMMERCE,WEB,PAYMENTS
TXN000003760,ACC0000030,2026-06-20 03:27:03,ATM_WITHDRAWAL,DEBIT,9252.79,TRAVEL,MOBILE,PAYMENTS
TXN000003761,ACC0004938,2026-01-13 18:12:55,NEFT,CREDIT,3123.76,UTILITIES,WEB,PAYMENTS
TXN000003762,ACC0000968,2026-09-09 00:10:04,NEFT,DEBIT,4290.34,TRANSFER,POS,PAYMENTS
TXN000003763,ACC0001460,2026-06-28 03:21:03,NEFT,DEBIT,11586.98,UTILITIES,BRANCH,PAYMENTS
TXN000003764,ACC0001927,2026-06-22 08:48:38,UPI,CREDIT,1981.17,TRAVEL,POS,PAYMENTS
TXN000003765,ACC0000056,2026-02-11 09:17:20,NEFT,DEBIT,2911.82,TRAVEL,WEB,PAYMENTS
TXN000003766,ACC0004965,2026-09-14 04:26:56,NEFT,CREDIT,986.96,CASH,WEB,PAYMENTS
TXN000003767,ACC0002364,2026-04-09 19:57:00,CASH_DEPOSIT,CREDIT,14934.18,FUEL,ATM,PAYMENTS
TXN000003768,ACC0002578,2026-07-17 06:21:38,CASH_DEPOSIT,CREDIT,344.47,FUEL,MOBILE,PAYMENTS
TXN000003769,ACC0004148,2026-09-24 00:49:57,CASH_DEPOSIT,CREDIT,1948.94,TRANSFER,MOBILE,PAYMENTS
TXN000003770,ACC0004119,2026-07-05 22:58:51,NEFT,DEBIT,22656.97,TRANSFER,ATM,PAYMENTS
TXN000003771,ACC0001682,2026-01-26 23:13:37,CASH_DEPOSIT,CREDIT,24337.64,ECOMMERCE,ATM,PAYMENTS
TXN000003772,ACC0003021,2026-06-04 15:21:01,CARD_PURCHASE,CREDIT,8780.86,GROCERY,POS,PAYMENTS
TXN000003773,ACC0003549,2026-01-25 00:52:14,UPI,DEBIT,3805.77,CASH,ATM,PAYMENTS
TXN000003774,ACC0002108,2026-02-11 13:30:45,CARD_PURCHASE,CREDIT,6402.8,TRANSFER,WEB,PAYMENTS
TXN000003775,ACC0001552,2026-05-28 13:47:56,NEFT,CREDIT,2698.1,TRANSFER,ATM,PAYMENTS
TXN000003776,ACC0000370,2026-02-14 08:47:00,NEFT,CREDIT,692.95,GROCERY,MOBILE,PAYMENTS
TXN000003777,ACC0003483,2026-05-29 07:56:23,UPI,CREDIT,14471.88,ECOMMERCE,BRANCH,PAYMENTS
TXN000003778,ACC0001008,2026-07-28 01:04:11,ATM_WITHDRAWAL,DEBIT,5375.09,GROCERY,BRANCH,PAYMENTS
TXN000003779,ACC0001688,2026-04-06 12:03:20,IMPS,DEBIT,620.65,FUEL,MOBILE,PAYMENTS
TXN000003780,ACC0002595,2026-03-08 06:49:11,CASH_DEPOSIT,DEBIT,4000.89,ECOMMERCE,MOBILE,PAYMENTS
TXN000003781,ACC0002186,2026-06-08 19:10:57,NEFT,DEBIT,2753.53,ECOMMERCE,POS,PAYMENTS
TXN000003782,ACC0001811,2026-03-08 21:27:31,CASH_DEPOSIT,DEBIT,3605.95,GROCERY,BRANCH,PAYMENTS
TXN000003783,ACC0004703,2026-01-17 20:05:45,IMPS,DEBIT,614.99,TRAVEL,MOBILE,PAYMENTS
TXN000003784,ACC0001933,2026-03-17 08:03:57,NEFT,DEBIT,1455.16,TRAVEL,BRANCH,PAYMENTS
TXN000003785,ACC0003542,2026-09-17 02:21:14,ATM_WITHDRAWAL,DEBIT,8581.12,TRANSFER,MOBILE,PAYMENTS
TXN000003786,ACC0001510,2026-05-04 11:04:26,UPI,DEBIT,5437.94,ECOMMERCE,BRANCH,PAYMENTS
TXN000003787,ACC0002123,2026-07-20 11:29:57,IMPS,DEBIT,6409.79,TRAVEL,ATM,PAYMENTS
TXN000003788,ACC0002524,2026-05-24 17:17:03,NEFT,CREDIT,2241.02,UTILITIES,ATM,PAYMENTS
TXN000003789,ACC0004299,2026-05-16 22:15:35,CASH_DEPOSIT,CREDIT,1539.71,FUEL,ATM,PAYMENTS
TXN000003790,ACC0004833,2026-07-26 08:47:19,ATM_WITHDRAWAL,CREDIT,2519.01,FUEL,WEB,PAYMENTS
TXN000003791,ACC0002552,2026-06-03 11:40:02,IMPS,DEBIT,8352.05,CASH,WEB,PAYMENTS
TXN000003792,ACC0000134,2026-08-03 02:06:20,ATM_WITHDRAWAL,CREDIT,1693.99,TRAVEL,WEB,PAYMENTS
TXN000003793,ACC0003263,2026-02-21 23:27:36,IMPS,DEBIT,2229.13,ECOMMERCE,POS,PAYMENTS
TXN000003794,ACC0000591,2026-01-02 01:29:06,CASH_DEPOSIT,CREDIT,7524.15,ECOMMERCE,BRANCH,PAYMENTS
TXN000003795,ACC0002388,2026-06-14 16:21:26,CASH_DEPOSIT,DEBIT,5697.15,UTILITIES,ATM,PAYMENTS
TXN000003796,ACC0000104,2026-02-14 02:07:13,UPI,DEBIT,1918.4,FUEL,MOBILE,PAYMENTS
TXN000003797,ACC0003150,2026-01-03 13:13:06,NEFT,DEBIT,1994.5,ECOMMERCE,MOBILE,PAYMENTS
TXN000003798,ACC0004003,2026-04-14 19:18:16,ATM_WITHDRAWAL,DEBIT,1827.23,ECOMMERCE,MOBILE,PAYMENTS
TXN000003799,ACC0004203,2026-05-18 00:12:22,NEFT,CREDIT,1385.1,CASH,ATM,PAYMENTS
TXN000003800,ACC0003713,2026-02-12 22:17:00,UPI,CREDIT,11885.54,TRAVEL,ATM,PAYMENTS
TXN000003801,ACC0000791,2026-06-17 05:33:57,NEFT,CREDIT,67633.99,GROCERY,ATM,PAYMENTS
TXN000003802,ACC0000223,2026-09-18 08:54:52,NEFT,CREDIT,4171.63,ECOMMERCE,POS,PAYMENTS
TXN000003803,ACC0000064,2026-01-23 15:14:41,IMPS,CREDIT,1366.24,TRANSFER,BRANCH,PAYMENTS
TXN000003804,ACC0003816,2026-03-22 23:30:57,UPI,CREDIT,6379.16,CASH,ATM,PAYMENTS
TXN000003805,ACC0003698,2026-03-01 19:56:09,IMPS,DEBIT,32974.7,TRAVEL,ATM,PAYMENTS
TXN000003806,ACC0001505,2026-08-04 08:18:54,CASH_DEPOSIT,CREDIT,1498.93,UTILITIES,ATM,PAYMENTS
TXN000003807,ACC0003875,2026-06-30 00:41:13,ATM_WITHDRAWAL,CREDIT,1490.98,FUEL,POS,PAYMENTS
TXN000003808,ACC0000944,2026-07-09 18:02:29,IMPS,CREDIT,1377.87,FUEL,ATM,PAYMENTS
TXN000003809,ACC0003686,2026-03-01 00:54:29,CASH_DEPOSIT,CREDIT,10160.68,TRAVEL,WEB,PAYMENTS
TXN000003810,ACC0003796,2026-01-01 12:54:49,CARD_PURCHASE,CREDIT,2017.39,GROCERY,ATM,PAYMENTS
TXN000003811,ACC0001983,2026-01-02 02:43:42,UPI,DEBIT,2463.22,TRAVEL,WEB,PAYMENTS
TXN000003812,ACC0002150,2026-08-12 13:15:39,CARD_PURCHASE,CREDIT,28790.72,CASH,BRANCH,PAYMENTS
TXN000003813,ACC0000624,2026-05-12 00:19:48,ATM_WITHDRAWAL,CREDIT,12528.18,GROCERY,MOBILE,PAYMENTS
TXN000003814,ACC0002295,2026-01-29 16:36:05,IMPS,DEBIT,1292.25,FUEL,MOBILE,PAYMENTS
TXN000003815,ACC0002634,2026-04-08 21:12:03,CARD_PURCHASE,DEBIT,31364.06,UTILITIES,WEB,PAYMENTS
TXN000003816,ACC0003425,2026-01-14 15:18:36,IMPS,CREDIT,3820.02,FUEL,ATM,PAYMENTS
TXN000003817,ACC0002897,2026-06-25 03:07:02,UPI,CREDIT,26677.69,FUEL,MOBILE,PAYMENTS
TXN000003818,ACC0001398,2026-03-24 11:37:59,IMPS,CREDIT,2679.51,TRANSFER,BRANCH,PAYMENTS
TXN000003819,ACC0003733,2026-03-25 14:50:40,IMPS,CREDIT,3414.06,ECOMMERCE,POS,PAYMENTS
TXN000003820,ACC0000498,2026-06-15 02:39:16,ATM_WITHDRAWAL,CREDIT,5032.53,GROCERY,BRANCH,PAYMENTS
TXN000003821,ACC0000158,2026-02-23 12:35:16,UPI,CREDIT,10727.15,UTILITIES,ATM,PAYMENTS
TXN000003822,ACC0002545,2026-04-02 01:44:53,UPI,CREDIT,3814.33,TRAVEL,POS,PAYMENTS
TXN000003823,ACC0002783,2026-07-14 13:02:26,UPI,CREDIT,11833.35,TRANSFER,POS,PAYMENTS
TXN000003824,ACC0004274,2026-09-02 15:55:55,CASH_DEPOSIT,DEBIT,3198.01,TRAVEL,BRANCH,PAYMENTS
TXN000003825,ACC0002102,2026-04-04 11:19:21,CARD_PURCHASE,DEBIT,10940.28,TRANSFER,BRANCH,PAYMENTS
TXN000003826,ACC0003920,2026-07-04 05:38:33,CARD_PURCHASE,CREDIT,4108.36,GROCERY,ATM,PAYMENTS
TXN000003827,ACC0000944,2026-02-10 18:18:30,NEFT,DEBIT,30937.39,TRANSFER,POS,PAYMENTS
TXN000003828,ACC0004816,2026-01-21 13:40:18,IMPS,CREDIT,5167.9,TRAVEL,MOBILE,PAYMENTS
TXN000003829,ACC0000295,2026-03-01 20:41:15,ATM_WITHDRAWAL,DEBIT,1451.96,CASH,BRANCH,PAYMENTS
TXN000003830,ACC0002084,2026-01-06 04:38:34,IMPS,DEBIT,4106.43,ECOMMERCE,ATM,PAYMENTS
TXN000003831,ACC0003194,2026-01-07 12:28:39,UPI,CREDIT,5115.09,GROCERY,ATM,PAYMENTS
TXN000003832,ACC0003826,2026-04-03 06:28:16,CARD_PURCHASE,DEBIT,11672.42,TRAVEL,MOBILE,PAYMENTS
TXN000003833,ACC0004705,2026-03-21 00:32:53,CARD_PURCHASE,DEBIT,3253.96,GROCERY,WEB,PAYMENTS
TXN000003834,ACC0000497,2026-03-18 01:11:28,IMPS,CREDIT,5043.79,ECOMMERCE,WEB,PAYMENTS
TXN000003835,ACC0002239,2026-03-12 22:51:07,ATM_WITHDRAWAL,CREDIT,2690.72,CASH,BRANCH,PAYMENTS
TXN000003836,ACC0002332,2026-06-06 20:28:53,CARD_PURCHASE,DEBIT,3240.06,UTILITIES,POS,PAYMENTS
TXN000003837,ACC0004845,2026-03-29 22:28:03,IMPS,CREDIT,6239.66,TRAVEL,MOBILE,PAYMENTS
TXN000003838,ACC0001333,2026-06-18 05:36:46,NEFT,DEBIT,708.43,TRAVEL,MOBILE,PAYMENTS
TXN000003839,ACC0002272,2026-07-26 01:18:11,UPI,CREDIT,8752.03,ECOMMERCE,ATM,PAYMENTS
TXN000003840,ACC0003248,2026-08-18 05:29:27,CARD_PURCHASE,DEBIT,5091.56,TRAVEL,BRANCH,PAYMENTS
TXN000003841,ACC0002146,2026-04-29 07:54:57,CARD_PURCHASE,DEBIT,7637.1,ECOMMERCE,WEB,PAYMENTS
TXN000003842,ACC0003192,2026-07-09 14:31:33,CASH_DEPOSIT,CREDIT,3607.27,TRANSFER,BRANCH,PAYMENTS
TXN000003843,ACC0001537,2026-03-21 04:35:03,ATM_WITHDRAWAL,CREDIT,16529.64,GROCERY,WEB,PAYMENTS
TXN000003844,ACC0003351,2026-08-10 21:19:07,IMPS,DEBIT,13473.22,GROCERY,POS,PAYMENTS
TXN000003845,ACC0003840,2026-03-20 09:24:29,IMPS,DEBIT,4870.11,ECOMMERCE,POS,PAYMENTS
TXN000003846,ACC0001706,2026-03-23 10:45:18,NEFT,CREDIT,11018.37,CASH,MOBILE,PAYMENTS
TXN000003847,ACC0001601,2026-08-06 03:44:33,IMPS,DEBIT,626.14,UTILITIES,BRANCH,PAYMENTS
TXN000003848,ACC0003330,2026-05-03 07:52:38,CARD_PURCHASE,DEBIT,1162.4,CASH,MOBILE,PAYMENTS
TXN000003849,ACC0004013,2026-01-31 03:01:37,UPI,CREDIT,2645.62,ECOMMERCE,ATM,PAYMENTS
TXN000003850,ACC0002533,2026-01-21 09:42:49,ATM_WITHDRAWAL,CREDIT,59867.61,CASH,ATM,PAYMENTS
TXN000003851,ACC0001275,2026-01-23 13:50:12,IMPS,DEBIT,950.74,TRAVEL,POS,PAYMENTS
TXN000003852,ACC0004618,2026-07-03 13:49:56,ATM_WITHDRAWAL,DEBIT,15961.19,GROCERY,ATM,PAYMENTS
TXN000003853,ACC0003332,2026-08-31 10:48:34,UPI,DEBIT,1295.66,GROCERY,POS,PAYMENTS
TXN000003854,ACC0001631,2026-06-27 21:48:08,IMPS,DEBIT,4546.07,TRAVEL,ATM,PAYMENTS
TXN000003855,ACC0004625,2026-07-16 14:33:15,UPI,CREDIT,2901.43,FUEL,ATM,PAYMENTS
TXN000003856,ACC0003223,2026-01-14 13:13:53,CARD_PURCHASE,CREDIT,3149.26,ECOMMERCE,ATM,PAYMENTS
TXN000003857,ACC0004979,2026-01-28 20:13:39,CARD_PURCHASE,DEBIT,4217.2,CASH,MOBILE,PAYMENTS
TXN000003858,ACC0002948,2026-02-15 02:20:42,ATM_WITHDRAWAL,DEBIT,8008.31,ECOMMERCE,WEB,PAYMENTS
TXN000003859,ACC0004872,2026-01-11 02:51:29,ATM_WITHDRAWAL,CREDIT,72676.22,UTILITIES,POS,PAYMENTS
TXN000003860,ACC0002192,2026-09-22 17:42:30,CASH_DEPOSIT,DEBIT,2177.25,FUEL,ATM,PAYMENTS
TXN000003861,ACC0002197,2026-01-19 10:48:25,NEFT,CREDIT,2123.84,ECOMMERCE,WEB,PAYMENTS
TXN000003862,ACC0002302,2026-08-14 06:57:53,ATM_WITHDRAWAL,CREDIT,11169.13,GROCERY,MOBILE,PAYMENTS
TXN000003863,ACC0002559,2026-05-19 00:53:07,IMPS,DEBIT,1376.03,CASH,POS,PAYMENTS
TXN000003864,ACC0003310,2026-09-13 13:33:12,UPI,DEBIT,3850.34,GROCERY,POS,PAYMENTS
TXN000003865,ACC0003383,2026-04-27 00:17:18,UPI,DEBIT,4950.22,ECOMMERCE,MOBILE,PAYMENTS
TXN000003866,ACC0000845,2026-03-02 21:20:08,CARD_PURCHASE,DEBIT,1387.17,TRANSFER,ATM,PAYMENTS
TXN000003867,ACC0003736,2026-08-25 19:40:57,IMPS,DEBIT,11479.73,TRANSFER,BRANCH,PAYMENTS
TXN000003868,ACC0001911,2026-07-22 08:44:13,ATM_WITHDRAWAL,DEBIT,4849.73,UTILITIES,WEB,PAYMENTS
TXN000003869,ACC0003375,2026-06-24 10:29:43,NEFT,DEBIT,1928.74,FUEL,ATM,PAYMENTS
TXN000003870,ACC0004822,2026-08-19 20:26:53,NEFT,DEBIT,1658.47,ECOMMERCE,MOBILE,PAYMENTS
TXN000003871,ACC0001144,2026-08-26 14:09:18,UPI,DEBIT,2456.19,FUEL,POS,PAYMENTS
TXN000003872,ACC0002090,2026-07-24 02:39:15,IMPS,CREDIT,2650.91,TRANSFER,WEB,PAYMENTS
TXN000003873,ACC0002991,2026-03-24 16:34:59,ATM_WITHDRAWAL,DEBIT,6093.97,TRAVEL,BRANCH,PAYMENTS
TXN000003874,ACC0003959,2026-04-10 00:26:50,NEFT,DEBIT,2203.57,GROCERY,BRANCH,PAYMENTS
TXN000003875,ACC0001389,2026-08-31 17:40:41,NEFT,DEBIT,7142.2,GROCERY,ATM,PAYMENTS
TXN000003876,ACC0004168,2026-09-17 04:01:26,NEFT,CREDIT,7906.81,FUEL,ATM,PAYMENTS
TXN000003877,ACC0003190,2026-03-16 14:36:55,UPI,CREDIT,13395.64,FUEL,POS,PAYMENTS
TXN000003878,ACC0002500,2026-09-17 15:24:22,IMPS,CREDIT,1193.24,GROCERY,BRANCH,PAYMENTS
TXN000003879,ACC0003120,2026-08-13 23:18:44,CARD_PURCHASE,DEBIT,551.88,TRAVEL,ATM,PAYMENTS
TXN000003880,ACC0000778,2026-06-03 15:28:45,UPI,DEBIT,421.18,TRAVEL,MOBILE,PAYMENTS
TXN000003881,ACC0002143,2026-01-04 14:28:35,CASH_DEPOSIT,DEBIT,29807.22,TRAVEL,BRANCH,PAYMENTS
TXN000003882,ACC0004121,2026-03-08 01:31:27,ATM_WITHDRAWAL,DEBIT,7906.63,TRANSFER,POS,PAYMENTS
TXN000003883,ACC0004673,2026-08-17 21:21:06,ATM_WITHDRAWAL,DEBIT,48323.51,FUEL,MOBILE,PAYMENTS
TXN000003884,ACC0003582,2026-06-29 09:52:08,NEFT,CREDIT,740.2,TRANSFER,MOBILE,PAYMENTS
TXN000003885,ACC0004241,2026-03-07 07:57:56,ATM_WITHDRAWAL,CREDIT,2065.53,UTILITIES,WEB,PAYMENTS
TXN000003886,ACC0003560,2026-06-26 09:44:38,UPI,CREDIT,3172.02,CASH,BRANCH,PAYMENTS
TXN000003887,ACC0002174,2026-03-15 02:03:22,ATM_WITHDRAWAL,DEBIT,10282.72,CASH,WEB,PAYMENTS
TXN000003888,ACC0002468,2026-03-30 23:24:17,CARD_PURCHASE,DEBIT,4978.13,UTILITIES,ATM,PAYMENTS
TXN000003889,ACC0003867,2026-03-02 00:54:34,ATM_WITHDRAWAL,DEBIT,1926.74,UTILITIES,MOBILE,PAYMENTS
TXN000003890,ACC0002515,2026-06-12 13:29:50,UPI,CREDIT,4122.9,TRAVEL,POS,PAYMENTS
TXN000003891,ACC0004530,2026-09-20 09:50:05,CASH_DEPOSIT,DEBIT,6436.37,CASH,ATM,PAYMENTS
TXN000003892,ACC0002972,2026-08-22 18:48:12,IMPS,CREDIT,10734.97,TRAVEL,MOBILE,PAYMENTS
TXN000003893,ACC0002976,2026-05-16 16:24:57,NEFT,CREDIT,4223.92,TRAVEL,POS,PAYMENTS
TXN000003894,ACC0002794,2026-07-18 11:01:21,ATM_WITHDRAWAL,CREDIT,30066.93,GROCERY,MOBILE,PAYMENTS
TXN000003895,ACC0002643,2026-06-20 01:26:15,CASH_DEPOSIT,CREDIT,2592.78,GROCERY,BRANCH,PAYMENTS
TXN000003896,ACC0001032,2026-09-05 08:48:56,NEFT,DEBIT,20494.26,UTILITIES,BRANCH,PAYMENTS
TXN000003897,ACC0004671,2026-07-01 10:59:40,UPI,DEBIT,6590.87,GROCERY,MOBILE,PAYMENTS
TXN000003898,ACC0001525,2026-05-01 22:01:00,UPI,DEBIT,3351.47,FUEL,MOBILE,PAYMENTS
TXN000003899,ACC0003195,2026-05-03 23:47:20,CARD_PURCHASE,DEBIT,501.85,TRAVEL,WEB,PAYMENTS
TXN000003900,ACC0000213,2026-08-07 23:49:40,NEFT,CREDIT,7245.51,CASH,POS,PAYMENTS
TXN000003901,ACC0004870,2026-05-14 12:18:16,UPI,CREDIT,2448.69,GROCERY,BRANCH,PAYMENTS
TXN000003902,ACC0004865,2026-05-26 20:32:18,ATM_WITHDRAWAL,CREDIT,2020.8,UTILITIES,ATM,PAYMENTS
TXN000003903,ACC0004778,2026-01-31 11:16:16,IMPS,DEBIT,8706.0,ECOMMERCE,POS,PAYMENTS
TXN000003904,ACC0003933,2026-05-12 12:59:54,ATM_WITHDRAWAL,CREDIT,152.1,GROCERY,MOBILE,PAYMENTS
TXN000003905,ACC0003120,2026-04-24 10:20:58,IMPS,DEBIT,6879.38,TRAVEL,MOBILE,PAYMENTS
TXN000003906,ACC0000088,2026-01-21 01:25:52,CARD_PURCHASE,CREDIT,1674.38,TRAVEL,ATM,PAYMENTS
TXN000003907,ACC0003222,2026-03-27 21:15:36,CARD_PURCHASE,CREDIT,1309.2,ECOMMERCE,BRANCH,PAYMENTS
TXN000003908,ACC0000833,2026-06-26 23:37:15,UPI,DEBIT,1290.12,ECOMMERCE,MOBILE,PAYMENTS
TXN000003909,ACC0000743,2026-06-22 14:45:12,UPI,DEBIT,28806.57,CASH,POS,PAYMENTS
TXN000003910,ACC0004286,2026-04-04 02:33:29,ATM_WITHDRAWAL,CREDIT,3877.16,TRAVEL,MOBILE,PAYMENTS
TXN000003911,ACC0003168,2026-09-08 09:59:45,IMPS,DEBIT,3679.57,TRANSFER,WEB,PAYMENTS
TXN000003912,ACC0002635,2026-05-11 12:52:06,UPI,CREDIT,1544.24,FUEL,WEB,PAYMENTS
TXN000003913,ACC0002391,2026-06-27 22:52:11,ATM_WITHDRAWAL,CREDIT,869.3,TRANSFER,BRANCH,PAYMENTS
TXN000003914,ACC0001836,2026-04-08 15:23:55,CARD_PURCHASE,CREDIT,27905.92,TRAVEL,WEB,PAYMENTS
TXN000003915,ACC0004986,2026-05-14 19:36:02,CASH_DEPOSIT,CREDIT,315.91,UTILITIES,MOBILE,PAYMENTS
TXN000003916,ACC0002549,2026-03-15 20:22:25,CASH_DEPOSIT,DEBIT,3922.42,TRANSFER,ATM,PAYMENTS
TXN000003917,ACC0002323,2026-09-16 02:13:12,UPI,CREDIT,1395.39,TRANSFER,WEB,PAYMENTS
TXN000003918,ACC0000115,2026-05-12 03:45:47,IMPS,CREDIT,16794.53,TRAVEL,ATM,PAYMENTS
TXN000003919,ACC0003011,2026-04-13 00:08:34,CASH_DEPOSIT,DEBIT,27349.36,UTILITIES,WEB,PAYMENTS
TXN000003920,ACC0003397,2026-06-19 09:42:10,CASH_DEPOSIT,DEBIT,2353.41,FUEL,BRANCH,PAYMENTS
TXN000003921,ACC0001200,2026-02-16 00:59:13,CARD_PURCHASE,CREDIT,1285.42,UTILITIES,ATM,PAYMENTS
TXN000003922,ACC0003600,2026-03-02 18:53:11,CASH_DEPOSIT,CREDIT,969.69,UTILITIES,BRANCH,PAYMENTS
TXN000003923,ACC0000188,2026-04-30 15:32:27,UPI,DEBIT,10230.26,TRAVEL,BRANCH,PAYMENTS
TXN000003924,ACC0002420,2026-05-26 19:24:45,IMPS,DEBIT,1953.15,CASH,ATM,PAYMENTS
TXN000003925,ACC0001793,2026-02-10 10:33:08,CASH_DEPOSIT,CREDIT,6588.37,TRANSFER,MOBILE,PAYMENTS
TXN000003926,ACC0002996,2026-06-18 06:37:00,NEFT,DEBIT,2520.79,UTILITIES,WEB,PAYMENTS
TXN000003927,ACC0002282,2026-08-02 20:51:14,IMPS,DEBIT,26548.35,FUEL,POS,PAYMENTS
TXN000003928,ACC0003254,2026-04-15 09:44:16,ATM_WITHDRAWAL,DEBIT,5043.08,CASH,MOBILE,PAYMENTS
TXN000003929,ACC0003349,2026-09-09 21:17:56,CASH_DEPOSIT,CREDIT,1815.67,TRANSFER,POS,PAYMENTS
TXN000003930,ACC0001791,2026-06-20 09:36:39,IMPS,DEBIT,2051.96,ECOMMERCE,MOBILE,PAYMENTS
TXN000003931,ACC0003272,2026-09-10 22:11:02,CARD_PURCHASE,DEBIT,30184.47,GROCERY,BRANCH,PAYMENTS
TXN000003932,ACC0002573,2026-04-25 02:02:15,CARD_PURCHASE,CREDIT,1501.39,GROCERY,ATM,PAYMENTS
TXN000003933,ACC0001814,2026-01-25 15:50:16,CASH_DEPOSIT,DEBIT,7791.49,TRAVEL,ATM,PAYMENTS
TXN000003934,ACC0003866,2026-05-17 11:00:48,CARD_PURCHASE,DEBIT,2120.5,UTILITIES,WEB,PAYMENTS
TXN000003935,ACC0004309,2026-07-28 00:25:37,CASH_DEPOSIT,DEBIT,2247.42,CASH,ATM,PAYMENTS
TXN000003936,ACC0004376,2026-07-05 22:02:39,CASH_DEPOSIT,DEBIT,3413.02,TRAVEL,MOBILE,PAYMENTS
TXN000003937,ACC0002780,2026-01-20 20:23:14,CASH_DEPOSIT,DEBIT,1401.91,CASH,ATM,PAYMENTS
TXN000003938,ACC0004751,2026-04-06 00:34:45,ATM_WITHDRAWAL,DEBIT,6397.1,FUEL,MOBILE,PAYMENTS
TXN000003939,ACC0000288,2026-01-16 03:45:40,UPI,DEBIT,1266.12,TRAVEL,ATM,PAYMENTS
TXN000003940,ACC0001367,2026-03-02 06:47:18,CARD_PURCHASE,DEBIT,24272.01,ECOMMERCE,WEB,PAYMENTS
TXN000003941,ACC0003923,2026-02-27 07:11:47,ATM_WITHDRAWAL,CREDIT,2065.77,CASH,WEB,PAYMENTS
TXN000003942,ACC0002929,2026-05-18 10:59:40,ATM_WITHDRAWAL,DEBIT,3291.24,TRAVEL,POS,PAYMENTS
TXN000003943,ACC0000714,2026-01-01 20:50:25,ATM_WITHDRAWAL,CREDIT,17147.03,ECOMMERCE,POS,PAYMENTS
TXN000003944,ACC0003580,2026-07-03 19:47:12,NEFT,DEBIT,5309.88,TRAVEL,POS,PAYMENTS
TXN000003945,ACC0002823,2026-04-16 05:23:50,IMPS,DEBIT,60771.31,UTILITIES,ATM,PAYMENTS
TXN000003946,ACC0000561,2026-03-10 00:25:06,NEFT,CREDIT,9208.74,ECOMMERCE,MOBILE,PAYMENTS
TXN000003947,ACC0000703,2026-09-22 19:45:05,IMPS,DEBIT,3974.94,CASH,POS,PAYMENTS
TXN000003948,ACC0000517,2026-01-14 06:31:01,IMPS,DEBIT,4148.38,ECOMMERCE,BRANCH,PAYMENTS
TXN000003949,ACC0002165,2026-08-28 12:39:03,IMPS,CREDIT,6182.27,ECOMMERCE,POS,PAYMENTS
TXN000003950,ACC0002858,2026-07-29 00:39:30,ATM_WITHDRAWAL,DEBIT,14277.04,UTILITIES,POS,PAYMENTS
TXN000003951,ACC0000701,2026-04-30 00:13:32,IMPS,CREDIT,1412.68,TRANSFER,MOBILE,PAYMENTS
TXN000003952,ACC0001481,2026-04-13 05:03:44,IMPS,CREDIT,17077.34,FUEL,ATM,PAYMENTS
TXN000003953,ACC0004728,2026-01-31 05:47:11,CARD_PURCHASE,CREDIT,5035.81,FUEL,MOBILE,PAYMENTS
TXN000003954,ACC0000548,2026-06-12 11:08:10,CARD_PURCHASE,DEBIT,8619.26,UTILITIES,BRANCH,PAYMENTS
TXN000003955,ACC0004718,2026-07-27 02:58:24,UPI,CREDIT,18166.26,FUEL,MOBILE,PAYMENTS
TXN000003956,ACC0000700,2026-01-10 17:53:24,IMPS,CREDIT,1547.42,FUEL,WEB,PAYMENTS
TXN000003957,ACC0001595,2026-09-08 23:43:24,ATM_WITHDRAWAL,DEBIT,17640.73,TRAVEL,POS,PAYMENTS
TXN000003958,ACC0001075,2026-02-05 13:08:06,ATM_WITHDRAWAL,DEBIT,1945.78,TRANSFER,POS,PAYMENTS
TXN000003959,ACC0000364,2026-02-16 12:42:27,CARD_PURCHASE,DEBIT,7415.55,TRANSFER,POS,PAYMENTS
TXN000003960,ACC0000856,2026-03-12 00:03:17,CASH_DEPOSIT,DEBIT,1872.91,CASH,MOBILE,PAYMENTS
TXN000003961,ACC0003971,2026-01-10 04:19:34,CASH_DEPOSIT,DEBIT,2809.52,ECOMMERCE,POS,PAYMENTS
TXN000003962,ACC0003914,2026-05-10 07:09:52,CASH_DEPOSIT,CREDIT,1332.07,FUEL,BRANCH,PAYMENTS
TXN000003963,ACC0001852,2026-07-09 15:06:22,CARD_PURCHASE,DEBIT,2191.78,ECOMMERCE,ATM,PAYMENTS
TXN000003964,ACC0003081,2026-02-09 12:34:15,IMPS,CREDIT,1034.5,GROCERY,ATM,PAYMENTS
TXN000003965,ACC0002346,2026-06-20 15:24:33,ATM_WITHDRAWAL,CREDIT,671.08,ECOMMERCE,POS,PAYMENTS
TXN000003966,ACC0004551,2026-09-05 04:12:48,ATM_WITHDRAWAL,CREDIT,47401.69,CASH,BRANCH,PAYMENTS
TXN000003967,ACC0003334,2026-08-08 00:15:40,CARD_PURCHASE,DEBIT,3535.73,GROCERY,BRANCH,PAYMENTS
TXN000003968,ACC0001815,2026-01-22 19:52:07,UPI,CREDIT,9522.87,FUEL,POS,PAYMENTS
TXN000003969,ACC0002383,2026-01-04 12:11:22,ATM_WITHDRAWAL,CREDIT,1705.07,TRAVEL,POS,PAYMENTS
TXN000003970,ACC0002877,2026-09-23 04:15:35,UPI,CREDIT,53630.44,ECOMMERCE,WEB,PAYMENTS
TXN000003971,ACC0000788,2026-09-19 05:52:02,ATM_WITHDRAWAL,DEBIT,4727.43,UTILITIES,BRANCH,PAYMENTS
TXN000003972,ACC0001970,2026-05-22 17:33:55,NEFT,DEBIT,2384.54,GROCERY,BRANCH,PAYMENTS
TXN000003973,ACC0004114,2026-05-26 08:47:35,CARD_PURCHASE,DEBIT,4323.28,GROCERY,BRANCH,PAYMENTS
TXN000003974,ACC0003087,2026-07-16 03:03:19,ATM_WITHDRAWAL,DEBIT,4948.43,FUEL,WEB,PAYMENTS
TXN000003975,ACC0003814,2026-09-09 22:03:09,UPI,CREDIT,2268.61,TRAVEL,ATM,PAYMENTS
TXN000003976,ACC0003829,2026-09-05 14:16:37,ATM_WITHDRAWAL,CREDIT,3799.98,TRAVEL,POS,PAYMENTS
TXN000003977,ACC0004384,2026-04-27 01:12:09,CARD_PURCHASE,DEBIT,4194.2,UTILITIES,BRANCH,PAYMENTS
TXN000003978,ACC0004059,2026-01-21 17:41:13,ATM_WITHDRAWAL,DEBIT,3935.48,ECOMMERCE,MOBILE,PAYMENTS
TXN000003979,ACC0002951,2026-08-14 02:26:37,NEFT,CREDIT,1681.17,ECOMMERCE,MOBILE,PAYMENTS
TXN000003980,ACC0000017,2026-01-25 01:29:52,IMPS,CREDIT,2912.0,UTILITIES,MOBILE,PAYMENTS
TXN000003981,ACC0004944,2026-01-29 14:58:16,CASH_DEPOSIT,DEBIT,1624.81,UTILITIES,MOBILE,PAYMENTS
TXN000003982,ACC0000261,2026-06-08 08:07:54,UPI,DEBIT,830.97,TRAVEL,MOBILE,PAYMENTS
TXN000003983,ACC0002212,2026-04-08 23:20:57,NEFT,CREDIT,1159.52,FUEL,WEB,PAYMENTS
TXN000003984,ACC0004556,2026-02-12 09:47:25,CARD_PURCHASE,DEBIT,1116.59,UTILITIES,BRANCH,PAYMENTS
TXN000003985,ACC0003114,2026-05-31 23:08:12,UPI,DEBIT,3319.66,CASH,POS,PAYMENTS
TXN000003986,ACC0001163,2026-07-06 02:29:39,UPI,CREDIT,6710.83,TRANSFER,POS,PAYMENTS
TXN000003987,ACC0001951,2026-07-18 12:15:01,ATM_WITHDRAWAL,DEBIT,4620.55,TRANSFER,BRANCH,PAYMENTS
TXN000003988,ACC0000802,2026-07-17 16:00:46,NEFT,DEBIT,1405.89,TRANSFER,WEB,PAYMENTS
TXN000003989,ACC0000029,2026-06-20 04:01:24,UPI,CREDIT,9648.42,TRAVEL,ATM,PAYMENTS
TXN000003990,ACC0002755,2026-07-05 01:19:42,IMPS,DEBIT,1296.49,ECOMMERCE,WEB,PAYMENTS
TXN000003991,ACC0003982,2026-01-14 01:32:43,CASH_DEPOSIT,DEBIT,5324.44,ECOMMERCE,ATM,PAYMENTS
TXN000003992,ACC0004372,2026-01-12 06:45:21,IMPS,DEBIT,894.99,GROCERY,ATM,PAYMENTS
TXN000003993,ACC0001634,2026-09-07 17:02:51,UPI,DEBIT,12870.06,ECOMMERCE,ATM,PAYMENTS
TXN000003994,ACC0004612,2026-09-14 01:13:55,CARD_PURCHASE,DEBIT,1357.98,GROCERY,MOBILE,PAYMENTS
TXN000003995,ACC0000217,2026-07-08 08:37:00,CASH_DEPOSIT,DEBIT,5906.16,ECOMMERCE,ATM,PAYMENTS
TXN000003996,ACC0000929,2026-02-23 15:05:50,CASH_DEPOSIT,DEBIT,11467.55,CASH,ATM,PAYMENTS
TXN000003997,ACC0003193,2026-05-28 00:31:16,CARD_PURCHASE,CREDIT,8215.4,TRANSFER,POS,PAYMENTS
TXN000003998,ACC0004261,2026-04-17 21:09:01,IMPS,CREDIT,5565.16,GROCERY,POS,PAYMENTS
TXN000003999,ACC0004571,2026-04-14 11:59:43,CASH_DEPOSIT,DEBIT,453.65,UTILITIES,BRANCH,PAYMENTS
TXN000004000,ACC0003106,2026-01-05 03:43:19,ATM_WITHDRAWAL,DEBIT,7018.78,GROCERY,POS,PAYMENTS
TXN000004001,ACC0001219,2026-04-05 11:12:14,UPI,DEBIT,7275.49,ECOMMERCE,POS,PAYMENTS
TXN000004002,ACC0003155,2026-07-21 14:18:57,ATM_WITHDRAWAL,DEBIT,4474.7,UTILITIES,ATM,PAYMENTS
TXN000004003,ACC0002081,2026-06-19 12:29:06,UPI,CREDIT,2557.78,UTILITIES,ATM,PAYMENTS
TXN000004004,ACC0003058,2026-01-14 19:47:56,IMPS,DEBIT,910.75,FUEL,MOBILE,PAYMENTS
TXN000004005,ACC0003075,2026-05-12 21:27:00,UPI,CREDIT,569.05,CASH,POS,PAYMENTS
TXN000004006,ACC0004199,2026-06-22 20:32:26,ATM_WITHDRAWAL,CREDIT,1653.07,UTILITIES,MOBILE,PAYMENTS
TXN000004007,ACC0001419,2026-07-04 10:18:00,CARD_PURCHASE,CREDIT,91500.55,FUEL,BRANCH,PAYMENTS
TXN000004008,ACC0000325,2026-02-07 07:47:31,CASH_DEPOSIT,CREDIT,11754.29,CASH,WEB,PAYMENTS
TXN000004009,ACC0001880,2026-09-02 18:01:16,UPI,DEBIT,1416.35,TRANSFER,ATM,PAYMENTS
TXN000004010,ACC0004103,2026-04-29 02:04:29,ATM_WITHDRAWAL,DEBIT,6442.51,TRAVEL,ATM,PAYMENTS
TXN000004011,ACC0004473,2026-07-18 04:29:49,NEFT,DEBIT,2510.4,CASH,ATM,PAYMENTS
TXN000004012,ACC0000870,2026-08-31 15:25:37,CARD_PURCHASE,CREDIT,14674.01,FUEL,POS,PAYMENTS
TXN000004013,ACC0004007,2026-06-14 03:36:29,CARD_PURCHASE,CREDIT,2900.76,TRANSFER,WEB,PAYMENTS
TXN000004014,ACC0004239,2026-08-04 10:38:01,IMPS,DEBIT,6454.94,ECOMMERCE,BRANCH,PAYMENTS
TXN000004015,ACC0000896,2026-02-07 20:21:50,UPI,CREDIT,4331.26,TRAVEL,POS,PAYMENTS
TXN000004016,ACC0001282,2026-03-03 20:15:15,CARD_PURCHASE,DEBIT,272.59,GROCERY,POS,PAYMENTS
TXN000004017,ACC0003549,2026-05-12 21:10:17,CARD_PURCHASE,CREDIT,3979.53,TRAVEL,ATM,PAYMENTS
TXN000004018,ACC0000367,2026-02-20 19:42:37,ATM_WITHDRAWAL,DEBIT,27699.44,ECOMMERCE,MOBILE,PAYMENTS
TXN000004019,ACC0004594,2026-09-09 22:44:07,CASH_DEPOSIT,DEBIT,1985.52,TRANSFER,MOBILE,PAYMENTS
TXN000004020,ACC0002262,2026-07-20 00:28:22,NEFT,DEBIT,3620.6,TRANSFER,POS,PAYMENTS
TXN000004021,ACC0003634,2026-08-07 08:57:36,ATM_WITHDRAWAL,CREDIT,1924.67,FUEL,WEB,PAYMENTS
TXN000004022,ACC0004290,2026-03-07 18:01:39,IMPS,CREDIT,6142.02,FUEL,MOBILE,PAYMENTS
TXN000004023,ACC0002164,2026-05-07 14:30:25,NEFT,CREDIT,2531.59,TRAVEL,BRANCH,PAYMENTS
TXN000004024,ACC0004641,2026-06-21 23:08:17,UPI,DEBIT,28134.08,TRANSFER,WEB,PAYMENTS
TXN000004025,ACC0000412,2026-02-02 05:17:44,CARD_PURCHASE,DEBIT,4443.72,FUEL,POS,PAYMENTS
TXN000004026,ACC0003701,2026-02-25 04:58:32,UPI,DEBIT,9313.21,ECOMMERCE,BRANCH,PAYMENTS
TXN000004027,ACC0001205,2026-06-06 14:58:40,IMPS,CREDIT,34661.49,TRAVEL,ATM,PAYMENTS
TXN000004028,ACC0000559,2026-01-30 02:28:07,CARD_PURCHASE,DEBIT,7176.47,UTILITIES,WEB,PAYMENTS
TXN000004029,ACC0000710,2026-07-12 18:21:39,UPI,CREDIT,5090.44,GROCERY,POS,PAYMENTS
TXN000004030,ACC0003668,2026-09-19 06:20:13,UPI,CREDIT,7651.18,ECOMMERCE,BRANCH,PAYMENTS
TXN000004031,ACC0003641,2026-03-07 17:46:09,IMPS,DEBIT,3837.74,GROCERY,ATM,PAYMENTS
TXN000004032,ACC0001519,2026-09-18 03:22:59,CARD_PURCHASE,DEBIT,964.66,TRAVEL,POS,PAYMENTS
TXN000004033,ACC0000776,2026-08-10 11:23:09,CARD_PURCHASE,CREDIT,5237.23,ECOMMERCE,ATM,PAYMENTS
TXN000004034,ACC0002341,2026-03-21 03:35:16,NEFT,DEBIT,12533.86,TRANSFER,POS,PAYMENTS
TXN000004035,ACC0002509,2026-05-10 09:18:41,ATM_WITHDRAWAL,DEBIT,1345.97,TRANSFER,MOBILE,PAYMENTS
TXN000004036,ACC0001538,2026-03-17 12:52:26,ATM_WITHDRAWAL,CREDIT,18754.3,TRANSFER,BRANCH,PAYMENTS
TXN000004037,ACC0000313,2026-04-12 16:25:23,NEFT,CREDIT,1293.15,ECOMMERCE,MOBILE,PAYMENTS
TXN000004038,ACC0003445,2026-06-09 21:37:36,NEFT,DEBIT,7877.93,TRANSFER,WEB,PAYMENTS
TXN000004039,ACC0001832,2026-09-23 09:22:25,IMPS,DEBIT,3219.68,CASH,ATM,PAYMENTS
TXN000004040,ACC0004515,2026-01-29 21:58:27,ATM_WITHDRAWAL,DEBIT,12857.46,CASH,BRANCH,PAYMENTS
TXN000004041,ACC0004460,2026-02-26 08:06:29,IMPS,CREDIT,949.28,UTILITIES,POS,PAYMENTS
TXN000004042,ACC0003640,2026-01-24 20:11:37,IMPS,CREDIT,1074.82,FUEL,MOBILE,PAYMENTS
TXN000004043,ACC0000085,2026-02-11 21:53:51,UPI,CREDIT,1556.56,FUEL,MOBILE,PAYMENTS
TXN000004044,ACC0002431,2026-08-04 20:17:32,ATM_WITHDRAWAL,CREDIT,6571.35,TRANSFER,MOBILE,PAYMENTS
TXN000004045,ACC0003572,2026-01-25 12:34:12,CARD_PURCHASE,DEBIT,5883.95,GROCERY,WEB,PAYMENTS
TXN000004046,ACC0001761,2026-04-10 07:16:32,IMPS,CREDIT,3056.86,GROCERY,BRANCH,PAYMENTS
TXN000004047,ACC0000824,2026-02-20 04:21:49,ATM_WITHDRAWAL,CREDIT,18623.82,ECOMMERCE,BRANCH,PAYMENTS
TXN000004048,ACC0002528,2026-06-05 22:52:35,IMPS,CREDIT,310.06,FUEL,ATM,PAYMENTS
TXN000004049,ACC0004491,2026-06-28 13:02:23,NEFT,CREDIT,1116.52,FUEL,POS,PAYMENTS
TXN000004050,ACC0000080,2026-01-19 17:00:28,UPI,DEBIT,1251.3,CASH,POS,PAYMENTS
TXN000004051,ACC0003982,2026-05-20 03:37:08,IMPS,DEBIT,1188.18,TRANSFER,MOBILE,PAYMENTS
TXN000004052,ACC0002895,2026-02-17 02:45:58,IMPS,CREDIT,1180.4,ECOMMERCE,WEB,PAYMENTS
TXN000004053,ACC0004824,2026-03-11 08:42:57,IMPS,DEBIT,10737.14,GROCERY,POS,PAYMENTS
TXN000004054,ACC0004828,2026-07-04 13:04:31,UPI,CREDIT,660.42,GROCERY,MOBILE,PAYMENTS
TXN000004055,ACC0002187,2026-04-21 00:48:32,NEFT,DEBIT,2657.0,TRAVEL,BRANCH,PAYMENTS
TXN000004056,ACC0004809,2026-05-18 20:29:04,ATM_WITHDRAWAL,DEBIT,39008.99,TRAVEL,POS,PAYMENTS
TXN000004057,ACC0004188,2026-03-18 12:08:39,CASH_DEPOSIT,DEBIT,1956.82,CASH,WEB,PAYMENTS
TXN000004058,ACC0003730,2026-02-01 23:16:13,UPI,CREDIT,4994.61,TRANSFER,MOBILE,PAYMENTS
TXN000004059,ACC0002509,2026-06-28 04:06:49,IMPS,CREDIT,6358.4,TRAVEL,POS,PAYMENTS
TXN000004060,ACC0003438,2026-07-06 23:32:58,UPI,CREDIT,89302.78,FUEL,ATM,PAYMENTS
TXN000004061,ACC0000244,2026-06-12 11:24:29,NEFT,CREDIT,1484.9,FUEL,POS,PAYMENTS
TXN000004062,ACC0001553,2026-06-30 20:40:48,UPI,CREDIT,6916.76,TRANSFER,WEB,PAYMENTS
TXN000004063,ACC0004838,2026-04-03 00:29:12,NEFT,DEBIT,17730.89,UTILITIES,MOBILE,PAYMENTS
TXN000004064,ACC0000634,2026-05-06 07:55:21,NEFT,DEBIT,710.6,FUEL,ATM,PAYMENTS
TXN000004065,ACC0001333,2026-01-12 20:27:07,UPI,CREDIT,5326.39,UTILITIES,MOBILE,PAYMENTS
TXN000004066,ACC0000686,2026-06-08 10:22:59,CARD_PURCHASE,CREDIT,5004.1,GROCERY,BRANCH,PAYMENTS
TXN000004067,ACC0003360,2026-04-23 02:11:29,IMPS,CREDIT,50128.85,FUEL,WEB,PAYMENTS
TXN000004068,ACC0003392,2026-04-27 07:09:57,UPI,CREDIT,3697.71,ECOMMERCE,POS,PAYMENTS
TXN000004069,ACC0002841,2026-01-16 12:15:08,IMPS,CREDIT,30604.1,GROCERY,MOBILE,PAYMENTS
TXN000004070,ACC0004282,2026-06-15 06:19:26,CASH_DEPOSIT,CREDIT,787.99,UTILITIES,POS,PAYMENTS
TXN000004071,ACC0002803,2026-04-22 21:08:42,CARD_PURCHASE,CREDIT,2005.69,FUEL,ATM,PAYMENTS
TXN000004072,ACC0003765,2026-07-04 21:48:37,UPI,CREDIT,14185.86,GROCERY,POS,PAYMENTS
TXN000004073,ACC0000880,2026-02-11 18:12:48,NEFT,DEBIT,4914.54,ECOMMERCE,ATM,PAYMENTS
TXN000004074,ACC0004957,2026-06-07 17:54:42,IMPS,DEBIT,3508.38,CASH,ATM,PAYMENTS
TXN000004075,ACC0000321,2026-09-22 13:12:42,ATM_WITHDRAWAL,CREDIT,1052.5,GROCERY,ATM,PAYMENTS
TXN000004076,ACC0003556,2026-01-21 02:38:42,ATM_WITHDRAWAL,DEBIT,1264.6,ECOMMERCE,POS,PAYMENTS
TXN000004077,ACC0003742,2026-03-07 21:42:46,IMPS,DEBIT,3809.27,GROCERY,BRANCH,PAYMENTS
TXN000004078,ACC0000153,2026-01-13 14:42:35,NEFT,DEBIT,11953.77,TRANSFER,BRANCH,PAYMENTS
TXN000004079,ACC0001805,2026-06-22 04:31:59,NEFT,DEBIT,4264.92,TRANSFER,POS,PAYMENTS
TXN000004080,ACC0003757,2026-07-02 21:22:26,CASH_DEPOSIT,DEBIT,3554.97,ECOMMERCE,ATM,PAYMENTS
TXN000004081,ACC0004885,2026-08-07 15:36:41,CASH_DEPOSIT,DEBIT,1180.68,TRAVEL,MOBILE,PAYMENTS
TXN000004082,ACC0002711,2026-03-04 09:00:43,ATM_WITHDRAWAL,CREDIT,2949.36,FUEL,ATM,PAYMENTS
TXN000004083,ACC0004746,2026-03-26 05:04:42,CASH_DEPOSIT,DEBIT,7820.23,TRANSFER,ATM,PAYMENTS
TXN000004084,ACC0004039,2026-09-08 17:43:59,NEFT,CREDIT,1624.09,CASH,WEB,PAYMENTS
TXN000004085,ACC0000428,2026-09-13 15:55:35,IMPS,DEBIT,21302.21,TRANSFER,POS,PAYMENTS
TXN000004086,ACC0002201,2026-07-12 12:56:29,CASH_DEPOSIT,CREDIT,159.06,TRAVEL,POS,PAYMENTS
TXN000004087,ACC0004517,2026-08-29 00:49:12,ATM_WITHDRAWAL,DEBIT,55618.28,UTILITIES,WEB,PAYMENTS
TXN000004088,ACC0000997,2026-08-29 16:06:05,NEFT,CREDIT,1710.0,GROCERY,BRANCH,PAYMENTS
TXN000004089,ACC0004418,2026-01-22 05:34:07,CASH_DEPOSIT,CREDIT,8937.57,GROCERY,WEB,PAYMENTS
TXN000004090,ACC0004596,2026-01-18 19:37:36,IMPS,DEBIT,2271.63,GROCERY,WEB,PAYMENTS
TXN000004091,ACC0003391,2026-03-22 02:17:13,CARD_PURCHASE,DEBIT,3662.91,ECOMMERCE,MOBILE,PAYMENTS
TXN000004092,ACC0002136,2026-09-12 03:59:43,CARD_PURCHASE,DEBIT,2512.18,FUEL,ATM,PAYMENTS
TXN000004093,ACC0004654,2026-02-11 05:07:49,CARD_PURCHASE,DEBIT,6460.5,CASH,POS,PAYMENTS
TXN000004094,ACC0004996,2026-08-03 07:53:23,IMPS,CREDIT,8210.57,TRAVEL,MOBILE,PAYMENTS
TXN000004095,ACC0000820,2026-03-19 18:37:54,CARD_PURCHASE,CREDIT,2114.39,FUEL,ATM,PAYMENTS
TXN000004096,ACC0000350,2026-07-29 07:39:29,UPI,CREDIT,5204.72,UTILITIES,ATM,PAYMENTS
TXN000004097,ACC0003158,2026-04-15 23:38:11,CASH_DEPOSIT,DEBIT,25223.82,UTILITIES,WEB,PAYMENTS
TXN000004098,ACC0004293,2026-02-08 14:15:09,IMPS,DEBIT,2194.03,TRAVEL,BRANCH,PAYMENTS
TXN000004099,ACC0002549,2026-03-10 02:52:03,ATM_WITHDRAWAL,CREDIT,4974.61,GROCERY,MOBILE,PAYMENTS
TXN000004100,ACC0004189,2026-03-15 17:48:18,IMPS,DEBIT,13265.72,UTILITIES,ATM,PAYMENTS
TXN000004101,ACC0004793,2026-05-12 13:53:35,IMPS,CREDIT,15673.88,UTILITIES,MOBILE,PAYMENTS
TXN000004102,ACC0002800,2026-05-26 02:31:29,NEFT,DEBIT,16766.27,CASH,WEB,PAYMENTS
TXN000004103,ACC0003135,2026-07-09 11:11:18,NEFT,CREDIT,1372.37,ECOMMERCE,POS,PAYMENTS
TXN000004104,ACC0002904,2026-01-29 15:52:33,UPI,CREDIT,10080.62,TRAVEL,WEB,PAYMENTS
TXN000004105,ACC0003807,2026-05-03 06:45:44,IMPS,DEBIT,1085.08,GROCERY,POS,PAYMENTS
TXN000004106,ACC0000953,2026-08-10 06:03:08,NEFT,DEBIT,3490.71,UTILITIES,WEB,PAYMENTS
TXN000004107,ACC0000139,2026-02-19 01:10:22,UPI,DEBIT,2195.91,UTILITIES,WEB,PAYMENTS
TXN000004108,ACC0004648,2026-06-02 11:17:49,NEFT,DEBIT,8539.72,FUEL,BRANCH,PAYMENTS
TXN000004109,ACC0000813,2026-05-25 02:52:15,IMPS,CREDIT,5277.86,TRAVEL,MOBILE,PAYMENTS
TXN000004110,ACC0000601,2026-04-30 00:59:34,UPI,DEBIT,3034.44,ECOMMERCE,MOBILE,PAYMENTS
TXN000004111,ACC0000870,2026-07-16 12:00:05,IMPS,CREDIT,1678.19,TRANSFER,ATM,PAYMENTS
TXN000004112,ACC0003105,2026-09-06 08:45:33,IMPS,DEBIT,277.4,UTILITIES,WEB,PAYMENTS
TXN000004113,ACC0003917,2026-01-25 05:55:28,CASH_DEPOSIT,DEBIT,10799.63,TRANSFER,ATM,PAYMENTS
TXN000004114,ACC0003684,2026-02-07 17:12:11,NEFT,CREDIT,3739.67,GROCERY,WEB,PAYMENTS
TXN000004115,ACC0003935,2026-01-07 06:12:08,CARD_PURCHASE,CREDIT,4047.98,ECOMMERCE,BRANCH,PAYMENTS
TXN000004116,ACC0000009,2026-03-20 09:35:56,UPI,DEBIT,4761.15,CASH,POS,PAYMENTS
TXN000004117,ACC0003547,2026-04-04 18:50:20,CARD_PURCHASE,CREDIT,894.93,UTILITIES,ATM,PAYMENTS
TXN000004118,ACC0003694,2026-02-17 00:26:00,CASH_DEPOSIT,DEBIT,5481.26,ECOMMERCE,MOBILE,PAYMENTS
TXN000004119,ACC0004871,2026-09-16 06:21:50,CASH_DEPOSIT,CREDIT,1495.39,TRANSFER,WEB,PAYMENTS
TXN000004120,ACC0000961,2026-08-30 05:50:12,CASH_DEPOSIT,DEBIT,6149.86,CASH,MOBILE,PAYMENTS
TXN000004121,ACC0000058,2026-05-07 16:01:47,NEFT,CREDIT,3602.53,TRANSFER,MOBILE,PAYMENTS
TXN000004122,ACC0001361,2026-05-12 13:26:10,CARD_PURCHASE,DEBIT,1568.52,TRAVEL,ATM,PAYMENTS
TXN000004123,ACC0003541,2026-01-07 12:45:28,UPI,DEBIT,2636.72,UTILITIES,ATM,PAYMENTS
TXN000004124,ACC0002489,2026-09-20 04:06:48,NEFT,DEBIT,1763.79,GROCERY,ATM,PAYMENTS
TXN000004125,ACC0001122,2026-03-04 06:09:19,CASH_DEPOSIT,CREDIT,2511.2,UTILITIES,POS,PAYMENTS
TXN000004126,ACC0003956,2026-07-31 21:43:32,ATM_WITHDRAWAL,CREDIT,1146.74,UTILITIES,POS,PAYMENTS
TXN000004127,ACC0000681,2026-08-06 17:18:18,CARD_PURCHASE,DEBIT,1707.73,GROCERY,BRANCH,PAYMENTS
TXN000004128,ACC0002648,2026-06-27 16:45:31,CARD_PURCHASE,CREDIT,7990.14,CASH,POS,PAYMENTS
TXN000004129,ACC0004650,2026-03-21 01:39:17,IMPS,CREDIT,15986.52,UTILITIES,WEB,PAYMENTS
TXN000004130,ACC0000751,2026-06-25 03:08:17,ATM_WITHDRAWAL,DEBIT,2275.42,CASH,WEB,PAYMENTS
TXN000004131,ACC0004605,2026-01-03 00:41:18,CASH_DEPOSIT,CREDIT,1903.92,TRAVEL,POS,PAYMENTS
TXN000004132,ACC0001968,2026-01-09 11:52:54,CARD_PURCHASE,DEBIT,3984.8,ECOMMERCE,BRANCH,PAYMENTS
TXN000004133,ACC0004458,2026-05-16 20:28:38,IMPS,CREDIT,10986.79,GROCERY,BRANCH,PAYMENTS
TXN000004134,ACC0002487,2026-01-03 21:58:43,UPI,DEBIT,11228.72,CASH,WEB,PAYMENTS
TXN000004135,ACC0001754,2026-07-21 14:20:09,UPI,CREDIT,5595.73,ECOMMERCE,MOBILE,PAYMENTS
TXN000004136,ACC0003073,2026-07-04 14:38:13,CARD_PURCHASE,CREDIT,3034.74,TRAVEL,POS,PAYMENTS
TXN000004137,ACC0000267,2026-06-28 07:48:51,IMPS,DEBIT,2303.73,ECOMMERCE,WEB,PAYMENTS
TXN000004138,ACC0001321,2026-04-21 17:59:26,NEFT,DEBIT,12120.6,UTILITIES,MOBILE,PAYMENTS
TXN000004139,ACC0001765,2026-09-13 13:19:51,NEFT,DEBIT,2328.21,CASH,POS,PAYMENTS
TXN000004140,ACC0002175,2026-02-03 22:33:31,ATM_WITHDRAWAL,CREDIT,5254.28,ECOMMERCE,BRANCH,PAYMENTS
TXN000004141,ACC0003247,2026-09-17 10:11:33,CASH_DEPOSIT,CREDIT,1485.37,CASH,MOBILE,PAYMENTS
TXN000004142,ACC0001127,2026-03-31 00:23:45,UPI,CREDIT,15090.96,FUEL,ATM,PAYMENTS
TXN000004143,ACC0001098,2026-03-18 06:13:07,CASH_DEPOSIT,CREDIT,2427.35,ECOMMERCE,BRANCH,PAYMENTS
TXN000004144,ACC0000703,2026-06-19 19:30:33,IMPS,DEBIT,4041.93,UTILITIES,BRANCH,PAYMENTS
TXN000004145,ACC0000049,2026-02-19 03:12:24,CARD_PURCHASE,DEBIT,10265.94,CASH,WEB,PAYMENTS
TXN000004146,ACC0002164,2026-05-07 15:44:27,ATM_WITHDRAWAL,CREDIT,12361.36,ECOMMERCE,WEB,PAYMENTS
TXN000004147,ACC0003489,2026-02-06 03:08:21,CARD_PURCHASE,CREDIT,4836.47,UTILITIES,ATM,PAYMENTS
TXN000004148,ACC0001189,2026-01-09 02:14:15,UPI,DEBIT,500.55,TRANSFER,MOBILE,PAYMENTS
TXN000004149,ACC0002910,2026-07-18 00:24:48,CASH_DEPOSIT,DEBIT,7498.04,TRAVEL,ATM,PAYMENTS
TXN000004150,ACC0003737,2026-05-16 13:04:42,NEFT,DEBIT,2531.26,ECOMMERCE,ATM,PAYMENTS
TXN000004151,ACC0000762,2026-01-14 01:56:02,NEFT,DEBIT,978.01,UTILITIES,WEB,PAYMENTS
TXN000004152,ACC0002869,2026-03-31 20:13:33,NEFT,DEBIT,1317.59,ECOMMERCE,POS,PAYMENTS
TXN000004153,ACC0000956,2026-01-03 20:50:42,CARD_PURCHASE,DEBIT,221.77,TRAVEL,MOBILE,PAYMENTS
TXN000004154,ACC0001192,2026-03-13 22:28:46,UPI,DEBIT,3921.03,TRANSFER,MOBILE,PAYMENTS
TXN000004155,ACC0004595,2026-08-10 23:12:05,CASH_DEPOSIT,CREDIT,874.24,CASH,ATM,PAYMENTS
TXN000004156,ACC0001670,2026-05-12 05:44:51,CARD_PURCHASE,DEBIT,9469.35,TRANSFER,ATM,PAYMENTS
TXN000004157,ACC0001100,2026-03-21 11:42:16,CARD_PURCHASE,CREDIT,37735.77,CASH,BRANCH,PAYMENTS
TXN000004158,ACC0004997,2026-07-17 15:34:26,UPI,DEBIT,11814.42,TRANSFER,ATM,PAYMENTS
TXN000004159,ACC0000632,2026-06-30 08:53:20,NEFT,DEBIT,1024.38,GROCERY,POS,PAYMENTS
TXN000004160,ACC0000315,2026-04-06 19:44:20,UPI,CREDIT,471.26,ECOMMERCE,ATM,PAYMENTS
TXN000004161,ACC0004425,2026-09-15 14:59:51,UPI,CREDIT,15189.97,CASH,MOBILE,PAYMENTS
TXN000004162,ACC0002690,2026-07-08 07:12:09,ATM_WITHDRAWAL,CREDIT,3430.72,FUEL,POS,PAYMENTS
TXN000004163,ACC0002169,2026-01-20 09:51:21,NEFT,DEBIT,7444.31,CASH,WEB,PAYMENTS
TXN000004164,ACC0001875,2026-04-05 19:55:45,UPI,CREDIT,3045.84,GROCERY,WEB,PAYMENTS
TXN000004165,ACC0001213,2026-01-31 04:27:47,CASH_DEPOSIT,DEBIT,1634.21,UTILITIES,POS,PAYMENTS
TXN000004166,ACC0004261,2026-08-30 10:57:35,ATM_WITHDRAWAL,DEBIT,7775.2,FUEL,WEB,PAYMENTS
TXN000004167,ACC0003581,2026-05-07 07:54:39,IMPS,CREDIT,3768.16,UTILITIES,BRANCH,PAYMENTS
TXN000004168,ACC0000741,2026-08-13 02:26:34,CASH_DEPOSIT,CREDIT,6535.27,GROCERY,MOBILE,PAYMENTS
TXN000004169,ACC0002635,2026-08-08 00:45:05,CARD_PURCHASE,DEBIT,2293.44,GROCERY,MOBILE,PAYMENTS
TXN000004170,ACC0004860,2026-03-22 03:03:36,UPI,DEBIT,1893.85,ECOMMERCE,WEB,PAYMENTS
TXN000004171,ACC0000974,2026-04-18 13:40:18,CASH_DEPOSIT,DEBIT,9825.13,FUEL,WEB,PAYMENTS
TXN000004172,ACC0000273,2026-06-21 22:26:07,CARD_PURCHASE,CREDIT,14771.43,CASH,ATM,PAYMENTS
TXN000004173,ACC0002010,2026-07-12 16:31:53,IMPS,CREDIT,30793.6,UTILITIES,BRANCH,PAYMENTS
TXN000004174,ACC0001630,2026-03-06 10:02:17,IMPS,CREDIT,4131.66,FUEL,WEB,PAYMENTS
TXN000004175,ACC0001482,2026-01-08 19:07:58,UPI,DEBIT,1256.23,TRANSFER,ATM,PAYMENTS
TXN000004176,ACC0001611,2026-01-14 09:58:59,ATM_WITHDRAWAL,DEBIT,2133.71,TRAVEL,ATM,PAYMENTS
TXN000004177,ACC0004517,2026-05-28 09:13:41,CARD_PURCHASE,DEBIT,26236.73,ECOMMERCE,POS,PAYMENTS
TXN000004178,ACC0003628,2026-04-03 23:00:11,CASH_DEPOSIT,CREDIT,2142.63,GROCERY,MOBILE,PAYMENTS
TXN000004179,ACC0004470,2026-07-07 19:00:28,UPI,CREDIT,2957.02,CASH,ATM,PAYMENTS
TXN000004180,ACC0003481,2026-07-27 15:00:35,ATM_WITHDRAWAL,DEBIT,3743.11,GROCERY,MOBILE,PAYMENTS
TXN000004181,ACC0000453,2026-08-12 23:11:12,CASH_DEPOSIT,CREDIT,3188.18,TRANSFER,BRANCH,PAYMENTS
TXN000004182,ACC0003264,2026-05-11 08:31:07,NEFT,DEBIT,5029.61,ECOMMERCE,BRANCH,PAYMENTS
TXN000004183,ACC0003674,2026-01-31 12:24:11,CARD_PURCHASE,DEBIT,5527.21,ECOMMERCE,ATM,PAYMENTS
TXN000004184,ACC0002655,2026-08-14 04:59:00,CASH_DEPOSIT,DEBIT,15188.38,ECOMMERCE,POS,PAYMENTS
TXN000004185,ACC0002345,2026-07-04 21:27:15,CASH_DEPOSIT,DEBIT,3665.39,GROCERY,MOBILE,PAYMENTS
TXN000004186,ACC0002549,2026-05-05 10:05:03,IMPS,CREDIT,1742.84,TRAVEL,MOBILE,PAYMENTS
TXN000004187,ACC0000858,2026-08-25 12:10:39,ATM_WITHDRAWAL,DEBIT,3401.99,FUEL,MOBILE,PAYMENTS
TXN000004188,ACC0005000,2026-04-29 14:51:32,CASH_DEPOSIT,CREDIT,5230.19,FUEL,MOBILE,PAYMENTS
TXN000004189,ACC0003512,2026-06-20 06:30:02,UPI,CREDIT,7029.25,TRANSFER,POS,PAYMENTS
TXN000004190,ACC0000786,2026-09-12 15:04:57,CARD_PURCHASE,DEBIT,27395.5,CASH,ATM,PAYMENTS
TXN000004191,ACC0002600,2026-05-13 10:51:49,NEFT,CREDIT,540.04,UTILITIES,POS,PAYMENTS
TXN000004192,ACC0003146,2026-09-20 08:42:14,CASH_DEPOSIT,CREDIT,3910.57,CASH,WEB,PAYMENTS
TXN000004193,ACC0004639,2026-03-11 15:25:31,ATM_WITHDRAWAL,CREDIT,3506.8,FUEL,BRANCH,PAYMENTS
TXN000004194,ACC0003070,2026-08-16 06:39:23,CASH_DEPOSIT,DEBIT,750.22,ECOMMERCE,WEB,PAYMENTS
TXN000004195,ACC0004626,2026-04-09 12:37:55,UPI,CREDIT,25912.98,ECOMMERCE,POS,PAYMENTS
TXN000004196,ACC0001759,2026-04-21 20:24:07,NEFT,CREDIT,4609.02,ECOMMERCE,ATM,PAYMENTS
TXN000004197,ACC0001875,2026-08-24 16:24:46,CASH_DEPOSIT,CREDIT,20124.99,TRANSFER,ATM,PAYMENTS
TXN000004198,ACC0002604,2026-07-29 01:32:05,ATM_WITHDRAWAL,DEBIT,3720.83,FUEL,WEB,PAYMENTS
TXN000004199,ACC0002731,2026-05-15 09:55:36,CASH_DEPOSIT,CREDIT,6864.98,UTILITIES,POS,PAYMENTS
TXN000004200,ACC0002830,2026-09-18 23:25:55,IMPS,DEBIT,22066.55,TRAVEL,POS,PAYMENTS
TXN000004201,ACC0004357,2026-01-03 09:05:29,UPI,DEBIT,7483.24,ECOMMERCE,WEB,PAYMENTS
TXN000004202,ACC0002266,2026-02-14 11:42:17,ATM_WITHDRAWAL,CREDIT,3069.1,UTILITIES,POS,PAYMENTS
TXN000004203,ACC0003545,2026-08-02 15:55:17,UPI,CREDIT,1758.4,TRANSFER,ATM,PAYMENTS
TXN000004204,ACC0004934,2026-01-26 06:48:47,NEFT,CREDIT,1289.56,ECOMMERCE,WEB,PAYMENTS
TXN000004205,ACC0003037,2026-09-22 11:32:10,CARD_PURCHASE,CREDIT,5360.4,UTILITIES,BRANCH,PAYMENTS
TXN000004206,ACC0001399,2026-07-09 12:29:20,ATM_WITHDRAWAL,DEBIT,8565.52,GROCERY,BRANCH,PAYMENTS
TXN000004207,ACC0004678,2026-08-07 07:59:03,CASH_DEPOSIT,DEBIT,730.48,UTILITIES,POS,PAYMENTS
TXN000004208,ACC0001100,2026-03-15 04:00:14,CASH_DEPOSIT,DEBIT,6689.33,TRANSFER,POS,PAYMENTS
TXN000004209,ACC0003728,2026-06-16 11:05:03,ATM_WITHDRAWAL,CREDIT,21246.66,FUEL,ATM,PAYMENTS
TXN000004210,ACC0004699,2026-04-27 22:34:26,NEFT,DEBIT,10354.37,TRAVEL,ATM,PAYMENTS
TXN000004211,ACC0001219,2026-03-12 08:33:19,UPI,DEBIT,2099.24,ECOMMERCE,BRANCH,PAYMENTS
TXN000004212,ACC0001325,2026-02-08 02:53:43,CARD_PURCHASE,CREDIT,528.5,TRANSFER,ATM,PAYMENTS
TXN000004213,ACC0001352,2026-03-09 20:35:47,ATM_WITHDRAWAL,DEBIT,3819.64,UTILITIES,WEB,PAYMENTS
TXN000004214,ACC0002849,2026-03-26 14:22:56,NEFT,DEBIT,753.67,CASH,POS,PAYMENTS
TXN000004215,ACC0004881,2026-01-27 21:36:27,NEFT,CREDIT,11963.91,CASH,MOBILE,PAYMENTS
TXN000004216,ACC0002399,2026-04-07 10:18:40,UPI,CREDIT,2148.27,UTILITIES,MOBILE,PAYMENTS
TXN000004217,ACC0001797,2026-07-25 20:36:06,CASH_DEPOSIT,CREDIT,1985.84,TRAVEL,ATM,PAYMENTS
TXN000004218,ACC0002620,2026-04-09 20:21:57,ATM_WITHDRAWAL,CREDIT,922.36,CASH,WEB,PAYMENTS
TXN000004219,ACC0002379,2026-03-29 23:59:36,IMPS,DEBIT,1016.57,UTILITIES,MOBILE,PAYMENTS
TXN000004220,ACC0000813,2026-01-02 13:59:30,CASH_DEPOSIT,DEBIT,2129.21,UTILITIES,BRANCH,PAYMENTS
TXN000004221,ACC0004488,2026-05-20 20:16:52,ATM_WITHDRAWAL,CREDIT,1708.03,TRAVEL,WEB,PAYMENTS
TXN000004222,ACC0002672,2026-08-30 23:02:18,NEFT,DEBIT,1461.77,UTILITIES,POS,PAYMENTS
TXN000004223,ACC0004731,2026-03-16 18:56:03,NEFT,DEBIT,1352.78,FUEL,BRANCH,PAYMENTS
TXN000004224,ACC0003669,2026-01-14 02:28:21,NEFT,DEBIT,16205.31,TRAVEL,POS,PAYMENTS
TXN000004225,ACC0004089,2026-03-28 06:31:58,CARD_PURCHASE,DEBIT,5118.7,CASH,WEB,PAYMENTS
TXN000004226,ACC0004629,2026-05-28 15:48:40,CARD_PURCHASE,DEBIT,6143.06,FUEL,WEB,PAYMENTS
TXN000004227,ACC0002893,2026-01-19 13:44:25,ATM_WITHDRAWAL,CREDIT,2939.72,UTILITIES,MOBILE,PAYMENTS
TXN000004228,ACC0002216,2026-08-19 05:49:12,UPI,CREDIT,6011.81,TRAVEL,POS,PAYMENTS
TXN000004229,ACC0003210,2026-07-23 05:15:51,CARD_PURCHASE,CREDIT,15237.6,FUEL,BRANCH,PAYMENTS
TXN000004230,ACC0000471,2026-08-10 09:07:23,ATM_WITHDRAWAL,CREDIT,21383.11,TRAVEL,ATM,PAYMENTS
TXN000004231,ACC0001009,2026-05-14 10:02:21,IMPS,CREDIT,3678.41,GROCERY,ATM,PAYMENTS
TXN000004232,ACC0004034,2026-03-24 02:47:17,IMPS,DEBIT,17570.29,UTILITIES,BRANCH,PAYMENTS
TXN000004233,ACC0003494,2026-01-08 03:18:35,CASH_DEPOSIT,DEBIT,5009.31,UTILITIES,MOBILE,PAYMENTS
TXN000004234,ACC0000030,2026-04-24 19:40:37,UPI,CREDIT,8286.41,ECOMMERCE,ATM,PAYMENTS
TXN000004235,ACC0002802,2026-09-12 15:31:26,IMPS,CREDIT,3832.35,GROCERY,BRANCH,PAYMENTS
TXN000004236,ACC0002251,2026-02-20 15:17:28,ATM_WITHDRAWAL,DEBIT,2092.26,GROCERY,MOBILE,PAYMENTS
TXN000004237,ACC0003862,2026-09-11 23:31:29,NEFT,DEBIT,1769.4,TRANSFER,POS,PAYMENTS
TXN000004238,ACC0003524,2026-05-21 04:21:07,ATM_WITHDRAWAL,CREDIT,7234.65,CASH,ATM,PAYMENTS
TXN000004239,ACC0004980,2026-08-14 10:41:30,UPI,CREDIT,1715.32,TRAVEL,MOBILE,PAYMENTS
TXN000004240,ACC0002052,2026-08-18 04:16:13,UPI,CREDIT,179.84,TRAVEL,BRANCH,PAYMENTS
TXN000004241,ACC0004634,2026-07-17 02:41:58,CARD_PURCHASE,DEBIT,3587.54,CASH,MOBILE,PAYMENTS
TXN000004242,ACC0000166,2026-07-15 15:03:55,NEFT,DEBIT,5604.92,FUEL,ATM,PAYMENTS
TXN000004243,ACC0001199,2026-07-01 10:25:17,UPI,DEBIT,26063.68,GROCERY,BRANCH,PAYMENTS
TXN000004244,ACC0000363,2026-04-30 12:15:16,IMPS,DEBIT,21724.56,TRAVEL,POS,PAYMENTS
TXN000004245,ACC0000928,2026-03-19 05:17:13,IMPS,CREDIT,5645.98,TRAVEL,POS,PAYMENTS
TXN000004246,ACC0000709,2026-03-06 19:16:06,NEFT,DEBIT,21504.44,TRAVEL,BRANCH,PAYMENTS
TXN000004247,ACC0002558,2026-04-29 18:07:18,CASH_DEPOSIT,CREDIT,34177.48,FUEL,WEB,PAYMENTS
TXN000004248,ACC0004138,2026-01-08 01:03:30,CASH_DEPOSIT,DEBIT,3366.8,CASH,ATM,PAYMENTS
TXN000004249,ACC0003671,2026-06-06 07:15:15,CARD_PURCHASE,CREDIT,7386.06,GROCERY,ATM,PAYMENTS
TXN000004250,ACC0001606,2026-06-25 14:27:16,UPI,DEBIT,6224.74,TRAVEL,MOBILE,PAYMENTS
TXN000004251,ACC0001959,2026-01-10 16:12:43,CASH_DEPOSIT,CREDIT,18345.07,GROCERY,POS,PAYMENTS
TXN000004252,ACC0003150,2026-09-16 08:52:01,ATM_WITHDRAWAL,CREDIT,7887.48,GROCERY,MOBILE,PAYMENTS
TXN000004253,ACC0004916,2026-04-11 17:24:29,UPI,DEBIT,659.99,UTILITIES,POS,PAYMENTS
TXN000004254,ACC0004343,2026-01-03 08:50:21,CARD_PURCHASE,DEBIT,4205.9,ECOMMERCE,BRANCH,PAYMENTS
TXN000004255,ACC0002126,2026-01-15 03:07:46,ATM_WITHDRAWAL,CREDIT,5157.34,GROCERY,BRANCH,PAYMENTS
TXN000004256,ACC0002641,2026-07-16 07:48:02,ATM_WITHDRAWAL,DEBIT,10077.0,TRAVEL,BRANCH,PAYMENTS
TXN000004257,ACC0002505,2026-09-11 00:37:30,ATM_WITHDRAWAL,CREDIT,20304.62,TRANSFER,ATM,PAYMENTS
TXN000004258,ACC0001314,2026-06-23 10:21:57,NEFT,DEBIT,5920.88,TRAVEL,BRANCH,PAYMENTS
TXN000004259,ACC0000806,2026-08-18 14:04:14,UPI,DEBIT,2869.62,GROCERY,ATM,PAYMENTS
TXN000004260,ACC0004760,2026-04-16 04:09:06,CASH_DEPOSIT,CREDIT,6931.25,TRANSFER,WEB,PAYMENTS
TXN000004261,ACC0001808,2026-03-31 23:24:06,CASH_DEPOSIT,DEBIT,3224.81,UTILITIES,POS,PAYMENTS
TXN000004262,ACC0004803,2026-06-21 05:24:03,UPI,CREDIT,1194.83,FUEL,BRANCH,PAYMENTS
TXN000004263,ACC0004636,2026-05-06 01:10:30,CASH_DEPOSIT,CREDIT,16819.38,UTILITIES,POS,PAYMENTS
TXN000004264,ACC0003067,2026-05-20 19:05:38,ATM_WITHDRAWAL,CREDIT,1975.35,FUEL,BRANCH,PAYMENTS
TXN000004265,ACC0003677,2026-01-11 14:19:39,NEFT,CREDIT,376.14,TRANSFER,MOBILE,PAYMENTS
TXN000004266,ACC0002168,2026-08-17 17:53:50,UPI,CREDIT,1133.71,FUEL,WEB,PAYMENTS
TXN000004267,ACC0003393,2026-02-19 23:52:28,CARD_PURCHASE,CREDIT,7402.23,GROCERY,POS,PAYMENTS
TXN000004268,ACC0000620,2026-01-23 01:58:09,IMPS,DEBIT,19299.96,UTILITIES,WEB,PAYMENTS
TXN000004269,ACC0001339,2026-04-11 12:52:43,CARD_PURCHASE,CREDIT,5784.9,GROCERY,BRANCH,PAYMENTS
TXN000004270,ACC0001028,2026-03-15 19:15:29,CARD_PURCHASE,DEBIT,82633.09,TRAVEL,POS,PAYMENTS
TXN000004271,ACC0001292,2026-06-02 01:23:51,UPI,CREDIT,735.3,FUEL,MOBILE,PAYMENTS
TXN000004272,ACC0001835,2026-01-15 07:24:59,IMPS,DEBIT,8409.72,UTILITIES,ATM,PAYMENTS
TXN000004273,ACC0001818,2026-01-30 08:48:22,IMPS,DEBIT,3917.93,UTILITIES,MOBILE,PAYMENTS
TXN000004274,ACC0003937,2026-08-08 00:08:42,CARD_PURCHASE,DEBIT,6124.02,GROCERY,ATM,PAYMENTS
TXN000004275,ACC0000296,2026-05-22 11:56:42,UPI,CREDIT,37125.09,FUEL,BRANCH,PAYMENTS
TXN000004276,ACC0002830,2026-05-31 11:12:39,NEFT,DEBIT,7685.89,TRAVEL,POS,PAYMENTS
TXN000004277,ACC0004111,2026-07-07 11:22:11,UPI,CREDIT,1372.54,TRANSFER,POS,PAYMENTS
TXN000004278,ACC0003566,2026-03-06 02:40:04,NEFT,DEBIT,4353.61,TRAVEL,MOBILE,PAYMENTS
TXN000004279,ACC0003249,2026-02-15 14:07:17,CASH_DEPOSIT,CREDIT,4314.1,ECOMMERCE,ATM,PAYMENTS
TXN000004280,ACC0004605,2026-01-24 23:08:22,CASH_DEPOSIT,DEBIT,942.31,TRAVEL,POS,PAYMENTS
TXN000004281,ACC0002768,2026-03-22 11:36:22,CARD_PURCHASE,DEBIT,16598.22,ECOMMERCE,POS,PAYMENTS
TXN000004282,ACC0001971,2026-09-13 11:44:55,ATM_WITHDRAWAL,CREDIT,2268.32,FUEL,MOBILE,PAYMENTS
TXN000004283,ACC0003608,2026-09-03 05:44:56,NEFT,CREDIT,1307.98,TRAVEL,MOBILE,PAYMENTS
TXN000004284,ACC0000877,2026-04-09 21:10:15,CARD_PURCHASE,DEBIT,3572.37,ECOMMERCE,ATM,PAYMENTS
TXN000004285,ACC0004898,2026-01-10 06:42:41,NEFT,CREDIT,7766.91,CASH,POS,PAYMENTS
TXN000004286,ACC0000012,2026-03-23 20:45:50,UPI,DEBIT,4090.21,UTILITIES,ATM,PAYMENTS
TXN000004287,ACC0003195,2026-02-03 00:09:27,NEFT,CREDIT,15413.65,TRAVEL,WEB,PAYMENTS
TXN000004288,ACC0002667,2026-08-31 02:16:08,UPI,CREDIT,3562.49,FUEL,MOBILE,PAYMENTS
TXN000004289,ACC0003331,2026-06-07 15:31:10,CASH_DEPOSIT,DEBIT,1766.41,CASH,POS,PAYMENTS
TXN000004290,ACC0001099,2026-09-21 01:07:19,UPI,CREDIT,5668.31,UTILITIES,WEB,PAYMENTS
TXN000004291,ACC0000477,2026-01-13 23:21:31,IMPS,DEBIT,2334.17,TRANSFER,POS,PAYMENTS
TXN000004292,ACC0001799,2026-07-21 22:45:18,CASH_DEPOSIT,CREDIT,3247.89,UTILITIES,BRANCH,PAYMENTS
TXN000004293,ACC0003608,2026-07-24 07:21:53,ATM_WITHDRAWAL,DEBIT,5556.3,TRAVEL,WEB,PAYMENTS
TXN000004294,ACC0002040,2026-08-24 01:48:40,CARD_PURCHASE,DEBIT,17916.88,TRAVEL,POS,PAYMENTS
TXN000004295,ACC0003966,2026-01-29 19:45:08,NEFT,CREDIT,4891.43,FUEL,WEB,PAYMENTS
TXN000004296,ACC0001320,2026-04-08 04:55:33,NEFT,CREDIT,14318.44,GROCERY,ATM,PAYMENTS
TXN000004297,ACC0000553,2026-03-10 03:43:26,ATM_WITHDRAWAL,CREDIT,1291.16,TRAVEL,WEB,PAYMENTS
TXN000004298,ACC0001480,2026-07-31 14:58:44,IMPS,DEBIT,2559.21,FUEL,MOBILE,PAYMENTS
TXN000004299,ACC0002073,2026-06-26 19:25:37,CASH_DEPOSIT,CREDIT,6930.31,CASH,POS,PAYMENTS
TXN000004300,ACC0003298,2026-03-05 04:45:58,CASH_DEPOSIT,DEBIT,5544.22,TRAVEL,MOBILE,PAYMENTS
TXN000004301,ACC0000848,2026-09-02 08:48:38,UPI,CREDIT,2089.91,TRANSFER,MOBILE,PAYMENTS
TXN000004302,ACC0002795,2026-06-10 04:41:45,IMPS,DEBIT,7885.87,TRAVEL,MOBILE,PAYMENTS
TXN000004303,ACC0003962,2026-03-09 20:52:58,NEFT,DEBIT,16124.65,ECOMMERCE,ATM,PAYMENTS
TXN000004304,ACC0003305,2026-05-12 16:55:24,IMPS,DEBIT,4381.6,CASH,MOBILE,PAYMENTS
TXN000004305,ACC0001405,2026-07-26 16:39:34,NEFT,CREDIT,552.83,TRAVEL,ATM,PAYMENTS
TXN000004306,ACC0001272,2026-09-06 00:21:12,UPI,DEBIT,3197.47,CASH,ATM,PAYMENTS
TXN000004307,ACC0000954,2026-03-03 04:39:54,CASH_DEPOSIT,DEBIT,5301.55,TRAVEL,BRANCH,PAYMENTS
TXN000004308,ACC0004995,2026-01-03 04:07:49,IMPS,CREDIT,8234.42,GROCERY,WEB,PAYMENTS
TXN000004309,ACC0004649,2026-05-09 21:10:19,NEFT,DEBIT,2560.41,GROCERY,POS,PAYMENTS
TXN000004310,ACC0001519,2026-09-06 19:01:21,NEFT,DEBIT,8062.01,TRANSFER,POS,PAYMENTS
TXN000004311,ACC0000596,2026-05-20 20:52:30,CARD_PURCHASE,CREDIT,9766.23,TRAVEL,BRANCH,PAYMENTS
TXN000004312,ACC0001193,2026-07-07 07:10:43,CARD_PURCHASE,CREDIT,1034.88,UTILITIES,ATM,PAYMENTS
TXN000004313,ACC0000087,2026-08-18 10:33:04,ATM_WITHDRAWAL,DEBIT,7368.56,FUEL,MOBILE,PAYMENTS
TXN000004314,ACC0003828,2026-06-05 16:10:42,ATM_WITHDRAWAL,CREDIT,4381.53,UTILITIES,ATM,PAYMENTS
TXN000004315,ACC0002309,2026-04-21 05:00:02,IMPS,CREDIT,12459.86,UTILITIES,ATM,PAYMENTS
TXN000004316,ACC0002343,2026-09-17 09:17:38,CARD_PURCHASE,DEBIT,1769.99,CASH,MOBILE,PAYMENTS
TXN000004317,ACC0001687,2026-02-02 05:09:30,CARD_PURCHASE,DEBIT,3765.76,TRANSFER,WEB,PAYMENTS
TXN000004318,ACC0001594,2026-03-18 16:09:24,CARD_PURCHASE,CREDIT,3896.97,UTILITIES,MOBILE,PAYMENTS
TXN000004319,ACC0004453,2026-03-25 21:52:47,CASH_DEPOSIT,CREDIT,2446.16,TRAVEL,MOBILE,PAYMENTS
TXN000004320,ACC0004019,2026-05-18 18:12:01,CARD_PURCHASE,DEBIT,15213.01,TRAVEL,POS,PAYMENTS
TXN000004321,ACC0002464,2026-06-09 12:24:39,UPI,DEBIT,18120.47,UTILITIES,ATM,PAYMENTS
TXN000004322,ACC0002829,2026-02-22 14:46:01,CASH_DEPOSIT,DEBIT,10768.6,ECOMMERCE,POS,PAYMENTS
TXN000004323,ACC0002091,2026-04-18 10:46:26,ATM_WITHDRAWAL,CREDIT,3584.3,GROCERY,WEB,PAYMENTS
TXN000004324,ACC0000027,2026-08-02 01:31:51,CASH_DEPOSIT,CREDIT,8528.87,TRAVEL,MOBILE,PAYMENTS
TXN000004325,ACC0001441,2026-08-26 18:51:23,ATM_WITHDRAWAL,DEBIT,4022.04,ECOMMERCE,WEB,PAYMENTS
TXN000004326,ACC0002130,2026-09-01 09:39:12,NEFT,DEBIT,9451.73,UTILITIES,BRANCH,PAYMENTS
TXN000004327,ACC0001977,2026-03-12 09:23:51,IMPS,DEBIT,493.31,UTILITIES,ATM,PAYMENTS
TXN000004328,ACC0004923,2026-07-29 10:17:06,ATM_WITHDRAWAL,CREDIT,9082.45,GROCERY,WEB,PAYMENTS
TXN000004329,ACC0001200,2026-01-08 17:12:36,CASH_DEPOSIT,CREDIT,1056.17,ECOMMERCE,POS,PAYMENTS
TXN000004330,ACC0001958,2026-04-18 22:11:45,NEFT,CREDIT,1041.26,GROCERY,MOBILE,PAYMENTS
TXN000004331,ACC0000268,2026-04-04 20:12:01,IMPS,CREDIT,1178.47,TRANSFER,POS,PAYMENTS
TXN000004332,ACC0000090,2026-03-18 12:29:33,NEFT,CREDIT,43991.74,TRANSFER,MOBILE,PAYMENTS
TXN000004333,ACC0001550,2026-08-04 02:13:40,IMPS,DEBIT,1815.35,CASH,WEB,PAYMENTS
TXN000004334,ACC0004520,2026-07-02 13:15:46,ATM_WITHDRAWAL,CREDIT,817.81,GROCERY,MOBILE,PAYMENTS
TXN000004335,ACC0004923,2026-06-01 07:45:58,IMPS,CREDIT,2547.73,ECOMMERCE,POS,PAYMENTS
TXN000004336,ACC0004923,2026-02-21 22:47:04,ATM_WITHDRAWAL,CREDIT,7591.8,TRAVEL,BRANCH,PAYMENTS
TXN000004337,ACC0003258,2026-05-25 10:24:31,CASH_DEPOSIT,CREDIT,1593.47,UTILITIES,WEB,PAYMENTS
TXN000004338,ACC0004257,2026-04-05 12:45:28,CARD_PURCHASE,DEBIT,3019.69,CASH,POS,PAYMENTS
TXN000004339,ACC0001463,2026-01-03 06:27:11,ATM_WITHDRAWAL,CREDIT,4163.4,UTILITIES,MOBILE,PAYMENTS
TXN000004340,ACC0004768,2026-01-17 05:48:29,NEFT,DEBIT,927.16,UTILITIES,ATM,PAYMENTS
TXN000004341,ACC0001291,2026-09-10 01:33:29,IMPS,CREDIT,10692.22,UTILITIES,POS,PAYMENTS
TXN000004342,ACC0001832,2026-04-28 11:34:26,NEFT,DEBIT,10475.94,TRANSFER,POS,PAYMENTS
TXN000004343,ACC0002581,2026-09-18 00:16:52,CASH_DEPOSIT,CREDIT,7626.72,UTILITIES,POS,PAYMENTS
TXN000004344,ACC0001694,2026-03-15 01:44:50,CARD_PURCHASE,CREDIT,21991.31,CASH,BRANCH,PAYMENTS
TXN000004345,ACC0003928,2026-02-20 01:03:04,ATM_WITHDRAWAL,CREDIT,3003.59,FUEL,BRANCH,PAYMENTS
TXN000004346,ACC0003693,2026-04-15 22:37:48,UPI,CREDIT,5325.12,ECOMMERCE,BRANCH,PAYMENTS
TXN000004347,ACC0000122,2026-04-21 04:57:15,IMPS,DEBIT,3094.33,ECOMMERCE,ATM,PAYMENTS
TXN000004348,ACC0001604,2026-03-09 19:46:18,CASH_DEPOSIT,DEBIT,13416.43,ECOMMERCE,MOBILE,PAYMENTS
TXN000004349,ACC0003280,2026-01-29 22:17:15,NEFT,DEBIT,6118.29,TRANSFER,ATM,PAYMENTS
TXN000004350,ACC0002247,2026-07-07 10:21:03,CASH_DEPOSIT,CREDIT,36363.47,FUEL,BRANCH,PAYMENTS
TXN000004351,ACC0001995,2026-02-20 08:08:20,UPI,DEBIT,6259.5,TRANSFER,BRANCH,PAYMENTS
TXN000004352,ACC0000514,2026-07-12 20:53:03,ATM_WITHDRAWAL,CREDIT,7623.26,CASH,POS,PAYMENTS
TXN000004353,ACC0001373,2026-01-05 01:33:39,IMPS,DEBIT,8599.62,FUEL,MOBILE,PAYMENTS
TXN000004354,ACC0000460,2026-03-24 22:52:45,NEFT,DEBIT,17281.44,FUEL,WEB,PAYMENTS
TXN000004355,ACC0003291,2026-01-11 06:09:13,UPI,DEBIT,56473.97,ECOMMERCE,BRANCH,PAYMENTS
TXN000004356,ACC0000414,2026-03-30 20:17:12,ATM_WITHDRAWAL,DEBIT,2845.52,TRANSFER,ATM,PAYMENTS
TXN000004357,ACC0002375,2026-04-19 00:43:00,IMPS,CREDIT,4412.1,CASH,ATM,PAYMENTS
TXN000004358,ACC0003360,2026-08-30 13:55:08,IMPS,CREDIT,8684.94,UTILITIES,BRANCH,PAYMENTS
TXN000004359,ACC0002065,2026-07-05 02:33:46,IMPS,CREDIT,1736.65,TRANSFER,MOBILE,PAYMENTS
TXN000004360,ACC0003002,2026-01-29 21:39:24,CASH_DEPOSIT,CREDIT,2810.72,CASH,MOBILE,PAYMENTS
TXN000004361,ACC0000962,2026-03-09 19:18:11,IMPS,CREDIT,2097.33,GROCERY,BRANCH,PAYMENTS
TXN000004362,ACC0003418,2026-03-31 21:34:20,IMPS,CREDIT,5374.68,TRAVEL,BRANCH,PAYMENTS
TXN000004363,ACC0003093,2026-03-19 15:25:18,CARD_PURCHASE,DEBIT,1370.91,TRANSFER,ATM,PAYMENTS
TXN000004364,ACC0000314,2026-05-18 19:22:45,ATM_WITHDRAWAL,DEBIT,3246.94,ECOMMERCE,MOBILE,PAYMENTS
TXN000004365,ACC0000840,2026-05-25 16:21:16,IMPS,DEBIT,1104.53,TRAVEL,BRANCH,PAYMENTS
TXN000004366,ACC0004215,2026-07-15 05:56:30,UPI,DEBIT,4730.65,TRANSFER,WEB,PAYMENTS
TXN000004367,ACC0002876,2026-03-21 09:28:15,CASH_DEPOSIT,DEBIT,5291.34,FUEL,WEB,PAYMENTS
TXN000004368,ACC0001795,2026-08-02 09:00:20,CASH_DEPOSIT,DEBIT,2941.57,TRAVEL,MOBILE,PAYMENTS
TXN000004369,ACC0001736,2026-08-06 04:31:47,ATM_WITHDRAWAL,CREDIT,2617.98,TRAVEL,POS,PAYMENTS
TXN000004370,ACC0002730,2026-05-11 04:44:22,CASH_DEPOSIT,CREDIT,7760.0,UTILITIES,ATM,PAYMENTS
TXN000004371,ACC0002338,2026-08-21 23:22:48,UPI,CREDIT,1181.38,TRANSFER,MOBILE,PAYMENTS
TXN000004372,ACC0000714,2026-04-22 23:47:31,IMPS,DEBIT,8146.58,GROCERY,ATM,PAYMENTS
TXN000004373,ACC0001623,2026-08-25 10:25:36,UPI,DEBIT,295.72,TRAVEL,BRANCH,PAYMENTS
TXN000004374,ACC0002139,2026-06-09 10:37:06,CARD_PURCHASE,DEBIT,1552.9,FUEL,ATM,PAYMENTS
TXN000004375,ACC0004003,2026-06-07 06:58:30,CARD_PURCHASE,CREDIT,6125.57,ECOMMERCE,WEB,PAYMENTS
TXN000004376,ACC0001641,2026-05-24 03:27:00,UPI,DEBIT,1389.0,TRAVEL,MOBILE,PAYMENTS
TXN000004377,ACC0003558,2026-06-22 01:05:17,UPI,DEBIT,3394.29,CASH,MOBILE,PAYMENTS
TXN000004378,ACC0001721,2026-02-11 10:32:33,IMPS,DEBIT,24738.42,CASH,MOBILE,PAYMENTS
TXN000004379,ACC0001892,2026-05-31 02:23:37,CASH_DEPOSIT,DEBIT,13168.03,ECOMMERCE,ATM,PAYMENTS
TXN000004380,ACC0004431,2026-03-21 14:49:16,UPI,DEBIT,7395.01,CASH,POS,PAYMENTS
TXN000004381,ACC0002275,2026-05-23 16:23:20,IMPS,DEBIT,1119.97,TRAVEL,MOBILE,PAYMENTS
TXN000004382,ACC0000084,2026-04-28 07:59:23,UPI,DEBIT,13803.21,UTILITIES,ATM,PAYMENTS
TXN000004383,ACC0002062,2026-03-02 22:08:34,IMPS,CREDIT,2525.69,UTILITIES,WEB,PAYMENTS
TXN000004384,ACC0004094,2026-03-03 02:18:08,ATM_WITHDRAWAL,CREDIT,477.0,FUEL,ATM,PAYMENTS
TXN000004385,ACC0000296,2026-03-20 02:13:17,ATM_WITHDRAWAL,DEBIT,4466.03,TRANSFER,ATM,PAYMENTS
TXN000004386,ACC0000133,2026-04-10 21:34:17,CASH_DEPOSIT,CREDIT,17605.6,FUEL,MOBILE,PAYMENTS
TXN000004387,ACC0002248,2026-01-18 07:04:49,UPI,DEBIT,47346.31,GROCERY,ATM,PAYMENTS
TXN000004388,ACC0002926,2026-09-18 15:13:11,CARD_PURCHASE,DEBIT,692.18,ECOMMERCE,BRANCH,PAYMENTS
TXN000004389,ACC0003873,2026-06-26 03:22:44,IMPS,CREDIT,3228.97,ECOMMERCE,POS,PAYMENTS
TXN000004390,ACC0001257,2026-04-29 05:13:50,ATM_WITHDRAWAL,CREDIT,543.68,UTILITIES,MOBILE,PAYMENTS
TXN000004391,ACC0000520,2026-03-08 21:53:12,ATM_WITHDRAWAL,CREDIT,1355.43,ECOMMERCE,WEB,PAYMENTS
TXN000004392,ACC0003219,2026-03-17 12:52:23,ATM_WITHDRAWAL,CREDIT,689.52,GROCERY,ATM,PAYMENTS
TXN000004393,ACC0004742,2026-02-23 18:39:51,UPI,CREDIT,3399.09,ECOMMERCE,POS,PAYMENTS
TXN000004394,ACC0002606,2026-03-11 19:08:49,CASH_DEPOSIT,CREDIT,8689.76,ECOMMERCE,MOBILE,PAYMENTS
TXN000004395,ACC0001044,2026-03-10 16:58:05,ATM_WITHDRAWAL,DEBIT,15383.63,TRANSFER,WEB,PAYMENTS
TXN000004396,ACC0003123,2026-04-08 10:12:12,UPI,CREDIT,1004.91,UTILITIES,POS,PAYMENTS
TXN000004397,ACC0003572,2026-01-13 22:51:17,CASH_DEPOSIT,DEBIT,1128.8,UTILITIES,MOBILE,PAYMENTS
TXN000004398,ACC0000253,2026-01-28 17:02:52,IMPS,CREDIT,17339.05,CASH,MOBILE,PAYMENTS
TXN000004399,ACC0002638,2026-03-23 00:15:18,CARD_PURCHASE,DEBIT,2177.47,TRAVEL,WEB,PAYMENTS
TXN000004400,ACC0004924,2026-02-02 22:16:24,IMPS,CREDIT,5996.45,UTILITIES,ATM,PAYMENTS
TXN000004401,ACC0004785,2026-04-23 11:36:20,UPI,CREDIT,3468.52,FUEL,POS,PAYMENTS
TXN000004402,ACC0003414,2026-07-26 03:21:50,CARD_PURCHASE,CREDIT,1467.23,TRAVEL,POS,PAYMENTS
TXN000004403,ACC0004480,2026-06-30 21:42:53,CASH_DEPOSIT,DEBIT,1284.54,TRAVEL,ATM,PAYMENTS
TXN000004404,ACC0002176,2026-08-08 15:28:53,CASH_DEPOSIT,CREDIT,4624.25,FUEL,POS,PAYMENTS
TXN000004405,ACC0003661,2026-01-09 06:33:59,ATM_WITHDRAWAL,CREDIT,1226.64,UTILITIES,BRANCH,PAYMENTS
TXN000004406,ACC0002613,2026-05-30 20:59:50,CARD_PURCHASE,CREDIT,14871.46,FUEL,BRANCH,PAYMENTS
TXN000004407,ACC0000533,2026-06-14 12:29:58,CASH_DEPOSIT,CREDIT,2348.91,TRANSFER,BRANCH,PAYMENTS
TXN000004408,ACC0003743,2026-02-16 15:56:37,CASH_DEPOSIT,CREDIT,2994.75,TRAVEL,WEB,PAYMENTS
TXN000004409,ACC0001276,2026-02-08 21:28:22,CARD_PURCHASE,CREDIT,1009.63,CASH,WEB,PAYMENTS
TXN000004410,ACC0001863,2026-09-11 12:48:51,NEFT,DEBIT,25770.66,CASH,POS,PAYMENTS
TXN000004411,ACC0000587,2026-05-30 05:17:51,UPI,DEBIT,1568.5,GROCERY,WEB,PAYMENTS
TXN000004412,ACC0003088,2026-01-24 15:26:56,ATM_WITHDRAWAL,CREDIT,2945.87,TRANSFER,MOBILE,PAYMENTS
TXN000004413,ACC0001756,2026-09-13 23:35:41,IMPS,CREDIT,2741.45,UTILITIES,POS,PAYMENTS
TXN000004414,ACC0004526,2026-05-13 09:10:12,CASH_DEPOSIT,CREDIT,1292.34,ECOMMERCE,ATM,PAYMENTS
TXN000004415,ACC0003654,2026-09-07 01:15:36,NEFT,DEBIT,10263.75,TRAVEL,BRANCH,PAYMENTS
TXN000004416,ACC0003641,2026-06-20 14:50:27,IMPS,CREDIT,7705.03,GROCERY,WEB,PAYMENTS
TXN000004417,ACC0003408,2026-02-11 09:07:02,NEFT,DEBIT,1052.96,CASH,MOBILE,PAYMENTS
TXN000004418,ACC0003490,2026-06-07 07:11:14,ATM_WITHDRAWAL,DEBIT,39237.59,GROCERY,BRANCH,PAYMENTS
TXN000004419,ACC0001142,2026-03-22 18:49:52,NEFT,CREDIT,8764.69,GROCERY,ATM,PAYMENTS
TXN000004420,ACC0001599,2026-01-24 09:54:22,NEFT,DEBIT,1764.63,ECOMMERCE,MOBILE,PAYMENTS
TXN000004421,ACC0003258,2026-08-16 18:46:31,ATM_WITHDRAWAL,CREDIT,2693.3,ECOMMERCE,WEB,PAYMENTS
TXN000004422,ACC0001217,2026-03-03 07:29:39,UPI,CREDIT,6661.85,TRANSFER,ATM,PAYMENTS
TXN000004423,ACC0003300,2026-03-13 01:02:20,IMPS,DEBIT,2939.49,CASH,ATM,PAYMENTS
TXN000004424,ACC0001956,2026-01-07 08:05:57,NEFT,CREDIT,7796.64,FUEL,WEB,PAYMENTS
TXN000004425,ACC0001500,2026-01-06 13:43:08,CASH_DEPOSIT,CREDIT,3035.72,UTILITIES,ATM,PAYMENTS
TXN000004426,ACC0003554,2026-03-09 04:37:54,IMPS,CREDIT,1544.02,TRAVEL,ATM,PAYMENTS
TXN000004427,ACC0001267,2026-07-18 18:15:11,UPI,CREDIT,4736.61,UTILITIES,MOBILE,PAYMENTS
TXN000004428,ACC0003541,2026-05-23 07:54:26,CASH_DEPOSIT,DEBIT,2908.82,TRAVEL,POS,PAYMENTS
TXN000004429,ACC0002066,2026-01-31 02:43:52,UPI,DEBIT,7273.11,ECOMMERCE,MOBILE,PAYMENTS
TXN000004430,ACC0004476,2026-02-25 09:06:29,UPI,CREDIT,1665.6,GROCERY,BRANCH,PAYMENTS
TXN000004431,ACC0003480,2026-05-14 00:40:16,UPI,CREDIT,1947.26,TRANSFER,MOBILE,PAYMENTS
TXN000004432,ACC0000962,2026-01-14 16:37:56,ATM_WITHDRAWAL,CREDIT,634.4,FUEL,POS,PAYMENTS
TXN000004433,ACC0001222,2026-09-05 05:00:31,UPI,DEBIT,1637.73,CASH,MOBILE,PAYMENTS
TXN000004434,ACC0000603,2026-05-15 21:41:21,NEFT,DEBIT,6884.61,CASH,POS,PAYMENTS
TXN000004435,ACC0003447,2026-05-02 03:38:55,IMPS,CREDIT,23012.69,CASH,BRANCH,PAYMENTS
TXN000004436,ACC0003689,2026-08-27 20:53:39,CARD_PURCHASE,CREDIT,10387.81,TRANSFER,WEB,PAYMENTS
TXN000004437,ACC0001377,2026-05-18 16:14:49,IMPS,CREDIT,5030.06,GROCERY,MOBILE,PAYMENTS
TXN000004438,ACC0002068,2026-03-05 08:32:27,NEFT,DEBIT,3591.31,CASH,WEB,PAYMENTS
TXN000004439,ACC0003769,2026-06-01 19:58:19,NEFT,CREDIT,3122.5,GROCERY,ATM,PAYMENTS
TXN000004440,ACC0001570,2026-08-31 12:56:17,UPI,CREDIT,14255.04,ECOMMERCE,BRANCH,PAYMENTS
TXN000004441,ACC0001502,2026-09-22 07:51:26,IMPS,DEBIT,64483.26,FUEL,BRANCH,PAYMENTS
TXN000004442,ACC0001706,2026-03-21 13:25:05,CARD_PURCHASE,CREDIT,1074.03,CASH,MOBILE,PAYMENTS
TXN000004443,ACC0003649,2026-05-20 12:22:09,CARD_PURCHASE,DEBIT,46071.95,ECOMMERCE,POS,PAYMENTS
TXN000004444,ACC0002451,2026-06-29 17:08:48,IMPS,CREDIT,4621.74,ECOMMERCE,BRANCH,PAYMENTS
TXN000004445,ACC0004083,2026-06-07 08:31:45,NEFT,CREDIT,1003.38,UTILITIES,MOBILE,PAYMENTS
TXN000004446,ACC0003925,2026-02-20 20:28:32,CASH_DEPOSIT,CREDIT,3810.25,TRANSFER,POS,PAYMENTS
TXN000004447,ACC0002120,2026-06-24 18:26:33,CARD_PURCHASE,DEBIT,5880.45,ECOMMERCE,BRANCH,PAYMENTS
TXN000004448,ACC0003390,2026-03-11 23:20:43,NEFT,CREDIT,2135.26,CASH,POS,PAYMENTS
TXN000004449,ACC0004410,2026-02-19 18:25:59,IMPS,CREDIT,903.3,TRANSFER,ATM,PAYMENTS
TXN000004450,ACC0001749,2026-08-05 19:39:07,NEFT,DEBIT,1585.96,GROCERY,WEB,PAYMENTS
TXN000004451,ACC0001604,2026-02-23 23:56:40,NEFT,CREDIT,6375.13,TRAVEL,MOBILE,PAYMENTS
TXN000004452,ACC0001577,2026-03-18 01:45:54,CASH_DEPOSIT,CREDIT,3113.46,TRANSFER,ATM,PAYMENTS
TXN000004453,ACC0000156,2026-04-27 23:54:04,IMPS,CREDIT,809.67,ECOMMERCE,WEB,PAYMENTS
TXN000004454,ACC0001320,2026-05-27 13:40:58,NEFT,DEBIT,1666.04,TRAVEL,MOBILE,PAYMENTS
TXN000004455,ACC0000403,2026-07-16 09:38:39,CARD_PURCHASE,CREDIT,3680.29,FUEL,POS,PAYMENTS
TXN000004456,ACC0002530,2026-03-22 22:01:51,ATM_WITHDRAWAL,DEBIT,2362.41,ECOMMERCE,BRANCH,PAYMENTS
TXN000004457,ACC0002493,2026-02-07 14:22:26,IMPS,CREDIT,3431.84,UTILITIES,ATM,PAYMENTS
TXN000004458,ACC0002142,2026-06-16 10:54:41,ATM_WITHDRAWAL,CREDIT,4809.24,ECOMMERCE,WEB,PAYMENTS
TXN000004459,ACC0004695,2026-06-26 08:24:35,IMPS,CREDIT,2388.53,GROCERY,BRANCH,PAYMENTS
TXN000004460,ACC0001524,2026-08-02 20:02:51,NEFT,CREDIT,1338.98,CASH,MOBILE,PAYMENTS
TXN000004461,ACC0004657,2026-09-20 09:15:51,NEFT,DEBIT,4383.55,ECOMMERCE,MOBILE,PAYMENTS
TXN000004462,ACC0004622,2026-09-15 03:35:15,CASH_DEPOSIT,CREDIT,889.05,GROCERY,ATM,PAYMENTS
TXN000004463,ACC0001803,2026-02-08 09:59:15,ATM_WITHDRAWAL,CREDIT,2938.04,ECOMMERCE,MOBILE,PAYMENTS
TXN000004464,ACC0000309,2026-08-09 17:53:13,IMPS,CREDIT,970.86,FUEL,WEB,PAYMENTS
TXN000004465,ACC0004056,2026-05-22 06:59:03,CARD_PURCHASE,DEBIT,1944.8,GROCERY,ATM,PAYMENTS
TXN000004466,ACC0001513,2026-05-11 18:14:05,NEFT,DEBIT,1289.48,FUEL,ATM,PAYMENTS
TXN000004467,ACC0000581,2026-01-28 03:26:43,CASH_DEPOSIT,CREDIT,7498.95,UTILITIES,WEB,PAYMENTS
TXN000004468,ACC0000438,2026-07-25 14:27:41,ATM_WITHDRAWAL,CREDIT,2032.34,FUEL,POS,PAYMENTS
TXN000004469,ACC0000101,2026-06-25 19:19:07,UPI,CREDIT,2649.88,UTILITIES,ATM,PAYMENTS
TXN000004470,ACC0003443,2026-06-29 15:26:54,CARD_PURCHASE,DEBIT,374.51,UTILITIES,BRANCH,PAYMENTS
TXN000004471,ACC0004803,2026-05-04 05:07:16,UPI,DEBIT,2366.73,UTILITIES,WEB,PAYMENTS
TXN000004472,ACC0004295,2026-07-22 03:01:46,CASH_DEPOSIT,DEBIT,2989.31,TRANSFER,MOBILE,PAYMENTS
TXN000004473,ACC0001411,2026-06-25 01:15:41,NEFT,CREDIT,421.22,GROCERY,POS,PAYMENTS
TXN000004474,ACC0001254,2026-04-09 18:14:08,CARD_PURCHASE,DEBIT,1721.03,ECOMMERCE,WEB,PAYMENTS
TXN000004475,ACC0003575,2026-03-02 17:58:50,CASH_DEPOSIT,CREDIT,1674.12,FUEL,MOBILE,PAYMENTS
TXN000004476,ACC0004864,2026-07-03 05:30:42,IMPS,DEBIT,3490.47,TRANSFER,ATM,PAYMENTS
TXN000004477,ACC0003660,2026-07-29 06:25:26,IMPS,CREDIT,8817.83,ECOMMERCE,MOBILE,PAYMENTS
TXN000004478,ACC0002992,2026-05-18 17:21:20,CASH_DEPOSIT,DEBIT,1846.34,FUEL,MOBILE,PAYMENTS
TXN000004479,ACC0001047,2026-03-29 21:55:32,CASH_DEPOSIT,CREDIT,21648.02,CASH,WEB,PAYMENTS
TXN000004480,ACC0000491,2026-05-11 14:31:20,CARD_PURCHASE,DEBIT,1930.37,TRANSFER,MOBILE,PAYMENTS
TXN000004481,ACC0004698,2026-08-27 20:40:19,UPI,CREDIT,5234.18,CASH,MOBILE,PAYMENTS
TXN000004482,ACC0000433,2026-05-14 03:15:03,CASH_DEPOSIT,CREDIT,6466.79,FUEL,ATM,PAYMENTS
TXN000004483,ACC0001125,2026-05-23 05:31:05,IMPS,DEBIT,560.14,FUEL,POS,PAYMENTS
TXN000004484,ACC0002342,2026-01-13 08:35:45,CASH_DEPOSIT,CREDIT,15498.81,ECOMMERCE,WEB,PAYMENTS
TXN000004485,ACC0004814,2026-08-05 07:14:25,CASH_DEPOSIT,DEBIT,4018.04,TRANSFER,ATM,PAYMENTS
TXN000004486,ACC0003629,2026-08-06 06:27:00,CARD_PURCHASE,CREDIT,2773.64,UTILITIES,MOBILE,PAYMENTS
TXN000004487,ACC0004746,2026-01-30 23:47:23,NEFT,CREDIT,4159.87,TRANSFER,WEB,PAYMENTS
TXN000004488,ACC0003727,2026-02-22 21:03:29,UPI,DEBIT,5422.56,TRANSFER,POS,PAYMENTS
TXN000004489,ACC0004530,2026-05-18 17:49:14,CASH_DEPOSIT,CREDIT,10577.58,UTILITIES,POS,PAYMENTS
TXN000004490,ACC0000534,2026-07-20 10:45:58,UPI,DEBIT,695.52,ECOMMERCE,MOBILE,PAYMENTS
TXN000004491,ACC0003583,2026-06-07 04:31:22,UPI,CREDIT,3487.85,TRAVEL,ATM,PAYMENTS
TXN000004492,ACC0002868,2026-05-10 19:52:43,CASH_DEPOSIT,CREDIT,583.38,FUEL,POS,PAYMENTS
TXN000004493,ACC0001198,2026-03-11 11:37:08,ATM_WITHDRAWAL,DEBIT,10039.19,ECOMMERCE,WEB,PAYMENTS
TXN000004494,ACC0004244,2026-08-19 07:56:44,CARD_PURCHASE,CREDIT,6232.62,ECOMMERCE,BRANCH,PAYMENTS
TXN000004495,ACC0003097,2026-03-08 04:10:58,CARD_PURCHASE,DEBIT,4222.77,FUEL,POS,PAYMENTS
TXN000004496,ACC0000376,2026-02-11 00:20:55,IMPS,DEBIT,8321.92,CASH,ATM,PAYMENTS
TXN000004497,ACC0001326,2026-05-27 16:32:03,ATM_WITHDRAWAL,DEBIT,1297.25,UTILITIES,ATM,PAYMENTS
TXN000004498,ACC0004229,2026-01-16 14:44:39,ATM_WITHDRAWAL,CREDIT,2169.76,CASH,WEB,PAYMENTS
TXN000004499,ACC0003464,2026-09-04 16:56:29,CARD_PURCHASE,CREDIT,8077.55,TRAVEL,ATM,PAYMENTS
TXN000004500,ACC0003977,2026-07-04 21:37:39,NEFT,CREDIT,5851.17,GROCERY,ATM,PAYMENTS
TXN000004501,ACC0000885,2026-02-20 07:59:44,UPI,DEBIT,615.29,TRANSFER,BRANCH,PAYMENTS
TXN000004502,ACC0004427,2026-09-07 01:00:57,CASH_DEPOSIT,CREDIT,9029.47,UTILITIES,POS,PAYMENTS
TXN000004503,ACC0001397,2026-07-26 00:17:35,CASH_DEPOSIT,DEBIT,1921.6,ECOMMERCE,ATM,PAYMENTS
TXN000004504,ACC0002352,2026-06-17 17:47:09,IMPS,CREDIT,10758.47,TRAVEL,ATM,PAYMENTS
TXN000004505,ACC0004280,2026-05-19 03:46:29,NEFT,DEBIT,4863.8,GROCERY,POS,PAYMENTS
TXN000004506,ACC0001002,2026-03-02 02:59:19,IMPS,DEBIT,34156.7,UTILITIES,BRANCH,PAYMENTS
TXN000004507,ACC0000519,2026-02-07 07:40:22,ATM_WITHDRAWAL,DEBIT,1634.01,TRAVEL,POS,PAYMENTS
TXN000004508,ACC0003658,2026-05-19 12:53:55,CARD_PURCHASE,CREDIT,468.28,CASH,ATM,PAYMENTS
TXN000004509,ACC0000877,2026-03-21 08:16:17,UPI,DEBIT,5921.51,UTILITIES,POS,PAYMENTS
TXN000004510,ACC0003816,2026-07-20 11:09:14,NEFT,DEBIT,13921.59,ECOMMERCE,ATM,PAYMENTS
TXN000004511,ACC0004111,2026-07-17 20:07:31,ATM_WITHDRAWAL,CREDIT,607.49,UTILITIES,MOBILE,PAYMENTS
TXN000004512,ACC0001053,2026-09-15 01:38:27,UPI,CREDIT,6157.65,GROCERY,POS,PAYMENTS
TXN000004513,ACC0000901,2026-01-24 06:50:20,CARD_PURCHASE,DEBIT,3755.97,ECOMMERCE,ATM,PAYMENTS
TXN000004514,ACC0002171,2026-09-04 05:54:47,NEFT,CREDIT,6244.17,TRAVEL,MOBILE,PAYMENTS
TXN000004515,ACC0004177,2026-05-05 09:37:38,IMPS,DEBIT,38983.28,TRANSFER,MOBILE,PAYMENTS
TXN000004516,ACC0004043,2026-02-19 02:37:21,CASH_DEPOSIT,CREDIT,32345.51,TRAVEL,ATM,PAYMENTS
TXN000004517,ACC0000272,2026-07-19 02:52:44,CASH_DEPOSIT,CREDIT,1258.46,UTILITIES,POS,PAYMENTS
TXN000004518,ACC0000903,2026-02-26 17:49:31,IMPS,CREDIT,2892.38,UTILITIES,WEB,PAYMENTS
TXN000004519,ACC0000088,2026-05-07 03:26:42,CARD_PURCHASE,DEBIT,5570.28,TRAVEL,ATM,PAYMENTS
TXN000004520,ACC0000327,2026-02-06 18:24:40,CASH_DEPOSIT,CREDIT,2574.28,TRAVEL,POS,PAYMENTS
TXN000004521,ACC0004441,2026-02-08 17:39:46,CARD_PURCHASE,CREDIT,1175.7,ECOMMERCE,BRANCH,PAYMENTS
TXN000004522,ACC0001637,2026-02-24 03:11:23,CARD_PURCHASE,DEBIT,5957.91,TRANSFER,BRANCH,PAYMENTS
TXN000004523,ACC0004833,2026-04-27 14:06:09,IMPS,CREDIT,2053.36,ECOMMERCE,WEB,PAYMENTS
TXN000004524,ACC0000543,2026-06-09 17:32:53,NEFT,CREDIT,3762.03,CASH,MOBILE,PAYMENTS
TXN000004525,ACC0004739,2026-06-14 16:25:53,UPI,DEBIT,7499.15,TRANSFER,MOBILE,PAYMENTS
TXN000004526,ACC0002407,2026-09-06 22:05:09,CARD_PURCHASE,CREDIT,8285.2,ECOMMERCE,WEB,PAYMENTS
TXN000004527,ACC0002773,2026-06-05 03:52:27,CASH_DEPOSIT,CREDIT,485.98,TRAVEL,ATM,PAYMENTS
TXN000004528,ACC0004129,2026-07-02 12:07:11,CASH_DEPOSIT,DEBIT,3607.08,UTILITIES,ATM,PAYMENTS
TXN000004529,ACC0004491,2026-02-28 04:20:09,CARD_PURCHASE,DEBIT,6967.17,ECOMMERCE,BRANCH,PAYMENTS
TXN000004530,ACC0004526,2026-06-26 10:05:42,ATM_WITHDRAWAL,CREDIT,3369.27,UTILITIES,ATM,PAYMENTS
TXN000004531,ACC0004562,2026-04-12 16:36:30,CASH_DEPOSIT,DEBIT,1602.65,UTILITIES,ATM,PAYMENTS
TXN000004532,ACC0000609,2026-01-05 07:45:44,CARD_PURCHASE,CREDIT,2010.53,CASH,BRANCH,PAYMENTS
TXN000004533,ACC0004678,2026-01-20 08:41:43,CASH_DEPOSIT,DEBIT,6146.6,CASH,ATM,PAYMENTS
TXN000004534,ACC0002242,2026-08-12 23:46:56,ATM_WITHDRAWAL,CREDIT,9221.82,TRAVEL,ATM,PAYMENTS
TXN000004535,ACC0004323,2026-08-03 14:14:47,CARD_PURCHASE,DEBIT,9193.33,CASH,ATM,PAYMENTS
TXN000004536,ACC0000312,2026-01-20 01:41:05,CASH_DEPOSIT,CREDIT,3079.08,FUEL,MOBILE,PAYMENTS
TXN000004537,ACC0001727,2026-05-19 10:35:26,NEFT,CREDIT,1690.53,GROCERY,ATM,PAYMENTS
TXN000004538,ACC0001765,2026-03-24 14:19:17,IMPS,DEBIT,1825.41,ECOMMERCE,MOBILE,PAYMENTS
TXN000004539,ACC0003643,2026-07-04 11:39:00,CASH_DEPOSIT,CREDIT,3295.21,ECOMMERCE,POS,PAYMENTS
TXN000004540,ACC0002729,2026-03-17 00:39:46,NEFT,CREDIT,3320.87,ECOMMERCE,MOBILE,PAYMENTS
TXN000004541,ACC0002339,2026-05-30 18:42:45,IMPS,DEBIT,3167.35,UTILITIES,MOBILE,PAYMENTS
TXN000004542,ACC0001009,2026-07-17 01:13:17,IMPS,CREDIT,10654.3,TRANSFER,ATM,PAYMENTS
TXN000004543,ACC0004237,2026-05-11 16:21:05,CARD_PURCHASE,CREDIT,55182.52,CASH,WEB,PAYMENTS
TXN000004544,ACC0004489,2026-08-07 01:58:29,UPI,CREDIT,11951.91,UTILITIES,ATM,PAYMENTS
TXN000004545,ACC0004057,2026-03-01 14:41:21,UPI,CREDIT,12476.05,CASH,BRANCH,PAYMENTS
TXN000004546,ACC0003607,2026-09-03 23:35:15,NEFT,DEBIT,5512.26,TRAVEL,BRANCH,PAYMENTS
TXN000004547,ACC0004181,2026-04-15 05:13:04,IMPS,CREDIT,1443.51,UTILITIES,MOBILE,PAYMENTS
TXN000004548,ACC0003929,2026-03-10 08:09:27,ATM_WITHDRAWAL,CREDIT,6661.32,TRAVEL,BRANCH,PAYMENTS
TXN000004549,ACC0002841,2026-06-29 22:06:17,NEFT,CREDIT,2325.65,CASH,ATM,PAYMENTS
TXN000004550,ACC0004731,2026-04-07 00:16:18,IMPS,DEBIT,223.96,TRAVEL,BRANCH,PAYMENTS
TXN000004551,ACC0001029,2026-05-26 19:02:24,NEFT,DEBIT,5172.32,TRANSFER,ATM,PAYMENTS
TXN000004552,ACC0001089,2026-05-28 10:53:39,NEFT,CREDIT,5712.14,UTILITIES,MOBILE,PAYMENTS
TXN000004553,ACC0003296,2026-04-30 01:00:25,CARD_PURCHASE,DEBIT,5191.94,CASH,ATM,PAYMENTS
TXN000004554,ACC0004859,2026-04-10 10:39:04,IMPS,DEBIT,6596.16,ECOMMERCE,POS,PAYMENTS
TXN000004555,ACC0003426,2026-02-02 12:23:20,NEFT,CREDIT,1418.92,GROCERY,MOBILE,PAYMENTS
TXN000004556,ACC0003270,2026-07-28 22:28:37,CARD_PURCHASE,DEBIT,1347.96,CASH,WEB,PAYMENTS
TXN000004557,ACC0004285,2026-04-25 18:24:03,CASH_DEPOSIT,CREDIT,1572.24,TRANSFER,POS,PAYMENTS
TXN000004558,ACC0003318,2026-08-06 16:29:07,IMPS,DEBIT,2433.02,CASH,WEB,PAYMENTS
TXN000004559,ACC0003189,2026-05-08 18:21:26,CARD_PURCHASE,DEBIT,251.33,TRAVEL,POS,PAYMENTS
TXN000004560,ACC0004109,2026-05-22 22:46:22,IMPS,DEBIT,4134.48,FUEL,ATM,PAYMENTS
TXN000004561,ACC0003539,2026-03-16 19:17:23,CASH_DEPOSIT,DEBIT,5173.82,UTILITIES,WEB,PAYMENTS
TXN000004562,ACC0004388,2026-02-18 02:20:11,NEFT,CREDIT,8440.13,UTILITIES,MOBILE,PAYMENTS
TXN000004563,ACC0002772,2026-08-11 17:27:45,ATM_WITHDRAWAL,CREDIT,1540.93,ECOMMERCE,POS,PAYMENTS
TXN000004564,ACC0002652,2026-09-13 07:05:10,IMPS,DEBIT,639.22,TRAVEL,POS,PAYMENTS
TXN000004565,ACC0002649,2026-05-07 17:37:31,IMPS,DEBIT,1072.5,UTILITIES,ATM,PAYMENTS
TXN000004566,ACC0003576,2026-03-05 23:09:10,IMPS,CREDIT,1346.86,GROCERY,BRANCH,PAYMENTS
TXN000004567,ACC0004191,2026-05-15 01:53:14,IMPS,DEBIT,37716.65,CASH,BRANCH,PAYMENTS
TXN000004568,ACC0002048,2026-03-15 21:04:55,NEFT,CREDIT,1994.06,TRAVEL,ATM,PAYMENTS
TXN000004569,ACC0000475,2026-01-29 01:15:48,ATM_WITHDRAWAL,CREDIT,1563.92,ECOMMERCE,BRANCH,PAYMENTS
TXN000004570,ACC0004177,2026-04-30 03:50:08,ATM_WITHDRAWAL,DEBIT,12820.24,CASH,ATM,PAYMENTS
TXN000004571,ACC0002674,2026-07-01 10:53:17,UPI,DEBIT,1789.94,TRANSFER,BRANCH,PAYMENTS
TXN000004572,ACC0001475,2026-04-12 21:56:17,CARD_PURCHASE,DEBIT,21729.59,FUEL,POS,PAYMENTS
TXN000004573,ACC0003213,2026-06-22 02:12:22,ATM_WITHDRAWAL,DEBIT,11966.35,TRANSFER,POS,PAYMENTS
TXN000004574,ACC0003624,2026-02-24 19:15:04,NEFT,CREDIT,1999.59,CASH,ATM,PAYMENTS
TXN000004575,ACC0001167,2026-08-24 00:32:03,ATM_WITHDRAWAL,CREDIT,3272.01,TRANSFER,POS,PAYMENTS
TXN000004576,ACC0002713,2026-06-29 08:47:28,IMPS,CREDIT,9093.97,GROCERY,MOBILE,PAYMENTS
TXN000004577,ACC0000310,2026-09-09 10:15:51,ATM_WITHDRAWAL,CREDIT,41855.14,UTILITIES,MOBILE,PAYMENTS
TXN000004578,ACC0003304,2026-06-03 07:08:07,UPI,DEBIT,30613.74,GROCERY,MOBILE,PAYMENTS
TXN000004579,ACC0002859,2026-08-22 12:24:56,CARD_PURCHASE,CREDIT,1992.42,UTILITIES,BRANCH,PAYMENTS
TXN000004580,ACC0004572,2026-05-23 00:08:12,NEFT,DEBIT,17974.06,TRAVEL,POS,PAYMENTS
TXN000004581,ACC0002516,2026-06-23 08:18:07,IMPS,DEBIT,1834.92,FUEL,POS,PAYMENTS
TXN000004582,ACC0002382,2026-07-27 23:00:49,CASH_DEPOSIT,DEBIT,7968.29,FUEL,ATM,PAYMENTS
TXN000004583,ACC0001389,2026-08-21 18:43:00,NEFT,DEBIT,54953.68,CASH,BRANCH,PAYMENTS
TXN000004584,ACC0000040,2026-07-01 22:55:48,NEFT,DEBIT,8431.1,TRAVEL,BRANCH,PAYMENTS
TXN000004585,ACC0001368,2026-03-12 16:43:02,ATM_WITHDRAWAL,DEBIT,10103.26,UTILITIES,ATM,PAYMENTS
TXN000004586,ACC0004231,2026-02-07 12:09:56,NEFT,DEBIT,1014.67,FUEL,ATM,PAYMENTS
TXN000004587,ACC0003788,2026-05-25 09:37:28,IMPS,DEBIT,19898.51,TRAVEL,WEB,PAYMENTS
TXN000004588,ACC0001894,2026-09-09 03:19:19,ATM_WITHDRAWAL,DEBIT,13384.35,UTILITIES,MOBILE,PAYMENTS
TXN000004589,ACC0003788,2026-01-12 12:55:18,ATM_WITHDRAWAL,DEBIT,2238.21,UTILITIES,ATM,PAYMENTS
TXN000004590,ACC0002059,2026-03-18 15:38:13,CASH_DEPOSIT,CREDIT,3309.0,TRAVEL,MOBILE,PAYMENTS
TXN000004591,ACC0000595,2026-04-03 16:52:53,CASH_DEPOSIT,DEBIT,1864.59,ECOMMERCE,ATM,PAYMENTS
TXN000004592,ACC0000627,2026-05-10 14:35:52,NEFT,DEBIT,10460.59,UTILITIES,POS,PAYMENTS
TXN000004593,ACC0003742,2026-03-15 09:41:08,NEFT,DEBIT,1972.26,TRAVEL,WEB,PAYMENTS
TXN000004594,ACC0000625,2026-08-16 20:09:24,ATM_WITHDRAWAL,CREDIT,16276.65,TRANSFER,MOBILE,PAYMENTS
TXN000004595,ACC0002449,2026-08-25 13:58:33,CARD_PURCHASE,DEBIT,1552.75,GROCERY,BRANCH,PAYMENTS
TXN000004596,ACC0001254,2026-01-05 15:48:14,UPI,DEBIT,3286.81,UTILITIES,BRANCH,PAYMENTS
TXN000004597,ACC0004832,2026-01-18 08:58:18,CASH_DEPOSIT,DEBIT,3325.56,TRAVEL,ATM,PAYMENTS
TXN000004598,ACC0003380,2026-09-08 09:01:32,IMPS,CREDIT,1002.97,ECOMMERCE,WEB,PAYMENTS
TXN000004599,ACC0003144,2026-09-16 19:55:28,CARD_PURCHASE,CREDIT,4647.44,TRANSFER,BRANCH,PAYMENTS
TXN000004600,ACC0004410,2026-09-03 04:50:29,ATM_WITHDRAWAL,DEBIT,6680.32,ECOMMERCE,POS,PAYMENTS
TXN000004601,ACC0001709,2026-09-08 15:58:43,IMPS,DEBIT,1906.93,TRANSFER,ATM,PAYMENTS
TXN000004602,ACC0001463,2026-02-19 05:50:50,UPI,CREDIT,1221.71,FUEL,ATM,PAYMENTS
TXN000004603,ACC0000488,2026-05-22 11:39:08,CASH_DEPOSIT,DEBIT,1729.02,UTILITIES,MOBILE,PAYMENTS
TXN000004604,ACC0003300,2026-06-29 21:33:09,UPI,CREDIT,14312.64,ECOMMERCE,POS,PAYMENTS
TXN000004605,ACC0004831,2026-01-17 00:37:51,IMPS,CREDIT,3320.56,TRANSFER,POS,PAYMENTS
TXN000004606,ACC0004454,2026-04-19 19:47:14,UPI,CREDIT,1851.36,ECOMMERCE,WEB,PAYMENTS
TXN000004607,ACC0003868,2026-09-04 01:36:26,UPI,DEBIT,1318.82,UTILITIES,ATM,PAYMENTS
TXN000004608,ACC0001248,2026-08-28 16:55:29,CARD_PURCHASE,CREDIT,3762.36,ECOMMERCE,WEB,PAYMENTS
TXN000004609,ACC0002256,2026-04-01 04:24:03,IMPS,DEBIT,2700.93,TRANSFER,MOBILE,PAYMENTS
TXN000004610,ACC0004231,2026-07-13 18:03:47,ATM_WITHDRAWAL,CREDIT,4125.53,ECOMMERCE,POS,PAYMENTS
TXN000004611,ACC0002541,2026-08-25 20:19:50,CASH_DEPOSIT,DEBIT,11369.12,ECOMMERCE,ATM,PAYMENTS
TXN000004612,ACC0004159,2026-02-16 11:40:48,IMPS,CREDIT,387.46,GROCERY,WEB,PAYMENTS
TXN000004613,ACC0003416,2026-07-30 08:21:16,IMPS,DEBIT,11204.98,FUEL,WEB,PAYMENTS
TXN000004614,ACC0000335,2026-09-02 02:38:29,UPI,CREDIT,1324.59,CASH,POS,PAYMENTS
TXN000004615,ACC0002585,2026-08-10 06:06:20,ATM_WITHDRAWAL,DEBIT,1156.03,GROCERY,WEB,PAYMENTS
TXN000004616,ACC0001101,2026-09-07 06:46:35,UPI,DEBIT,4042.91,TRANSFER,ATM,PAYMENTS
TXN000004617,ACC0002600,2026-05-06 16:26:19,IMPS,DEBIT,3962.23,ECOMMERCE,MOBILE,PAYMENTS
TXN000004618,ACC0001902,2026-09-13 10:32:09,ATM_WITHDRAWAL,CREDIT,5440.6,FUEL,MOBILE,PAYMENTS
TXN000004619,ACC0002250,2026-05-30 21:56:09,ATM_WITHDRAWAL,CREDIT,4308.07,CASH,WEB,PAYMENTS
TXN000004620,ACC0001628,2026-01-12 14:38:47,ATM_WITHDRAWAL,DEBIT,2478.92,CASH,WEB,PAYMENTS
TXN000004621,ACC0002213,2026-05-12 12:40:24,CASH_DEPOSIT,DEBIT,5449.67,CASH,BRANCH,PAYMENTS
TXN000004622,ACC0002488,2026-08-19 01:11:04,ATM_WITHDRAWAL,DEBIT,10289.59,TRANSFER,POS,PAYMENTS
TXN000004623,ACC0002157,2026-08-23 10:44:07,ATM_WITHDRAWAL,CREDIT,2786.51,ECOMMERCE,WEB,PAYMENTS
TXN000004624,ACC0002124,2026-03-31 06:53:10,IMPS,CREDIT,3902.88,GROCERY,WEB,PAYMENTS
TXN000004625,ACC0004494,2026-08-20 08:45:12,IMPS,DEBIT,22820.95,GROCERY,BRANCH,PAYMENTS
TXN000004626,ACC0004874,2026-07-07 13:41:52,CARD_PURCHASE,CREDIT,1568.05,ECOMMERCE,POS,PAYMENTS
TXN000004627,ACC0003009,2026-02-22 10:25:15,ATM_WITHDRAWAL,DEBIT,2825.69,FUEL,ATM,PAYMENTS
TXN000004628,ACC0002844,2026-08-28 18:55:51,CASH_DEPOSIT,DEBIT,25850.47,FUEL,BRANCH,PAYMENTS
TXN000004629,ACC0004326,2026-05-11 07:44:01,IMPS,DEBIT,6552.93,CASH,MOBILE,PAYMENTS
TXN000004630,ACC0000121,2026-08-10 11:36:22,UPI,CREDIT,818.28,GROCERY,WEB,PAYMENTS
TXN000004631,ACC0004560,2026-04-14 12:25:51,CASH_DEPOSIT,DEBIT,18637.26,FUEL,POS,PAYMENTS
TXN000004632,ACC0000464,2026-07-13 11:18:34,UPI,CREDIT,9925.49,FUEL,BRANCH,PAYMENTS
TXN000004633,ACC0002953,2026-03-23 09:47:47,NEFT,DEBIT,1097.96,UTILITIES,MOBILE,PAYMENTS
TXN000004634,ACC0003788,2026-03-12 01:51:23,CARD_PURCHASE,DEBIT,2561.26,GROCERY,WEB,PAYMENTS
TXN000004635,ACC0002297,2026-08-14 11:34:33,ATM_WITHDRAWAL,CREDIT,1797.2,FUEL,MOBILE,PAYMENTS
TXN000004636,ACC0004626,2026-01-11 03:08:51,UPI,CREDIT,4765.79,UTILITIES,POS,PAYMENTS
TXN000004637,ACC0002206,2026-01-13 21:21:17,UPI,CREDIT,1075.12,ECOMMERCE,POS,PAYMENTS
TXN000004638,ACC0001088,2026-09-09 16:25:03,CASH_DEPOSIT,CREDIT,735.27,ECOMMERCE,POS,PAYMENTS
TXN000004639,ACC0003226,2026-06-06 04:10:55,CASH_DEPOSIT,DEBIT,583.03,TRAVEL,WEB,PAYMENTS
TXN000004640,ACC0004088,2026-01-15 02:17:56,NEFT,DEBIT,2050.0,TRANSFER,MOBILE,PAYMENTS
TXN000004641,ACC0000671,2026-07-04 14:04:51,IMPS,DEBIT,4221.51,CASH,ATM,PAYMENTS
TXN000004642,ACC0000343,2026-08-04 08:17:49,UPI,DEBIT,3045.21,UTILITIES,POS,PAYMENTS
TXN000004643,ACC0002149,2026-08-27 13:12:14,CASH_DEPOSIT,DEBIT,11855.35,UTILITIES,ATM,PAYMENTS
TXN000004644,ACC0000892,2026-09-21 09:47:49,ATM_WITHDRAWAL,DEBIT,1281.03,GROCERY,ATM,PAYMENTS
TXN000004645,ACC0000632,2026-04-04 19:43:23,CASH_DEPOSIT,CREDIT,2967.45,FUEL,POS,PAYMENTS
TXN000004646,ACC0003753,2026-09-01 05:26:23,NEFT,DEBIT,16990.26,TRANSFER,ATM,PAYMENTS
TXN000004647,ACC0004858,2026-09-14 07:29:10,ATM_WITHDRAWAL,DEBIT,6386.85,TRAVEL,WEB,PAYMENTS
TXN000004648,ACC0000358,2026-06-21 06:07:27,CARD_PURCHASE,DEBIT,4152.98,TRAVEL,BRANCH,PAYMENTS
TXN000004649,ACC0000202,2026-03-03 12:10:09,NEFT,DEBIT,16507.73,ECOMMERCE,BRANCH,PAYMENTS
TXN000004650,ACC0002163,2026-08-02 15:33:37,IMPS,CREDIT,781.41,UTILITIES,ATM,PAYMENTS
TXN000004651,ACC0004146,2026-04-25 16:22:38,ATM_WITHDRAWAL,DEBIT,14125.64,ECOMMERCE,MOBILE,PAYMENTS
TXN000004652,ACC0004499,2026-08-16 08:37:36,IMPS,DEBIT,7087.66,GROCERY,WEB,PAYMENTS
TXN000004653,ACC0003489,2026-06-09 01:01:50,ATM_WITHDRAWAL,DEBIT,5236.07,TRANSFER,POS,PAYMENTS
TXN000004654,ACC0001270,2026-03-23 01:43:07,CASH_DEPOSIT,CREDIT,1994.88,CASH,WEB,PAYMENTS
TXN000004655,ACC0002744,2026-07-12 03:26:47,UPI,CREDIT,3628.03,GROCERY,BRANCH,PAYMENTS
TXN000004656,ACC0001489,2026-06-26 02:55:44,CARD_PURCHASE,CREDIT,23932.8,TRANSFER,MOBILE,PAYMENTS
TXN000004657,ACC0003602,2026-05-10 23:22:40,UPI,CREDIT,2932.25,TRAVEL,WEB,PAYMENTS
TXN000004658,ACC0003858,2026-08-12 03:04:52,CARD_PURCHASE,CREDIT,31871.43,CASH,WEB,PAYMENTS
TXN000004659,ACC0000445,2026-05-15 01:13:52,ATM_WITHDRAWAL,DEBIT,935.11,TRANSFER,ATM,PAYMENTS
TXN000004660,ACC0002584,2026-06-24 09:54:33,NEFT,CREDIT,1414.18,TRAVEL,BRANCH,PAYMENTS
TXN000004661,ACC0003836,2026-02-01 17:29:06,UPI,DEBIT,3324.91,CASH,BRANCH,PAYMENTS
TXN000004662,ACC0001287,2026-04-22 02:07:51,CASH_DEPOSIT,CREDIT,2439.12,GROCERY,POS,PAYMENTS
TXN000004663,ACC0002053,2026-03-03 01:45:23,ATM_WITHDRAWAL,CREDIT,2809.29,TRANSFER,ATM,PAYMENTS
TXN000004664,ACC0000533,2026-06-23 11:54:23,NEFT,DEBIT,15894.76,CASH,WEB,PAYMENTS
TXN000004665,ACC0000297,2026-02-22 02:47:41,UPI,CREDIT,1514.69,TRAVEL,WEB,PAYMENTS
TXN000004666,ACC0001645,2026-03-09 05:35:17,NEFT,DEBIT,1057.88,TRAVEL,ATM,PAYMENTS
TXN000004667,ACC0004293,2026-04-14 05:51:08,CASH_DEPOSIT,DEBIT,6275.04,FUEL,ATM,PAYMENTS
TXN000004668,ACC0004191,2026-04-02 20:59:07,ATM_WITHDRAWAL,DEBIT,1761.46,GROCERY,ATM,PAYMENTS
TXN000004669,ACC0002314,2026-04-26 08:01:03,UPI,CREDIT,1274.75,CASH,MOBILE,PAYMENTS
TXN000004670,ACC0004381,2026-08-07 04:41:20,UPI,DEBIT,1942.35,ECOMMERCE,WEB,PAYMENTS
TXN000004671,ACC0000466,2026-01-10 03:34:08,IMPS,CREDIT,9607.52,FUEL,BRANCH,PAYMENTS
TXN000004672,ACC0004777,2026-04-19 20:52:28,NEFT,CREDIT,29805.79,UTILITIES,ATM,PAYMENTS
TXN000004673,ACC0001010,2026-05-15 11:52:50,UPI,CREDIT,3186.95,ECOMMERCE,MOBILE,PAYMENTS
TXN000004674,ACC0002000,2026-08-12 10:39:27,UPI,DEBIT,15715.74,GROCERY,MOBILE,PAYMENTS
TXN000004675,ACC0001544,2026-08-22 18:19:24,CARD_PURCHASE,CREDIT,512.95,CASH,POS,PAYMENTS
TXN000004676,ACC0002992,2026-06-11 19:34:35,UPI,CREDIT,9041.28,TRAVEL,WEB,PAYMENTS
TXN000004677,ACC0000300,2026-04-20 21:14:23,CASH_DEPOSIT,CREDIT,3323.55,CASH,MOBILE,PAYMENTS
TXN000004678,ACC0003511,2026-07-10 23:36:54,NEFT,DEBIT,1195.93,TRAVEL,ATM,PAYMENTS
TXN000004679,ACC0001548,2026-04-12 01:46:31,NEFT,DEBIT,1453.15,ECOMMERCE,MOBILE,PAYMENTS
TXN000004680,ACC0000765,2026-09-11 07:40:06,ATM_WITHDRAWAL,CREDIT,4039.2,TRANSFER,WEB,PAYMENTS
TXN000004681,ACC0003883,2026-08-07 13:19:00,CARD_PURCHASE,DEBIT,3198.35,TRANSFER,MOBILE,PAYMENTS
TXN000004682,ACC0003119,2026-09-16 23:00:00,UPI,CREDIT,22427.2,TRAVEL,POS,PAYMENTS
TXN000004683,ACC0002995,2026-06-21 00:11:13,CARD_PURCHASE,DEBIT,6611.43,TRAVEL,ATM,PAYMENTS
TXN000004684,ACC0000698,2026-01-01 19:56:11,CARD_PURCHASE,CREDIT,1527.13,GROCERY,POS,PAYMENTS
TXN000004685,ACC0001119,2026-02-28 23:33:57,CASH_DEPOSIT,DEBIT,19764.92,FUEL,MOBILE,PAYMENTS
TXN000004686,ACC0002719,2026-06-14 18:33:20,CARD_PURCHASE,DEBIT,8747.99,ECOMMERCE,BRANCH,PAYMENTS
TXN000004687,ACC0004036,2026-08-29 02:15:30,NEFT,DEBIT,1637.97,CASH,POS,PAYMENTS
TXN000004688,ACC0003184,2026-03-18 07:55:54,CARD_PURCHASE,DEBIT,7631.9,UTILITIES,ATM,PAYMENTS
TXN000004689,ACC0004411,2026-05-22 03:56:04,ATM_WITHDRAWAL,DEBIT,46964.33,GROCERY,BRANCH,PAYMENTS
TXN000004690,ACC0002690,2026-08-27 00:20:19,UPI,CREDIT,1617.98,CASH,MOBILE,PAYMENTS
TXN000004691,ACC0001431,2026-04-30 12:22:54,IMPS,DEBIT,6656.42,FUEL,ATM,PAYMENTS
TXN000004692,ACC0002445,2026-05-02 10:23:38,UPI,CREDIT,1753.39,GROCERY,MOBILE,PAYMENTS
TXN000004693,ACC0003128,2026-05-21 21:07:31,CARD_PURCHASE,CREDIT,4129.76,GROCERY,WEB,PAYMENTS
TXN000004694,ACC0003280,2026-08-08 12:51:29,CARD_PURCHASE,CREDIT,586.78,UTILITIES,POS,PAYMENTS
TXN000004695,ACC0001386,2026-02-22 08:56:14,NEFT,CREDIT,5744.53,GROCERY,BRANCH,PAYMENTS
TXN000004696,ACC0001970,2026-08-29 22:40:53,ATM_WITHDRAWAL,CREDIT,6848.09,GROCERY,ATM,PAYMENTS
TXN000004697,ACC0002292,2026-04-17 14:14:47,NEFT,DEBIT,5648.87,GROCERY,BRANCH,PAYMENTS
TXN000004698,ACC0000638,2026-04-12 07:12:45,IMPS,CREDIT,3895.77,GROCERY,WEB,PAYMENTS
TXN000004699,ACC0003873,2026-03-09 09:21:50,IMPS,CREDIT,10049.01,TRANSFER,POS,PAYMENTS
TXN000004700,ACC0000328,2026-08-09 04:04:17,IMPS,CREDIT,2578.65,FUEL,WEB,PAYMENTS
TXN000004701,ACC0000749,2026-07-13 00:16:02,CARD_PURCHASE,DEBIT,11449.79,ECOMMERCE,MOBILE,PAYMENTS
TXN000004702,ACC0004890,2026-09-20 09:44:08,IMPS,CREDIT,7028.45,UTILITIES,POS,PAYMENTS
TXN000004703,ACC0004227,2026-07-12 17:25:22,IMPS,CREDIT,2852.45,GROCERY,WEB,PAYMENTS
TXN000004704,ACC0000344,2026-01-06 01:32:45,CASH_DEPOSIT,DEBIT,272.69,ECOMMERCE,MOBILE,PAYMENTS
TXN000004705,ACC0000477,2026-08-11 22:06:14,NEFT,DEBIT,7328.29,TRAVEL,WEB,PAYMENTS
TXN000004706,ACC0002975,2026-04-14 12:10:16,NEFT,CREDIT,5452.54,GROCERY,MOBILE,PAYMENTS
TXN000004707,ACC0000794,2026-01-06 12:16:09,NEFT,CREDIT,2444.66,UTILITIES,ATM,PAYMENTS
TXN000004708,ACC0004315,2026-03-24 10:35:46,IMPS,DEBIT,1163.41,TRANSFER,POS,PAYMENTS
TXN000004709,ACC0001052,2026-03-01 08:53:43,UPI,CREDIT,4932.37,ECOMMERCE,BRANCH,PAYMENTS
TXN000004710,ACC0002521,2026-03-25 22:25:31,IMPS,CREDIT,3588.79,FUEL,BRANCH,PAYMENTS
TXN000004711,ACC0002306,2026-05-27 18:29:26,NEFT,CREDIT,875.73,UTILITIES,WEB,PAYMENTS
TXN000004712,ACC0003951,2026-05-19 01:09:18,IMPS,CREDIT,3172.25,UTILITIES,MOBILE,PAYMENTS
TXN000004713,ACC0001451,2026-08-20 10:28:12,CASH_DEPOSIT,CREDIT,2178.08,ECOMMERCE,BRANCH,PAYMENTS
TXN000004714,ACC0002034,2026-03-20 09:46:36,CASH_DEPOSIT,CREDIT,15104.0,UTILITIES,ATM,PAYMENTS
TXN000004715,ACC0001169,2026-08-24 21:43:27,CARD_PURCHASE,CREDIT,5683.16,GROCERY,WEB,PAYMENTS
TXN000004716,ACC0004472,2026-03-30 04:02:51,ATM_WITHDRAWAL,DEBIT,2219.0,TRANSFER,ATM,PAYMENTS
TXN000004717,ACC0002235,2026-05-13 11:20:22,ATM_WITHDRAWAL,CREDIT,5106.95,CASH,ATM,PAYMENTS
TXN000004718,ACC0002519,2026-05-25 05:49:23,CASH_DEPOSIT,CREDIT,13904.16,TRANSFER,POS,PAYMENTS
TXN000004719,ACC0002622,2026-05-14 06:08:32,CARD_PURCHASE,CREDIT,290.39,TRANSFER,MOBILE,PAYMENTS
TXN000004720,ACC0000287,2026-02-15 06:04:10,IMPS,CREDIT,6234.77,ECOMMERCE,ATM,PAYMENTS
TXN000004721,ACC0003034,2026-06-06 16:17:36,CASH_DEPOSIT,CREDIT,2306.08,FUEL,POS,PAYMENTS
TXN000004722,ACC0002467,2026-02-12 05:27:55,IMPS,CREDIT,2115.12,UTILITIES,BRANCH,PAYMENTS
TXN000004723,ACC0002874,2026-07-25 01:45:02,ATM_WITHDRAWAL,DEBIT,13484.21,CASH,POS,PAYMENTS
TXN000004724,ACC0000979,2026-09-07 16:33:41,ATM_WITHDRAWAL,DEBIT,4346.13,ECOMMERCE,POS,PAYMENTS
TXN000004725,ACC0001682,2026-06-21 07:01:28,CARD_PURCHASE,DEBIT,362.01,UTILITIES,MOBILE,PAYMENTS
TXN000004726,ACC0003933,2026-01-25 15:49:37,IMPS,CREDIT,1155.23,GROCERY,POS,PAYMENTS
TXN000004727,ACC0003348,2026-02-06 08:55:53,UPI,CREDIT,967.61,UTILITIES,MOBILE,PAYMENTS
TXN000004728,ACC0004719,2026-05-13 16:38:48,ATM_WITHDRAWAL,CREDIT,5849.58,ECOMMERCE,BRANCH,PAYMENTS
TXN000004729,ACC0001651,2026-04-16 00:33:27,IMPS,DEBIT,2273.15,ECOMMERCE,POS,PAYMENTS
TXN000004730,ACC0002538,2026-03-31 05:57:57,CASH_DEPOSIT,CREDIT,4517.64,GROCERY,BRANCH,PAYMENTS
TXN000004731,ACC0000166,2026-09-06 23:18:04,NEFT,DEBIT,16676.1,GROCERY,MOBILE,PAYMENTS
TXN000004732,ACC0003981,2026-06-21 09:40:35,UPI,DEBIT,5192.96,GROCERY,WEB,PAYMENTS
TXN000004733,ACC0001385,2026-04-29 17:19:43,IMPS,DEBIT,8175.49,CASH,MOBILE,PAYMENTS
TXN000004734,ACC0003731,2026-06-08 13:47:15,ATM_WITHDRAWAL,DEBIT,1312.09,FUEL,WEB,PAYMENTS
TXN000004735,ACC0001666,2026-01-12 21:39:38,NEFT,DEBIT,1455.66,TRAVEL,BRANCH,PAYMENTS
TXN000004736,ACC0004377,2026-09-05 23:33:47,NEFT,CREDIT,2121.59,TRANSFER,MOBILE,PAYMENTS
TXN000004737,ACC0000229,2026-08-06 11:52:39,NEFT,CREDIT,6941.54,FUEL,MOBILE,PAYMENTS
TXN000004738,ACC0001826,2026-03-21 18:23:41,CASH_DEPOSIT,CREDIT,10378.36,ECOMMERCE,POS,PAYMENTS
TXN000004739,ACC0000007,2026-05-07 22:04:58,CARD_PURCHASE,CREDIT,77552.09,FUEL,BRANCH,PAYMENTS
TXN000004740,ACC0004602,2026-09-14 04:17:37,UPI,DEBIT,3570.66,TRAVEL,WEB,PAYMENTS
TXN000004741,ACC0003547,2026-04-11 01:29:43,ATM_WITHDRAWAL,DEBIT,1532.64,UTILITIES,MOBILE,PAYMENTS
TXN000004742,ACC0002536,2026-03-14 03:55:45,CASH_DEPOSIT,DEBIT,4314.61,TRAVEL,BRANCH,PAYMENTS
TXN000004743,ACC0000547,2026-07-28 11:06:38,UPI,DEBIT,9157.91,TRANSFER,ATM,PAYMENTS
TXN000004744,ACC0003310,2026-07-06 10:53:18,UPI,DEBIT,12224.39,FUEL,BRANCH,PAYMENTS
TXN000004745,ACC0002253,2026-02-24 14:40:00,CARD_PURCHASE,DEBIT,3319.77,GROCERY,MOBILE,PAYMENTS
TXN000004746,ACC0002615,2026-01-12 00:08:20,ATM_WITHDRAWAL,CREDIT,1783.82,CASH,WEB,PAYMENTS
TXN000004747,ACC0003149,2026-04-13 09:38:44,ATM_WITHDRAWAL,CREDIT,1596.94,GROCERY,ATM,PAYMENTS
TXN000004748,ACC0004088,2026-01-01 08:09:47,ATM_WITHDRAWAL,DEBIT,9727.66,UTILITIES,POS,PAYMENTS
TXN000004749,ACC0002101,2026-08-02 12:04:14,ATM_WITHDRAWAL,DEBIT,2455.14,FUEL,MOBILE,PAYMENTS
TXN000004750,ACC0001550,2026-08-09 08:50:56,UPI,CREDIT,5331.9,ECOMMERCE,WEB,PAYMENTS
TXN000004751,ACC0003162,2026-06-29 16:30:28,CARD_PURCHASE,CREDIT,22852.62,ECOMMERCE,WEB,PAYMENTS
TXN000004752,ACC0000188,2026-03-20 01:55:08,UPI,DEBIT,4827.04,CASH,BRANCH,PAYMENTS
TXN000004753,ACC0002213,2026-08-17 05:57:02,UPI,DEBIT,21213.64,GROCERY,BRANCH,PAYMENTS
TXN000004754,ACC0001712,2026-06-04 04:39:38,IMPS,CREDIT,949.87,FUEL,POS,PAYMENTS
TXN000004755,ACC0004205,2026-07-13 05:25:49,UPI,DEBIT,3601.34,CASH,ATM,PAYMENTS
TXN000004756,ACC0000552,2026-08-25 07:23:42,ATM_WITHDRAWAL,CREDIT,5581.41,TRANSFER,WEB,PAYMENTS
TXN000004757,ACC0002081,2026-01-01 00:06:40,CARD_PURCHASE,CREDIT,6339.98,TRAVEL,MOBILE,PAYMENTS
TXN000004758,ACC0000500,2026-08-11 03:15:31,CARD_PURCHASE,DEBIT,2738.04,GROCERY,WEB,PAYMENTS
TXN000004759,ACC0004231,2026-04-15 06:37:49,CARD_PURCHASE,CREDIT,1686.18,FUEL,ATM,PAYMENTS
TXN000004760,ACC0002105,2026-06-26 07:33:32,UPI,DEBIT,18793.42,TRAVEL,WEB,PAYMENTS
TXN000004761,ACC0004339,2026-08-26 17:51:45,ATM_WITHDRAWAL,DEBIT,60541.24,GROCERY,POS,PAYMENTS
TXN000004762,ACC0003481,2026-07-21 12:11:49,CASH_DEPOSIT,CREDIT,23060.14,ECOMMERCE,ATM,PAYMENTS
TXN000004763,ACC0004388,2026-05-17 06:02:07,NEFT,DEBIT,9666.0,TRANSFER,WEB,PAYMENTS
TXN000004764,ACC0004635,2026-09-07 10:15:15,UPI,CREDIT,11494.23,ECOMMERCE,WEB,PAYMENTS
TXN000004765,ACC0001070,2026-03-15 21:48:17,ATM_WITHDRAWAL,CREDIT,6247.46,FUEL,MOBILE,PAYMENTS
TXN000004766,ACC0001770,2026-03-08 15:21:40,CARD_PURCHASE,DEBIT,6305.33,CASH,ATM,PAYMENTS
TXN000004767,ACC0002930,2026-07-27 06:07:28,ATM_WITHDRAWAL,DEBIT,9771.88,TRANSFER,ATM,PAYMENTS
TXN000004768,ACC0001278,2026-02-17 15:07:28,IMPS,DEBIT,10617.89,ECOMMERCE,ATM,PAYMENTS
TXN000004769,ACC0001101,2026-08-19 18:29:11,NEFT,CREDIT,3762.21,GROCERY,ATM,PAYMENTS
TXN000004770,ACC0004682,2026-01-14 04:58:48,CASH_DEPOSIT,CREDIT,8733.93,GROCERY,ATM,PAYMENTS
TXN000004771,ACC0001678,2026-08-08 00:29:28,UPI,DEBIT,1054.1,CASH,POS,PAYMENTS
TXN000004772,ACC0002450,2026-09-02 09:46:39,CASH_DEPOSIT,DEBIT,1670.7,GROCERY,BRANCH,PAYMENTS
TXN000004773,ACC0002253,2026-02-15 16:31:54,IMPS,CREDIT,8549.13,UTILITIES,WEB,PAYMENTS
TXN000004774,ACC0002335,2026-08-23 17:18:31,CASH_DEPOSIT,DEBIT,5943.35,UTILITIES,BRANCH,PAYMENTS
TXN000004775,ACC0003927,2026-02-01 08:00:51,CARD_PURCHASE,CREDIT,2772.3,UTILITIES,POS,PAYMENTS
TXN000004776,ACC0002679,2026-06-18 22:56:44,NEFT,CREDIT,11630.3,GROCERY,ATM,PAYMENTS
TXN000004777,ACC0001440,2026-05-08 18:00:07,UPI,DEBIT,3191.65,ECOMMERCE,MOBILE,PAYMENTS
TXN000004778,ACC0004513,2026-01-09 16:11:40,UPI,CREDIT,2522.36,GROCERY,ATM,PAYMENTS
TXN000004779,ACC0003058,2026-03-04 08:31:41,CARD_PURCHASE,CREDIT,7312.15,UTILITIES,POS,PAYMENTS
TXN000004780,ACC0003701,2026-08-30 23:30:23,NEFT,CREDIT,2224.11,CASH,BRANCH,PAYMENTS
TXN000004781,ACC0002031,2026-08-30 16:56:00,UPI,DEBIT,5013.13,ECOMMERCE,WEB,PAYMENTS
TXN000004782,ACC0004685,2026-08-17 15:54:56,UPI,CREDIT,9535.72,TRANSFER,MOBILE,PAYMENTS
TXN000004783,ACC0000210,2026-01-16 15:56:33,UPI,DEBIT,4704.34,TRANSFER,ATM,PAYMENTS
TXN000004784,ACC0002980,2026-09-09 03:50:08,CARD_PURCHASE,DEBIT,1584.02,GROCERY,WEB,PAYMENTS
TXN000004785,ACC0001955,2026-08-18 09:51:06,CASH_DEPOSIT,DEBIT,958.97,TRAVEL,POS,PAYMENTS
TXN000004786,ACC0003541,2026-01-26 20:59:39,IMPS,CREDIT,2453.68,TRAVEL,BRANCH,PAYMENTS
TXN000004787,ACC0003975,2026-07-21 01:14:44,NEFT,DEBIT,3917.23,FUEL,MOBILE,PAYMENTS
TXN000004788,ACC0004214,2026-06-25 12:27:08,NEFT,DEBIT,1445.81,GROCERY,WEB,PAYMENTS
TXN000004789,ACC0004539,2026-05-24 16:55:08,UPI,DEBIT,18582.84,TRAVEL,MOBILE,PAYMENTS
TXN000004790,ACC0004602,2026-03-14 14:13:45,CASH_DEPOSIT,CREDIT,11030.57,FUEL,BRANCH,PAYMENTS
TXN000004791,ACC0001660,2026-04-13 01:34:32,ATM_WITHDRAWAL,DEBIT,3271.89,CASH,ATM,PAYMENTS
TXN000004792,ACC0004590,2026-07-23 18:33:34,ATM_WITHDRAWAL,DEBIT,4809.03,TRANSFER,ATM,PAYMENTS
TXN000004793,ACC0004666,2026-03-04 07:30:57,CASH_DEPOSIT,DEBIT,2864.91,UTILITIES,MOBILE,PAYMENTS
TXN000004794,ACC0000235,2026-07-18 15:45:53,CASH_DEPOSIT,DEBIT,13110.79,TRAVEL,MOBILE,PAYMENTS
TXN000004795,ACC0001780,2026-01-21 00:01:05,CASH_DEPOSIT,DEBIT,638.26,UTILITIES,BRANCH,PAYMENTS
TXN000004796,ACC0003136,2026-04-14 16:01:00,CARD_PURCHASE,DEBIT,543.04,UTILITIES,WEB,PAYMENTS
TXN000004797,ACC0000016,2026-07-28 11:47:32,ATM_WITHDRAWAL,DEBIT,1343.6,TRANSFER,WEB,PAYMENTS
TXN000004798,ACC0002680,2026-07-26 13:32:31,CARD_PURCHASE,DEBIT,4280.75,TRANSFER,WEB,PAYMENTS
TXN000004799,ACC0003981,2026-09-01 22:03:04,ATM_WITHDRAWAL,DEBIT,1500.73,CASH,POS,PAYMENTS
TXN000004800,ACC0003995,2026-03-23 21:40:03,CASH_DEPOSIT,DEBIT,20479.44,FUEL,ATM,PAYMENTS
TXN000004801,ACC0004374,2026-07-07 18:32:21,ATM_WITHDRAWAL,DEBIT,2369.33,FUEL,WEB,PAYMENTS
TXN000004802,ACC0002059,2026-01-28 19:32:38,CASH_DEPOSIT,CREDIT,349.23,TRAVEL,BRANCH,PAYMENTS
TXN000004803,ACC0003431,2026-09-19 10:36:45,UPI,DEBIT,4938.63,CASH,BRANCH,PAYMENTS
TXN000004804,ACC0004607,2026-01-24 14:06:04,IMPS,CREDIT,4323.99,ECOMMERCE,WEB,PAYMENTS
TXN000004805,ACC0004981,2026-02-09 12:30:23,UPI,DEBIT,1582.27,UTILITIES,POS,PAYMENTS
TXN000004806,ACC0001965,2026-07-05 16:37:34,CARD_PURCHASE,DEBIT,25490.42,TRAVEL,BRANCH,PAYMENTS
TXN000004807,ACC0004107,2026-07-20 12:49:26,ATM_WITHDRAWAL,CREDIT,4401.54,TRAVEL,ATM,PAYMENTS
TXN000004808,ACC0003132,2026-04-08 06:31:13,CARD_PURCHASE,CREDIT,1493.64,FUEL,ATM,PAYMENTS
TXN000004809,ACC0002569,2026-07-07 22:37:22,CARD_PURCHASE,DEBIT,3411.03,TRAVEL,POS,PAYMENTS
TXN000004810,ACC0002313,2026-07-20 08:07:43,UPI,CREDIT,247.54,TRAVEL,WEB,PAYMENTS
TXN000004811,ACC0004169,2026-01-26 18:47:24,CARD_PURCHASE,DEBIT,227.13,ECOMMERCE,BRANCH,PAYMENTS
TXN000004812,ACC0003286,2026-01-02 19:54:36,ATM_WITHDRAWAL,CREDIT,4955.12,GROCERY,ATM,PAYMENTS
TXN000004813,ACC0004810,2026-09-17 10:13:48,NEFT,CREDIT,2943.25,UTILITIES,MOBILE,PAYMENTS
TXN000004814,ACC0002922,2026-01-01 06:09:49,CARD_PURCHASE,CREDIT,1850.66,FUEL,POS,PAYMENTS
TXN000004815,ACC0001246,2026-04-26 17:50:06,IMPS,DEBIT,7670.48,TRAVEL,POS,PAYMENTS
TXN000004816,ACC0002173,2026-03-29 22:37:53,IMPS,DEBIT,3378.21,TRANSFER,WEB,PAYMENTS
TXN000004817,ACC0003740,2026-07-02 16:26:17,ATM_WITHDRAWAL,CREDIT,5431.76,TRANSFER,ATM,PAYMENTS
TXN000004818,ACC0002917,2026-08-15 20:51:44,NEFT,CREDIT,3419.36,TRANSFER,BRANCH,PAYMENTS
TXN000004819,ACC0001853,2026-02-20 14:12:11,NEFT,DEBIT,1765.82,GROCERY,MOBILE,PAYMENTS
TXN000004820,ACC0001317,2026-02-24 22:37:57,UPI,CREDIT,4304.63,TRAVEL,ATM,PAYMENTS
TXN000004821,ACC0003586,2026-07-15 16:36:36,CASH_DEPOSIT,DEBIT,2725.37,FUEL,BRANCH,PAYMENTS
TXN000004822,ACC0002261,2026-02-16 18:49:23,UPI,CREDIT,31138.99,GROCERY,WEB,PAYMENTS
TXN000004823,ACC0000287,2026-06-11 07:31:19,NEFT,CREDIT,3195.16,FUEL,POS,PAYMENTS
TXN000004824,ACC0001218,2026-07-01 23:47:39,IMPS,CREDIT,4087.39,TRAVEL,POS,PAYMENTS
TXN000004825,ACC0002009,2026-05-22 11:04:23,ATM_WITHDRAWAL,CREDIT,3598.5,UTILITIES,BRANCH,PAYMENTS
TXN000004826,ACC0004899,2026-02-12 14:17:10,CASH_DEPOSIT,DEBIT,4610.41,TRANSFER,POS,PAYMENTS
TXN000004827,ACC0001085,2026-02-02 20:45:19,NEFT,DEBIT,28147.41,UTILITIES,BRANCH,PAYMENTS
TXN000004828,ACC0000003,2026-05-25 18:44:32,NEFT,CREDIT,1139.44,GROCERY,WEB,PAYMENTS
TXN000004829,ACC0000019,2026-03-04 12:44:25,CARD_PURCHASE,DEBIT,9916.97,FUEL,POS,PAYMENTS
TXN000004830,ACC0004761,2026-04-11 11:26:28,IMPS,CREDIT,11107.78,CASH,POS,PAYMENTS
TXN000004831,ACC0001249,2026-02-22 05:36:32,UPI,CREDIT,5227.41,GROCERY,ATM,PAYMENTS
TXN000004832,ACC0003216,2026-01-16 10:20:35,CARD_PURCHASE,CREDIT,6473.73,UTILITIES,ATM,PAYMENTS
TXN000004833,ACC0002736,2026-01-31 02:13:28,CASH_DEPOSIT,CREDIT,4874.92,ECOMMERCE,MOBILE,PAYMENTS
TXN000004834,ACC0003784,2026-03-09 23:35:27,IMPS,CREDIT,3255.05,ECOMMERCE,ATM,PAYMENTS
TXN000004835,ACC0000460,2026-02-01 02:07:52,UPI,DEBIT,3582.34,CASH,MOBILE,PAYMENTS
TXN000004836,ACC0004121,2026-04-11 01:58:09,CARD_PURCHASE,DEBIT,12866.65,ECOMMERCE,WEB,PAYMENTS
TXN000004837,ACC0002569,2026-08-07 14:00:03,CARD_PURCHASE,CREDIT,3404.92,ECOMMERCE,BRANCH,PAYMENTS
TXN000004838,ACC0000807,2026-05-03 08:13:36,ATM_WITHDRAWAL,DEBIT,4082.56,GROCERY,ATM,PAYMENTS
TXN000004839,ACC0004884,2026-01-16 11:11:28,NEFT,DEBIT,6411.73,GROCERY,ATM,PAYMENTS
TXN000004840,ACC0000366,2026-07-09 17:15:02,NEFT,DEBIT,4906.19,UTILITIES,MOBILE,PAYMENTS
TXN000004841,ACC0003786,2026-08-05 05:18:34,NEFT,CREDIT,2831.68,TRANSFER,WEB,PAYMENTS
TXN000004842,ACC0003087,2026-04-07 12:28:16,ATM_WITHDRAWAL,CREDIT,8029.33,TRAVEL,BRANCH,PAYMENTS
TXN000004843,ACC0004559,2026-08-25 17:31:53,CASH_DEPOSIT,CREDIT,980.07,UTILITIES,WEB,PAYMENTS
TXN000004844,ACC0000882,2026-07-07 06:20:07,ATM_WITHDRAWAL,DEBIT,7988.67,UTILITIES,MOBILE,PAYMENTS
TXN000004845,ACC0004859,2026-06-17 05:35:04,UPI,DEBIT,5499.1,UTILITIES,ATM,PAYMENTS
TXN000004846,ACC0000524,2026-08-25 18:42:07,CASH_DEPOSIT,DEBIT,1661.7,FUEL,WEB,PAYMENTS
TXN000004847,ACC0000706,2026-07-23 13:52:35,IMPS,DEBIT,7198.66,ECOMMERCE,WEB,PAYMENTS
TXN000004848,ACC0000124,2026-08-09 11:36:15,ATM_WITHDRAWAL,CREDIT,3879.75,GROCERY,BRANCH,PAYMENTS
TXN000004849,ACC0003951,2026-06-26 23:48:40,IMPS,CREDIT,9591.68,CASH,BRANCH,PAYMENTS
TXN000004850,ACC0001323,2026-08-20 14:27:23,IMPS,CREDIT,4822.51,GROCERY,ATM,PAYMENTS
TXN000004851,ACC0000158,2026-09-10 19:33:32,UPI,CREDIT,2070.24,CASH,BRANCH,PAYMENTS
TXN000004852,ACC0000499,2026-08-26 09:05:10,UPI,CREDIT,17198.65,TRANSFER,MOBILE,PAYMENTS
TXN000004853,ACC0000105,2026-01-12 07:42:34,CASH_DEPOSIT,CREDIT,484.73,ECOMMERCE,MOBILE,PAYMENTS
TXN000004854,ACC0003191,2026-09-21 10:57:04,CARD_PURCHASE,CREDIT,3158.76,FUEL,MOBILE,PAYMENTS
TXN000004855,ACC0003046,2026-09-06 08:17:16,UPI,CREDIT,562.48,FUEL,ATM,PAYMENTS
TXN000004856,ACC0003900,2026-04-19 10:43:17,UPI,DEBIT,1206.41,GROCERY,POS,PAYMENTS
TXN000004857,ACC0001195,2026-05-01 01:29:27,NEFT,CREDIT,5403.25,UTILITIES,WEB,PAYMENTS
TXN000004858,ACC0003604,2026-07-22 15:07:14,IMPS,DEBIT,15571.46,ECOMMERCE,POS,PAYMENTS
TXN000004859,ACC0004536,2026-04-27 01:21:17,NEFT,CREDIT,3045.56,FUEL,MOBILE,PAYMENTS
TXN000004860,ACC0002000,2026-01-21 19:18:01,UPI,DEBIT,4968.03,CASH,ATM,PAYMENTS
TXN000004861,ACC0003581,2026-05-09 16:47:01,CARD_PURCHASE,DEBIT,124.43,GROCERY,MOBILE,PAYMENTS
TXN000004862,ACC0001406,2026-07-04 04:27:16,NEFT,DEBIT,1169.7,GROCERY,POS,PAYMENTS
TXN000004863,ACC0003392,2026-05-28 09:48:24,IMPS,DEBIT,4320.47,FUEL,ATM,PAYMENTS
TXN000004864,ACC0001533,2026-05-16 03:23:19,NEFT,CREDIT,4156.26,CASH,BRANCH,PAYMENTS
TXN000004865,ACC0004913,2026-03-09 12:38:14,CARD_PURCHASE,DEBIT,28502.17,TRANSFER,POS,PAYMENTS
TXN000004866,ACC0002916,2026-01-02 22:56:09,CASH_DEPOSIT,CREDIT,893.85,TRAVEL,MOBILE,PAYMENTS
TXN000004867,ACC0000052,2026-09-10 18:31:30,ATM_WITHDRAWAL,CREDIT,3012.37,GROCERY,WEB,PAYMENTS
TXN000004868,ACC0004703,2026-03-16 21:11:22,CARD_PURCHASE,CREDIT,23305.79,CASH,MOBILE,PAYMENTS
TXN000004869,ACC0001030,2026-06-29 19:47:02,CASH_DEPOSIT,DEBIT,4437.76,TRANSFER,ATM,PAYMENTS
TXN000004870,ACC0004269,2026-05-09 00:44:51,UPI,CREDIT,3193.05,TRANSFER,BRANCH,PAYMENTS
TXN000004871,ACC0004108,2026-07-03 09:05:38,NEFT,CREDIT,6438.66,FUEL,POS,PAYMENTS
TXN000004872,ACC0002495,2026-06-17 00:30:22,NEFT,DEBIT,786.08,TRANSFER,POS,PAYMENTS
TXN000004873,ACC0002171,2026-09-11 18:02:03,CASH_DEPOSIT,CREDIT,1136.54,ECOMMERCE,MOBILE,PAYMENTS
TXN000004874,ACC0001438,2026-08-09 21:28:07,IMPS,CREDIT,4775.07,UTILITIES,ATM,PAYMENTS
TXN000004875,ACC0002410,2026-02-02 22:03:07,CASH_DEPOSIT,CREDIT,9153.03,ECOMMERCE,POS,PAYMENTS
TXN000004876,ACC0004960,2026-08-29 12:45:07,IMPS,CREDIT,4231.45,FUEL,WEB,PAYMENTS
TXN000004877,ACC0002955,2026-09-05 01:57:58,CARD_PURCHASE,DEBIT,1597.17,UTILITIES,MOBILE,PAYMENTS
TXN000004878,ACC0000753,2026-02-08 04:27:20,ATM_WITHDRAWAL,DEBIT,6019.99,TRANSFER,ATM,PAYMENTS
TXN000004879,ACC0004099,2026-01-29 06:03:00,UPI,CREDIT,4787.84,UTILITIES,POS,PAYMENTS
TXN000004880,ACC0004329,2026-02-23 13:55:45,UPI,CREDIT,2214.2,TRANSFER,MOBILE,PAYMENTS
TXN000004881,ACC0000769,2026-06-24 14:43:19,IMPS,CREDIT,2625.23,TRAVEL,ATM,PAYMENTS
TXN000004882,ACC0000526,2026-02-10 20:10:39,IMPS,DEBIT,1324.01,CASH,MOBILE,PAYMENTS
TXN000004883,ACC0004163,2026-08-24 02:10:45,UPI,CREDIT,1931.91,ECOMMERCE,ATM,PAYMENTS
TXN000004884,ACC0002279,2026-02-14 19:53:36,UPI,DEBIT,11636.65,ECOMMERCE,WEB,PAYMENTS
TXN000004885,ACC0002979,2026-03-26 22:26:24,ATM_WITHDRAWAL,DEBIT,2354.97,TRANSFER,ATM,PAYMENTS
TXN000004886,ACC0000891,2026-07-11 14:25:56,CARD_PURCHASE,CREDIT,6771.69,CASH,ATM,PAYMENTS
TXN000004887,ACC0000819,2026-07-18 05:37:57,UPI,CREDIT,3351.28,ECOMMERCE,WEB,PAYMENTS
TXN000004888,ACC0000840,2026-04-12 21:04:30,IMPS,CREDIT,9945.97,TRAVEL,WEB,PAYMENTS
TXN000004889,ACC0001708,2026-08-01 05:34:31,IMPS,DEBIT,49723.76,UTILITIES,BRANCH,PAYMENTS
TXN000004890,ACC0003052,2026-05-14 05:21:59,IMPS,DEBIT,1936.29,UTILITIES,ATM,PAYMENTS
TXN000004891,ACC0000626,2026-02-06 16:53:06,ATM_WITHDRAWAL,DEBIT,1547.34,CASH,ATM,PAYMENTS
TXN000004892,ACC0000636,2026-01-12 10:31:20,ATM_WITHDRAWAL,DEBIT,2259.06,CASH,BRANCH,PAYMENTS
TXN000004893,ACC0004715,2026-05-10 01:54:48,ATM_WITHDRAWAL,DEBIT,2393.23,UTILITIES,ATM,PAYMENTS
TXN000004894,ACC0002952,2026-04-03 23:49:45,IMPS,CREDIT,2827.86,GROCERY,ATM,PAYMENTS
TXN000004895,ACC0003208,2026-05-24 00:39:18,UPI,DEBIT,1276.31,UTILITIES,MOBILE,PAYMENTS
TXN000004896,ACC0000469,2026-04-09 16:59:04,IMPS,CREDIT,948.96,GROCERY,ATM,PAYMENTS
TXN000004897,ACC0002259,2026-02-26 19:10:36,NEFT,DEBIT,2992.33,ECOMMERCE,WEB,PAYMENTS
TXN000004898,ACC0003765,2026-01-15 03:44:08,NEFT,CREDIT,894.54,UTILITIES,POS,PAYMENTS
TXN000004899,ACC0004143,2026-03-16 12:05:19,NEFT,DEBIT,1630.05,CASH,POS,PAYMENTS
TXN000004900,ACC0000193,2026-01-17 12:38:27,ATM_WITHDRAWAL,DEBIT,17532.84,FUEL,POS,PAYMENTS
TXN000004901,ACC0004798,2026-08-23 17:17:40,CARD_PURCHASE,CREDIT,4747.57,GROCERY,WEB,PAYMENTS
TXN000004902,ACC0000695,2026-08-13 04:46:11,CASH_DEPOSIT,DEBIT,4697.92,CASH,BRANCH,PAYMENTS
TXN000004903,ACC0002420,2026-06-05 01:13:50,IMPS,DEBIT,27901.44,GROCERY,ATM,PAYMENTS
TXN000004904,ACC0002870,2026-08-12 06:53:11,ATM_WITHDRAWAL,DEBIT,18630.19,TRAVEL,WEB,PAYMENTS
TXN000004905,ACC0000294,2026-04-07 05:26:38,NEFT,DEBIT,7908.18,TRANSFER,MOBILE,PAYMENTS
TXN000004906,ACC0003612,2026-05-03 08:03:54,CASH_DEPOSIT,DEBIT,11061.96,GROCERY,BRANCH,PAYMENTS
TXN000004907,ACC0004637,2026-01-16 04:51:05,UPI,DEBIT,1678.41,GROCERY,ATM,PAYMENTS
TXN000004908,ACC0004663,2026-04-25 19:21:42,NEFT,CREDIT,2362.96,CASH,ATM,PAYMENTS
TXN000004909,ACC0004334,2026-03-06 04:37:57,ATM_WITHDRAWAL,CREDIT,3516.41,FUEL,BRANCH,PAYMENTS
TXN000004910,ACC0004779,2026-04-30 03:07:34,ATM_WITHDRAWAL,CREDIT,16256.5,GROCERY,WEB,PAYMENTS
TXN000004911,ACC0003176,2026-04-20 07:53:15,CASH_DEPOSIT,CREDIT,17444.33,FUEL,MOBILE,PAYMENTS
TXN000004912,ACC0000097,2026-02-02 05:49:54,ATM_WITHDRAWAL,DEBIT,1478.38,TRAVEL,ATM,PAYMENTS
TXN000004913,ACC0003147,2026-01-12 23:08:20,CASH_DEPOSIT,CREDIT,2905.01,FUEL,ATM,PAYMENTS
TXN000004914,ACC0002949,2026-03-09 05:59:44,CARD_PURCHASE,DEBIT,2320.75,GROCERY,BRANCH,PAYMENTS
TXN000004915,ACC0003125,2026-05-29 14:03:32,ATM_WITHDRAWAL,CREDIT,4197.28,TRAVEL,MOBILE,PAYMENTS
TXN000004916,ACC0004929,2026-07-31 09:30:32,CASH_DEPOSIT,CREDIT,11148.96,GROCERY,POS,PAYMENTS
TXN000004917,ACC0001298,2026-02-23 01:04:26,NEFT,CREDIT,25411.29,UTILITIES,MOBILE,PAYMENTS
TXN000004918,ACC0003138,2026-04-19 01:27:51,NEFT,CREDIT,1505.29,CASH,WEB,PAYMENTS
TXN000004919,ACC0001824,2026-09-07 20:10:48,IMPS,CREDIT,12870.37,UTILITIES,BRANCH,PAYMENTS
TXN000004920,ACC0003399,2026-07-23 21:07:30,CASH_DEPOSIT,CREDIT,3590.26,ECOMMERCE,WEB,PAYMENTS
TXN000004921,ACC0003540,2026-05-10 02:07:37,IMPS,CREDIT,4354.4,TRAVEL,POS,PAYMENTS
TXN000004922,ACC0000211,2026-05-16 15:07:01,UPI,CREDIT,6079.51,GROCERY,WEB,PAYMENTS
TXN000004923,ACC0001133,2026-03-08 19:48:47,IMPS,CREDIT,3006.19,ECOMMERCE,MOBILE,PAYMENTS
TXN000004924,ACC0001093,2026-04-02 17:53:25,IMPS,CREDIT,3768.06,UTILITIES,POS,PAYMENTS
TXN000004925,ACC0002828,2026-07-01 05:07:14,ATM_WITHDRAWAL,CREDIT,847.79,ECOMMERCE,MOBILE,PAYMENTS
TXN000004926,ACC0003116,2026-05-23 07:05:57,CARD_PURCHASE,CREDIT,708.34,FUEL,MOBILE,PAYMENTS
TXN000004927,ACC0002722,2026-07-09 10:28:46,ATM_WITHDRAWAL,DEBIT,3679.26,TRANSFER,WEB,PAYMENTS
TXN000004928,ACC0001666,2026-09-17 18:26:52,UPI,CREDIT,5290.57,CASH,WEB,PAYMENTS
TXN000004929,ACC0004230,2026-01-18 13:53:43,CASH_DEPOSIT,CREDIT,9782.12,GROCERY,ATM,PAYMENTS
TXN000004930,ACC0001041,2026-03-06 09:37:17,ATM_WITHDRAWAL,DEBIT,2386.9,FUEL,POS,PAYMENTS
TXN000004931,ACC0002413,2026-08-23 09:07:14,CASH_DEPOSIT,DEBIT,1639.92,CASH,MOBILE,PAYMENTS
TXN000004932,ACC0004440,2026-07-01 00:48:18,CASH_DEPOSIT,CREDIT,4598.11,FUEL,BRANCH,PAYMENTS
TXN000004933,ACC0001410,2026-03-03 01:09:15,ATM_WITHDRAWAL,CREDIT,1080.2,ECOMMERCE,WEB,PAYMENTS
TXN000004934,ACC0001707,2026-03-23 19:14:58,ATM_WITHDRAWAL,CREDIT,2689.49,FUEL,POS,PAYMENTS
TXN000004935,ACC0000856,2026-07-24 09:00:44,CARD_PURCHASE,DEBIT,28337.22,UTILITIES,WEB,PAYMENTS
TXN000004936,ACC0002822,2026-06-06 02:19:58,CASH_DEPOSIT,DEBIT,3357.15,GROCERY,ATM,PAYMENTS
TXN000004937,ACC0002905,2026-07-24 23:40:59,IMPS,CREDIT,1976.81,ECOMMERCE,WEB,PAYMENTS
TXN000004938,ACC0003072,2026-04-02 19:03:55,IMPS,CREDIT,1417.41,UTILITIES,WEB,PAYMENTS
TXN000004939,ACC0003592,2026-01-13 05:42:33,UPI,CREDIT,5704.49,CASH,BRANCH,PAYMENTS
TXN000004940,ACC0003620,2026-04-28 19:07:28,CASH_DEPOSIT,DEBIT,21760.71,CASH,POS,PAYMENTS
TXN000004941,ACC0003760,2026-05-24 07:58:05,CASH_DEPOSIT,DEBIT,1303.92,CASH,POS,PAYMENTS
TXN000004942,ACC0001459,2026-06-23 09:29:04,UPI,DEBIT,2613.73,ECOMMERCE,BRANCH,PAYMENTS
TXN000004943,ACC0003871,2026-02-04 13:46:27,IMPS,DEBIT,3761.64,FUEL,POS,PAYMENTS
TXN000004944,ACC0000513,2026-07-02 23:40:28,ATM_WITHDRAWAL,DEBIT,347.43,UTILITIES,BRANCH,PAYMENTS
TXN000004945,ACC0002494,2026-04-05 17:56:45,UPI,CREDIT,6401.74,UTILITIES,ATM,PAYMENTS
TXN000004946,ACC0002337,2026-03-10 17:13:12,IMPS,DEBIT,9333.81,ECOMMERCE,ATM,PAYMENTS
TXN000004947,ACC0001319,2026-02-28 18:41:36,CARD_PURCHASE,CREDIT,8137.44,UTILITIES,WEB,PAYMENTS
TXN000004948,ACC0002535,2026-07-21 18:21:24,NEFT,DEBIT,1204.71,TRANSFER,POS,PAYMENTS
TXN000004949,ACC0000784,2026-07-20 19:32:08,UPI,DEBIT,2934.61,UTILITIES,BRANCH,PAYMENTS
TXN000004950,ACC0001405,2026-08-12 08:42:59,UPI,CREDIT,19337.09,GROCERY,MOBILE,PAYMENTS
TXN000004951,ACC0002573,2026-07-02 05:07:55,ATM_WITHDRAWAL,CREDIT,3950.56,TRANSFER,WEB,PAYMENTS
TXN000004952,ACC0000178,2026-06-02 23:46:42,NEFT,DEBIT,2168.81,GROCERY,ATM,PAYMENTS
TXN000004953,ACC0003001,2026-08-25 17:12:19,CASH_DEPOSIT,CREDIT,820.97,GROCERY,WEB,PAYMENTS
TXN000004954,ACC0003357,2026-02-17 23:41:49,CARD_PURCHASE,CREDIT,2960.49,ECOMMERCE,WEB,PAYMENTS
TXN000004955,ACC0001208,2026-05-21 14:36:44,NEFT,CREDIT,680.03,CASH,BRANCH,PAYMENTS
TXN000004956,ACC0001126,2026-01-10 06:46:08,ATM_WITHDRAWAL,DEBIT,3276.46,FUEL,ATM,PAYMENTS
TXN000004957,ACC0003651,2026-06-02 22:54:16,CARD_PURCHASE,DEBIT,4268.48,UTILITIES,POS,PAYMENTS
TXN000004958,ACC0004371,2026-05-12 13:01:42,CARD_PURCHASE,CREDIT,8479.61,GROCERY,WEB,PAYMENTS
TXN000004959,ACC0004541,2026-09-11 12:50:48,NEFT,DEBIT,1982.94,ECOMMERCE,POS,PAYMENTS
TXN000004960,ACC0003037,2026-06-15 22:18:16,NEFT,CREDIT,4894.77,TRAVEL,POS,PAYMENTS
TXN000004961,ACC0002702,2026-02-28 03:26:57,IMPS,DEBIT,3596.35,UTILITIES,POS,PAYMENTS
TXN000004962,ACC0001910,2026-06-07 03:13:41,CARD_PURCHASE,CREDIT,1771.94,TRANSFER,POS,PAYMENTS
TXN000004963,ACC0000910,2026-07-15 13:53:11,CARD_PURCHASE,CREDIT,3792.69,FUEL,BRANCH,PAYMENTS
TXN000004964,ACC0004909,2026-07-22 19:02:09,CARD_PURCHASE,DEBIT,5457.57,TRAVEL,POS,PAYMENTS
TXN000004965,ACC0000122,2026-08-07 14:54:13,CARD_PURCHASE,DEBIT,1194.5,ECOMMERCE,BRANCH,PAYMENTS
TXN000004966,ACC0000285,2026-04-03 21:42:19,ATM_WITHDRAWAL,CREDIT,622.82,TRANSFER,POS,PAYMENTS
TXN000004967,ACC0003741,2026-03-21 22:35:23,UPI,DEBIT,8942.06,TRANSFER,POS,PAYMENTS
TXN000004968,ACC0002756,2026-06-20 04:06:09,CASH_DEPOSIT,DEBIT,11078.87,ECOMMERCE,WEB,PAYMENTS
TXN000004969,ACC0000818,2026-07-04 14:42:34,IMPS,DEBIT,2963.17,CASH,POS,PAYMENTS
TXN000004970,ACC0003074,2026-01-20 18:48:13,CASH_DEPOSIT,DEBIT,543.25,UTILITIES,WEB,PAYMENTS
TXN000004971,ACC0000926,2026-08-16 18:40:59,UPI,CREDIT,2779.89,TRANSFER,MOBILE,PAYMENTS
TXN000004972,ACC0003187,2026-06-12 11:49:33,IMPS,CREDIT,208.66,TRANSFER,BRANCH,PAYMENTS
TXN000004973,ACC0003025,2026-03-29 08:38:13,UPI,DEBIT,3334.74,TRAVEL,BRANCH,PAYMENTS
TXN000004974,ACC0001322,2026-08-29 05:31:48,IMPS,CREDIT,5523.46,TRANSFER,WEB,PAYMENTS
TXN000004975,ACC0001584,2026-07-20 19:54:57,CASH_DEPOSIT,CREDIT,43114.03,FUEL,WEB,PAYMENTS
TXN000004976,ACC0002178,2026-07-17 03:05:06,NEFT,DEBIT,5654.82,FUEL,ATM,PAYMENTS
TXN000004977,ACC0001092,2026-03-21 14:24:40,NEFT,DEBIT,2293.83,ECOMMERCE,POS,PAYMENTS
TXN000004978,ACC0002537,2026-07-31 18:01:33,UPI,DEBIT,958.72,TRAVEL,WEB,PAYMENTS
TXN000004979,ACC0001212,2026-06-21 08:38:31,CARD_PURCHASE,CREDIT,23659.16,TRANSFER,WEB,PAYMENTS
TXN000004980,ACC0004635,2026-09-18 04:45:43,UPI,DEBIT,5353.41,GROCERY,ATM,PAYMENTS
TXN000004981,ACC0001145,2026-08-11 01:17:34,NEFT,CREDIT,20882.05,FUEL,POS,PAYMENTS
TXN000004982,ACC0004855,2026-02-22 17:49:24,UPI,DEBIT,19894.42,TRANSFER,POS,PAYMENTS
TXN000004983,ACC0004128,2026-04-05 12:50:06,CASH_DEPOSIT,DEBIT,13868.12,TRANSFER,POS,PAYMENTS
TXN000004984,ACC0004402,2026-07-13 01:21:29,CARD_PURCHASE,DEBIT,9889.8,TRANSFER,BRANCH,PAYMENTS
TXN000004985,ACC0001320,2026-02-17 01:25:25,NEFT,CREDIT,13260.47,TRAVEL,WEB,PAYMENTS
TXN000004986,ACC0002753,2026-04-12 12:08:24,UPI,DEBIT,5137.76,GROCERY,BRANCH,PAYMENTS
TXN000004987,ACC0004359,2026-07-22 00:02:01,CASH_DEPOSIT,DEBIT,6144.46,ECOMMERCE,ATM,PAYMENTS
TXN000004988,ACC0004806,2026-08-05 14:08:03,IMPS,DEBIT,39220.57,UTILITIES,ATM,PAYMENTS
TXN000004989,ACC0002444,2026-01-08 04:51:34,UPI,CREDIT,6225.53,GROCERY,ATM,PAYMENTS
TXN000004990,ACC0000131,2026-06-17 18:49:30,CARD_PURCHASE,CREDIT,469.9,CASH,ATM,PAYMENTS
TXN000004991,ACC0002142,2026-06-30 10:52:02,CARD_PURCHASE,DEBIT,3182.56,ECOMMERCE,ATM,PAYMENTS
TXN000004992,ACC0002400,2026-03-02 09:31:12,UPI,CREDIT,245.44,ECOMMERCE,BRANCH,PAYMENTS
TXN000004993,ACC0002915,2026-09-19 09:06:00,IMPS,CREDIT,9793.36,CASH,POS,PAYMENTS
TXN000004994,ACC0003662,2026-03-12 18:02:17,NEFT,CREDIT,5867.98,TRANSFER,WEB,PAYMENTS
TXN000004995,ACC0002751,2026-08-29 22:46:34,IMPS,CREDIT,2599.87,ECOMMERCE,MOBILE,PAYMENTS
TXN000004996,ACC0004699,2026-09-17 18:19:03,NEFT,CREDIT,3125.75,UTILITIES,WEB,PAYMENTS
TXN000004997,ACC0000779,2026-09-23 13:19:04,ATM_WITHDRAWAL,CREDIT,3662.48,UTILITIES,POS,PAYMENTS
TXN000004998,ACC0000197,2026-02-08 13:08:35,IMPS,DEBIT,8274.17,ECOMMERCE,MOBILE,PAYMENTS
TXN000004999,ACC0004268,2026-05-26 17:16:37,NEFT,CREDIT,4079.08,TRAVEL,BRANCH,PAYMENTS
TXN000005000,ACC0004686,2026-07-21 02:32:36,ATM_WITHDRAWAL,DEBIT,3157.53,CASH,ATM,PAYMENTS
TXN000005001,ACC0003689,2026-01-09 03:51:31,NEFT,DEBIT,2000.82,FUEL,POS,PAYMENTS
TXN000005002,ACC0002470,2026-03-22 04:39:29,CASH_DEPOSIT,CREDIT,13463.42,GROCERY,ATM,PAYMENTS
TXN000005003,ACC0003411,2026-04-15 20:22:30,IMPS,CREDIT,6360.54,UTILITIES,POS,PAYMENTS
TXN000005004,ACC0004408,2026-09-06 15:01:06,UPI,DEBIT,10959.66,CASH,BRANCH,PAYMENTS
TXN000005005,ACC0000079,2026-03-08 07:06:45,NEFT,CREDIT,1847.44,FUEL,MOBILE,PAYMENTS
TXN000005006,ACC0003090,2026-04-27 10:54:38,NEFT,DEBIT,26862.48,CASH,WEB,PAYMENTS
TXN000005007,ACC0001585,2026-05-28 03:40:21,CASH_DEPOSIT,DEBIT,2130.35,TRANSFER,ATM,PAYMENTS
TXN000005008,ACC0001896,2026-08-12 15:03:44,ATM_WITHDRAWAL,DEBIT,1686.61,TRANSFER,ATM,PAYMENTS
TXN000005009,ACC0001621,2026-07-13 06:31:38,IMPS,CREDIT,2040.89,UTILITIES,POS,PAYMENTS
TXN000005010,ACC0003129,2026-01-29 06:31:14,UPI,CREDIT,4375.25,UTILITIES,POS,PAYMENTS
TXN000005011,ACC0004797,2026-09-14 08:01:00,IMPS,CREDIT,15961.57,GROCERY,POS,PAYMENTS
TXN000005012,ACC0002390,2026-08-01 13:10:45,ATM_WITHDRAWAL,DEBIT,3746.55,FUEL,ATM,PAYMENTS
TXN000005013,ACC0001718,2026-05-19 11:34:48,IMPS,CREDIT,697.88,FUEL,WEB,PAYMENTS
TXN000005014,ACC0002269,2026-03-14 06:02:25,CARD_PURCHASE,DEBIT,18466.03,CASH,ATM,PAYMENTS
TXN000005015,ACC0002844,2026-03-22 15:23:17,CARD_PURCHASE,DEBIT,19024.37,TRAVEL,ATM,PAYMENTS
TXN000005016,ACC0003244,2026-07-02 19:32:54,ATM_WITHDRAWAL,CREDIT,14311.28,ECOMMERCE,MOBILE,PAYMENTS
TXN000005017,ACC0001546,2026-05-22 16:26:07,UPI,CREDIT,389.53,TRAVEL,BRANCH,PAYMENTS
TXN000005018,ACC0000175,2026-05-19 11:56:25,CARD_PURCHASE,DEBIT,2482.82,TRAVEL,BRANCH,PAYMENTS
TXN000005019,ACC0004523,2026-02-24 18:25:53,CARD_PURCHASE,DEBIT,2128.84,GROCERY,POS,PAYMENTS
TXN000005020,ACC0002531,2026-03-10 17:08:29,UPI,CREDIT,12038.42,CASH,WEB,PAYMENTS
TXN000005021,ACC0002286,2026-03-24 04:40:05,CARD_PURCHASE,DEBIT,8634.24,CASH,WEB,PAYMENTS
TXN000005022,ACC0003498,2026-01-21 11:08:24,ATM_WITHDRAWAL,DEBIT,4739.95,CASH,BRANCH,PAYMENTS
TXN000005023,ACC0000312,2026-08-09 17:02:36,ATM_WITHDRAWAL,CREDIT,533.91,CASH,WEB,PAYMENTS
TXN000005024,ACC0004972,2026-06-19 19:30:25,ATM_WITHDRAWAL,CREDIT,2907.3,UTILITIES,MOBILE,PAYMENTS
TXN000005025,ACC0002692,2026-04-12 01:29:38,IMPS,CREDIT,12953.87,CASH,POS,PAYMENTS
TXN000005026,ACC0003812,2026-07-10 01:04:03,ATM_WITHDRAWAL,DEBIT,11271.03,CASH,BRANCH,PAYMENTS
TXN000005027,ACC0002205,2026-04-28 01:07:02,CARD_PURCHASE,CREDIT,22143.34,TRAVEL,WEB,PAYMENTS
TXN000005028,ACC0003847,2026-03-06 06:26:29,UPI,CREDIT,1253.28,ECOMMERCE,MOBILE,PAYMENTS
TXN000005029,ACC0000507,2026-06-17 10:03:03,UPI,CREDIT,2923.46,TRAVEL,WEB,PAYMENTS
TXN000005030,ACC0001187,2026-03-15 08:09:52,UPI,DEBIT,19415.68,UTILITIES,BRANCH,PAYMENTS
TXN000005031,ACC0004919,2026-02-17 06:33:29,ATM_WITHDRAWAL,DEBIT,620.61,FUEL,BRANCH,PAYMENTS
TXN000005032,ACC0004613,2026-08-25 01:19:31,NEFT,DEBIT,6018.95,TRANSFER,BRANCH,PAYMENTS
TXN000005033,ACC0002850,2026-07-28 03:51:05,UPI,DEBIT,7817.52,ECOMMERCE,BRANCH,PAYMENTS
TXN000005034,ACC0001962,2026-06-30 04:00:16,UPI,DEBIT,4184.39,GROCERY,MOBILE,PAYMENTS
TXN000005035,ACC0002957,2026-01-10 13:44:23,CASH_DEPOSIT,CREDIT,3212.43,TRAVEL,ATM,PAYMENTS
TXN000005036,ACC0002342,2026-04-15 09:57:51,ATM_WITHDRAWAL,CREDIT,2244.08,ECOMMERCE,WEB,PAYMENTS
TXN000005037,ACC0004508,2026-02-13 23:50:33,NEFT,CREDIT,979.95,CASH,BRANCH,PAYMENTS
TXN000005038,ACC0002593,2026-01-12 02:57:28,NEFT,CREDIT,7631.39,TRANSFER,POS,PAYMENTS
TXN000005039,ACC0004192,2026-06-17 01:57:03,ATM_WITHDRAWAL,DEBIT,2635.52,CASH,MOBILE,PAYMENTS
TXN000005040,ACC0001122,2026-02-27 02:36:23,UPI,CREDIT,438.17,GROCERY,BRANCH,PAYMENTS
TXN000005041,ACC0002183,2026-06-10 21:47:40,IMPS,CREDIT,311.95,UTILITIES,WEB,PAYMENTS
TXN000005042,ACC0004611,2026-06-26 03:00:04,NEFT,DEBIT,6613.12,FUEL,MOBILE,PAYMENTS
TXN000005043,ACC0002281,2026-01-20 06:02:44,CASH_DEPOSIT,DEBIT,6777.73,GROCERY,MOBILE,PAYMENTS
TXN000005044,ACC0003789,2026-07-12 06:19:19,ATM_WITHDRAWAL,CREDIT,5674.58,ECOMMERCE,WEB,PAYMENTS
TXN000005045,ACC0002547,2026-02-26 16:30:51,CASH_DEPOSIT,DEBIT,28390.21,CASH,WEB,PAYMENTS
TXN000005046,ACC0002973,2026-01-19 12:36:52,UPI,CREDIT,5029.79,TRAVEL,BRANCH,PAYMENTS
TXN000005047,ACC0003082,2026-01-31 21:36:54,IMPS,DEBIT,4573.3,CASH,ATM,PAYMENTS
TXN000005048,ACC0004050,2026-06-17 16:50:27,ATM_WITHDRAWAL,CREDIT,9786.12,GROCERY,ATM,PAYMENTS
TXN000005049,ACC0001728,2026-03-01 03:58:42,CASH_DEPOSIT,DEBIT,7409.62,CASH,BRANCH,PAYMENTS
TXN000005050,ACC0000329,2026-02-26 05:39:48,NEFT,DEBIT,3026.41,GROCERY,BRANCH,PAYMENTS
TXN000005051,ACC0003640,2026-03-03 02:32:38,IMPS,CREDIT,4182.55,FUEL,WEB,PAYMENTS
TXN000005052,ACC0000079,2026-07-15 05:15:15,ATM_WITHDRAWAL,DEBIT,7453.95,GROCERY,WEB,PAYMENTS
TXN000005053,ACC0003680,2026-03-07 13:51:17,UPI,CREDIT,2308.51,UTILITIES,ATM,PAYMENTS
TXN000005054,ACC0000704,2026-06-19 03:34:49,IMPS,DEBIT,2267.34,TRANSFER,POS,PAYMENTS
TXN000005055,ACC0002440,2026-04-11 16:18:11,IMPS,DEBIT,4817.04,UTILITIES,MOBILE,PAYMENTS
TXN000005056,ACC0004161,2026-06-23 06:27:29,UPI,DEBIT,1299.05,UTILITIES,WEB,PAYMENTS
TXN000005057,ACC0002291,2026-05-06 04:59:38,CASH_DEPOSIT,DEBIT,2785.72,FUEL,BRANCH,PAYMENTS
TXN000005058,ACC0002381,2026-02-14 08:46:44,CASH_DEPOSIT,DEBIT,4754.77,FUEL,WEB,PAYMENTS
TXN000005059,ACC0002899,2026-09-20 16:29:05,CARD_PURCHASE,DEBIT,25146.99,GROCERY,WEB,PAYMENTS
TXN000005060,ACC0000837,2026-03-16 11:52:22,ATM_WITHDRAWAL,CREDIT,930.84,CASH,MOBILE,PAYMENTS
TXN000005061,ACC0001448,2026-03-09 09:07:52,CARD_PURCHASE,DEBIT,1330.6,FUEL,WEB,PAYMENTS
TXN000005062,ACC0002976,2026-08-15 07:31:20,UPI,DEBIT,2916.81,UTILITIES,MOBILE,PAYMENTS
TXN000005063,ACC0003553,2026-05-31 01:34:24,ATM_WITHDRAWAL,DEBIT,22112.31,GROCERY,POS,PAYMENTS
TXN000005064,ACC0004090,2026-09-22 21:36:54,CASH_DEPOSIT,DEBIT,1882.72,CASH,BRANCH,PAYMENTS
TXN000005065,ACC0001094,2026-06-16 04:20:25,CASH_DEPOSIT,DEBIT,1079.38,FUEL,MOBILE,PAYMENTS
TXN000005066,ACC0004415,2026-05-13 13:55:16,IMPS,CREDIT,10383.76,TRAVEL,POS,PAYMENTS
TXN000005067,ACC0000887,2026-08-14 14:34:40,ATM_WITHDRAWAL,CREDIT,4881.51,ECOMMERCE,BRANCH,PAYMENTS
TXN000005068,ACC0004820,2026-04-10 13:36:30,CASH_DEPOSIT,CREDIT,2132.94,UTILITIES,POS,PAYMENTS
TXN000005069,ACC0000760,2026-02-25 10:01:03,ATM_WITHDRAWAL,CREDIT,699.89,ECOMMERCE,POS,PAYMENTS
TXN000005070,ACC0002382,2026-08-29 17:09:29,CASH_DEPOSIT,DEBIT,2725.85,GROCERY,WEB,PAYMENTS
TXN000005071,ACC0001740,2026-08-25 16:50:02,CARD_PURCHASE,CREDIT,1482.13,GROCERY,WEB,PAYMENTS
TXN000005072,ACC0003340,2026-04-04 01:02:48,ATM_WITHDRAWAL,CREDIT,703.54,ECOMMERCE,MOBILE,PAYMENTS
TXN000005073,ACC0004103,2026-09-23 12:38:28,CASH_DEPOSIT,CREDIT,55061.27,CASH,MOBILE,PAYMENTS
TXN000005074,ACC0003090,2026-04-01 12:12:45,CASH_DEPOSIT,DEBIT,5016.87,TRANSFER,BRANCH,PAYMENTS
TXN000005075,ACC0001699,2026-02-10 09:33:40,UPI,DEBIT,1432.35,GROCERY,ATM,PAYMENTS
TXN000005076,ACC0002895,2026-06-08 10:04:33,ATM_WITHDRAWAL,DEBIT,2392.62,TRAVEL,ATM,PAYMENTS
TXN000005077,ACC0003702,2026-06-19 04:54:10,IMPS,CREDIT,9863.81,TRANSFER,BRANCH,PAYMENTS
TXN000005078,ACC0003071,2026-09-15 14:19:50,NEFT,DEBIT,11570.92,TRANSFER,ATM,PAYMENTS
TXN000005079,ACC0000332,2026-04-02 18:23:16,IMPS,CREDIT,16047.25,TRANSFER,POS,PAYMENTS
TXN000005080,ACC0004974,2026-04-30 17:30:03,ATM_WITHDRAWAL,DEBIT,6974.28,GROCERY,POS,PAYMENTS
TXN000005081,ACC0003921,2026-02-26 18:07:38,CASH_DEPOSIT,CREDIT,4273.48,FUEL,BRANCH,PAYMENTS
TXN000005082,ACC0003865,2026-08-24 00:56:25,ATM_WITHDRAWAL,DEBIT,6364.34,TRANSFER,MOBILE,PAYMENTS
TXN000005083,ACC0003363,2026-03-10 22:20:11,CASH_DEPOSIT,DEBIT,1970.63,TRAVEL,POS,PAYMENTS
TXN000005084,ACC0003132,2026-07-12 15:20:15,CARD_PURCHASE,CREDIT,641.86,UTILITIES,POS,PAYMENTS
TXN000005085,ACC0003697,2026-02-12 13:02:23,IMPS,DEBIT,5773.31,GROCERY,WEB,PAYMENTS
TXN000005086,ACC0004646,2026-02-15 13:22:50,ATM_WITHDRAWAL,DEBIT,1321.23,GROCERY,POS,PAYMENTS
TXN000005087,ACC0003610,2026-08-28 01:47:18,IMPS,CREDIT,717.51,GROCERY,ATM,PAYMENTS
TXN000005088,ACC0001048,2026-06-05 00:08:40,IMPS,CREDIT,525.26,TRANSFER,POS,PAYMENTS
TXN000005089,ACC0002438,2026-06-18 22:32:17,NEFT,CREDIT,9090.13,CASH,POS,PAYMENTS
TXN000005090,ACC0002035,2026-01-02 03:09:13,NEFT,CREDIT,11751.69,CASH,POS,PAYMENTS
TXN000005091,ACC0003829,2026-08-01 19:52:40,UPI,CREDIT,584.68,TRANSFER,POS,PAYMENTS
TXN000005092,ACC0003444,2026-03-04 11:45:45,NEFT,CREDIT,8668.16,ECOMMERCE,WEB,PAYMENTS
TXN000005093,ACC0000209,2026-04-20 12:45:02,UPI,DEBIT,2304.06,TRANSFER,ATM,PAYMENTS
TXN000005094,ACC0000678,2026-03-01 21:48:08,CASH_DEPOSIT,DEBIT,10482.31,UTILITIES,WEB,PAYMENTS
TXN000005095,ACC0002829,2026-01-04 04:57:49,ATM_WITHDRAWAL,DEBIT,4461.76,CASH,WEB,PAYMENTS
TXN000005096,ACC0004692,2026-07-01 16:27:32,ATM_WITHDRAWAL,DEBIT,959.57,TRAVEL,ATM,PAYMENTS
TXN000005097,ACC0004445,2026-07-27 03:44:14,CASH_DEPOSIT,CREDIT,55973.06,TRAVEL,POS,PAYMENTS
TXN000005098,ACC0000926,2026-09-21 13:46:23,ATM_WITHDRAWAL,CREDIT,7080.72,FUEL,WEB,PAYMENTS
TXN000005099,ACC0000454,2026-07-31 02:22:03,CASH_DEPOSIT,CREDIT,7627.22,UTILITIES,WEB,PAYMENTS
TXN000005100,ACC0003961,2026-05-07 01:24:34,ATM_WITHDRAWAL,DEBIT,1036.21,TRANSFER,WEB,PAYMENTS
TXN000005101,ACC0001652,2026-01-24 09:52:36,UPI,CREDIT,2232.7,FUEL,POS,PAYMENTS
TXN000005102,ACC0002591,2026-02-25 18:48:04,IMPS,CREDIT,1907.86,ECOMMERCE,WEB,PAYMENTS
TXN000005103,ACC0001353,2026-01-16 15:06:27,IMPS,CREDIT,1574.05,GROCERY,POS,PAYMENTS
TXN000005104,ACC0004965,2026-05-25 14:18:13,CARD_PURCHASE,DEBIT,7130.79,TRANSFER,WEB,PAYMENTS
TXN000005105,ACC0004707,2026-08-24 00:52:28,CASH_DEPOSIT,DEBIT,3697.74,TRANSFER,MOBILE,PAYMENTS
TXN000005106,ACC0004321,2026-07-26 07:12:01,NEFT,CREDIT,2923.3,ECOMMERCE,WEB,PAYMENTS
TXN000005107,ACC0000783,2026-09-19 03:38:57,UPI,CREDIT,6806.72,TRANSFER,WEB,PAYMENTS
TXN000005108,ACC0002673,2026-03-22 22:17:14,NEFT,CREDIT,9797.9,UTILITIES,ATM,PAYMENTS
TXN000005109,ACC0000719,2026-02-21 15:49:24,CARD_PURCHASE,DEBIT,1960.89,UTILITIES,POS,PAYMENTS
TXN000005110,ACC0001346,2026-03-03 07:09:41,CASH_DEPOSIT,CREDIT,9305.69,CASH,POS,PAYMENTS
TXN000005111,ACC0004691,2026-05-11 11:49:52,CARD_PURCHASE,CREDIT,656.39,CASH,BRANCH,PAYMENTS
TXN000005112,ACC0003558,2026-04-21 16:16:59,CARD_PURCHASE,DEBIT,16673.82,UTILITIES,WEB,PAYMENTS
TXN000005113,ACC0000592,2026-07-03 03:58:02,ATM_WITHDRAWAL,CREDIT,6916.81,GROCERY,WEB,PAYMENTS
TXN000005114,ACC0001168,2026-02-26 09:16:50,IMPS,CREDIT,9561.51,TRANSFER,ATM,PAYMENTS
TXN000005115,ACC0002810,2026-08-21 16:44:21,NEFT,CREDIT,1142.01,TRANSFER,ATM,PAYMENTS
TXN000005116,ACC0001736,2026-07-03 21:48:03,CASH_DEPOSIT,CREDIT,2640.45,ECOMMERCE,WEB,PAYMENTS
TXN000005117,ACC0000169,2026-02-02 09:01:42,NEFT,CREDIT,1438.92,CASH,WEB,PAYMENTS
TXN000005118,ACC0002344,2026-09-21 01:25:45,NEFT,DEBIT,830.94,TRANSFER,POS,PAYMENTS
TXN000005119,ACC0002328,2026-01-29 08:04:43,IMPS,DEBIT,6775.42,ECOMMERCE,WEB,PAYMENTS
TXN000005120,ACC0004239,2026-04-27 01:55:01,IMPS,DEBIT,7921.85,FUEL,WEB,PAYMENTS
TXN000005121,ACC0001200,2026-04-14 23:43:13,UPI,CREDIT,2810.31,FUEL,BRANCH,PAYMENTS
TXN000005122,ACC0001932,2026-09-15 03:03:59,UPI,DEBIT,4956.78,ECOMMERCE,ATM,PAYMENTS
TXN000005123,ACC0002838,2026-08-19 21:06:25,ATM_WITHDRAWAL,DEBIT,3931.26,ECOMMERCE,ATM,PAYMENTS
TXN000005124,ACC0002935,2026-09-07 21:18:06,UPI,DEBIT,6346.69,CASH,BRANCH,PAYMENTS
TXN000005125,ACC0002326,2026-07-03 17:56:40,ATM_WITHDRAWAL,DEBIT,10964.67,FUEL,MOBILE,PAYMENTS
TXN000005126,ACC0004664,2026-05-05 02:08:43,ATM_WITHDRAWAL,DEBIT,1063.94,UTILITIES,BRANCH,PAYMENTS
TXN000005127,ACC0001767,2026-08-07 13:01:17,CASH_DEPOSIT,DEBIT,4807.05,FUEL,POS,PAYMENTS
TXN000005128,ACC0003080,2026-05-26 16:04:44,ATM_WITHDRAWAL,DEBIT,2245.7,GROCERY,BRANCH,PAYMENTS
TXN000005129,ACC0000903,2026-01-08 21:12:01,CARD_PURCHASE,DEBIT,181.18,FUEL,ATM,PAYMENTS
TXN000005130,ACC0000106,2026-05-31 00:21:57,IMPS,CREDIT,2294.38,ECOMMERCE,MOBILE,PAYMENTS
TXN000005131,ACC0002225,2026-07-02 21:43:35,UPI,CREDIT,253.91,GROCERY,POS,PAYMENTS
TXN000005132,ACC0003786,2026-02-22 06:19:56,UPI,DEBIT,2716.56,TRAVEL,BRANCH,PAYMENTS
TXN000005133,ACC0004668,2026-03-17 03:34:15,UPI,CREDIT,1632.42,FUEL,MOBILE,PAYMENTS
TXN000005134,ACC0004895,2026-07-14 08:25:19,ATM_WITHDRAWAL,CREDIT,7118.37,TRAVEL,ATM,PAYMENTS
TXN000005135,ACC0001563,2026-03-21 07:12:09,ATM_WITHDRAWAL,CREDIT,8981.11,TRAVEL,WEB,PAYMENTS
TXN000005136,ACC0000691,2026-03-31 10:42:02,NEFT,CREDIT,5222.25,ECOMMERCE,WEB,PAYMENTS
TXN000005137,ACC0004605,2026-05-19 00:09:55,UPI,CREDIT,3509.15,GROCERY,POS,PAYMENTS
TXN000005138,ACC0002788,2026-01-29 13:20:31,CASH_DEPOSIT,CREDIT,1181.67,GROCERY,MOBILE,PAYMENTS
TXN000005139,ACC0002863,2026-06-20 02:38:43,IMPS,DEBIT,3384.89,FUEL,POS,PAYMENTS
TXN000005140,ACC0001366,2026-06-28 02:51:52,UPI,DEBIT,4416.8,UTILITIES,WEB,PAYMENTS
TXN000005141,ACC0000638,2026-04-24 01:54:45,IMPS,DEBIT,5049.44,CASH,WEB,PAYMENTS
TXN000005142,ACC0000036,2026-04-27 01:55:08,CARD_PURCHASE,CREDIT,249.3,GROCERY,POS,PAYMENTS
TXN000005143,ACC0002467,2026-04-13 04:24:41,ATM_WITHDRAWAL,DEBIT,7836.84,GROCERY,POS,PAYMENTS
TXN000005144,ACC0003477,2026-02-06 15:33:17,CARD_PURCHASE,CREDIT,2628.78,TRAVEL,ATM,PAYMENTS
TXN000005145,ACC0002525,2026-01-26 05:10:06,NEFT,DEBIT,3447.91,FUEL,MOBILE,PAYMENTS
TXN000005146,ACC0003453,2026-08-15 20:21:58,IMPS,CREDIT,2092.17,FUEL,WEB,PAYMENTS
TXN000005147,ACC0003818,2026-08-06 15:14:43,ATM_WITHDRAWAL,CREDIT,7499.97,TRANSFER,BRANCH,PAYMENTS
TXN000005148,ACC0004454,2026-06-23 23:24:00,CARD_PURCHASE,CREDIT,2112.69,TRAVEL,WEB,PAYMENTS
TXN000005149,ACC0000683,2026-06-11 13:14:38,CASH_DEPOSIT,DEBIT,5153.1,TRANSFER,BRANCH,PAYMENTS
TXN000005150,ACC0000209,2026-06-16 23:06:09,CASH_DEPOSIT,CREDIT,2197.52,CASH,BRANCH,PAYMENTS
TXN000005151,ACC0001102,2026-03-20 05:06:15,IMPS,CREDIT,3859.83,GROCERY,POS,PAYMENTS
TXN000005152,ACC0003285,2026-09-03 09:50:50,CASH_DEPOSIT,CREDIT,12623.37,ECOMMERCE,ATM,PAYMENTS
TXN000005153,ACC0001400,2026-02-14 16:07:49,ATM_WITHDRAWAL,CREDIT,1539.4,ECOMMERCE,WEB,PAYMENTS
TXN000005154,ACC0001952,2026-03-27 19:19:29,NEFT,DEBIT,5157.29,CASH,BRANCH,PAYMENTS
TXN000005155,ACC0000868,2026-03-07 14:14:01,CASH_DEPOSIT,CREDIT,6887.84,TRAVEL,WEB,PAYMENTS
TXN000005156,ACC0000069,2026-03-29 23:21:20,NEFT,DEBIT,9499.74,ECOMMERCE,WEB,PAYMENTS
TXN000005157,ACC0002673,2026-02-10 20:06:42,NEFT,DEBIT,3410.42,CASH,MOBILE,PAYMENTS
TXN000005158,ACC0003719,2026-01-31 07:37:49,UPI,DEBIT,544.59,ECOMMERCE,POS,PAYMENTS
TXN000005159,ACC0001356,2026-09-07 13:15:39,CARD_PURCHASE,CREDIT,1906.87,ECOMMERCE,BRANCH,PAYMENTS
TXN000005160,ACC0002772,2026-04-16 11:28:55,IMPS,DEBIT,2646.58,FUEL,BRANCH,PAYMENTS
TXN000005161,ACC0002126,2026-06-19 17:58:17,ATM_WITHDRAWAL,DEBIT,7076.9,GROCERY,POS,PAYMENTS
TXN000005162,ACC0001792,2026-04-10 06:34:29,CARD_PURCHASE,DEBIT,564.72,ECOMMERCE,ATM,PAYMENTS
TXN000005163,ACC0004159,2026-05-07 17:05:40,NEFT,DEBIT,2300.15,ECOMMERCE,POS,PAYMENTS
TXN000005164,ACC0003392,2026-01-01 06:57:08,CASH_DEPOSIT,DEBIT,623.81,TRANSFER,ATM,PAYMENTS
TXN000005165,ACC0002637,2026-08-25 21:07:39,IMPS,CREDIT,3866.56,FUEL,MOBILE,PAYMENTS
TXN000005166,ACC0000045,2026-01-13 14:02:34,CARD_PURCHASE,CREDIT,693.64,TRAVEL,BRANCH,PAYMENTS
TXN000005167,ACC0000805,2026-02-04 07:58:20,CASH_DEPOSIT,CREDIT,4714.58,FUEL,MOBILE,PAYMENTS
TXN000005168,ACC0004012,2026-03-30 20:16:56,CARD_PURCHASE,CREDIT,2079.7,FUEL,POS,PAYMENTS
TXN000005169,ACC0001999,2026-04-26 13:46:17,CARD_PURCHASE,DEBIT,1396.24,TRANSFER,BRANCH,PAYMENTS
TXN000005170,ACC0001485,2026-05-10 19:11:07,ATM_WITHDRAWAL,DEBIT,8901.97,CASH,POS,PAYMENTS
TXN000005171,ACC0004579,2026-02-20 07:07:32,ATM_WITHDRAWAL,DEBIT,7162.85,TRANSFER,ATM,PAYMENTS
TXN000005172,ACC0004541,2026-09-23 18:54:23,NEFT,CREDIT,12142.57,GROCERY,BRANCH,PAYMENTS
TXN000005173,ACC0003765,2026-02-24 04:10:21,IMPS,DEBIT,2972.79,FUEL,WEB,PAYMENTS
TXN000005174,ACC0000742,2026-09-03 13:33:19,CASH_DEPOSIT,CREDIT,6399.14,GROCERY,ATM,PAYMENTS
TXN000005175,ACC0004795,2026-03-25 07:53:53,CASH_DEPOSIT,CREDIT,18859.92,GROCERY,ATM,PAYMENTS
TXN000005176,ACC0002243,2026-01-27 10:10:11,CARD_PURCHASE,DEBIT,12294.05,GROCERY,POS,PAYMENTS
TXN000005177,ACC0000687,2026-04-19 03:42:53,CARD_PURCHASE,DEBIT,14471.95,UTILITIES,ATM,PAYMENTS
TXN000005178,ACC0002457,2026-08-19 06:46:43,ATM_WITHDRAWAL,CREDIT,6099.46,TRANSFER,ATM,PAYMENTS
TXN000005179,ACC0001605,2026-08-30 20:33:29,ATM_WITHDRAWAL,CREDIT,665.98,UTILITIES,WEB,PAYMENTS
TXN000005180,ACC0003819,2026-03-12 00:20:32,ATM_WITHDRAWAL,DEBIT,6346.98,GROCERY,WEB,PAYMENTS
TXN000005181,ACC0000181,2026-08-23 11:32:52,CARD_PURCHASE,DEBIT,5152.5,TRANSFER,ATM,PAYMENTS
TXN000005182,ACC0003300,2026-02-19 08:06:40,CASH_DEPOSIT,DEBIT,10899.87,ECOMMERCE,BRANCH,PAYMENTS
TXN000005183,ACC0001794,2026-06-04 13:46:27,CARD_PURCHASE,CREDIT,5943.64,TRANSFER,WEB,PAYMENTS
TXN000005184,ACC0002845,2026-02-22 17:06:32,ATM_WITHDRAWAL,CREDIT,759.93,TRAVEL,MOBILE,PAYMENTS
TXN000005185,ACC0001375,2026-07-26 09:11:18,CARD_PURCHASE,CREDIT,2698.21,CASH,POS,PAYMENTS
TXN000005186,ACC0003735,2026-01-28 20:11:56,NEFT,DEBIT,3148.19,UTILITIES,WEB,PAYMENTS
TXN000005187,ACC0000902,2026-02-10 15:40:32,CARD_PURCHASE,CREDIT,1290.32,ECOMMERCE,WEB,PAYMENTS
TXN000005188,ACC0004052,2026-03-15 07:17:04,ATM_WITHDRAWAL,CREDIT,4566.14,TRANSFER,ATM,PAYMENTS
TXN000005189,ACC0003194,2026-08-20 02:53:19,NEFT,DEBIT,3242.73,ECOMMERCE,BRANCH,PAYMENTS
TXN000005190,ACC0000796,2026-03-17 13:02:06,NEFT,CREDIT,1398.46,UTILITIES,ATM,PAYMENTS
TXN000005191,ACC0000377,2026-04-04 07:47:20,UPI,CREDIT,794.42,TRANSFER,POS,PAYMENTS
TXN000005192,ACC0003325,2026-03-29 14:01:59,CASH_DEPOSIT,DEBIT,4684.5,ECOMMERCE,MOBILE,PAYMENTS
TXN000005193,ACC0004493,2026-02-23 22:48:30,CARD_PURCHASE,DEBIT,12160.64,ECOMMERCE,MOBILE,PAYMENTS
TXN000005194,ACC0001824,2026-02-26 07:34:04,IMPS,CREDIT,492.09,ECOMMERCE,BRANCH,PAYMENTS
TXN000005195,ACC0004549,2026-04-11 01:49:48,UPI,DEBIT,1176.89,TRAVEL,WEB,PAYMENTS
TXN000005196,ACC0000145,2026-07-09 04:12:58,NEFT,CREDIT,3804.02,GROCERY,MOBILE,PAYMENTS
TXN000005197,ACC0004880,2026-05-25 13:42:08,NEFT,DEBIT,7224.26,ECOMMERCE,WEB,PAYMENTS
TXN000005198,ACC0001856,2026-06-10 00:04:42,UPI,DEBIT,2651.6,TRAVEL,WEB,PAYMENTS
TXN000005199,ACC0002826,2026-04-24 16:42:44,CARD_PURCHASE,CREDIT,9369.97,FUEL,ATM,PAYMENTS
TXN000005200,ACC0003366,2026-07-01 22:33:40,ATM_WITHDRAWAL,DEBIT,15315.49,UTILITIES,MOBILE,PAYMENTS
TXN000005201,ACC0000952,2026-07-14 03:28:37,ATM_WITHDRAWAL,DEBIT,6959.28,TRANSFER,ATM,PAYMENTS
TXN000005202,ACC0004210,2026-07-31 14:34:30,IMPS,DEBIT,17866.75,ECOMMERCE,BRANCH,PAYMENTS
TXN000005203,ACC0001361,2026-09-07 01:14:10,CASH_DEPOSIT,CREDIT,5371.07,TRANSFER,BRANCH,PAYMENTS
TXN000005204,ACC0003384,2026-03-23 10:33:17,UPI,CREDIT,3557.97,UTILITIES,WEB,PAYMENTS
TXN000005205,ACC0000259,2026-07-18 05:01:41,CARD_PURCHASE,DEBIT,1143.83,UTILITIES,ATM,PAYMENTS
TXN000005206,ACC0003477,2026-01-18 03:38:32,NEFT,CREDIT,16330.92,FUEL,POS,PAYMENTS
TXN000005207,ACC0001229,2026-05-17 06:34:03,CARD_PURCHASE,DEBIT,6993.8,ECOMMERCE,WEB,PAYMENTS
TXN000005208,ACC0003407,2026-05-03 10:39:45,ATM_WITHDRAWAL,CREDIT,15342.04,FUEL,MOBILE,PAYMENTS
TXN000005209,ACC0000063,2026-02-05 23:36:08,ATM_WITHDRAWAL,CREDIT,2175.34,TRAVEL,BRANCH,PAYMENTS
TXN000005210,ACC0004934,2026-08-14 15:50:02,NEFT,CREDIT,4118.52,TRAVEL,MOBILE,PAYMENTS
TXN000005211,ACC0000427,2026-06-15 07:03:03,UPI,DEBIT,1610.32,ECOMMERCE,ATM,PAYMENTS
TXN000005212,ACC0001493,2026-01-02 04:06:41,NEFT,DEBIT,1091.49,TRANSFER,BRANCH,PAYMENTS
TXN000005213,ACC0002742,2026-05-24 11:04:45,CARD_PURCHASE,CREDIT,1825.65,TRANSFER,BRANCH,PAYMENTS
TXN000005214,ACC0001466,2026-04-27 09:27:14,CARD_PURCHASE,CREDIT,3523.15,TRAVEL,POS,PAYMENTS
TXN000005215,ACC0000875,2026-06-19 14:49:32,IMPS,DEBIT,892.52,CASH,POS,PAYMENTS
TXN000005216,ACC0002899,2026-04-09 23:11:48,NEFT,CREDIT,41161.87,ECOMMERCE,MOBILE,PAYMENTS
TXN000005217,ACC0004187,2026-07-25 09:10:20,UPI,CREDIT,2174.51,UTILITIES,WEB,PAYMENTS
TXN000005218,ACC0004390,2026-06-14 23:05:31,ATM_WITHDRAWAL,CREDIT,1534.37,FUEL,WEB,PAYMENTS
TXN000005219,ACC0000218,2026-05-08 10:57:02,NEFT,DEBIT,3277.69,TRANSFER,WEB,PAYMENTS
TXN000005220,ACC0002408,2026-02-04 12:59:35,CARD_PURCHASE,CREDIT,4547.75,CASH,BRANCH,PAYMENTS
TXN000005221,ACC0003353,2026-01-05 06:21:39,IMPS,CREDIT,1052.89,CASH,MOBILE,PAYMENTS
TXN000005222,ACC0004655,2026-03-26 21:22:05,ATM_WITHDRAWAL,DEBIT,3096.07,UTILITIES,ATM,PAYMENTS
TXN000005223,ACC0003068,2026-02-06 13:35:19,CASH_DEPOSIT,CREDIT,3527.97,TRANSFER,BRANCH,PAYMENTS
TXN000005224,ACC0002589,2026-08-23 23:54:39,CARD_PURCHASE,DEBIT,3973.47,FUEL,POS,PAYMENTS
TXN000005225,ACC0003616,2026-08-28 12:35:21,CASH_DEPOSIT,CREDIT,2567.12,ECOMMERCE,BRANCH,PAYMENTS
TXN000005226,ACC0003016,2026-07-03 23:21:06,ATM_WITHDRAWAL,DEBIT,28428.98,TRANSFER,ATM,PAYMENTS
TXN000005227,ACC0001681,2026-04-22 16:17:20,CASH_DEPOSIT,CREDIT,21541.66,TRAVEL,WEB,PAYMENTS
TXN000005228,ACC0001223,2026-07-07 16:13:46,ATM_WITHDRAWAL,CREDIT,659.92,TRANSFER,WEB,PAYMENTS
TXN000005229,ACC0001881,2026-06-17 00:39:52,IMPS,DEBIT,5398.68,FUEL,WEB,PAYMENTS
TXN000005230,ACC0002176,2026-08-05 09:19:08,CASH_DEPOSIT,DEBIT,2722.69,FUEL,MOBILE,PAYMENTS
TXN000005231,ACC0000780,2026-03-18 19:29:15,IMPS,DEBIT,19768.39,UTILITIES,MOBILE,PAYMENTS
TXN000005232,ACC0001832,2026-07-14 15:46:52,CASH_DEPOSIT,CREDIT,1471.66,FUEL,ATM,PAYMENTS
TXN000005233,ACC0000364,2026-02-07 15:01:51,UPI,CREDIT,12918.57,CASH,MOBILE,PAYMENTS
TXN000005234,ACC0002641,2026-08-22 22:03:17,IMPS,CREDIT,5874.75,ECOMMERCE,ATM,PAYMENTS
TXN000005235,ACC0002334,2026-03-16 17:18:32,ATM_WITHDRAWAL,CREDIT,1812.28,ECOMMERCE,MOBILE,PAYMENTS
TXN000005236,ACC0002888,2026-05-04 11:45:46,IMPS,DEBIT,3831.85,CASH,POS,PAYMENTS
TXN000005237,ACC0002746,2026-08-03 14:49:48,NEFT,CREDIT,10815.2,UTILITIES,POS,PAYMENTS
TXN000005238,ACC0003180,2026-05-01 03:14:39,CARD_PURCHASE,DEBIT,2124.3,TRAVEL,BRANCH,PAYMENTS
TXN000005239,ACC0000150,2026-08-03 07:27:34,IMPS,CREDIT,1161.44,TRAVEL,MOBILE,PAYMENTS
TXN000005240,ACC0000562,2026-01-21 17:10:01,CASH_DEPOSIT,CREDIT,1686.89,TRANSFER,ATM,PAYMENTS
TXN000005241,ACC0002534,2026-03-16 07:49:28,NEFT,DEBIT,9460.94,ECOMMERCE,WEB,PAYMENTS
TXN000005242,ACC0002806,2026-07-21 09:27:06,CARD_PURCHASE,DEBIT,8766.12,TRAVEL,WEB,PAYMENTS
TXN000005243,ACC0003588,2026-03-25 04:18:45,CASH_DEPOSIT,CREDIT,1084.62,CASH,ATM,PAYMENTS
TXN000005244,ACC0004385,2026-04-30 01:31:25,NEFT,CREDIT,14571.28,UTILITIES,POS,PAYMENTS
TXN000005245,ACC0001908,2026-03-15 18:30:39,NEFT,CREDIT,14521.04,TRANSFER,WEB,PAYMENTS
TXN000005246,ACC0001994,2026-05-07 10:20:07,CASH_DEPOSIT,DEBIT,2329.95,FUEL,POS,PAYMENTS
TXN000005247,ACC0004111,2026-05-10 14:24:21,CARD_PURCHASE,CREDIT,1000.35,CASH,BRANCH,PAYMENTS
TXN000005248,ACC0000785,2026-03-30 01:09:33,IMPS,CREDIT,551.07,TRANSFER,POS,PAYMENTS
TXN000005249,ACC0003515,2026-01-19 00:54:26,NEFT,CREDIT,53523.46,FUEL,WEB,PAYMENTS
TXN000005250,ACC0001132,2026-07-06 06:11:26,IMPS,CREDIT,859.46,GROCERY,POS,PAYMENTS
TXN000005251,ACC0002892,2026-01-23 16:41:21,UPI,DEBIT,2553.29,TRAVEL,BRANCH,PAYMENTS
TXN000005252,ACC0002293,2026-08-13 18:48:28,CASH_DEPOSIT,CREDIT,2599.15,TRAVEL,POS,PAYMENTS
TXN000005253,ACC0001154,2026-03-15 10:05:41,ATM_WITHDRAWAL,CREDIT,417.22,GROCERY,ATM,PAYMENTS
TXN000005254,ACC0000332,2026-04-13 00:16:58,CARD_PURCHASE,DEBIT,6532.18,FUEL,BRANCH,PAYMENTS
TXN000005255,ACC0003118,2026-03-04 03:02:18,NEFT,DEBIT,17575.84,ECOMMERCE,POS,PAYMENTS
TXN000005256,ACC0000945,2026-01-21 07:43:40,IMPS,CREDIT,889.95,UTILITIES,BRANCH,PAYMENTS
TXN000005257,ACC0003611,2026-01-22 10:31:41,ATM_WITHDRAWAL,CREDIT,10815.44,CASH,POS,PAYMENTS
TXN000005258,ACC0001040,2026-09-10 03:13:56,CASH_DEPOSIT,CREDIT,869.03,ECOMMERCE,BRANCH,PAYMENTS
TXN000005259,ACC0000861,2026-05-12 16:03:24,ATM_WITHDRAWAL,CREDIT,5152.63,TRAVEL,MOBILE,PAYMENTS
TXN000005260,ACC0001110,2026-04-15 16:13:50,CASH_DEPOSIT,DEBIT,16709.01,GROCERY,ATM,PAYMENTS
TXN000005261,ACC0002805,2026-04-24 18:52:54,ATM_WITHDRAWAL,DEBIT,1148.99,FUEL,ATM,PAYMENTS
TXN000005262,ACC0001695,2026-05-16 16:22:02,CASH_DEPOSIT,CREDIT,2805.71,UTILITIES,MOBILE,PAYMENTS
TXN000005263,ACC0001342,2026-02-12 18:02:56,CASH_DEPOSIT,DEBIT,772.22,CASH,MOBILE,PAYMENTS
TXN000005264,ACC0000827,2026-02-17 11:00:13,CARD_PURCHASE,CREDIT,785.15,TRANSFER,WEB,PAYMENTS
TXN000005265,ACC0001802,2026-06-12 07:18:23,CASH_DEPOSIT,CREDIT,1995.14,TRAVEL,MOBILE,PAYMENTS
TXN000005266,ACC0004038,2026-05-29 08:23:30,CARD_PURCHASE,CREDIT,4369.17,ECOMMERCE,MOBILE,PAYMENTS
TXN000005267,ACC0000524,2026-08-20 12:32:19,UPI,DEBIT,4502.9,ECOMMERCE,BRANCH,PAYMENTS
TXN000005268,ACC0000056,2026-09-20 19:55:39,ATM_WITHDRAWAL,DEBIT,3262.69,GROCERY,BRANCH,PAYMENTS
TXN000005269,ACC0003600,2026-01-02 22:59:50,IMPS,CREDIT,1166.49,FUEL,ATM,PAYMENTS
TXN000005270,ACC0004513,2026-07-11 10:53:26,UPI,DEBIT,1603.82,FUEL,ATM,PAYMENTS
TXN000005271,ACC0002753,2026-08-12 17:03:11,IMPS,DEBIT,4190.78,TRAVEL,POS,PAYMENTS
TXN000005272,ACC0000342,2026-03-21 12:43:04,UPI,CREDIT,4370.37,GROCERY,MOBILE,PAYMENTS
TXN000005273,ACC0000431,2026-08-29 16:38:13,CASH_DEPOSIT,DEBIT,4548.68,TRAVEL,WEB,PAYMENTS
TXN000005274,ACC0004000,2026-04-25 04:23:26,UPI,CREDIT,8311.42,TRANSFER,POS,PAYMENTS
TXN000005275,ACC0001188,2026-09-04 00:56:01,CASH_DEPOSIT,CREDIT,2322.28,TRAVEL,WEB,PAYMENTS
TXN000005276,ACC0001906,2026-05-02 10:24:19,UPI,DEBIT,12404.27,UTILITIES,MOBILE,PAYMENTS
TXN000005277,ACC0002685,2026-07-09 01:38:19,CASH_DEPOSIT,CREDIT,583.68,CASH,MOBILE,PAYMENTS
TXN000005278,ACC0001936,2026-01-03 07:14:18,CASH_DEPOSIT,CREDIT,8260.14,FUEL,WEB,PAYMENTS
TXN000005279,ACC0001079,2026-01-13 02:56:40,ATM_WITHDRAWAL,CREDIT,2760.9,CASH,MOBILE,PAYMENTS
TXN000005280,ACC0004286,2026-06-06 05:28:34,ATM_WITHDRAWAL,CREDIT,4374.17,ECOMMERCE,ATM,PAYMENTS
TXN000005281,ACC0004638,2026-06-23 19:02:12,IMPS,CREDIT,267.65,TRAVEL,BRANCH,PAYMENTS
TXN000005282,ACC0002513,2026-08-19 16:50:13,NEFT,CREDIT,642.86,FUEL,POS,PAYMENTS
TXN000005283,ACC0000297,2026-08-01 09:56:11,CARD_PURCHASE,CREDIT,3280.88,GROCERY,POS,PAYMENTS
TXN000005284,ACC0002397,2026-03-31 17:03:38,CARD_PURCHASE,CREDIT,2725.04,TRAVEL,MOBILE,PAYMENTS
TXN000005285,ACC0001186,2026-03-24 06:21:22,CARD_PURCHASE,DEBIT,1847.74,TRAVEL,BRANCH,PAYMENTS
TXN000005286,ACC0001234,2026-02-05 03:00:12,UPI,CREDIT,4467.64,FUEL,ATM,PAYMENTS
TXN000005287,ACC0002086,2026-09-23 04:01:14,ATM_WITHDRAWAL,DEBIT,4151.97,FUEL,WEB,PAYMENTS
TXN000005288,ACC0004167,2026-01-06 19:33:48,IMPS,CREDIT,872.93,TRANSFER,ATM,PAYMENTS
TXN000005289,ACC0004387,2026-07-23 19:51:19,IMPS,CREDIT,2290.8,ECOMMERCE,POS,PAYMENTS
TXN000005290,ACC0001662,2026-06-23 22:27:24,NEFT,DEBIT,14698.06,UTILITIES,MOBILE,PAYMENTS
TXN000005291,ACC0000232,2026-01-29 11:36:57,UPI,CREDIT,4650.99,CASH,ATM,PAYMENTS
TXN000005292,ACC0002303,2026-05-12 09:40:24,UPI,DEBIT,4451.6,CASH,BRANCH,PAYMENTS
TXN000005293,ACC0000886,2026-07-04 15:23:53,CARD_PURCHASE,DEBIT,8315.36,ECOMMERCE,MOBILE,PAYMENTS
TXN000005294,ACC0004439,2026-03-03 16:06:59,IMPS,DEBIT,3203.97,ECOMMERCE,WEB,PAYMENTS
TXN000005295,ACC0001885,2026-05-07 13:58:53,CARD_PURCHASE,DEBIT,25183.3,FUEL,MOBILE,PAYMENTS
TXN000005296,ACC0000548,2026-03-05 04:33:50,ATM_WITHDRAWAL,CREDIT,3437.21,FUEL,MOBILE,PAYMENTS
TXN000005297,ACC0001238,2026-01-19 21:21:19,IMPS,DEBIT,4761.35,ECOMMERCE,MOBILE,PAYMENTS
TXN000005298,ACC0000935,2026-07-04 20:16:29,CARD_PURCHASE,DEBIT,5080.23,ECOMMERCE,BRANCH,PAYMENTS
TXN000005299,ACC0003783,2026-05-17 23:05:43,CASH_DEPOSIT,CREDIT,5841.11,GROCERY,MOBILE,PAYMENTS
TXN000005300,ACC0003736,2026-08-16 05:00:22,IMPS,CREDIT,11164.49,TRANSFER,ATM,PAYMENTS
TXN000005301,ACC0003543,2026-03-11 16:41:14,CASH_DEPOSIT,CREDIT,7891.66,FUEL,POS,PAYMENTS
TXN000005302,ACC0000567,2026-05-13 01:46:49,CASH_DEPOSIT,CREDIT,12381.38,UTILITIES,MOBILE,PAYMENTS
TXN000005303,ACC0000791,2026-02-19 17:03:06,CASH_DEPOSIT,CREDIT,1106.27,GROCERY,MOBILE,PAYMENTS
TXN000005304,ACC0002206,2026-05-04 10:47:47,CARD_PURCHASE,DEBIT,3816.68,ECOMMERCE,BRANCH,PAYMENTS
TXN000005305,ACC0002035,2026-07-23 06:02:53,IMPS,CREDIT,5821.86,CASH,WEB,PAYMENTS
TXN000005306,ACC0002631,2026-08-25 16:20:06,NEFT,DEBIT,19003.0,CASH,BRANCH,PAYMENTS
TXN000005307,ACC0002835,2026-07-28 23:33:09,CARD_PURCHASE,CREDIT,15810.49,TRANSFER,WEB,PAYMENTS
TXN000005308,ACC0004334,2026-09-08 18:09:07,CARD_PURCHASE,CREDIT,3555.45,CASH,WEB,PAYMENTS
TXN000005309,ACC0000973,2026-09-12 02:05:17,NEFT,CREDIT,8506.65,TRANSFER,ATM,PAYMENTS
TXN000005310,ACC0004638,2026-08-23 15:06:32,NEFT,CREDIT,2572.19,GROCERY,POS,PAYMENTS
TXN000005311,ACC0000357,2026-02-27 13:23:27,UPI,DEBIT,2501.95,ECOMMERCE,BRANCH,PAYMENTS
TXN000005312,ACC0002623,2026-06-04 07:38:18,CASH_DEPOSIT,DEBIT,1476.95,FUEL,BRANCH,PAYMENTS
TXN000005313,ACC0000458,2026-09-04 17:21:27,ATM_WITHDRAWAL,CREDIT,5450.36,CASH,WEB,PAYMENTS
TXN000005314,ACC0004882,2026-06-07 11:23:38,NEFT,CREDIT,7535.74,TRAVEL,ATM,PAYMENTS
TXN000005315,ACC0004250,2026-01-19 22:32:21,ATM_WITHDRAWAL,CREDIT,2203.03,UTILITIES,ATM,PAYMENTS
TXN000005316,ACC0003456,2026-09-17 12:13:28,ATM_WITHDRAWAL,CREDIT,4423.95,TRAVEL,POS,PAYMENTS
TXN000005317,ACC0000687,2026-01-17 02:02:58,CARD_PURCHASE,CREDIT,983.27,TRANSFER,ATM,PAYMENTS
TXN000005318,ACC0001613,2026-02-13 23:41:46,NEFT,CREDIT,799.86,TRAVEL,MOBILE,PAYMENTS
TXN000005319,ACC0000899,2026-01-16 16:03:45,CARD_PURCHASE,DEBIT,532.31,ECOMMERCE,WEB,PAYMENTS
TXN000005320,ACC0003807,2026-09-08 13:51:22,IMPS,CREDIT,333.11,CASH,BRANCH,PAYMENTS
TXN000005321,ACC0004321,2026-03-06 22:27:25,CASH_DEPOSIT,DEBIT,12092.87,UTILITIES,POS,PAYMENTS
TXN000005322,ACC0003108,2026-09-01 22:34:30,UPI,DEBIT,479.43,FUEL,WEB,PAYMENTS
TXN000005323,ACC0000440,2026-02-18 17:58:51,UPI,CREDIT,1227.87,TRANSFER,MOBILE,PAYMENTS
TXN000005324,ACC0001308,2026-07-23 15:11:58,NEFT,CREDIT,6854.04,ECOMMERCE,ATM,PAYMENTS
TXN000005325,ACC0003701,2026-04-15 04:39:10,CASH_DEPOSIT,DEBIT,2011.12,TRAVEL,BRANCH,PAYMENTS
TXN000005326,ACC0004093,2026-09-18 14:16:32,CASH_DEPOSIT,DEBIT,4910.08,FUEL,WEB,PAYMENTS
TXN000005327,ACC0002081,2026-09-09 11:18:10,CASH_DEPOSIT,CREDIT,2142.49,ECOMMERCE,WEB,PAYMENTS
TXN000005328,ACC0000049,2026-01-16 20:02:27,ATM_WITHDRAWAL,CREDIT,1472.23,TRAVEL,WEB,PAYMENTS
TXN000005329,ACC0004850,2026-04-24 17:54:23,CARD_PURCHASE,CREDIT,6579.9,TRAVEL,ATM,PAYMENTS
TXN000005330,ACC0004330,2026-04-27 10:22:06,UPI,DEBIT,4098.08,TRAVEL,WEB,PAYMENTS
TXN000005331,ACC0002708,2026-08-21 20:15:03,NEFT,DEBIT,13229.54,TRANSFER,POS,PAYMENTS
TXN000005332,ACC0001449,2026-05-02 23:16:37,UPI,CREDIT,10766.73,ECOMMERCE,WEB,PAYMENTS
TXN000005333,ACC0002108,2026-02-03 13:47:55,ATM_WITHDRAWAL,DEBIT,5139.88,TRAVEL,BRANCH,PAYMENTS
TXN000005334,ACC0003888,2026-07-13 21:49:03,IMPS,CREDIT,11049.14,TRAVEL,POS,PAYMENTS
TXN000005335,ACC0003317,2026-02-15 23:41:43,ATM_WITHDRAWAL,DEBIT,2339.64,TRAVEL,ATM,PAYMENTS
TXN000005336,ACC0001806,2026-07-23 10:03:15,ATM_WITHDRAWAL,DEBIT,8423.03,ECOMMERCE,ATM,PAYMENTS
TXN000005337,ACC0000193,2026-08-01 12:10:50,IMPS,CREDIT,5598.41,TRAVEL,MOBILE,PAYMENTS
TXN000005338,ACC0002005,2026-04-11 14:23:11,ATM_WITHDRAWAL,CREDIT,2962.62,TRAVEL,WEB,PAYMENTS
TXN000005339,ACC0002946,2026-04-18 17:53:40,CASH_DEPOSIT,CREDIT,516.98,TRAVEL,BRANCH,PAYMENTS
TXN000005340,ACC0000346,2026-09-14 23:08:39,CASH_DEPOSIT,DEBIT,4999.46,FUEL,POS,PAYMENTS
TXN000005341,ACC0000505,2026-04-06 13:19:42,ATM_WITHDRAWAL,DEBIT,6310.12,TRANSFER,POS,PAYMENTS
TXN000005342,ACC0000270,2026-03-21 17:47:48,NEFT,CREDIT,1142.06,CASH,POS,PAYMENTS
TXN000005343,ACC0000744,2026-07-15 04:03:08,IMPS,CREDIT,2471.34,FUEL,POS,PAYMENTS
TXN000005344,ACC0000226,2026-01-28 16:53:13,ATM_WITHDRAWAL,DEBIT,3356.89,TRAVEL,ATM,PAYMENTS
TXN000005345,ACC0003597,2026-07-23 14:37:27,CARD_PURCHASE,DEBIT,3211.61,TRAVEL,POS,PAYMENTS
TXN000005346,ACC0000942,2026-08-17 18:49:14,IMPS,DEBIT,3487.77,FUEL,ATM,PAYMENTS
TXN000005347,ACC0001533,2026-06-23 21:05:46,NEFT,CREDIT,5245.52,TRANSFER,MOBILE,PAYMENTS
TXN000005348,ACC0002647,2026-07-02 04:07:42,CASH_DEPOSIT,DEBIT,9969.75,GROCERY,ATM,PAYMENTS
TXN000005349,ACC0000126,2026-09-21 13:03:05,CARD_PURCHASE,DEBIT,1868.33,FUEL,MOBILE,PAYMENTS
TXN000005350,ACC0004001,2026-07-06 07:35:12,NEFT,CREDIT,1200.07,ECOMMERCE,MOBILE,PAYMENTS
TXN000005351,ACC0001555,2026-03-09 10:02:38,CASH_DEPOSIT,CREDIT,2057.54,GROCERY,MOBILE,PAYMENTS
TXN000005352,ACC0002137,2026-04-26 13:34:02,IMPS,DEBIT,663.31,GROCERY,ATM,PAYMENTS
TXN000005353,ACC0000049,2026-07-04 02:11:19,CASH_DEPOSIT,DEBIT,10938.99,TRANSFER,BRANCH,PAYMENTS
TXN000005354,ACC0000664,2026-01-14 23:25:35,ATM_WITHDRAWAL,CREDIT,1995.55,CASH,WEB,PAYMENTS
TXN000005355,ACC0003841,2026-04-08 20:37:53,CASH_DEPOSIT,DEBIT,2712.32,FUEL,POS,PAYMENTS
TXN000005356,ACC0002582,2026-07-04 17:17:20,CASH_DEPOSIT,CREDIT,10286.5,TRAVEL,WEB,PAYMENTS
TXN000005357,ACC0002873,2026-05-06 17:24:29,IMPS,DEBIT,3404.85,FUEL,WEB,PAYMENTS
TXN000005358,ACC0002582,2026-05-10 00:56:24,IMPS,CREDIT,1215.58,TRAVEL,BRANCH,PAYMENTS
TXN000005359,ACC0000072,2026-07-23 13:06:55,NEFT,CREDIT,2538.61,UTILITIES,MOBILE,PAYMENTS
TXN000005360,ACC0000804,2026-03-02 08:18:40,CASH_DEPOSIT,DEBIT,2658.17,GROCERY,POS,PAYMENTS
TXN000005361,ACC0002645,2026-07-25 13:02:50,ATM_WITHDRAWAL,CREDIT,7249.7,TRAVEL,ATM,PAYMENTS
TXN000005362,ACC0000995,2026-01-02 05:41:51,UPI,DEBIT,1786.33,CASH,ATM,PAYMENTS
TXN000005363,ACC0004711,2026-02-08 01:55:47,CARD_PURCHASE,CREDIT,6848.75,TRANSFER,POS,PAYMENTS
TXN000005364,ACC0002984,2026-08-28 05:29:26,CARD_PURCHASE,DEBIT,14624.85,ECOMMERCE,ATM,PAYMENTS
TXN000005365,ACC0001353,2026-05-19 22:05:12,IMPS,DEBIT,2189.15,CASH,ATM,PAYMENTS
TXN000005366,ACC0003117,2026-01-05 19:10:51,UPI,CREDIT,25054.78,CASH,BRANCH,PAYMENTS
TXN000005367,ACC0003351,2026-05-15 13:53:30,ATM_WITHDRAWAL,CREDIT,8426.85,TRANSFER,ATM,PAYMENTS
TXN000005368,ACC0003284,2026-06-09 02:13:24,IMPS,CREDIT,8370.69,UTILITIES,BRANCH,PAYMENTS
TXN000005369,ACC0004505,2026-05-13 07:50:32,NEFT,DEBIT,2368.26,GROCERY,ATM,PAYMENTS
TXN000005370,ACC0004612,2026-07-03 07:53:08,CASH_DEPOSIT,DEBIT,10289.43,TRANSFER,MOBILE,PAYMENTS
TXN000005371,ACC0002596,2026-09-23 08:22:11,UPI,DEBIT,1800.61,ECOMMERCE,WEB,PAYMENTS
TXN000005372,ACC0001786,2026-02-04 12:58:11,NEFT,DEBIT,6320.87,FUEL,BRANCH,PAYMENTS
TXN000005373,ACC0004480,2026-02-13 12:43:03,UPI,CREDIT,1168.88,GROCERY,BRANCH,PAYMENTS
TXN000005374,ACC0000972,2026-03-14 10:55:32,UPI,DEBIT,2529.58,UTILITIES,ATM,PAYMENTS
TXN000005375,ACC0001873,2026-02-27 22:17:43,UPI,DEBIT,37493.65,TRANSFER,MOBILE,PAYMENTS
TXN000005376,ACC0001663,2026-07-09 20:06:13,CASH_DEPOSIT,DEBIT,2475.79,TRAVEL,BRANCH,PAYMENTS
TXN000005377,ACC0003900,2026-08-09 00:52:01,CASH_DEPOSIT,CREDIT,1664.86,ECOMMERCE,BRANCH,PAYMENTS
TXN000005378,ACC0002322,2026-05-16 08:44:01,CASH_DEPOSIT,CREDIT,1872.91,CASH,MOBILE,PAYMENTS
TXN000005379,ACC0002705,2026-08-21 12:45:46,NEFT,CREDIT,33238.58,ECOMMERCE,BRANCH,PAYMENTS
TXN000005380,ACC0002405,2026-03-22 06:01:59,UPI,DEBIT,8054.95,UTILITIES,BRANCH,PAYMENTS
TXN000005381,ACC0002968,2026-08-26 17:59:45,NEFT,CREDIT,2456.59,UTILITIES,ATM,PAYMENTS
TXN000005382,ACC0004273,2026-03-14 14:37:18,CASH_DEPOSIT,DEBIT,2187.21,FUEL,WEB,PAYMENTS
TXN000005383,ACC0003637,2026-02-24 16:26:29,UPI,DEBIT,25867.14,TRANSFER,ATM,PAYMENTS
TXN000005384,ACC0004419,2026-01-30 08:11:49,NEFT,CREDIT,54570.9,FUEL,BRANCH,PAYMENTS
TXN000005385,ACC0001673,2026-02-22 02:32:42,NEFT,CREDIT,6281.7,ECOMMERCE,MOBILE,PAYMENTS
TXN000005386,ACC0001924,2026-04-21 15:57:27,NEFT,DEBIT,7531.54,TRANSFER,WEB,PAYMENTS
TXN000005387,ACC0000873,2026-07-02 18:06:05,NEFT,CREDIT,1403.18,FUEL,POS,PAYMENTS
TXN000005388,ACC0002871,2026-07-23 20:28:01,ATM_WITHDRAWAL,DEBIT,4749.69,CASH,WEB,PAYMENTS
TXN000005389,ACC0003112,2026-04-06 19:35:58,CASH_DEPOSIT,CREDIT,7599.11,UTILITIES,BRANCH,PAYMENTS
TXN000005390,ACC0000892,2026-09-07 09:11:28,CARD_PURCHASE,DEBIT,10522.22,TRAVEL,BRANCH,PAYMENTS
TXN000005391,ACC0003663,2026-04-09 13:45:40,CASH_DEPOSIT,CREDIT,7176.53,CASH,BRANCH,PAYMENTS
TXN000005392,ACC0000760,2026-01-02 01:15:56,CARD_PURCHASE,DEBIT,655.34,TRANSFER,MOBILE,PAYMENTS
TXN000005393,ACC0000495,2026-06-26 03:03:36,CASH_DEPOSIT,CREDIT,8622.6,TRAVEL,BRANCH,PAYMENTS
TXN000005394,ACC0002268,2026-06-17 01:33:33,CASH_DEPOSIT,DEBIT,717.33,CASH,WEB,PAYMENTS
TXN000005395,ACC0001877,2026-04-14 04:42:03,CARD_PURCHASE,DEBIT,8561.19,TRANSFER,ATM,PAYMENTS
TXN000005396,ACC0001708,2026-02-15 18:24:35,CASH_DEPOSIT,CREDIT,970.6,CASH,ATM,PAYMENTS
TXN000005397,ACC0003997,2026-07-13 23:50:21,NEFT,CREDIT,5020.18,CASH,BRANCH,PAYMENTS
TXN000005398,ACC0000246,2026-01-15 13:48:24,IMPS,DEBIT,51072.68,TRANSFER,POS,PAYMENTS
TXN000005399,ACC0001636,2026-07-21 00:47:24,CARD_PURCHASE,DEBIT,3893.68,ECOMMERCE,POS,PAYMENTS
TXN000005400,ACC0004299,2026-02-26 14:23:01,ATM_WITHDRAWAL,CREDIT,3187.98,GROCERY,ATM,PAYMENTS
TXN000005401,ACC0003131,2026-06-18 16:41:25,NEFT,CREDIT,1174.23,UTILITIES,POS,PAYMENTS
TXN000005402,ACC0001563,2026-01-24 16:28:55,ATM_WITHDRAWAL,CREDIT,7126.24,UTILITIES,BRANCH,PAYMENTS
TXN000005403,ACC0001634,2026-01-12 05:54:38,UPI,CREDIT,2888.24,FUEL,POS,PAYMENTS
TXN000005404,ACC0000387,2026-09-04 23:20:47,CASH_DEPOSIT,DEBIT,854.9,UTILITIES,WEB,PAYMENTS
TXN000005405,ACC0003210,2026-01-18 19:00:06,IMPS,DEBIT,2235.46,TRAVEL,POS,PAYMENTS
TXN000005406,ACC0001462,2026-01-29 23:04:30,NEFT,CREDIT,721.29,CASH,POS,PAYMENTS
TXN000005407,ACC0004488,2026-08-18 22:50:35,IMPS,DEBIT,7740.35,ECOMMERCE,WEB,PAYMENTS
TXN000005408,ACC0002904,2026-01-15 20:15:41,UPI,DEBIT,3769.75,UTILITIES,ATM,PAYMENTS
TXN000005409,ACC0004126,2026-01-17 07:24:13,NEFT,DEBIT,19001.57,UTILITIES,WEB,PAYMENTS
TXN000005410,ACC0004993,2026-08-23 20:08:31,UPI,DEBIT,8251.54,TRANSFER,MOBILE,PAYMENTS
TXN000005411,ACC0004277,2026-03-31 00:16:18,NEFT,CREDIT,2459.08,CASH,POS,PAYMENTS
TXN000005412,ACC0000731,2026-06-23 08:02:43,UPI,CREDIT,1963.78,GROCERY,BRANCH,PAYMENTS
TXN000005413,ACC0001232,2026-01-21 08:55:29,CARD_PURCHASE,CREDIT,29671.56,ECOMMERCE,BRANCH,PAYMENTS
TXN000005414,ACC0003056,2026-06-13 07:06:42,CASH_DEPOSIT,CREDIT,2240.88,UTILITIES,MOBILE,PAYMENTS
TXN000005415,ACC0001955,2026-01-16 10:39:54,ATM_WITHDRAWAL,CREDIT,3195.33,TRANSFER,ATM,PAYMENTS
TXN000005416,ACC0001325,2026-03-19 06:35:48,CARD_PURCHASE,DEBIT,3935.99,UTILITIES,MOBILE,PAYMENTS
TXN000005417,ACC0004717,2026-08-05 15:20:51,CARD_PURCHASE,CREDIT,6387.02,CASH,ATM,PAYMENTS
TXN000005418,ACC0003259,2026-05-18 19:12:17,NEFT,DEBIT,1694.6,TRANSFER,ATM,PAYMENTS
TXN000005419,ACC0002539,2026-05-30 19:43:46,UPI,CREDIT,1345.67,TRANSFER,MOBILE,PAYMENTS
TXN000005420,ACC0002989,2026-01-03 05:35:29,IMPS,DEBIT,11537.97,TRAVEL,WEB,PAYMENTS
TXN000005421,ACC0002626,2026-05-14 03:21:18,CARD_PURCHASE,CREDIT,11123.03,GROCERY,WEB,PAYMENTS
TXN000005422,ACC0004021,2026-03-29 13:57:06,IMPS,CREDIT,548.67,UTILITIES,POS,PAYMENTS
TXN000005423,ACC0004624,2026-04-20 23:02:18,IMPS,DEBIT,679.73,ECOMMERCE,ATM,PAYMENTS
TXN000005424,ACC0001616,2026-08-31 03:05:58,NEFT,CREDIT,4417.27,ECOMMERCE,BRANCH,PAYMENTS
TXN000005425,ACC0002108,2026-03-02 01:20:17,UPI,CREDIT,2720.75,ECOMMERCE,WEB,PAYMENTS
TXN000005426,ACC0003093,2026-04-20 23:54:44,CASH_DEPOSIT,DEBIT,1419.1,TRANSFER,MOBILE,PAYMENTS
TXN000005427,ACC0000147,2026-06-06 23:50:12,CARD_PURCHASE,DEBIT,3075.8,GROCERY,MOBILE,PAYMENTS
TXN000005428,ACC0003024,2026-07-22 12:31:57,CARD_PURCHASE,CREDIT,2486.1,CASH,ATM,PAYMENTS
TXN000005429,ACC0001269,2026-07-06 02:03:37,NEFT,DEBIT,3828.53,ECOMMERCE,WEB,PAYMENTS
TXN000005430,ACC0002193,2026-04-26 20:11:20,UPI,CREDIT,2388.52,GROCERY,MOBILE,PAYMENTS
TXN000005431,ACC0000631,2026-06-15 05:22:49,NEFT,DEBIT,5830.97,ECOMMERCE,ATM,PAYMENTS
TXN000005432,ACC0004454,2026-08-26 07:12:31,NEFT,DEBIT,3559.53,TRANSFER,ATM,PAYMENTS
TXN000005433,ACC0003681,2026-06-10 00:00:29,ATM_WITHDRAWAL,DEBIT,1170.64,FUEL,BRANCH,PAYMENTS
TXN000005434,ACC0003838,2026-08-08 19:14:29,IMPS,DEBIT,2253.11,CASH,WEB,PAYMENTS
TXN000005435,ACC0002106,2026-09-21 19:56:33,CASH_DEPOSIT,CREDIT,1024.43,TRAVEL,WEB,PAYMENTS
TXN000005436,ACC0001053,2026-07-15 16:30:15,UPI,DEBIT,2671.99,TRAVEL,BRANCH,PAYMENTS
TXN000005437,ACC0002544,2026-08-02 19:16:10,ATM_WITHDRAWAL,DEBIT,2150.98,GROCERY,WEB,PAYMENTS
TXN000005438,ACC0003889,2026-03-15 22:48:51,UPI,DEBIT,2700.7,ECOMMERCE,POS,PAYMENTS
TXN000005439,ACC0003443,2026-08-10 05:49:08,ATM_WITHDRAWAL,CREDIT,11044.08,CASH,WEB,PAYMENTS
TXN000005440,ACC0004391,2026-04-06 11:08:30,NEFT,CREDIT,4861.39,TRANSFER,WEB,PAYMENTS
TXN000005441,ACC0003173,2026-07-19 04:27:58,UPI,DEBIT,14344.65,FUEL,POS,PAYMENTS
TXN000005442,ACC0001549,2026-02-27 21:52:21,CARD_PURCHASE,DEBIT,5307.19,TRAVEL,BRANCH,PAYMENTS
TXN000005443,ACC0001168,2026-09-20 10:53:12,NEFT,CREDIT,7083.34,FUEL,MOBILE,PAYMENTS
TXN000005444,ACC0000459,2026-08-29 08:07:58,NEFT,CREDIT,881.14,ECOMMERCE,ATM,PAYMENTS
TXN000005445,ACC0003580,2026-04-10 08:22:04,NEFT,DEBIT,8226.46,TRANSFER,WEB,PAYMENTS
TXN000005446,ACC0000228,2026-08-26 18:36:27,IMPS,CREDIT,3406.24,TRANSFER,POS,PAYMENTS
TXN000005447,ACC0001222,2026-05-29 13:20:22,CASH_DEPOSIT,DEBIT,5061.18,CASH,BRANCH,PAYMENTS
TXN000005448,ACC0001398,2026-07-16 02:11:50,NEFT,DEBIT,998.38,TRAVEL,WEB,PAYMENTS
TXN000005449,ACC0003129,2026-05-14 10:02:47,UPI,CREDIT,9742.57,TRAVEL,WEB,PAYMENTS
TXN000005450,ACC0003073,2026-02-05 01:45:46,IMPS,CREDIT,4899.42,CASH,BRANCH,PAYMENTS
TXN000005451,ACC0002183,2026-03-27 02:11:38,ATM_WITHDRAWAL,CREDIT,6100.42,TRAVEL,MOBILE,PAYMENTS
TXN000005452,ACC0003136,2026-07-03 18:00:10,CASH_DEPOSIT,CREDIT,2412.26,UTILITIES,POS,PAYMENTS
TXN000005453,ACC0002279,2026-09-21 12:14:40,CASH_DEPOSIT,DEBIT,3685.53,CASH,BRANCH,PAYMENTS
TXN000005454,ACC0002305,2026-03-20 19:14:56,IMPS,DEBIT,30535.48,FUEL,WEB,PAYMENTS
TXN000005455,ACC0004946,2026-03-05 10:11:43,UPI,CREDIT,10505.32,GROCERY,MOBILE,PAYMENTS
TXN000005456,ACC0001128,2026-03-24 09:54:27,CARD_PURCHASE,CREDIT,18024.56,CASH,WEB,PAYMENTS
TXN000005457,ACC0001242,2026-07-03 14:57:31,ATM_WITHDRAWAL,CREDIT,2545.68,TRANSFER,POS,PAYMENTS
TXN000005458,ACC0004215,2026-09-05 01:25:32,CASH_DEPOSIT,CREDIT,7573.07,TRAVEL,POS,PAYMENTS
TXN000005459,ACC0002196,2026-08-12 10:58:33,ATM_WITHDRAWAL,CREDIT,6357.43,CASH,BRANCH,PAYMENTS
TXN000005460,ACC0004974,2026-07-19 20:53:27,CASH_DEPOSIT,DEBIT,3700.48,FUEL,ATM,PAYMENTS
TXN000005461,ACC0004483,2026-05-15 12:56:24,UPI,DEBIT,1993.97,FUEL,MOBILE,PAYMENTS
TXN000005462,ACC0001981,2026-08-09 17:22:51,NEFT,DEBIT,33585.89,UTILITIES,MOBILE,PAYMENTS
TXN000005463,ACC0003939,2026-06-27 12:04:05,CARD_PURCHASE,CREDIT,1454.68,TRANSFER,BRANCH,PAYMENTS
TXN000005464,ACC0001946,2026-03-16 07:26:00,CASH_DEPOSIT,CREDIT,8333.18,FUEL,POS,PAYMENTS
TXN000005465,ACC0002369,2026-06-06 00:44:36,CASH_DEPOSIT,CREDIT,404.75,UTILITIES,BRANCH,PAYMENTS
TXN000005466,ACC0000815,2026-03-06 11:42:42,ATM_WITHDRAWAL,DEBIT,15622.82,CASH,POS,PAYMENTS
TXN000005467,ACC0000140,2026-01-22 03:47:01,NEFT,CREDIT,1636.25,CASH,WEB,PAYMENTS
TXN000005468,ACC0001411,2026-06-21 18:38:22,CARD_PURCHASE,CREDIT,3203.74,GROCERY,BRANCH,PAYMENTS
TXN000005469,ACC0003218,2026-02-26 21:58:43,CASH_DEPOSIT,CREDIT,3785.02,GROCERY,MOBILE,PAYMENTS
TXN000005470,ACC0002528,2026-06-18 13:13:58,CARD_PURCHASE,DEBIT,25896.37,TRANSFER,WEB,PAYMENTS
TXN000005471,ACC0001553,2026-02-07 16:31:43,ATM_WITHDRAWAL,CREDIT,1357.33,ECOMMERCE,MOBILE,PAYMENTS
TXN000005472,ACC0003601,2026-07-10 17:51:15,UPI,DEBIT,3684.18,ECOMMERCE,MOBILE,PAYMENTS
TXN000005473,ACC0003884,2026-03-06 00:47:46,IMPS,CREDIT,30875.37,UTILITIES,ATM,PAYMENTS
TXN000005474,ACC0004705,2026-08-27 16:12:58,CASH_DEPOSIT,CREDIT,1079.39,TRANSFER,POS,PAYMENTS
TXN000005475,ACC0002418,2026-06-30 04:13:13,IMPS,CREDIT,1424.11,ECOMMERCE,WEB,PAYMENTS
TXN000005476,ACC0001317,2026-03-22 10:32:37,IMPS,DEBIT,9287.87,CASH,WEB,PAYMENTS
TXN000005477,ACC0002597,2026-08-14 07:59:32,CARD_PURCHASE,DEBIT,2986.74,GROCERY,BRANCH,PAYMENTS
TXN000005478,ACC0004385,2026-07-11 14:10:19,NEFT,CREDIT,896.75,FUEL,POS,PAYMENTS
TXN000005479,ACC0001971,2026-01-30 06:00:58,NEFT,CREDIT,1791.96,CASH,ATM,PAYMENTS
TXN000005480,ACC0003572,2026-03-11 11:49:59,IMPS,DEBIT,7199.14,CASH,BRANCH,PAYMENTS
TXN000005481,ACC0001886,2026-04-11 22:59:53,CARD_PURCHASE,CREDIT,759.81,TRAVEL,POS,PAYMENTS
TXN000005482,ACC0002071,2026-08-24 04:46:37,CARD_PURCHASE,CREDIT,3640.08,UTILITIES,WEB,PAYMENTS
TXN000005483,ACC0000693,2026-05-12 11:26:07,UPI,CREDIT,1570.38,GROCERY,BRANCH,PAYMENTS
TXN000005484,ACC0000788,2026-04-29 12:08:21,IMPS,CREDIT,1627.12,GROCERY,MOBILE,PAYMENTS
TXN000005485,ACC0004512,2026-07-06 22:43:16,ATM_WITHDRAWAL,CREDIT,607.61,TRANSFER,WEB,PAYMENTS
TXN000005486,ACC0001864,2026-07-01 10:16:10,CASH_DEPOSIT,CREDIT,23716.15,UTILITIES,BRANCH,PAYMENTS
TXN000005487,ACC0001469,2026-05-01 09:27:24,CARD_PURCHASE,DEBIT,2116.06,UTILITIES,ATM,PAYMENTS
TXN000005488,ACC0004799,2026-02-18 21:49:23,UPI,CREDIT,2066.72,TRAVEL,MOBILE,PAYMENTS
TXN000005489,ACC0001103,2026-04-17 07:09:48,UPI,CREDIT,1776.12,ECOMMERCE,BRANCH,PAYMENTS
TXN000005490,ACC0001478,2026-01-04 12:14:10,IMPS,CREDIT,1249.66,ECOMMERCE,MOBILE,PAYMENTS
TXN000005491,ACC0002714,2026-07-28 13:36:51,UPI,DEBIT,12393.59,ECOMMERCE,BRANCH,PAYMENTS
TXN000005492,ACC0000465,2026-01-29 23:23:36,NEFT,CREDIT,2648.53,GROCERY,WEB,PAYMENTS
TXN000005493,ACC0000224,2026-07-18 14:04:33,IMPS,DEBIT,7503.65,CASH,WEB,PAYMENTS
TXN000005494,ACC0000091,2026-03-12 03:01:32,CASH_DEPOSIT,DEBIT,4070.06,GROCERY,WEB,PAYMENTS
TXN000005495,ACC0002575,2026-07-08 09:15:33,UPI,CREDIT,4064.22,TRAVEL,ATM,PAYMENTS
TXN000005496,ACC0004492,2026-01-22 11:41:00,IMPS,DEBIT,1985.72,CASH,BRANCH,PAYMENTS
TXN000005497,ACC0001825,2026-04-30 09:35:15,IMPS,DEBIT,1324.32,TRAVEL,ATM,PAYMENTS
TXN000005498,ACC0003492,2026-04-15 11:56:01,ATM_WITHDRAWAL,DEBIT,1878.71,TRANSFER,WEB,PAYMENTS
TXN000005499,ACC0000201,2026-09-02 18:28:03,IMPS,CREDIT,1493.88,UTILITIES,WEB,PAYMENTS
TXN000005500,ACC0000695,2026-07-30 02:57:51,CASH_DEPOSIT,DEBIT,3570.12,ECOMMERCE,MOBILE,PAYMENTS
TXN000005501,ACC0002690,2026-04-15 07:18:52,CARD_PURCHASE,DEBIT,12272.11,GROCERY,MOBILE,PAYMENTS
TXN000005502,ACC0003932,2026-02-11 06:14:48,UPI,DEBIT,6835.36,UTILITIES,POS,PAYMENTS
TXN000005503,ACC0002803,2026-06-07 14:00:33,IMPS,CREDIT,4174.1,GROCERY,MOBILE,PAYMENTS
TXN000005504,ACC0004310,2026-01-24 08:41:35,UPI,DEBIT,6187.68,TRANSFER,POS,PAYMENTS
TXN000005505,ACC0003422,2026-08-05 01:08:35,IMPS,DEBIT,538.83,GROCERY,WEB,PAYMENTS
TXN000005506,ACC0002556,2026-02-24 16:21:54,CASH_DEPOSIT,CREDIT,3340.76,UTILITIES,BRANCH,PAYMENTS
TXN000005507,ACC0000140,2026-07-03 17:18:47,CASH_DEPOSIT,DEBIT,2234.62,GROCERY,POS,PAYMENTS
TXN000005508,ACC0003201,2026-08-15 06:58:29,CASH_DEPOSIT,CREDIT,794.82,FUEL,ATM,PAYMENTS
TXN000005509,ACC0000097,2026-04-09 15:50:53,ATM_WITHDRAWAL,CREDIT,7591.71,FUEL,ATM,PAYMENTS
TXN000005510,ACC0002505,2026-01-14 11:59:00,CASH_DEPOSIT,CREDIT,3579.51,TRAVEL,POS,PAYMENTS
TXN000005511,ACC0000891,2026-08-08 12:19:40,IMPS,DEBIT,1510.54,TRANSFER,ATM,PAYMENTS
TXN000005512,ACC0002148,2026-02-17 05:46:35,IMPS,CREDIT,9261.18,CASH,WEB,PAYMENTS
TXN000005513,ACC0002181,2026-02-08 09:10:54,UPI,DEBIT,681.13,UTILITIES,MOBILE,PAYMENTS
TXN000005514,ACC0002066,2026-08-12 18:20:20,CASH_DEPOSIT,DEBIT,5927.65,TRAVEL,ATM,PAYMENTS
TXN000005515,ACC0001932,2026-04-29 00:13:26,CASH_DEPOSIT,DEBIT,7217.64,UTILITIES,BRANCH,PAYMENTS
TXN000005516,ACC0003764,2026-02-11 10:46:07,CARD_PURCHASE,CREDIT,800.1,GROCERY,ATM,PAYMENTS
TXN000005517,ACC0002371,2026-02-11 18:42:39,UPI,DEBIT,15353.13,TRANSFER,WEB,PAYMENTS
TXN000005518,ACC0003567,2026-09-04 07:56:15,IMPS,DEBIT,8135.85,CASH,WEB,PAYMENTS
TXN000005519,ACC0003850,2026-06-24 06:25:15,IMPS,DEBIT,19737.07,TRANSFER,POS,PAYMENTS
TXN000005520,ACC0001878,2026-01-04 18:45:56,CASH_DEPOSIT,DEBIT,8493.94,CASH,BRANCH,PAYMENTS
TXN000005521,ACC0004095,2026-08-31 05:17:37,NEFT,DEBIT,10534.49,GROCERY,BRANCH,PAYMENTS
TXN000005522,ACC0001133,2026-05-19 04:50:39,CASH_DEPOSIT,CREDIT,1559.97,GROCERY,BRANCH,PAYMENTS
TXN000005523,ACC0000498,2026-06-19 01:16:27,IMPS,DEBIT,2991.31,FUEL,POS,PAYMENTS
TXN000005524,ACC0003963,2026-09-16 20:02:17,CASH_DEPOSIT,DEBIT,9215.14,CASH,ATM,PAYMENTS
TXN000005525,ACC0003617,2026-04-10 05:10:53,UPI,DEBIT,2239.19,TRANSFER,BRANCH,PAYMENTS
TXN000005526,ACC0001839,2026-02-24 04:28:08,ATM_WITHDRAWAL,CREDIT,22862.82,CASH,BRANCH,PAYMENTS
TXN000005527,ACC0004309,2026-04-29 02:35:21,NEFT,CREDIT,2116.67,TRAVEL,BRANCH,PAYMENTS
TXN000005528,ACC0002031,2026-05-30 22:50:37,ATM_WITHDRAWAL,CREDIT,10882.86,TRAVEL,MOBILE,PAYMENTS
TXN000005529,ACC0001320,2026-01-10 16:43:32,ATM_WITHDRAWAL,CREDIT,13518.04,TRANSFER,ATM,PAYMENTS
TXN000005530,ACC0001019,2026-04-29 05:51:52,IMPS,CREDIT,2316.25,ECOMMERCE,WEB,PAYMENTS
TXN000005531,ACC0004725,2026-04-16 08:45:51,ATM_WITHDRAWAL,CREDIT,1780.07,TRANSFER,BRANCH,PAYMENTS
TXN000005532,ACC0001961,2026-04-06 23:37:34,CASH_DEPOSIT,CREDIT,6272.64,GROCERY,BRANCH,PAYMENTS
TXN000005533,ACC0003580,2026-08-15 17:25:22,CARD_PURCHASE,DEBIT,4004.01,GROCERY,ATM,PAYMENTS
TXN000005534,ACC0003379,2026-01-07 22:01:29,NEFT,DEBIT,2606.49,CASH,POS,PAYMENTS
TXN000005535,ACC0002799,2026-02-05 06:18:21,ATM_WITHDRAWAL,CREDIT,3892.01,UTILITIES,MOBILE,PAYMENTS
TXN000005536,ACC0003374,2026-02-21 21:22:21,CASH_DEPOSIT,CREDIT,8255.32,ECOMMERCE,ATM,PAYMENTS
TXN000005537,ACC0003397,2026-05-16 12:17:01,NEFT,CREDIT,1630.58,GROCERY,MOBILE,PAYMENTS
TXN000005538,ACC0001145,2026-03-06 07:57:29,CARD_PURCHASE,CREDIT,4016.0,UTILITIES,MOBILE,PAYMENTS
TXN000005539,ACC0004667,2026-06-15 12:40:02,ATM_WITHDRAWAL,DEBIT,1347.62,CASH,BRANCH,PAYMENTS
TXN000005540,ACC0002941,2026-07-09 03:50:20,CASH_DEPOSIT,DEBIT,1860.9,TRAVEL,BRANCH,PAYMENTS
TXN000005541,ACC0001379,2026-01-23 20:00:11,CARD_PURCHASE,CREDIT,41477.21,FUEL,ATM,PAYMENTS
TXN000005542,ACC0004457,2026-01-22 01:23:17,UPI,DEBIT,2475.64,GROCERY,WEB,PAYMENTS
TXN000005543,ACC0000099,2026-08-28 21:08:19,IMPS,DEBIT,3668.96,GROCERY,MOBILE,PAYMENTS
TXN000005544,ACC0003525,2026-06-05 16:53:30,ATM_WITHDRAWAL,DEBIT,42748.87,ECOMMERCE,WEB,PAYMENTS
TXN000005545,ACC0004656,2026-02-03 10:59:39,CASH_DEPOSIT,CREDIT,4082.07,FUEL,MOBILE,PAYMENTS
TXN000005546,ACC0001377,2026-05-30 11:54:43,NEFT,DEBIT,9778.18,ECOMMERCE,ATM,PAYMENTS
TXN000005547,ACC0003690,2026-07-12 14:32:32,CASH_DEPOSIT,DEBIT,2622.12,ECOMMERCE,BRANCH,PAYMENTS
TXN000005548,ACC0003690,2026-07-15 21:16:41,UPI,DEBIT,17604.99,TRANSFER,POS,PAYMENTS
TXN000005549,ACC0004550,2026-07-05 23:01:39,ATM_WITHDRAWAL,CREDIT,3810.35,UTILITIES,WEB,PAYMENTS
TXN000005550,ACC0000137,2026-06-26 20:43:33,CASH_DEPOSIT,DEBIT,7629.21,TRANSFER,WEB,PAYMENTS
TXN000005551,ACC0003861,2026-01-30 06:43:09,UPI,DEBIT,4614.11,CASH,ATM,PAYMENTS
TXN000005552,ACC0004125,2026-09-12 12:49:48,CASH_DEPOSIT,DEBIT,835.73,FUEL,POS,PAYMENTS
TXN000005553,ACC0001369,2026-01-25 09:52:27,UPI,DEBIT,5015.66,TRAVEL,MOBILE,PAYMENTS
TXN000005554,ACC0003123,2026-01-13 06:27:05,IMPS,CREDIT,811.11,ECOMMERCE,MOBILE,PAYMENTS
TXN000005555,ACC0004965,2026-07-05 23:48:42,CASH_DEPOSIT,CREDIT,1468.25,ECOMMERCE,POS,PAYMENTS
TXN000005556,ACC0001201,2026-02-05 10:51:31,ATM_WITHDRAWAL,DEBIT,2194.89,GROCERY,MOBILE,PAYMENTS
TXN000005557,ACC0001473,2026-04-16 10:23:37,UPI,DEBIT,4000.66,ECOMMERCE,MOBILE,PAYMENTS
TXN000005558,ACC0002982,2026-01-19 11:59:58,IMPS,CREDIT,25536.9,FUEL,WEB,PAYMENTS
TXN000005559,ACC0003128,2026-01-10 07:34:54,ATM_WITHDRAWAL,DEBIT,8963.32,ECOMMERCE,POS,PAYMENTS
TXN000005560,ACC0003119,2026-02-26 05:15:25,IMPS,DEBIT,502.28,CASH,ATM,PAYMENTS
TXN000005561,ACC0000601,2026-07-24 12:19:04,NEFT,DEBIT,3374.23,ECOMMERCE,MOBILE,PAYMENTS
TXN000005562,ACC0002047,2026-06-19 08:49:54,UPI,CREDIT,2767.77,TRAVEL,BRANCH,PAYMENTS
TXN000005563,ACC0003288,2026-08-08 08:01:00,ATM_WITHDRAWAL,DEBIT,2753.57,TRAVEL,WEB,PAYMENTS
TXN000005564,ACC0001580,2026-08-31 01:41:59,NEFT,DEBIT,3083.59,CASH,BRANCH,PAYMENTS
TXN000005565,ACC0004473,2026-02-22 04:35:26,ATM_WITHDRAWAL,CREDIT,2451.47,GROCERY,WEB,PAYMENTS
TXN000005566,ACC0002451,2026-07-07 16:54:54,CARD_PURCHASE,DEBIT,3113.47,TRAVEL,BRANCH,PAYMENTS
TXN000005567,ACC0002595,2026-08-01 02:54:35,CASH_DEPOSIT,CREDIT,385.78,TRANSFER,ATM,PAYMENTS
TXN000005568,ACC0000562,2026-06-18 12:55:27,UPI,DEBIT,664.16,UTILITIES,ATM,PAYMENTS
TXN000005569,ACC0004304,2026-09-11 11:12:18,NEFT,CREDIT,266.32,ECOMMERCE,BRANCH,PAYMENTS
TXN000005570,ACC0004397,2026-08-15 22:36:07,ATM_WITHDRAWAL,CREDIT,66774.5,CASH,POS,PAYMENTS
TXN000005571,ACC0000322,2026-02-05 04:13:35,IMPS,CREDIT,857.6,CASH,MOBILE,PAYMENTS
TXN000005572,ACC0002818,2026-04-03 05:13:13,NEFT,CREDIT,3853.73,GROCERY,MOBILE,PAYMENTS
TXN000005573,ACC0002072,2026-08-31 15:28:36,UPI,DEBIT,9195.64,UTILITIES,ATM,PAYMENTS
TXN000005574,ACC0004295,2026-02-09 01:36:48,NEFT,CREDIT,4338.66,ECOMMERCE,ATM,PAYMENTS
TXN000005575,ACC0001060,2026-01-31 10:33:07,CARD_PURCHASE,DEBIT,6217.29,GROCERY,WEB,PAYMENTS
TXN000005576,ACC0003275,2026-02-15 17:36:09,UPI,DEBIT,3281.81,UTILITIES,ATM,PAYMENTS
TXN000005577,ACC0003852,2026-05-06 23:05:46,IMPS,DEBIT,2861.0,TRAVEL,WEB,PAYMENTS
TXN000005578,ACC0001006,2026-09-15 00:52:44,CARD_PURCHASE,DEBIT,2375.35,UTILITIES,WEB,PAYMENTS
TXN000005579,ACC0002638,2026-01-25 23:57:25,UPI,DEBIT,15456.01,FUEL,POS,PAYMENTS
TXN000005580,ACC0004829,2026-05-20 02:51:11,UPI,DEBIT,2165.7,TRAVEL,ATM,PAYMENTS
TXN000005581,ACC0004493,2026-03-01 01:18:02,CASH_DEPOSIT,CREDIT,18695.91,ECOMMERCE,BRANCH,PAYMENTS
TXN000005582,ACC0003480,2026-04-27 01:49:48,NEFT,DEBIT,4551.81,TRAVEL,ATM,PAYMENTS
TXN000005583,ACC0001096,2026-03-13 02:17:10,ATM_WITHDRAWAL,CREDIT,6623.03,ECOMMERCE,ATM,PAYMENTS
TXN000005584,ACC0003414,2026-08-13 19:54:49,UPI,DEBIT,977.2,GROCERY,ATM,PAYMENTS
TXN000005585,ACC0003235,2026-06-11 21:15:47,CASH_DEPOSIT,CREDIT,6312.34,GROCERY,ATM,PAYMENTS
TXN000005586,ACC0003034,2026-04-04 01:01:08,CARD_PURCHASE,CREDIT,22696.05,TRAVEL,MOBILE,PAYMENTS
TXN000005587,ACC0002431,2026-04-29 18:23:09,CARD_PURCHASE,DEBIT,1614.2,TRANSFER,WEB,PAYMENTS
TXN000005588,ACC0000720,2026-07-16 18:24:23,UPI,CREDIT,2693.61,GROCERY,POS,PAYMENTS
TXN000005589,ACC0004285,2026-07-18 08:22:43,NEFT,CREDIT,4484.01,TRAVEL,ATM,PAYMENTS
TXN000005590,ACC0004720,2026-04-19 12:13:10,UPI,CREDIT,1246.56,TRAVEL,POS,PAYMENTS
TXN000005591,ACC0001126,2026-09-05 13:00:10,UPI,DEBIT,3286.55,FUEL,POS,PAYMENTS
TXN000005592,ACC0002968,2026-04-08 23:26:05,UPI,CREDIT,953.24,UTILITIES,WEB,PAYMENTS
TXN000005593,ACC0004165,2026-05-21 11:25:33,CASH_DEPOSIT,CREDIT,760.51,GROCERY,MOBILE,PAYMENTS
TXN000005594,ACC0004784,2026-01-23 17:29:38,CASH_DEPOSIT,CREDIT,37043.53,UTILITIES,POS,PAYMENTS
TXN000005595,ACC0002284,2026-05-06 05:00:52,CASH_DEPOSIT,DEBIT,9362.43,ECOMMERCE,POS,PAYMENTS
TXN000005596,ACC0000724,2026-06-29 21:35:03,NEFT,DEBIT,13361.91,TRANSFER,BRANCH,PAYMENTS
TXN000005597,ACC0001558,2026-04-27 20:09:03,NEFT,DEBIT,9224.96,FUEL,WEB,PAYMENTS
TXN000005598,ACC0001239,2026-05-17 11:28:25,NEFT,CREDIT,3914.92,ECOMMERCE,POS,PAYMENTS
TXN000005599,ACC0000492,2026-05-23 10:32:26,NEFT,CREDIT,3867.39,GROCERY,WEB,PAYMENTS
TXN000005600,ACC0004422,2026-06-04 05:25:08,UPI,CREDIT,780.1,UTILITIES,MOBILE,PAYMENTS
TXN000005601,ACC0002599,2026-03-17 17:50:41,CARD_PURCHASE,DEBIT,1490.84,GROCERY,MOBILE,PAYMENTS
TXN000005602,ACC0000806,2026-06-23 09:22:35,ATM_WITHDRAWAL,DEBIT,2860.22,TRAVEL,MOBILE,PAYMENTS
TXN000005603,ACC0000016,2026-04-08 15:30:51,CARD_PURCHASE,DEBIT,12347.97,TRANSFER,ATM,PAYMENTS
TXN000005604,ACC0003956,2026-04-06 09:22:30,ATM_WITHDRAWAL,CREDIT,556.11,ECOMMERCE,BRANCH,PAYMENTS
TXN000005605,ACC0003379,2026-03-21 22:34:13,ATM_WITHDRAWAL,CREDIT,2559.42,TRANSFER,POS,PAYMENTS
TXN000005606,ACC0001340,2026-03-21 04:27:29,CASH_DEPOSIT,CREDIT,13579.25,FUEL,ATM,PAYMENTS
TXN000005607,ACC0004391,2026-07-31 09:33:52,CARD_PURCHASE,DEBIT,17431.72,GROCERY,BRANCH,PAYMENTS
TXN000005608,ACC0003101,2026-08-18 04:44:57,IMPS,CREDIT,10803.43,FUEL,ATM,PAYMENTS
TXN000005609,ACC0000114,2026-08-31 08:11:01,NEFT,DEBIT,10858.75,FUEL,BRANCH,PAYMENTS
TXN000005610,ACC0000724,2026-05-29 18:29:15,CASH_DEPOSIT,CREDIT,1498.79,UTILITIES,BRANCH,PAYMENTS
TXN000005611,ACC0002583,2026-04-24 22:00:34,ATM_WITHDRAWAL,DEBIT,1984.66,UTILITIES,POS,PAYMENTS
TXN000005612,ACC0002475,2026-01-17 12:54:16,CASH_DEPOSIT,DEBIT,2954.77,TRANSFER,WEB,PAYMENTS
TXN000005613,ACC0004561,2026-09-12 02:21:30,IMPS,CREDIT,2184.43,ECOMMERCE,POS,PAYMENTS
TXN000005614,ACC0002217,2026-07-01 18:20:28,ATM_WITHDRAWAL,CREDIT,3471.29,ECOMMERCE,POS,PAYMENTS
TXN000005615,ACC0003111,2026-07-03 02:22:21,CASH_DEPOSIT,CREDIT,2241.25,GROCERY,WEB,PAYMENTS
TXN000005616,ACC0001738,2026-01-06 09:50:42,ATM_WITHDRAWAL,DEBIT,2453.08,TRANSFER,WEB,PAYMENTS
TXN000005617,ACC0002426,2026-04-22 05:31:26,ATM_WITHDRAWAL,DEBIT,3344.52,UTILITIES,MOBILE,PAYMENTS
TXN000005618,ACC0000433,2026-05-22 06:26:23,ATM_WITHDRAWAL,CREDIT,1436.38,GROCERY,POS,PAYMENTS
TXN000005619,ACC0003045,2026-04-06 19:28:14,IMPS,CREDIT,21708.9,FUEL,WEB,PAYMENTS
TXN000005620,ACC0004270,2026-01-17 04:09:59,CASH_DEPOSIT,CREDIT,35306.47,GROCERY,BRANCH,PAYMENTS
TXN000005621,ACC0000527,2026-08-17 03:09:49,ATM_WITHDRAWAL,CREDIT,2700.12,TRAVEL,ATM,PAYMENTS
TXN000005622,ACC0000457,2026-08-03 01:22:23,NEFT,CREDIT,13793.95,GROCERY,ATM,PAYMENTS
TXN000005623,ACC0000596,2026-05-20 07:44:39,UPI,DEBIT,3615.91,UTILITIES,BRANCH,PAYMENTS
TXN000005624,ACC0001630,2026-07-13 03:29:07,ATM_WITHDRAWAL,DEBIT,6681.98,TRANSFER,BRANCH,PAYMENTS
TXN000005625,ACC0001975,2026-08-12 17:20:19,CARD_PURCHASE,DEBIT,553.19,GROCERY,MOBILE,PAYMENTS
TXN000005626,ACC0003101,2026-03-06 20:45:00,UPI,DEBIT,4687.28,ECOMMERCE,MOBILE,PAYMENTS
TXN000005627,ACC0001163,2026-07-26 08:17:26,ATM_WITHDRAWAL,DEBIT,14347.39,FUEL,MOBILE,PAYMENTS
TXN000005628,ACC0000900,2026-04-01 11:40:59,CARD_PURCHASE,CREDIT,237.08,CASH,MOBILE,PAYMENTS
TXN000005629,ACC0001120,2026-02-22 05:37:08,CARD_PURCHASE,CREDIT,2687.5,GROCERY,BRANCH,PAYMENTS
TXN000005630,ACC0003322,2026-01-28 05:47:11,CARD_PURCHASE,DEBIT,1863.32,FUEL,MOBILE,PAYMENTS
TXN000005631,ACC0001688,2026-01-04 06:35:07,CARD_PURCHASE,CREDIT,839.97,TRAVEL,MOBILE,PAYMENTS
TXN000005632,ACC0001466,2026-07-16 10:57:02,IMPS,CREDIT,5722.94,TRAVEL,WEB,PAYMENTS
TXN000005633,ACC0004928,2026-03-12 20:18:31,NEFT,CREDIT,12536.19,CASH,MOBILE,PAYMENTS
TXN000005634,ACC0001784,2026-04-07 23:03:03,NEFT,CREDIT,1739.51,FUEL,POS,PAYMENTS
TXN000005635,ACC0000216,2026-07-03 11:54:06,CASH_DEPOSIT,CREDIT,9683.72,ECOMMERCE,POS,PAYMENTS
TXN000005636,ACC0004853,2026-03-22 21:47:10,ATM_WITHDRAWAL,DEBIT,6670.39,CASH,MOBILE,PAYMENTS
TXN000005637,ACC0004393,2026-03-19 06:42:32,IMPS,DEBIT,7041.01,TRAVEL,POS,PAYMENTS
TXN000005638,ACC0002834,2026-02-17 06:10:07,CASH_DEPOSIT,DEBIT,32194.42,TRAVEL,WEB,PAYMENTS
TXN000005639,ACC0001314,2026-04-08 11:34:58,CASH_DEPOSIT,CREDIT,14337.39,ECOMMERCE,MOBILE,PAYMENTS
TXN000005640,ACC0002537,2026-05-16 15:48:58,CASH_DEPOSIT,DEBIT,3613.69,GROCERY,ATM,PAYMENTS
TXN000005641,ACC0004312,2026-06-30 05:25:34,CASH_DEPOSIT,CREDIT,7039.67,UTILITIES,ATM,PAYMENTS
TXN000005642,ACC0001324,2026-08-13 06:24:26,UPI,DEBIT,7713.66,FUEL,MOBILE,PAYMENTS
TXN000005643,ACC0002021,2026-05-27 03:22:06,CASH_DEPOSIT,DEBIT,971.33,TRAVEL,WEB,PAYMENTS
TXN000005644,ACC0004476,2026-07-31 17:59:38,CASH_DEPOSIT,CREDIT,2001.56,TRAVEL,BRANCH,PAYMENTS
TXN000005645,ACC0002165,2026-02-04 04:40:25,NEFT,DEBIT,736.97,ECOMMERCE,ATM,PAYMENTS
TXN000005646,ACC0001583,2026-04-24 08:04:34,NEFT,DEBIT,8211.37,TRANSFER,ATM,PAYMENTS
TXN000005647,ACC0003966,2026-02-04 09:28:10,CARD_PURCHASE,CREDIT,1249.89,ECOMMERCE,MOBILE,PAYMENTS
TXN000005648,ACC0002453,2026-05-17 01:00:06,IMPS,CREDIT,4913.68,TRAVEL,ATM,PAYMENTS
TXN000005649,ACC0003666,2026-06-06 20:31:00,CASH_DEPOSIT,CREDIT,8384.67,ECOMMERCE,ATM,PAYMENTS
TXN000005650,ACC0001814,2026-08-09 01:02:56,ATM_WITHDRAWAL,CREDIT,1927.1,CASH,WEB,PAYMENTS
TXN000005651,ACC0001607,2026-09-24 02:28:18,CASH_DEPOSIT,DEBIT,3369.22,CASH,WEB,PAYMENTS
TXN000005652,ACC0003153,2026-08-05 04:40:34,NEFT,CREDIT,2969.29,CASH,POS,PAYMENTS
TXN000005653,ACC0003362,2026-07-21 04:02:52,UPI,CREDIT,8028.33,GROCERY,WEB,PAYMENTS
TXN000005654,ACC0003713,2026-03-27 03:08:11,UPI,DEBIT,3313.16,TRANSFER,MOBILE,PAYMENTS
TXN000005655,ACC0000568,2026-01-17 02:27:42,CASH_DEPOSIT,DEBIT,2934.65,TRAVEL,POS,PAYMENTS
TXN000005656,ACC0002515,2026-08-22 07:57:44,CARD_PURCHASE,DEBIT,43450.23,TRAVEL,POS,PAYMENTS
TXN000005657,ACC0002994,2026-05-26 22:00:34,NEFT,CREDIT,1305.82,UTILITIES,WEB,PAYMENTS
TXN000005658,ACC0000119,2026-01-23 12:25:28,UPI,CREDIT,3729.88,CASH,POS,PAYMENTS
TXN000005659,ACC0004157,2026-03-23 22:23:33,ATM_WITHDRAWAL,DEBIT,956.21,ECOMMERCE,ATM,PAYMENTS
TXN000005660,ACC0003617,2026-03-03 02:43:51,IMPS,CREDIT,8048.2,TRANSFER,ATM,PAYMENTS
TXN000005661,ACC0004978,2026-06-27 02:50:17,NEFT,CREDIT,1740.88,UTILITIES,ATM,PAYMENTS
TXN000005662,ACC0004846,2026-03-12 09:18:06,UPI,CREDIT,1943.46,ECOMMERCE,WEB,PAYMENTS
TXN000005663,ACC0001516,2026-05-03 12:13:01,ATM_WITHDRAWAL,CREDIT,7827.78,GROCERY,WEB,PAYMENTS
TXN000005664,ACC0001976,2026-05-25 16:30:53,ATM_WITHDRAWAL,CREDIT,3345.82,UTILITIES,MOBILE,PAYMENTS
TXN000005665,ACC0000959,2026-05-15 06:05:04,NEFT,CREDIT,5720.34,CASH,WEB,PAYMENTS
TXN000005666,ACC0001258,2026-01-05 17:54:48,IMPS,CREDIT,8282.24,FUEL,POS,PAYMENTS
TXN000005667,ACC0004653,2026-07-19 23:36:49,IMPS,DEBIT,582.67,FUEL,BRANCH,PAYMENTS
TXN000005668,ACC0001139,2026-06-25 06:10:50,UPI,DEBIT,795.14,ECOMMERCE,BRANCH,PAYMENTS
TXN000005669,ACC0004892,2026-02-09 10:24:35,UPI,CREDIT,1294.62,UTILITIES,POS,PAYMENTS
TXN000005670,ACC0003190,2026-01-11 10:42:36,CARD_PURCHASE,CREDIT,21225.39,GROCERY,WEB,PAYMENTS
TXN000005671,ACC0003974,2026-06-21 02:31:31,ATM_WITHDRAWAL,DEBIT,17588.1,UTILITIES,MOBILE,PAYMENTS
TXN000005672,ACC0003281,2026-02-22 23:44:02,CARD_PURCHASE,DEBIT,7297.64,UTILITIES,POS,PAYMENTS
TXN000005673,ACC0003688,2026-06-08 03:57:31,UPI,DEBIT,2641.43,UTILITIES,WEB,PAYMENTS
TXN000005674,ACC0003377,2026-03-27 03:17:33,CARD_PURCHASE,DEBIT,553.08,UTILITIES,POS,PAYMENTS
TXN000005675,ACC0000627,2026-03-27 03:24:10,IMPS,DEBIT,7185.3,CASH,MOBILE,PAYMENTS
TXN000005676,ACC0004297,2026-08-12 08:24:06,UPI,DEBIT,117.29,FUEL,WEB,PAYMENTS
TXN000005677,ACC0000486,2026-07-12 19:23:48,UPI,DEBIT,26655.95,TRANSFER,BRANCH,PAYMENTS
TXN000005678,ACC0003134,2026-08-04 08:36:32,CARD_PURCHASE,DEBIT,12279.76,CASH,ATM,PAYMENTS
TXN000005679,ACC0003810,2026-07-04 01:18:24,UPI,CREDIT,566.26,CASH,ATM,PAYMENTS
TXN000005680,ACC0000032,2026-09-12 11:29:06,UPI,CREDIT,1250.31,UTILITIES,POS,PAYMENTS
TXN000005681,ACC0000630,2026-02-07 08:30:05,NEFT,DEBIT,1015.07,UTILITIES,MOBILE,PAYMENTS
TXN000005682,ACC0002675,2026-06-09 10:01:22,ATM_WITHDRAWAL,CREDIT,11233.91,ECOMMERCE,BRANCH,PAYMENTS
TXN000005683,ACC0000054,2026-01-21 11:08:05,IMPS,DEBIT,1695.49,CASH,MOBILE,PAYMENTS
TXN000005684,ACC0002823,2026-09-15 16:50:16,ATM_WITHDRAWAL,CREDIT,902.69,GROCERY,POS,PAYMENTS
TXN000005685,ACC0000173,2026-06-24 12:03:09,CARD_PURCHASE,DEBIT,3032.3,GROCERY,BRANCH,PAYMENTS
TXN000005686,ACC0004624,2026-05-03 13:27:58,IMPS,DEBIT,4296.0,TRANSFER,BRANCH,PAYMENTS
TXN000005687,ACC0003581,2026-04-28 09:38:14,UPI,DEBIT,6214.92,TRANSFER,WEB,PAYMENTS
TXN000005688,ACC0000932,2026-04-05 00:15:36,NEFT,DEBIT,3000.04,ECOMMERCE,WEB,PAYMENTS
TXN000005689,ACC0004525,2026-03-30 01:18:07,CARD_PURCHASE,DEBIT,17492.89,FUEL,BRANCH,PAYMENTS
TXN000005690,ACC0001820,2026-01-13 09:17:25,ATM_WITHDRAWAL,DEBIT,12366.08,CASH,WEB,PAYMENTS
TXN000005691,ACC0000768,2026-09-13 08:04:25,IMPS,DEBIT,1418.29,TRAVEL,ATM,PAYMENTS
TXN000005692,ACC0001038,2026-07-30 09:31:52,CARD_PURCHASE,CREDIT,2420.3,FUEL,POS,PAYMENTS
TXN000005693,ACC0002531,2026-01-06 23:38:53,CASH_DEPOSIT,DEBIT,3413.74,CASH,BRANCH,PAYMENTS
TXN000005694,ACC0003033,2026-08-20 22:38:34,IMPS,DEBIT,2116.96,ECOMMERCE,MOBILE,PAYMENTS
TXN000005695,ACC0001156,2026-05-28 22:55:04,UPI,DEBIT,1752.76,TRAVEL,WEB,PAYMENTS
TXN000005696,ACC0000905,2026-08-23 17:26:59,IMPS,DEBIT,3582.76,UTILITIES,POS,PAYMENTS
TXN000005697,ACC0003870,2026-09-17 11:10:58,CARD_PURCHASE,DEBIT,1740.79,CASH,WEB,PAYMENTS
TXN000005698,ACC0002522,2026-03-06 08:37:22,CASH_DEPOSIT,CREDIT,991.31,CASH,WEB,PAYMENTS
TXN000005699,ACC0004945,2026-04-09 08:24:44,NEFT,CREDIT,29876.27,TRAVEL,POS,PAYMENTS
TXN000005700,ACC0003436,2026-07-13 13:33:50,UPI,CREDIT,3132.96,CASH,WEB,PAYMENTS
TXN000005701,ACC0000488,2026-05-21 02:06:03,NEFT,CREDIT,7011.78,TRAVEL,ATM,PAYMENTS
TXN000005702,ACC0004565,2026-05-28 17:45:18,IMPS,DEBIT,11072.11,UTILITIES,BRANCH,PAYMENTS
TXN000005703,ACC0004580,2026-06-26 00:42:23,NEFT,DEBIT,12494.54,ECOMMERCE,BRANCH,PAYMENTS
TXN000005704,ACC0004273,2026-06-17 21:15:55,IMPS,CREDIT,10955.52,ECOMMERCE,BRANCH,PAYMENTS
TXN000005705,ACC0002861,2026-02-23 06:39:38,UPI,DEBIT,5462.68,TRAVEL,MOBILE,PAYMENTS
TXN000005706,ACC0002530,2026-05-12 07:34:19,ATM_WITHDRAWAL,DEBIT,3799.62,ECOMMERCE,BRANCH,PAYMENTS
TXN000005707,ACC0003336,2026-08-16 03:17:45,IMPS,DEBIT,112088.74,FUEL,BRANCH,PAYMENTS
TXN000005708,ACC0000888,2026-04-19 05:20:27,UPI,DEBIT,3098.08,UTILITIES,BRANCH,PAYMENTS
TXN000005709,ACC0004311,2026-09-02 21:13:08,UPI,CREDIT,813.77,FUEL,BRANCH,PAYMENTS
TXN000005710,ACC0002365,2026-09-04 02:29:05,IMPS,CREDIT,16914.63,TRAVEL,BRANCH,PAYMENTS
TXN000005711,ACC0004568,2026-03-12 17:58:51,UPI,CREDIT,21276.27,ECOMMERCE,MOBILE,PAYMENTS
TXN000005712,ACC0004823,2026-07-12 23:51:46,CARD_PURCHASE,DEBIT,4660.18,TRANSFER,WEB,PAYMENTS
TXN000005713,ACC0000066,2026-04-24 17:03:58,IMPS,CREDIT,3850.98,FUEL,BRANCH,PAYMENTS
TXN000005714,ACC0000910,2026-04-26 03:07:31,ATM_WITHDRAWAL,DEBIT,12225.3,FUEL,BRANCH,PAYMENTS
TXN000005715,ACC0000321,2026-01-20 06:30:48,CASH_DEPOSIT,CREDIT,3419.99,TRAVEL,ATM,PAYMENTS
TXN000005716,ACC0001652,2026-05-01 05:26:28,CARD_PURCHASE,CREDIT,36844.95,TRANSFER,ATM,PAYMENTS
TXN000005717,ACC0004539,2026-05-10 09:35:26,CASH_DEPOSIT,CREDIT,564.51,UTILITIES,POS,PAYMENTS
TXN000005718,ACC0003603,2026-02-20 00:39:41,NEFT,CREDIT,26634.36,GROCERY,MOBILE,PAYMENTS
TXN000005719,ACC0003583,2026-02-15 03:13:04,NEFT,CREDIT,233.81,CASH,ATM,PAYMENTS
TXN000005720,ACC0003185,2026-04-19 09:26:58,IMPS,CREDIT,5343.32,GROCERY,MOBILE,PAYMENTS
TXN000005721,ACC0000379,2026-05-21 03:58:46,IMPS,CREDIT,10250.81,ECOMMERCE,WEB,PAYMENTS
TXN000005722,ACC0002805,2026-02-28 01:59:39,ATM_WITHDRAWAL,DEBIT,3649.03,FUEL,WEB,PAYMENTS
TXN000005723,ACC0001421,2026-01-23 07:58:36,IMPS,DEBIT,3352.16,TRANSFER,BRANCH,PAYMENTS
TXN000005724,ACC0001974,2026-03-19 15:40:42,CARD_PURCHASE,DEBIT,8317.57,CASH,BRANCH,PAYMENTS
TXN000005725,ACC0001561,2026-01-13 02:40:21,NEFT,DEBIT,5554.18,UTILITIES,WEB,PAYMENTS
TXN000005726,ACC0003219,2026-07-01 15:54:27,ATM_WITHDRAWAL,DEBIT,2903.03,GROCERY,WEB,PAYMENTS
TXN000005727,ACC0003293,2026-05-11 09:01:42,IMPS,CREDIT,834.56,TRAVEL,ATM,PAYMENTS
TXN000005728,ACC0003746,2026-08-06 21:58:40,NEFT,DEBIT,7933.72,FUEL,ATM,PAYMENTS
TXN000005729,ACC0000081,2026-08-20 05:03:48,NEFT,CREDIT,1736.65,FUEL,WEB,PAYMENTS
TXN000005730,ACC0004422,2026-04-21 13:12:33,UPI,DEBIT,2497.97,CASH,ATM,PAYMENTS
TXN000005731,ACC0003196,2026-08-11 22:54:31,UPI,CREDIT,4157.55,UTILITIES,ATM,PAYMENTS
TXN000005732,ACC0004667,2026-01-16 00:52:39,UPI,DEBIT,8578.95,ECOMMERCE,BRANCH,PAYMENTS
TXN000005733,ACC0003910,2026-04-12 13:41:46,CARD_PURCHASE,DEBIT,31583.93,TRAVEL,POS,PAYMENTS
TXN000005734,ACC0002048,2026-09-09 12:01:32,ATM_WITHDRAWAL,CREDIT,3767.87,UTILITIES,POS,PAYMENTS
TXN000005735,ACC0000350,2026-04-08 21:20:03,ATM_WITHDRAWAL,DEBIT,3235.6,FUEL,POS,PAYMENTS
TXN000005736,ACC0001052,2026-03-25 17:47:22,IMPS,DEBIT,6671.45,CASH,MOBILE,PAYMENTS
TXN000005737,ACC0003954,2026-06-20 17:09:34,NEFT,CREDIT,1707.76,ECOMMERCE,ATM,PAYMENTS
TXN000005738,ACC0000772,2026-06-07 17:39:23,NEFT,DEBIT,2203.24,TRANSFER,BRANCH,PAYMENTS
TXN000005739,ACC0003446,2026-08-23 12:34:29,CARD_PURCHASE,DEBIT,1647.56,UTILITIES,MOBILE,PAYMENTS
TXN000005740,ACC0001172,2026-04-03 23:50:46,UPI,DEBIT,2076.76,TRANSFER,MOBILE,PAYMENTS
TXN000005741,ACC0001691,2026-04-26 09:21:28,UPI,DEBIT,25498.54,ECOMMERCE,POS,PAYMENTS
TXN000005742,ACC0004612,2026-08-15 07:59:22,IMPS,DEBIT,166.07,TRANSFER,BRANCH,PAYMENTS
TXN000005743,ACC0004853,2026-06-14 06:47:28,ATM_WITHDRAWAL,DEBIT,8856.51,GROCERY,MOBILE,PAYMENTS
TXN000005744,ACC0004306,2026-07-08 15:02:22,UPI,CREDIT,14505.57,ECOMMERCE,ATM,PAYMENTS
TXN000005745,ACC0003994,2026-03-08 19:54:56,UPI,DEBIT,40595.01,ECOMMERCE,WEB,PAYMENTS
TXN000005746,ACC0001824,2026-04-13 21:44:26,IMPS,DEBIT,5904.66,TRANSFER,POS,PAYMENTS
TXN000005747,ACC0004798,2026-08-12 11:29:16,IMPS,DEBIT,1201.6,TRANSFER,MOBILE,PAYMENTS
TXN000005748,ACC0003816,2026-01-28 02:51:38,IMPS,CREDIT,4643.85,FUEL,MOBILE,PAYMENTS
TXN000005749,ACC0000222,2026-02-25 17:48:51,ATM_WITHDRAWAL,DEBIT,13642.44,FUEL,WEB,PAYMENTS
TXN000005750,ACC0003552,2026-09-08 13:48:15,CASH_DEPOSIT,DEBIT,12779.93,TRAVEL,ATM,PAYMENTS
TXN000005751,ACC0000087,2026-03-11 01:34:15,ATM_WITHDRAWAL,CREDIT,618.47,UTILITIES,POS,PAYMENTS
TXN000005752,ACC0002224,2026-07-19 05:20:21,CASH_DEPOSIT,CREDIT,11205.96,FUEL,POS,PAYMENTS
TXN000005753,ACC0002411,2026-07-15 22:44:38,ATM_WITHDRAWAL,DEBIT,8287.49,CASH,ATM,PAYMENTS
TXN000005754,ACC0002538,2026-08-02 17:41:59,UPI,CREDIT,5133.4,TRAVEL,POS,PAYMENTS
TXN000005755,ACC0004018,2026-06-23 15:37:45,IMPS,CREDIT,5362.72,ECOMMERCE,ATM,PAYMENTS
TXN000005756,ACC0004707,2026-03-07 01:02:48,IMPS,DEBIT,11945.98,ECOMMERCE,ATM,PAYMENTS
TXN000005757,ACC0001107,2026-06-24 23:53:28,CARD_PURCHASE,DEBIT,566.58,TRAVEL,POS,PAYMENTS
TXN000005758,ACC0000262,2026-04-04 21:11:42,IMPS,CREDIT,9227.87,ECOMMERCE,POS,PAYMENTS
TXN000005759,ACC0002743,2026-06-08 08:00:57,ATM_WITHDRAWAL,DEBIT,1272.04,TRAVEL,ATM,PAYMENTS
TXN000005760,ACC0002451,2026-01-01 14:53:16,NEFT,CREDIT,10557.68,TRAVEL,WEB,PAYMENTS
TXN000005761,ACC0000046,2026-08-07 22:12:35,CASH_DEPOSIT,CREDIT,1798.25,FUEL,WEB,PAYMENTS
TXN000005762,ACC0002502,2026-05-11 19:37:33,ATM_WITHDRAWAL,DEBIT,30460.52,TRANSFER,BRANCH,PAYMENTS
TXN000005763,ACC0001550,2026-02-19 16:16:27,CASH_DEPOSIT,CREDIT,15890.21,ECOMMERCE,BRANCH,PAYMENTS
TXN000005764,ACC0002327,2026-04-28 15:35:18,IMPS,CREDIT,8822.12,CASH,BRANCH,PAYMENTS
TXN000005765,ACC0000873,2026-05-25 04:20:56,ATM_WITHDRAWAL,CREDIT,9062.7,FUEL,BRANCH,PAYMENTS
TXN000005766,ACC0001443,2026-04-13 04:45:41,ATM_WITHDRAWAL,DEBIT,2118.57,GROCERY,POS,PAYMENTS
TXN000005767,ACC0004336,2026-04-08 09:12:42,CASH_DEPOSIT,DEBIT,16858.44,TRANSFER,ATM,PAYMENTS
TXN000005768,ACC0000627,2026-08-18 21:15:48,UPI,DEBIT,1843.26,ECOMMERCE,ATM,PAYMENTS
TXN000005769,ACC0004810,2026-05-26 22:14:58,IMPS,DEBIT,7429.31,ECOMMERCE,ATM,PAYMENTS
TXN000005770,ACC0000336,2026-07-08 05:50:56,IMPS,CREDIT,2749.43,GROCERY,POS,PAYMENTS
TXN000005771,ACC0003180,2026-02-16 12:48:41,UPI,DEBIT,10821.35,FUEL,MOBILE,PAYMENTS
TXN000005772,ACC0001863,2026-04-01 18:42:06,NEFT,CREDIT,2368.0,FUEL,POS,PAYMENTS
TXN000005773,ACC0002113,2026-01-16 20:51:28,ATM_WITHDRAWAL,DEBIT,14786.39,UTILITIES,POS,PAYMENTS
TXN000005774,ACC0004204,2026-08-23 16:12:33,CASH_DEPOSIT,DEBIT,5164.4,TRANSFER,ATM,PAYMENTS
TXN000005775,ACC0003511,2026-04-23 13:08:54,UPI,DEBIT,1880.22,CASH,WEB,PAYMENTS
TXN000005776,ACC0000656,2026-05-09 14:54:25,ATM_WITHDRAWAL,DEBIT,2976.38,GROCERY,WEB,PAYMENTS
TXN000005777,ACC0004860,2026-05-13 03:14:07,UPI,CREDIT,3038.97,TRAVEL,MOBILE,PAYMENTS
TXN000005778,ACC0002721,2026-05-01 02:15:15,CASH_DEPOSIT,CREDIT,714.63,ECOMMERCE,ATM,PAYMENTS
TXN000005779,ACC0003918,2026-06-04 16:06:26,ATM_WITHDRAWAL,CREDIT,818.47,FUEL,ATM,PAYMENTS
TXN000005780,ACC0002532,2026-09-22 06:18:11,CASH_DEPOSIT,DEBIT,1363.43,CASH,MOBILE,PAYMENTS
TXN000005781,ACC0003038,2026-01-19 09:29:02,UPI,DEBIT,5507.03,CASH,MOBILE,PAYMENTS
TXN000005782,ACC0002537,2026-08-02 08:19:55,UPI,CREDIT,4057.86,UTILITIES,ATM,PAYMENTS
TXN000005783,ACC0004369,2026-07-22 06:11:07,CASH_DEPOSIT,CREDIT,3074.26,ECOMMERCE,ATM,PAYMENTS
TXN000005784,ACC0004101,2026-04-07 17:56:22,CARD_PURCHASE,DEBIT,7042.42,UTILITIES,MOBILE,PAYMENTS
TXN000005785,ACC0004385,2026-05-14 17:04:41,IMPS,DEBIT,5276.51,CASH,POS,PAYMENTS
TXN000005786,ACC0003093,2026-07-04 08:45:09,CARD_PURCHASE,DEBIT,13805.14,TRAVEL,POS,PAYMENTS
TXN000005787,ACC0004823,2026-07-05 08:11:41,CASH_DEPOSIT,CREDIT,7198.13,CASH,BRANCH,PAYMENTS
TXN000005788,ACC0000273,2026-01-05 03:35:30,CASH_DEPOSIT,CREDIT,2147.09,FUEL,WEB,PAYMENTS
TXN000005789,ACC0002327,2026-03-10 19:07:40,UPI,DEBIT,241.75,FUEL,WEB,PAYMENTS
TXN000005790,ACC0004596,2026-01-27 05:55:37,IMPS,DEBIT,3088.79,GROCERY,POS,PAYMENTS
TXN000005791,ACC0001319,2026-05-29 01:59:58,UPI,DEBIT,16592.58,FUEL,ATM,PAYMENTS
TXN000005792,ACC0001396,2026-05-19 10:00:26,NEFT,DEBIT,1597.5,UTILITIES,POS,PAYMENTS
TXN000005793,ACC0004502,2026-02-01 11:26:45,CARD_PURCHASE,DEBIT,8915.83,UTILITIES,WEB,PAYMENTS
TXN000005794,ACC0001187,2026-06-27 21:35:53,CARD_PURCHASE,DEBIT,2269.82,ECOMMERCE,MOBILE,PAYMENTS
TXN000005795,ACC0000592,2026-05-13 00:29:11,CASH_DEPOSIT,DEBIT,2678.86,GROCERY,POS,PAYMENTS
TXN000005796,ACC0002078,2026-06-11 21:23:28,CARD_PURCHASE,DEBIT,2400.76,FUEL,WEB,PAYMENTS
TXN000005797,ACC0003070,2026-09-15 13:02:55,ATM_WITHDRAWAL,DEBIT,2245.36,GROCERY,BRANCH,PAYMENTS
TXN000005798,ACC0004352,2026-07-31 05:50:41,ATM_WITHDRAWAL,CREDIT,935.3,FUEL,MOBILE,PAYMENTS
TXN000005799,ACC0004385,2026-01-11 12:08:34,CASH_DEPOSIT,DEBIT,4564.57,GROCERY,BRANCH,PAYMENTS
TXN000005800,ACC0003385,2026-04-27 19:02:53,CARD_PURCHASE,CREDIT,1570.37,ECOMMERCE,BRANCH,PAYMENTS
TXN000005801,ACC0002533,2026-01-16 18:27:58,ATM_WITHDRAWAL,DEBIT,419.77,TRAVEL,MOBILE,PAYMENTS
TXN000005802,ACC0003848,2026-07-08 08:04:54,NEFT,DEBIT,7758.24,UTILITIES,MOBILE,PAYMENTS
TXN000005803,ACC0004645,2026-08-28 03:29:58,UPI,CREDIT,294.71,ECOMMERCE,MOBILE,PAYMENTS
TXN000005804,ACC0002922,2026-01-10 08:16:51,CARD_PURCHASE,DEBIT,13715.33,TRAVEL,BRANCH,PAYMENTS
TXN000005805,ACC0001913,2026-04-02 19:56:39,CARD_PURCHASE,DEBIT,59884.07,TRANSFER,ATM,PAYMENTS
TXN000005806,ACC0001988,2026-06-11 00:04:31,ATM_WITHDRAWAL,CREDIT,1673.33,CASH,BRANCH,PAYMENTS
TXN000005807,ACC0004590,2026-03-06 16:01:38,CARD_PURCHASE,CREDIT,7078.47,FUEL,MOBILE,PAYMENTS
TXN000005808,ACC0004613,2026-03-17 07:19:19,CASH_DEPOSIT,DEBIT,3165.52,FUEL,ATM,PAYMENTS
TXN000005809,ACC0001753,2026-03-22 05:37:41,ATM_WITHDRAWAL,CREDIT,3251.81,TRANSFER,WEB,PAYMENTS
TXN000005810,ACC0001309,2026-01-08 15:03:18,IMPS,CREDIT,3048.07,UTILITIES,MOBILE,PAYMENTS
TXN000005811,ACC0000324,2026-01-19 21:33:05,CARD_PURCHASE,DEBIT,2358.83,TRANSFER,BRANCH,PAYMENTS
TXN000005812,ACC0003586,2026-08-04 04:32:34,IMPS,CREDIT,12755.75,GROCERY,POS,PAYMENTS
TXN000005813,ACC0004850,2026-01-29 11:12:15,IMPS,DEBIT,676.81,ECOMMERCE,MOBILE,PAYMENTS
TXN000005814,ACC0004675,2026-09-21 19:33:22,UPI,DEBIT,1938.18,FUEL,BRANCH,PAYMENTS
TXN000005815,ACC0001968,2026-05-30 03:17:05,CARD_PURCHASE,DEBIT,50047.49,CASH,ATM,PAYMENTS
TXN000005816,ACC0001919,2026-06-20 09:22:50,ATM_WITHDRAWAL,DEBIT,1769.24,TRAVEL,BRANCH,PAYMENTS
TXN000005817,ACC0003800,2026-02-05 01:40:38,CASH_DEPOSIT,CREDIT,837.89,GROCERY,ATM,PAYMENTS
TXN000005818,ACC0002945,2026-03-18 19:50:45,NEFT,DEBIT,24177.47,GROCERY,WEB,PAYMENTS
TXN000005819,ACC0000765,2026-01-15 05:37:16,IMPS,CREDIT,12424.37,TRAVEL,ATM,PAYMENTS
TXN000005820,ACC0001258,2026-06-15 10:44:33,NEFT,CREDIT,14078.61,ECOMMERCE,WEB,PAYMENTS
TXN000005821,ACC0000810,2026-04-04 19:50:45,UPI,CREDIT,1698.87,UTILITIES,WEB,PAYMENTS
TXN000005822,ACC0003435,2026-04-26 10:07:12,NEFT,CREDIT,3774.94,TRANSFER,POS,PAYMENTS
TXN000005823,ACC0001188,2026-07-19 22:38:21,IMPS,DEBIT,3493.7,FUEL,ATM,PAYMENTS
TXN000005824,ACC0002192,2026-01-02 18:38:58,NEFT,DEBIT,1534.41,TRANSFER,POS,PAYMENTS
TXN000005825,ACC0001483,2026-03-08 11:31:22,NEFT,DEBIT,11013.8,ECOMMERCE,WEB,PAYMENTS
TXN000005826,ACC0000165,2026-07-10 21:29:06,NEFT,DEBIT,1050.81,FUEL,MOBILE,PAYMENTS
TXN000005827,ACC0003738,2026-04-07 04:52:26,CASH_DEPOSIT,DEBIT,3565.99,ECOMMERCE,BRANCH,PAYMENTS
TXN000005828,ACC0004535,2026-01-08 16:38:27,CARD_PURCHASE,DEBIT,17778.82,ECOMMERCE,MOBILE,PAYMENTS
TXN000005829,ACC0002319,2026-05-05 22:36:08,IMPS,CREDIT,3240.42,ECOMMERCE,ATM,PAYMENTS
TXN000005830,ACC0000821,2026-02-26 20:40:40,UPI,CREDIT,4822.68,CASH,MOBILE,PAYMENTS
TXN000005831,ACC0000669,2026-08-30 20:14:00,NEFT,DEBIT,1907.58,ECOMMERCE,ATM,PAYMENTS
TXN000005832,ACC0003254,2026-09-20 01:01:21,ATM_WITHDRAWAL,CREDIT,6121.08,GROCERY,WEB,PAYMENTS
TXN000005833,ACC0004083,2026-04-26 22:20:52,CASH_DEPOSIT,DEBIT,2738.56,TRAVEL,ATM,PAYMENTS
TXN000005834,ACC0000326,2026-09-18 03:31:42,ATM_WITHDRAWAL,CREDIT,1841.9,GROCERY,BRANCH,PAYMENTS
TXN000005835,ACC0003555,2026-01-16 22:28:01,IMPS,CREDIT,21204.92,FUEL,WEB,PAYMENTS
TXN000005836,ACC0001840,2026-08-21 23:14:10,CARD_PURCHASE,DEBIT,3921.84,CASH,ATM,PAYMENTS
TXN000005837,ACC0003509,2026-08-21 02:34:22,CARD_PURCHASE,DEBIT,3995.92,UTILITIES,BRANCH,PAYMENTS
TXN000005838,ACC0002204,2026-02-03 00:43:04,UPI,DEBIT,1653.09,TRAVEL,WEB,PAYMENTS
TXN000005839,ACC0004689,2026-05-16 04:45:28,CASH_DEPOSIT,CREDIT,12170.51,GROCERY,WEB,PAYMENTS
TXN000005840,ACC0000295,2026-03-24 08:39:28,ATM_WITHDRAWAL,DEBIT,1702.35,CASH,POS,PAYMENTS
TXN000005841,ACC0002841,2026-08-09 06:07:31,UPI,CREDIT,2692.39,ECOMMERCE,WEB,PAYMENTS
TXN000005842,ACC0003804,2026-05-17 10:39:02,CARD_PURCHASE,CREDIT,6732.52,TRAVEL,ATM,PAYMENTS
TXN000005843,ACC0001062,2026-03-06 13:18:18,IMPS,DEBIT,1218.34,FUEL,WEB,PAYMENTS
TXN000005844,ACC0004036,2026-09-05 20:18:36,CASH_DEPOSIT,CREDIT,5206.23,TRAVEL,WEB,PAYMENTS
TXN000005845,ACC0003951,2026-09-18 05:15:43,CARD_PURCHASE,CREDIT,16156.03,ECOMMERCE,ATM,PAYMENTS
TXN000005846,ACC0001972,2026-07-23 23:01:45,IMPS,CREDIT,12542.12,FUEL,ATM,PAYMENTS
TXN000005847,ACC0002231,2026-07-17 17:41:39,UPI,DEBIT,1565.44,TRANSFER,POS,PAYMENTS
TXN000005848,ACC0002171,2026-02-19 21:44:49,NEFT,CREDIT,1160.39,GROCERY,MOBILE,PAYMENTS
TXN000005849,ACC0002083,2026-05-27 06:09:22,IMPS,DEBIT,18085.69,TRAVEL,BRANCH,PAYMENTS
TXN000005850,ACC0001542,2026-07-03 21:55:03,CASH_DEPOSIT,DEBIT,1276.38,TRAVEL,MOBILE,PAYMENTS
TXN000005851,ACC0001650,2026-06-02 17:46:51,CASH_DEPOSIT,CREDIT,5380.66,ECOMMERCE,WEB,PAYMENTS
TXN000005852,ACC0004877,2026-09-02 14:55:31,CARD_PURCHASE,DEBIT,1382.5,CASH,MOBILE,PAYMENTS
TXN000005853,ACC0000962,2026-03-29 00:17:16,CARD_PURCHASE,DEBIT,1428.56,ECOMMERCE,MOBILE,PAYMENTS
TXN000005854,ACC0000584,2026-02-24 12:51:02,CARD_PURCHASE,DEBIT,10254.06,CASH,MOBILE,PAYMENTS
TXN000005855,ACC0001093,2026-06-08 18:09:07,UPI,DEBIT,1878.02,FUEL,BRANCH,PAYMENTS
TXN000005856,ACC0002405,2026-03-11 10:53:56,IMPS,DEBIT,2332.59,TRAVEL,ATM,PAYMENTS
TXN000005857,ACC0000008,2026-06-11 13:23:29,IMPS,DEBIT,8192.23,TRAVEL,WEB,PAYMENTS
TXN000005858,ACC0000146,2026-09-19 10:03:01,UPI,CREDIT,4781.85,GROCERY,WEB,PAYMENTS
TXN000005859,ACC0001755,2026-06-01 17:38:56,UPI,CREDIT,1190.19,FUEL,POS,PAYMENTS
TXN000005860,ACC0003034,2026-03-06 16:30:18,ATM_WITHDRAWAL,DEBIT,2839.83,UTILITIES,MOBILE,PAYMENTS
TXN000005861,ACC0004904,2026-06-07 15:16:33,NEFT,DEBIT,10627.59,FUEL,ATM,PAYMENTS
TXN000005862,ACC0003821,2026-03-14 22:26:54,ATM_WITHDRAWAL,DEBIT,11134.3,GROCERY,POS,PAYMENTS
TXN000005863,ACC0004102,2026-06-21 23:39:05,IMPS,DEBIT,7804.36,FUEL,POS,PAYMENTS
TXN000005864,ACC0003454,2026-04-19 05:37:07,NEFT,CREDIT,9073.81,GROCERY,POS,PAYMENTS
TXN000005865,ACC0004700,2026-03-28 17:45:17,NEFT,CREDIT,4718.85,ECOMMERCE,POS,PAYMENTS
TXN000005866,ACC0003906,2026-05-16 01:01:26,CASH_DEPOSIT,CREDIT,1625.09,ECOMMERCE,MOBILE,PAYMENTS
TXN000005867,ACC0004182,2026-09-23 19:26:59,UPI,CREDIT,7061.75,ECOMMERCE,BRANCH,PAYMENTS
TXN000005868,ACC0004992,2026-03-10 15:37:23,NEFT,CREDIT,1102.66,FUEL,ATM,PAYMENTS
TXN000005869,ACC0003932,2026-04-27 08:33:54,ATM_WITHDRAWAL,CREDIT,3134.74,CASH,MOBILE,PAYMENTS
TXN000005870,ACC0002337,2026-03-25 18:14:44,IMPS,DEBIT,4945.76,FUEL,POS,PAYMENTS
TXN000005871,ACC0002095,2026-08-12 13:57:33,IMPS,CREDIT,743.92,TRAVEL,BRANCH,PAYMENTS
TXN000005872,ACC0001301,2026-03-01 02:57:56,NEFT,CREDIT,5967.49,ECOMMERCE,WEB,PAYMENTS
TXN000005873,ACC0002792,2026-08-11 04:25:28,NEFT,CREDIT,1642.78,FUEL,MOBILE,PAYMENTS
TXN000005874,ACC0002912,2026-08-20 18:26:17,NEFT,DEBIT,1267.08,CASH,POS,PAYMENTS
TXN000005875,ACC0001414,2026-03-08 23:25:47,NEFT,DEBIT,3430.49,GROCERY,ATM,PAYMENTS
TXN000005876,ACC0004299,2026-05-11 15:52:14,UPI,DEBIT,3044.76,CASH,POS,PAYMENTS
TXN000005877,ACC0000669,2026-05-24 16:53:08,CARD_PURCHASE,DEBIT,22740.94,TRANSFER,MOBILE,PAYMENTS
TXN000005878,ACC0001340,2026-03-21 18:51:13,CARD_PURCHASE,DEBIT,8182.96,UTILITIES,MOBILE,PAYMENTS
TXN000005879,ACC0003848,2026-05-31 02:36:06,CASH_DEPOSIT,DEBIT,5147.89,ECOMMERCE,ATM,PAYMENTS
TXN000005880,ACC0001882,2026-06-13 22:41:21,UPI,CREDIT,12810.93,CASH,WEB,PAYMENTS
TXN000005881,ACC0001892,2026-06-18 03:04:16,CASH_DEPOSIT,DEBIT,3767.22,ECOMMERCE,POS,PAYMENTS
TXN000005882,ACC0003556,2026-02-19 00:55:22,IMPS,CREDIT,6418.9,UTILITIES,WEB,PAYMENTS
TXN000005883,ACC0003132,2026-08-14 23:45:11,UPI,DEBIT,1708.57,GROCERY,BRANCH,PAYMENTS
TXN000005884,ACC0003130,2026-06-30 01:21:57,CASH_DEPOSIT,CREDIT,3203.54,GROCERY,BRANCH,PAYMENTS
TXN000005885,ACC0004234,2026-06-13 19:08:22,NEFT,DEBIT,3937.62,TRANSFER,ATM,PAYMENTS
TXN000005886,ACC0004393,2026-09-14 22:51:06,UPI,CREDIT,33179.47,ECOMMERCE,MOBILE,PAYMENTS
TXN000005887,ACC0001686,2026-04-06 06:26:49,CARD_PURCHASE,DEBIT,521.36,ECOMMERCE,POS,PAYMENTS
TXN000005888,ACC0001555,2026-07-03 14:13:10,ATM_WITHDRAWAL,CREDIT,4005.35,ECOMMERCE,ATM,PAYMENTS
TXN000005889,ACC0000804,2026-08-30 07:15:15,UPI,CREDIT,19382.66,TRAVEL,BRANCH,PAYMENTS
TXN000005890,ACC0004489,2026-07-15 23:19:53,NEFT,CREDIT,508.43,TRANSFER,MOBILE,PAYMENTS
TXN000005891,ACC0003741,2026-05-02 01:11:37,IMPS,CREDIT,866.77,GROCERY,ATM,PAYMENTS
TXN000005892,ACC0002780,2026-08-22 00:55:32,IMPS,CREDIT,2431.96,FUEL,ATM,PAYMENTS
TXN000005893,ACC0001300,2026-02-13 15:14:03,NEFT,DEBIT,962.3,CASH,WEB,PAYMENTS
TXN000005894,ACC0001237,2026-07-11 11:31:44,ATM_WITHDRAWAL,DEBIT,24136.75,TRANSFER,MOBILE,PAYMENTS
TXN000005895,ACC0002174,2026-07-11 17:09:34,UPI,CREDIT,2248.89,UTILITIES,MOBILE,PAYMENTS
TXN000005896,ACC0004085,2026-07-16 16:27:03,CARD_PURCHASE,CREDIT,4675.91,TRAVEL,WEB,PAYMENTS
TXN000005897,ACC0004368,2026-05-14 04:22:13,IMPS,CREDIT,27122.44,GROCERY,ATM,PAYMENTS
TXN000005898,ACC0002783,2026-03-22 18:11:34,IMPS,CREDIT,10790.92,TRAVEL,ATM,PAYMENTS
TXN000005899,ACC0004785,2026-08-26 22:02:09,CARD_PURCHASE,CREDIT,3150.59,GROCERY,BRANCH,PAYMENTS
TXN000005900,ACC0001754,2026-04-29 03:51:27,ATM_WITHDRAWAL,DEBIT,6228.7,ECOMMERCE,BRANCH,PAYMENTS
TXN000005901,ACC0003369,2026-01-10 10:47:13,CASH_DEPOSIT,DEBIT,39806.7,ECOMMERCE,MOBILE,PAYMENTS
TXN000005902,ACC0000473,2026-02-12 01:12:53,NEFT,CREDIT,5819.8,ECOMMERCE,WEB,PAYMENTS
TXN000005903,ACC0003903,2026-01-13 11:31:44,IMPS,CREDIT,2596.75,TRAVEL,WEB,PAYMENTS
TXN000005904,ACC0004254,2026-08-23 09:32:09,ATM_WITHDRAWAL,CREDIT,4566.69,UTILITIES,WEB,PAYMENTS
TXN000005905,ACC0001778,2026-05-24 18:37:40,ATM_WITHDRAWAL,CREDIT,3880.47,FUEL,MOBILE,PAYMENTS
TXN000005906,ACC0000186,2026-03-27 07:14:04,ATM_WITHDRAWAL,DEBIT,5439.91,TRANSFER,WEB,PAYMENTS
TXN000005907,ACC0001583,2026-04-14 13:36:49,UPI,DEBIT,18449.96,GROCERY,ATM,PAYMENTS
TXN000005908,ACC0000358,2026-08-31 01:10:05,UPI,CREDIT,77676.58,GROCERY,MOBILE,PAYMENTS
TXN000005909,ACC0002077,2026-05-29 01:21:08,CARD_PURCHASE,CREDIT,3640.3,CASH,MOBILE,PAYMENTS
TXN000005910,ACC0001255,2026-07-02 04:20:14,NEFT,CREDIT,1534.49,FUEL,BRANCH,PAYMENTS
TXN000005911,ACC0003128,2026-06-11 03:07:40,CARD_PURCHASE,DEBIT,8135.81,TRAVEL,ATM,PAYMENTS
TXN000005912,ACC0001045,2026-07-30 18:01:41,NEFT,CREDIT,2971.35,CASH,BRANCH,PAYMENTS
TXN000005913,ACC0000667,2026-05-04 08:40:09,IMPS,DEBIT,11743.39,UTILITIES,WEB,PAYMENTS
TXN000005914,ACC0004757,2026-07-07 11:23:53,UPI,DEBIT,5937.22,ECOMMERCE,BRANCH,PAYMENTS
TXN000005915,ACC0001252,2026-05-02 10:10:32,IMPS,DEBIT,30135.46,UTILITIES,WEB,PAYMENTS
TXN000005916,ACC0004868,2026-07-04 14:47:19,ATM_WITHDRAWAL,DEBIT,3466.74,CASH,POS,PAYMENTS
TXN000005917,ACC0001988,2026-07-31 10:52:07,ATM_WITHDRAWAL,CREDIT,4380.05,TRAVEL,BRANCH,PAYMENTS
TXN000005918,ACC0000280,2026-04-17 20:06:12,IMPS,CREDIT,1304.14,CASH,ATM,PAYMENTS
TXN000005919,ACC0004840,2026-08-23 21:15:40,ATM_WITHDRAWAL,DEBIT,5552.64,UTILITIES,POS,PAYMENTS
TXN000005920,ACC0003245,2026-01-21 00:07:13,CARD_PURCHASE,DEBIT,1143.06,TRAVEL,WEB,PAYMENTS
TXN000005921,ACC0001566,2026-04-23 08:27:49,ATM_WITHDRAWAL,CREDIT,33369.3,TRAVEL,WEB,PAYMENTS
TXN000005922,ACC0002061,2026-02-16 18:45:50,NEFT,CREDIT,613.26,CASH,ATM,PAYMENTS
TXN000005923,ACC0000734,2026-02-02 12:19:38,NEFT,DEBIT,14555.85,CASH,POS,PAYMENTS
TXN000005924,ACC0004131,2026-04-27 23:51:59,NEFT,CREDIT,8116.31,ECOMMERCE,BRANCH,PAYMENTS
TXN000005925,ACC0001112,2026-06-20 21:51:38,ATM_WITHDRAWAL,CREDIT,212.77,TRANSFER,MOBILE,PAYMENTS
TXN000005926,ACC0003935,2026-01-26 06:11:51,IMPS,DEBIT,360.61,UTILITIES,BRANCH,PAYMENTS
TXN000005927,ACC0003450,2026-01-23 17:27:54,NEFT,CREDIT,4282.07,GROCERY,BRANCH,PAYMENTS
TXN000005928,ACC0001938,2026-06-26 20:26:26,IMPS,CREDIT,786.2,ECOMMERCE,ATM,PAYMENTS
TXN000005929,ACC0004785,2026-02-23 05:06:37,ATM_WITHDRAWAL,DEBIT,1515.28,FUEL,ATM,PAYMENTS
TXN000005930,ACC0001058,2026-09-18 03:23:15,CARD_PURCHASE,CREDIT,3045.12,ECOMMERCE,MOBILE,PAYMENTS
TXN000005931,ACC0001812,2026-06-19 01:07:22,UPI,DEBIT,771.83,UTILITIES,ATM,PAYMENTS
TXN000005932,ACC0000402,2026-01-06 08:56:00,ATM_WITHDRAWAL,DEBIT,5528.32,TRAVEL,BRANCH,PAYMENTS
TXN000005933,ACC0004660,2026-04-27 01:16:22,UPI,DEBIT,1240.21,ECOMMERCE,BRANCH,PAYMENTS
TXN000005934,ACC0002333,2026-03-03 06:59:45,UPI,CREDIT,10378.52,ECOMMERCE,MOBILE,PAYMENTS
TXN000005935,ACC0002499,2026-04-30 10:56:53,IMPS,CREDIT,871.48,ECOMMERCE,WEB,PAYMENTS
TXN000005936,ACC0002485,2026-04-03 04:05:03,CARD_PURCHASE,CREDIT,51034.08,ECOMMERCE,WEB,PAYMENTS
TXN000005937,ACC0001795,2026-04-22 04:26:11,CARD_PURCHASE,DEBIT,17914.7,CASH,WEB,PAYMENTS
TXN000005938,ACC0000581,2026-03-20 03:22:22,IMPS,CREDIT,3290.05,CASH,ATM,PAYMENTS
TXN000005939,ACC0004356,2026-04-01 16:04:48,NEFT,DEBIT,7993.63,TRANSFER,MOBILE,PAYMENTS
TXN000005940,ACC0001835,2026-01-27 09:56:21,ATM_WITHDRAWAL,DEBIT,300.64,CASH,WEB,PAYMENTS
TXN000005941,ACC0004113,2026-04-25 08:45:22,IMPS,CREDIT,5162.66,TRAVEL,BRANCH,PAYMENTS
TXN000005942,ACC0000874,2026-02-02 14:48:29,CASH_DEPOSIT,CREDIT,12409.47,CASH,ATM,PAYMENTS
TXN000005943,ACC0003477,2026-01-08 15:14:32,CARD_PURCHASE,DEBIT,6711.47,TRANSFER,ATM,PAYMENTS
TXN000005944,ACC0004466,2026-08-19 22:45:45,IMPS,CREDIT,351.18,FUEL,ATM,PAYMENTS
TXN000005945,ACC0003094,2026-06-06 04:33:16,ATM_WITHDRAWAL,DEBIT,964.53,CASH,MOBILE,PAYMENTS
TXN000005946,ACC0000840,2026-06-16 08:17:45,CASH_DEPOSIT,DEBIT,10318.44,UTILITIES,ATM,PAYMENTS
TXN000005947,ACC0004982,2026-01-20 09:11:40,NEFT,DEBIT,4710.18,GROCERY,ATM,PAYMENTS
TXN000005948,ACC0003925,2026-05-25 09:51:03,ATM_WITHDRAWAL,CREDIT,1892.77,CASH,WEB,PAYMENTS
TXN000005949,ACC0001979,2026-05-18 03:17:57,CARD_PURCHASE,CREDIT,1622.09,TRAVEL,MOBILE,PAYMENTS
TXN000005950,ACC0001700,2026-08-22 23:56:50,CARD_PURCHASE,CREDIT,3735.1,GROCERY,MOBILE,PAYMENTS
TXN000005951,ACC0004887,2026-02-05 21:36:27,IMPS,CREDIT,5801.95,TRAVEL,MOBILE,PAYMENTS
TXN000005952,ACC0002347,2026-09-14 06:48:18,ATM_WITHDRAWAL,CREDIT,787.21,ECOMMERCE,WEB,PAYMENTS
TXN000005953,ACC0001706,2026-04-20 09:39:06,ATM_WITHDRAWAL,DEBIT,3690.38,UTILITIES,MOBILE,PAYMENTS
TXN000005954,ACC0000223,2026-06-25 11:22:12,IMPS,CREDIT,3925.11,CASH,WEB,PAYMENTS
TXN000005955,ACC0001565,2026-07-10 16:34:33,UPI,CREDIT,1804.74,ECOMMERCE,MOBILE,PAYMENTS
TXN000005956,ACC0004724,2026-09-09 16:06:17,IMPS,DEBIT,3033.61,TRAVEL,POS,PAYMENTS
TXN000005957,ACC0003639,2026-04-03 10:39:39,CASH_DEPOSIT,CREDIT,5167.37,ECOMMERCE,ATM,PAYMENTS
TXN000005958,ACC0000950,2026-05-30 21:24:53,ATM_WITHDRAWAL,DEBIT,2180.28,GROCERY,WEB,PAYMENTS
TXN000005959,ACC0002285,2026-08-31 22:18:31,NEFT,CREDIT,16172.97,GROCERY,POS,PAYMENTS
TXN000005960,ACC0001271,2026-06-09 13:24:13,ATM_WITHDRAWAL,DEBIT,4810.32,UTILITIES,BRANCH,PAYMENTS
TXN000005961,ACC0003465,2026-09-11 05:04:00,NEFT,CREDIT,23012.87,UTILITIES,ATM,PAYMENTS
TXN000005962,ACC0002508,2026-08-30 21:53:04,ATM_WITHDRAWAL,DEBIT,1471.69,FUEL,ATM,PAYMENTS
TXN000005963,ACC0002213,2026-07-10 19:06:47,IMPS,CREDIT,17353.78,UTILITIES,BRANCH,PAYMENTS
TXN000005964,ACC0003612,2026-05-22 05:56:28,UPI,CREDIT,893.41,TRANSFER,WEB,PAYMENTS
TXN000005965,ACC0002140,2026-07-16 15:29:41,ATM_WITHDRAWAL,DEBIT,711.32,TRANSFER,WEB,PAYMENTS
TXN000005966,ACC0002509,2026-03-06 01:02:42,CASH_DEPOSIT,CREDIT,9128.04,ECOMMERCE,WEB,PAYMENTS
TXN000005967,ACC0003968,2026-08-01 17:41:37,IMPS,CREDIT,683.41,GROCERY,POS,PAYMENTS
TXN000005968,ACC0003226,2026-02-11 19:17:47,CASH_DEPOSIT,DEBIT,7473.8,TRAVEL,BRANCH,PAYMENTS
TXN000005969,ACC0000857,2026-04-26 19:03:37,UPI,CREDIT,748.31,TRANSFER,MOBILE,PAYMENTS
TXN000005970,ACC0004897,2026-08-07 16:30:44,CARD_PURCHASE,DEBIT,1534.78,UTILITIES,BRANCH,PAYMENTS
TXN000005971,ACC0002507,2026-01-10 00:04:04,UPI,CREDIT,3194.19,CASH,BRANCH,PAYMENTS
TXN000005972,ACC0004763,2026-02-28 22:28:29,NEFT,CREDIT,2991.04,TRAVEL,MOBILE,PAYMENTS
TXN000005973,ACC0001441,2026-07-08 15:13:39,CASH_DEPOSIT,CREDIT,3875.87,CASH,POS,PAYMENTS
TXN000005974,ACC0004573,2026-08-13 19:37:28,CARD_PURCHASE,CREDIT,1138.53,TRAVEL,POS,PAYMENTS
TXN000005975,ACC0000719,2026-04-22 02:59:52,CARD_PURCHASE,CREDIT,3812.81,FUEL,POS,PAYMENTS
TXN000005976,ACC0000019,2026-08-08 21:34:45,IMPS,CREDIT,37052.03,GROCERY,ATM,PAYMENTS
TXN000005977,ACC0004701,2026-07-29 17:35:29,ATM_WITHDRAWAL,DEBIT,6242.13,GROCERY,BRANCH,PAYMENTS
TXN000005978,ACC0002629,2026-09-14 12:01:52,ATM_WITHDRAWAL,DEBIT,1141.34,CASH,BRANCH,PAYMENTS
TXN000005979,ACC0000382,2026-03-20 05:36:06,CARD_PURCHASE,CREDIT,2008.44,FUEL,BRANCH,PAYMENTS
TXN000005980,ACC0000929,2026-02-24 20:47:37,NEFT,CREDIT,1750.34,CASH,WEB,PAYMENTS
TXN000005981,ACC0004969,2026-09-20 05:46:06,ATM_WITHDRAWAL,CREDIT,5379.36,CASH,ATM,PAYMENTS
TXN000005982,ACC0001452,2026-04-14 00:13:21,NEFT,CREDIT,78288.22,CASH,WEB,PAYMENTS
TXN000005983,ACC0003860,2026-01-13 20:00:15,UPI,DEBIT,5005.82,TRAVEL,ATM,PAYMENTS
TXN000005984,ACC0003459,2026-05-30 21:56:12,CARD_PURCHASE,DEBIT,10006.19,FUEL,WEB,PAYMENTS
TXN000005985,ACC0000733,2026-05-13 00:01:44,UPI,DEBIT,8923.14,TRAVEL,ATM,PAYMENTS
TXN000005986,ACC0001796,2026-08-04 18:36:56,IMPS,DEBIT,7093.93,FUEL,ATM,PAYMENTS
TXN000005987,ACC0004855,2026-01-24 12:00:28,IMPS,CREDIT,12019.83,GROCERY,MOBILE,PAYMENTS
TXN000005988,ACC0000081,2026-06-29 01:03:22,IMPS,DEBIT,3466.34,TRANSFER,MOBILE,PAYMENTS
TXN000005989,ACC0004150,2026-04-01 23:21:27,ATM_WITHDRAWAL,DEBIT,5381.15,GROCERY,MOBILE,PAYMENTS
TXN000005990,ACC0002034,2026-01-03 13:43:23,CARD_PURCHASE,CREDIT,1262.45,ECOMMERCE,MOBILE,PAYMENTS
TXN000005991,ACC0002564,2026-09-14 00:35:23,NEFT,DEBIT,15682.28,ECOMMERCE,MOBILE,PAYMENTS
TXN000005992,ACC0001930,2026-07-29 11:48:06,ATM_WITHDRAWAL,CREDIT,4954.83,ECOMMERCE,WEB,PAYMENTS
TXN000005993,ACC0002930,2026-03-28 04:25:04,NEFT,CREDIT,2600.9,ECOMMERCE,POS,PAYMENTS
TXN000005994,ACC0003880,2026-04-16 04:51:31,IMPS,CREDIT,5764.69,TRAVEL,BRANCH,PAYMENTS
TXN000005995,ACC0000922,2026-06-17 05:16:20,CASH_DEPOSIT,DEBIT,1508.85,GROCERY,MOBILE,PAYMENTS
TXN000005996,ACC0002192,2026-01-19 05:14:21,IMPS,CREDIT,245.22,ECOMMERCE,BRANCH,PAYMENTS
TXN000005997,ACC0003475,2026-07-07 12:50:01,NEFT,DEBIT,5092.24,GROCERY,POS,PAYMENTS
TXN000005998,ACC0001688,2026-07-07 08:50:09,CASH_DEPOSIT,DEBIT,6208.16,CASH,BRANCH,PAYMENTS
TXN000005999,ACC0003454,2026-06-01 19:41:24,ATM_WITHDRAWAL,CREDIT,244.18,TRAVEL,MOBILE,PAYMENTS
TXN000006000,ACC0000046,2026-01-05 14:14:00,CASH_DEPOSIT,CREDIT,2615.82,GROCERY,ATM,PAYMENTS
